reference,prediction
"I tok say if e no dey for my accent, i think i'd be okay",I go probably guess what's dey?
We need ask awaselves: how fit wac wid programs more effectively (sharp sharp) encourage (to ginger / support) multilingual learning across di curriculum?,Di one wey dey use to describe di problem of di study dey to di study.
Na one student leki (1995)discuss adaptive transfer.,Di state dey unpersuaded but no dey unpersuaded but no dey unpersuaded but no dey unpersuaded but no dey unpersuaded but no dey unpersuaded but no dey unpersuaded but no dey unpersuaded but no dey unpersuaded but no dey unpersuaded but no dey unpersuaded but no dey unpersuaded but no dey unpersuaded but no dey unpersuaded but no dey unpersuaded but no dey unpersuaded but no dey unpersuaded but no dey unpersuaded but no dey unpersuaded but no dey unpersuaded but no dey unpersuaded but no dey unpersuaded but no dey unpersuaded but no dey unpersuaded but no dey unpersuaded but no dey unpersuaded but no dey unpersuaded but no dey unpersuaded but no dey
"For colours: col, border",Di one wey dey use to be treated fairly and properly by the legal system.
"for example, more comprehensive infrastructure for promoting successful refugee resettlement go involve screening and assessing (checking levels) for mental health, for addition to di required physical health examinations conducted (bin do de work / bin manage de event) within months of arrival, and building provider capacity across resettlement states for treating individual and relational (dem having relation or being related) levels of mental health functioning.",Di state dey unpersuaded but no dey unpersuaded but no dey unpersuaded but no dey unpersuaded but no dey unpersuaded but no dey unpersuaded but no dey unpersuaded but no dey unpersuaded but no dey unpersuaded but no dey unpersuaded but no dey unpersuaded but no dey unpersuaded but no dey unpersuaded but no dey unpersuaded but no dey unpersuaded but no dey unpersuaded but no dey unpersuaded but no dey unpersuaded but no dey unpersuaded but no dey unpersuaded but no dey unpersuaded but no dey unpersuaded but no dey unpersuaded but no dey unpersuaded but no dey unpersuaded but no dey unpersuaded but no dey unpersuaded but no dey unpersuaded but no dey
"Di server send us di headers, e add blank (empty / nothing dey) line to indicate di end of di headers, and then send di actual data of di file romeo. txt",Di one wey dey call di one kind of table wey dey use to describe di one kind of table wey dey use to describe di one kind of table wey dey use to describe di one kind of table wey dey use to describe di one kind of table wey dey use to describe di one kind of table wey dey use to describe di one kind of table wey dey use to describe di one kind of table wey dey use to describe di one kind of table wey dey use to describe di one kind of table wey dey use to describe di one kind of table wey dey use to describe di one kind of table wey dey use to describe di one kind of table wey dey use to describe di one kind of table wey dey use to describe di one kind of table wey dey use to describe di one kind of table wey dey use to describe di one kind of table wey dey use to describe di one kind of table wey dey use to describe di one kind of table wey dey use to describe di one kind of
We see if you fit construct text file wey dey cause di program to fail and then modify (change am small) di program so say di line dey properly guard (security / watchman) and test am make sure im handle your new text file.,Di one wey dey suppose be di one wey dey look like di one wey dey look like di one wey dey look like di one wey dey look like di one wey dey look like di one wey dey look like di one wey dey look like di one wey dey look like di one wey dey look like di one wey dey look like di one wey dey look like di one wey dey look like di one wey dey look like di one wey dey look like di one wey dey look like di one wey dey look like di one wey dey look like di one wey dey look like di one wey dey look like di one wey dey look like di one wey dey look like di one wey dey look like di one wey dey look like di one wey dey look like di one wey dey look like di one wey dey look like di one wey dey look like di one wey dey look like di one wey dey look like di one wey dey look like di one wey dey look like di one wey dey look like di
"We fit goto single website (a page wey dey on internet) and book air travel, hotels, and automobiles (di motor vehicle wit four wheels) all from single site (building ground / location).",Di two pipo wey dey use to be treated fairly and properly by the legal system.
Di purpose of such measures go expand wac researchers' conceptions (time wey pikin start for belly) of what dey happen wen students write across contexts by identifying (finding out / sabi) depalma and ringer56the diverse way wey nes and multilingual students dey navigate (find your way through something or control am) unfamiliar writing situation.,"Di students dey write for di curriculum, and di students dey write for di curriculum for di curriculum."
"for example, noncontroversial claims by di plaintiff such as di defendant name, address, and di nature of di defendant relationship wit di plaintiff.","Di court don consider di case of di case, di case dey di case of di case."
we go start from artist because we need artist id to insert d album and we go need d album id to inseert d track.,"Di one wey dey suppose be di one wey dey call di one kind of table, and di one wey dey call di one wey dey call di one kind of table."
"Di t esticular r eproduc tive system 1195 testosterone wey fit l bind (tie / hold together) to andr ogen receptors on both di h ypothalamus and di anterior pituitar y, inhibit di s synthesis and secretion of gnrh and lh, r espectiv ely.","Di rst thing wey dey use to be di same thing, and di second one wey dey use to be di second one of di second one."
Di defendants (people wey dem carry go court to answer mata) know say litigation go hold up while service dey attempt and therefore choose to avoid being served (bin do de work / dem don give am kote paper) for all costs.,"Di court don consider di case for di case, and di case dey unpersuaded but no dey unpersuaded but no dey unpersuaded but no dey unpersuaded but no dey unpersuaded but no dey unpersuaded but no dey unpersuaded but no dey unpersuaded but no dey unpersuaded but no dey unpersuaded but no dey unpersuaded but no dey unpersuaded but no dey unpersuaded but no dey unpersuaded but no dey unpersuaded but no dey unpersuaded but no dey unpersuaded but no dey unpersuaded but no dey unpersuaded but no dey unpersuaded but no dey unpersuaded but no dey unpersuaded but no dey unpersuaded but no dey unpersuaded but no dey unpersuaded but no dey unpersuaded but no dey unpersua"
"For di same way say xaxt, yaxt dey just fancier version of di frame, di boxtype parameter dey just fancier version of di frame. plot argument, allow you to specify exactly which out of di four borders you wan to keep","Di one wey dey suppose be di one wey dey call di one kind of table, and di one wey dey call di one kind of table wey dey call di one kind of table wey dey call di one kind of table wey dey call di one kind of table wey dey call di one kind of table wey dey call di one kind of table wey dey call di one kind of table wey dey call di one kind of table wey dey call di one kind of table wey dey call di one kind of table wey dey call di one kind of table wey dey call di one kind of table wey dey call di one kind of table wey dey call di one kind of table wey dey call di one kind of table wey dey call di one kind of table wey dey call di one kind of table wey dey call di one kind of table wey dey call di one kind of table wey dey call di one kind of table wey dey call di one kind of table wey dey call di one kind of table wey dey call"
"Na make we suppose you round to xed number of decimal place, say 2 decimal place",I go probably guess what di test statistic wey dey suppose be.
"Asect omy and physiology wey dey f di testicular (di testes of or involvin di testes of or involvin di test) r eproduc tive system 1191 interactive link interactive link feature watch dis video( omy)to learn about e apun, clinicians consider di pr ocedur e permanent (something wey no go change / follow-come), and advise pipo to reverse (to overturn or cancel di lower court decision afta appeal) av asect omy, clinicians consider di pr ocedur e permanent, and advise pipo to reverse av asect omy, clinicians consider",Di one wey dey between di two-groups of di population distribution of di population distribution of di population distribution of di population distribution of di population distribution of di population distribution of di population distribution of di population distribution of di population distribution of di population distribution of di population distribution of di population distribution of di population distribution of di population distribution of di population distribution of di population distribution of di population distribution of di population distribution of di population distribution of di population distribution of di population distribution of di population distribution of di population distribution of di population distribution of di population distribution of di population distribution of di population distribution of di population distribution of di population distribution of di population distribution of di population distribution of di population distribution of di population distribution of di population distribution of di population distribution of di population distribution of di population distribution of di population distribution of di population distribution of di population distribution of di population distribution of di population distribution of di population distribution of di population distribution of di population distribution of di population distribution of di population distribution of
"Under those circumstances, you fit safely run(limited) number of hypothesis tests without making (to dey build or produce something) adjustment for multiple testing (check-am / confirm-am).","Di one wey dey suppose be say di one wey dey happen for di one kind of table, and if you go use di one kind of table wey dey use for di one kind of table."
"I hand 5 sandwiches (bread wey get meat inside) over to di shop (place of hustle / where market dey) for order to pay o my debt (na money wey persin suppose pay to anoda persin or entity) of$42, then dem now owe me$8",Di one wey dey between di two-groups of di population distribution of di population distribution of di population distribution of di population distribution of di population distribution of di population distribution of di population distribution of di population distribution of di population distribution of di population distribution of di population distribution of di population distribution of di population distribution of di population distribution of di population distribution of di population distribution of di population distribution of di population distribution of di population distribution of di population distribution of di population distribution of di population distribution of di population distribution of di population distribution of di population distribution of di population distribution of di population distribution of di population distribution of di population distribution of di population distribution of di population distribution of di population distribution of di population distribution of di population distribution of di population distribution of di population distribution of di population distribution of di population distribution of di population distribution of di population distribution of di population distribution of di population distribution of di population distribution of di population distribution of di population distribution of di population distribution of di population distribution of
"I actually get di ability to pick by luck from all human beings currently (for now / as we dey so) alive, wit one exception: i fit only sample pipo born on monday.",Di one wey dey suppose be say di one wey dey suppose be di one wey dey suppose be di one wey dey suppose be di one wey dey look like di one wey dey look like di one wey dey look like di one wey dey look like di one wey dey look like di one wey dey look like di one wey dey look like di one wey dey look like di one wey dey look like di one wey dey look like di one wey dey look like di one wey dey look like di one wey dey look like di one wey dey look like di one wey dey look like di one wey dey look like di one wey dey look like di one wey dey look like di one wey dey look like di one wey dey look like di one wey dey look like di one wey dey look like di one wey dey look like di one wey dey look like di one wey dey look like di one wey dey look like di one wey dey look like di one wey dey look like di one wey dey look like
She dey see how dem work,I go probably guess what's
"Di second circuit, for church of am",Di one wey dey call di one kind of table wey dey call di one kind of table wey dey call di one kind of table.
Di course of dis time you create lots of new variables and run lots of analysis.,Di one wey dey suppose be di one wey dey call di one kind of table wey dey use to describe di problem of di problem.
"When a lawyer personally (in my own thinking) attacks opposing parties plus disrespects (di expression of lack of respect) di integrity of di judiciary (di part of government wey de interpret and use law), wey lawyer abuses im privilege to practice law.","Di court don consider di case of di case, di case dey unpersuaded but di defendant no dey unpersuaded but no dey unpersuaded but no dey unpersuaded but no dey unpersuaded but no dey unpersuaded but no dey unpersuaded but no dey unpersuaded but no dey unpersuaded but no dey unpersuaded but no dey unpersuaded but no dey unpersuaded but no dey unpersuaded but no dey unpersuaded but no dey unpersuaded but no dey unpersuaded but no dey unpersuaded but no dey unpersuaded but no dey unpersuaded but no dey unpersuaded but no dey unpersuaded but no dey unpersuaded but no dey unpersuaded but no dey unpersuaded but no dey unpersuaded but no dey unpersuaded but no dey un"
"Di contract dey something for which approval (go-ahead / when oga gree) dey depend on someone's subjective (di mind and modified by individual bias) opinion, like personal taste, then assessment go make on subjective standard wey dey provide di standard wey dey clearly specified (dem mention am clear-clear) for di contract","Di court don consider di case of di case of di case, di case dey di case of di case."
"Today, public policy discourages (but show opposition to prevent) di treatment of human body as personal property, rendering ""gifts""of body parts to specific individuals largely (mostly / for de most part) suspect.","Di state don consider di state to regulate (to check if something dey control / control) di state of di state, wey dey consider di state to regulate (to follow rule / control / control) di state of di state."
We go read through di web page data and parse am,Di one wey dey use to do na di one wey dey use to do na di one wey dey use to do na di one wey dey use to do na di one wey dey use to do na di one wey dey use to do na di one wey dey use to do na di one wey dey use to do na di one wey dey use to do na di one wey dey use to do na di one wey dey use to do na di one wey dey use to do na di one wey dey use to do na di one wey dey use to do na di one wey dey use to do na di one wey dey use to do na di one wey dey use to do na di one wey dey use to do na di one wey dey use to do na di one wey dey use to do na di one wey dey use to do na di one wey dey use to do na di one wey dey use to do na di one wey dey use to do na di one wey dey use to do
"Di print statement dey different; e no dey function, so e no use parentheses (for two punctuation marks (or) wey dey use to enclose textual material)","Di one wey dey suppose be di one wey dey call di one wey dey call di one kind of table, and di one wey dey call di one wey dey call di one kind of table."
Di first quarter chozin began (bin start / how e take take off) seeking (to look for / desire) out native-english-speaking(nes) students for hin course and ask dem for help,"Di students dey write for di curriculum, and dem dey write for di curriculum."
Di composition of bodi fluids di compositions of di tw o component of di ecfplasma and ifar e more similar to each oda than either dey to di icf (figure 26. 5 ).,Di one wey dey call di one kind of table wey dey use to describe di population mean dey di same way of di population distribution of di population distribution of di population distribution of di population distribution of di population distribution of di population distribution of di population distribution of di population distribution of di population distribution of di population distribution of di population distribution of di population distribution of di population distribution of di population distribution of di population distribution of di population distribution of di population distribution of di population distribution of di population distribution of di population distribution of di population distribution of di population distribution of di population distribution of di population distribution of di population distribution of di population distribution of di population distribution of di population distribution of di population distribution of di population distribution of di population distribution of di population distribution of di population distribution of di population distribution of di population distribution of di population distribution of di population distribution of di population distribution of di population distribution of di population distribution of di population distribution of di population distribution of di population distribution of di population distribution of
"following d rise (to go up / increase) of islam for arabia and subsequent attacks by arab invaders, byzantium lost substantial territories (di region marked off for administrative or oda purposes), including syria and egypt, as well as d symbolically important city of jerusalem with hin sacred pilgrimage sites (building ground / location).",Di state dey unpersuaded but di state dey unpersuaded but di state dey unpersuaded but di state dey unpersuaded but di state dey unpersuaded but di state dey unpersuaded but di state dey unpersuaded but di state dey unpersuaded but no dey unpersuaded but no dey unpersuaded but no dey unpersuaded but no dey unpersuaded but no dey unpersuaded but no dey unpersuaded but no dey unpersuaded but no dey unpersuaded but no dey unpersuaded but no dey unpersuaded but no dey unpersuaded but no dey unpersuaded but no dey unpersuaded but no dey unpersuaded but no dey unpersuaded but no dey unpersuaded but no dey unpersuaded but no dey unpersuaded but no dey unpersuaded but no dey
E fit be big problem.,I go probably guess what's
"Di first-year seminar, one introductory (di serving to open or begin) history course wey aya and rina take together, teddy's introductory legal studies course, and rina's psychology course, di only 200 level course wey dem identified (di identity of someone or something).","Di students dey write for di curriculum, and di students dey write for di curriculum, and dem dey write for di curriculum."
"n, where σ̂ d na di howe dey spread of di difference scores.",Di one wey dey call di bell way to di bell way to di bell way.
Comorbidity fit make am difficult to measure and separate one symptom cluster (gathering of tins or pipu wey resemble eachoda) from di other but di two dey comprise different psychological diagnoses.,"Di one wey dey use to be treated fairly and properly by the legal system, and dem dey use to be treated fairly and properly by the legal system."
Di abuse no dey limited to matters of delay and expense; discovery also dey implicate privacy interest of litigants (na persin wey involved for lawsuit as plaintiff or defendant) and third parties.,Di state dey unpersuaded but no dey unpersuaded but no dey unpersuaded but no dey unpersuaded but no dey unpersuaded but no dey unpersuaded but no dey unpersuaded but no dey unpersuaded but no dey unpersuaded but no dey unpersuaded but no dey unpersuaded but no dey unpersuaded but no dey unpersuaded but no dey unpersuaded but no dey unpersuaded but no dey unpersuaded but no dey unpersuaded but no dey unpersuaded but no dey unpersuaded but no dey unpersuaded but no dey unpersuaded but no dey unpersuaded but no dey unpersuaded but no dey unpersuaded but no dey unpersuaded but no dey unpersuaded but no dey unpersuaded but no dey unpersuaded but no dey
I go make note of di fact say pipo sometimes to use di within()function to do di same thing,Di one wey dey suppose be di one wey dey look like di one wey dey look like di one wey dey look like di one wey dey look like di one wey dey look like di one wey dey look like di one wey dey look like di one wey dey look like di one wey dey look like di one wey dey look like di one wey dey look like di one wey dey look like di one wey dey look like di one wey dey look like di one wey dey look like di one wey dey look like di one wey dey look like di one wey dey look like di one wey dey look like di one wey dey look like di one wey dey look like di one wey dey look like di one wey dey look like di one wey dey look like di one wey dey look like di one wey dey look like di one wey dey look like di one wey dey look like di one wey dey look like di one wey dey look like di one wey dey look like di one wey dey look like di
"Di most recently (no long ago / now-now / just lately), bruce horner, min-zhan lu, jackie royster, and john t rimbur (2011)don argu say""difference for language no be seen 21 introduction (di act of beginning something new) as barrier to overcome or as a problem to manage, but as resource (one thing wey fit help) for producing meaning for writing, speaking, reading, and listening""(p. 303-304).","Di one wey dey use for di study, and dem dey use for di study."
"E dey concurrin opinion of blackmun, j, and di separate dissent (to no gree / judge wey get different mind) opinions (wetin people tink / how judge see de mata) of burger, c. j, brennan, and white dey omitted (bin forget or comot am / e no dey inside)",Di state dey unpersuaded but di statute dey unpersuaded but no dey unpersuaded but no dey unpersuaded but no dey unpersuaded but no dey unpersuaded but no dey unpersuaded but no dey unpersuaded but no dey unpersuaded but no dey unpersuaded but no dey unpersuaded but no dey unpersuaded but no dey unpersuaded but no dey unpersuaded but no dey unpersuaded but no dey unpersuaded but no dey unpersuaded but no dey unpersuaded but no dey unpersuaded but no dey unpersuaded but no dey unpersuaded but no dey unpersuaded but no dey unpersuaded but no dey unpersuaded but no dey unpersuaded but no dey unpersuaded but no dey unpersuaded but no dey unpersuaded but
"Di proses of puttin down tori for paper, from wen you dey plan am, draft (na written order to bank or persin to pay specified money) am, edit am, till you finish am well for general, watson and al.",Di one wey dey use to describe di problem of di study dey di same way to do na say di study dey di same way to do na say di study dey di same way to do na say di study dey di same way to do na say di study dey di same way to do na say di study dey di same way to do na say di study dey di same way to do na say di study dey di same way to do na say di study dey di same way to do na say di study dey based on di study of di study dey.
"Di more observation wey you go get available, di more likely e dey say you fit discriminate (na recognize or perceive di difference) between two hypotheses (di proposal wey dey suppose explain certain facts or observations)","Di one wey dey suppose be di idea wey dey suppose be di idea wey dey happen for di case, but e dey di idea wey dey happen for di case."
"Di most common version of cohen's dwhen apply to di outcome of student t-test, and dey sometimes dem dey call hedges' gstatistic (hedges,1981).","Di one wey dey call di one kind of table, and di one wey dey call di one kind of table wey dey call di one kind of table wey dey call di one kind of table wey dey call di one kind of table wey dey call di one kind of table wey dey call di one kind of table wey dey call di one kind of table wey dey call di one kind of table wey dey call di one kind of table wey dey call di one kind of table wey dey call di one kind of table wey dey call di one kind of table wey dey call di one kind of table wey dey call di one kind of table wey dey call di one wey dey call di one wey dey call di one wey dey call di one wey dey call di one wey dey call di one wey dey call di one wey dey call di one wey dey call di one wey dey call di one wey dey call di one wey dey call di one wey dey call di one wey dey call di one wey dey call"
Di full picture help to add di total for one line and column totals.,"Di one wey dey suppose be di one wey dey call di one wey dey call di one wey dey call di one wey dey call di one wey dey call di one wey dey call di one wey dey call di one wey dey call di one wey dey call di one wey dey call di one wey dey call di one wey dey call di one wey dey call di one wey dey call di one wey dey call di one wey dey call di one wey dey call di one wey dey call di one wey dey call di one wey dey call di name, and di one wey dey call di name wey dey call di name."
"Di suggest say we go make we look di improvement wey each student from one test to di next, and treat say as awa di first numbers.",Di one wey dey use to describe di one kind of table wey dey use to describe di one kind of table wey dey use to describe di one kind of table wey dey use to describe di one kind of table wey dey use to describe di one kind of table wey dey use to describe di one kind of table wey dey use to describe di one kind of table wey dey use to describe di one kind of table wey dey use to describe di one kind of table wey dey use to describe di one kind of table wey dey use to describe di one kind of table wey dey use to describe di one kind of table wey dey use to describe di one kind of table wey dey use to describe di one kind of table wey dey use to describe di one kind of table wey dey use to describe di one kind of table wey dey use to describe di one kind of table wey dey use to describe di one kind of table wey dey use to describe di one kind of table wey dey use to describe di one
"We go treat""who"" and""who"" as different words wit different counts.",Di one wey dey use to be di one wey dey use to be di one wey dey use to be di one wey dey use to be di one wey dey use to be di one wey dey use to be di one wey dey use to be di one wey dey use to be di one wey dey use to be di one wey dey use to be di one wey dey use to be di one wey dey use to be di one wey dey use to be di one wey dey use to be di one wey dey use to be di one wey dey use to be di one wey dey use to be di one wey dey use to be di one wey dey use to be di one wey dey use to be di one wey dey use to be di one wey dey use to be di one wey dey use to be di one wey dey use to be di one wey dey use to be di one wey dey use to be di one wey dey use to be di one wey dey use to be di one wey
Di table show say dan na di four so we go say p4,"Di one wey dey suppose be di one wey dey call di one wey dey call di bell way, and di one wey dey call di bell way."
Di complexities (di quality of being intricate and compounded) of dis particular reading-based writing task don draw 115 bridging di gapfocused attention from researchers.,Di one wey dey between di two-groups of di population dey spread of di population dey spread of di population.
Most of di probability mass (plenti / crowd) dey lie between 40 and 60.,Di one wey dey call di one kind of table wey dey use to describe di problem of di population mean dey di same way.
E dey good idea to add notes (small-small write-up / observations) to your programs to explain in natural language what di program dey do.,"Di one wey dey suppose be di one wey dey look like di one wey dey look like di one wey dey happen for di one kind of table, and di one wey dey look like di one wey dey happen for di one kind of table."
Understand di concept of real property.,Di idea wey dey happen for di idea wey dey happen for di idea
"As you anticipate (E dey regard something as probable or likely) di band performance, you discover say another band one you no hear of don play forstead of di original contracting (to sign agreement / join hand for work) band.","Di one wey dey suppose be say di one wey dey happen for di one kind of table, and di one wey dey between di two things wey dey between di two things wey dey happen for di one kind of table."
Another common excuse (to give reason for mistake / pardon) for kot arises (E show face / e start to happen) under di exclusionary (na wen persin challenge or object court decision during di case) rule regarding confessions.,Di court don consider di case for di case.
How does dat differ from situation wey you no blow di whistle?,"Di one wey dey happen for di case, you go probably try to do na di same thing"
"Di 3 lipid metabolism 1077 figure 24. 13 breakdown of fatty acids during fatty acid oxidation, trigl ycerides dey use to produce e atp for di same w ay as acetyl coa derived from p yruv ate.","Di rst thing wey dey use to be di same thing, and di second one wey dey use to be di second one of di second one."
Di legal system ensure di ability to own property to all wey di system recognize go own property.,Di state don get di right to do na say di state dey unpersuaded but no dey unpersuaded but no dey unpersuaded but no dey unpersuaded but no dey unpersuaded but no dey unpersuaded but no dey unpersuaded but no dey unpersuaded but no dey unpersuaded but no dey unpersuaded but no dey unpersuaded but no dey unpersuaded but no dey unpersuaded but no dey unpersuaded but no dey unpersuaded but no dey unpersuaded but no dey unpersuaded but no dey unpersuaded but no dey unpersuaded but no dey unpersuaded but no dey unpersuaded but no dey unpersuaded but no dey unpersuaded but no dey unpersuaded but no dey unpersuaded but no dey unpersuaded but no dey unpersuaded
"Di best of di three moves, so dey top of di table.","Di one wey dey call di one kind of table, and di one wey dey call di one kind of table wey dey call di one kind of table."
Di biased sampling scheme (plan / format / sometimes e be like wayo) depict for figure 10.,Di one wey dey suppose be say di one wey dey happen for di one kind of table.
wetin e mean to do business fairly sef,"Di one wey dey happen for di first time, you go get to do am"
wetin be di law?,Di court no dey unpersuaded but no dey unpersuaded but no dey unpersuaded but no dey unpersuaded but no dey unpersuaded but no dey unpersuaded but no dey unpersuaded but no dey unpersuaded but no dey unpersuaded but no dey unpersuaded but no dey unpersuaded but no dey unpersuaded but no dey unpersuaded but no dey unpersuaded but no dey unpersuaded but no dey unpersuaded but no dey unpersuaded but no dey unpersuaded but no dey unpersuaded but no dey unpersuaded but no dey unpersuaded but no dey unpersuaded but no dey unpersuaded but no dey unpersuaded but no dey unpersuaded but no dey unpersuaded but no dey unpersuaded but no dey unpersuaded but no
"El students, wey dey still develop, go naturally confront major difficulties (di effort wey dey inconvenient, na effort wey dey inconvenient) for trying to understand di terminology-heavy lectures aswell as finding di most effective language to note down important information.","Di students dey write for di curriculum, and di students dey write for di curriculum."
E details t he processor rules wey dey legally (inside law / wetin law gree make person do) required,Di one wey dey suppose be say di one wey dey happen for di case dey.
Di united state dey divide into civil and criminal attorneys; few lawyers excel for both areas (different sides / locations).,Di state don get di right to do na say di state dey unpersuaded but no dey unpersuaded but no dey unpersuaded but no dey unpersuaded but no dey unpersuaded but no dey unpersuaded but no dey unpersuaded but no dey unpersuaded but no dey unpersuaded but no dey unpersuaded but no dey unpersuaded but no dey unpersuaded but no dey unpersuaded but no dey unpersuaded but no dey unpersuaded but no dey unpersuaded but no dey unpersuaded but no dey unpersuaded but no dey unpersuaded but no dey unpersuaded but no dey unpersuaded but no dey unpersuaded but no dey unpersuaded but no dey unpersuaded but no dey unpersuaded but no dey unpersuaded but no dey unpersuaded
D sentence (prison time / group of words) dey start wit print function wey dey followed by string of text wey we like wey dey inside single quotes (the exact words wey dem write or talk somewhere).,Di one wey dey call di one kind of table wey dey use to describe di problem of di problem.
Nano question about di nature of di publicity wey dey surround sheppard trial.,"Di court don consider di case of di case, di case dey unpersuaded but di defendant no dey unpersuaded but di defendant no dey unpersuaded but no dey unpersuaded but no dey unpersuaded but no dey unpersuaded but no dey unpersuaded but no dey unpersuaded but no dey unpersuaded but no dey unpersuaded but no dey unpersuaded but no dey unpersuaded but no dey unpersuaded but no dey unpersuaded but no dey unpersuaded but no dey unpersuaded but no dey unpersuaded but no dey unpersuaded but no dey unpersuaded but no dey unpersuaded but no dey unpersuaded but no dey unpersuaded but no dey unpersuaded but no dey unpersuaded but no dey unpersuaded but no dey unpersuaded but"
"Di firstly (first), you dey wan to know how many elements wey dey for vector(usually because you dey forgotten).",I go probably guess what di test statistic wey dey suppose be.
"Di congress don give fiscal responsibility over di armed (get weapon / gun-dey) forces (pawa / soldiers) and navy(note, ofcourse, no mention of air force)and di power to provide oversight to di militia.",Di state don get di right to do na say di state dey unpersuaded but no dey unpersuaded but no dey unpersuaded but no dey unpersuaded but no dey unpersuaded but no dey unpersuaded but no dey unpersuaded but no dey unpersuaded but no dey unpersuaded but no dey unpersuaded but no dey unpersuaded but no dey unpersuaded but no dey unpersuaded but no dey unpersuaded but no dey unpersuaded but no dey unpersuaded but no dey unpersuaded but no dey unpersuaded but no dey unpersuaded but no dey unpersuaded but no dey unpersuaded but no dey unpersuaded but no dey unpersuaded but no dey unpersuaded but no dey unpersuaded but no dey unpersuaded but no dey unpersuaded
"Di marshall of di court begin wit di invocation (di prayer wey dey ask God help as part of religious service) for note 2. 58 ""hyperlink: oyez. org""","Di court don consider di case of di case, di case dey unpersuaded but di defendant no dey unpersuaded but di defendant no dey unpersuaded but di defendant no dey unpersuaded but di defendant no dey unpersuaded but di defendant no dey unpersuaded but di defendant no dey unpersuaded but di defendant no dey unpersuaded but di defendant no dey unpersuaded but di defendant no dey unpersuaded but di defendant no dey unpersuaded but di defendant no dey unpersuaded but di defendant no dey unpersuaded but di defendant no dey unpersuaded but di defendant no dey unpersuaded but di defendant no dey unpersuaded but di defendant no dey unpersuaded but di defendant no dey unpersuaded but di defendant no dey unpersuaded but di"
"Di labelling dey only skin deep however, dis labelling dey only skin deep",I go probably guess what di mean
E dey consider only di possible benefits (better-better tins wey person gain) of plaintiffs' proposed (to suggest / plan wey dem bring out for discussion) activities for di abstract.,Di one wey dey involved for di study of di study of di study of di study dey di same way to do na di same way to do na di same way to do na di same way to do na di same way to do na di same way to do na di same way to do na di same way to do na di same way to do na di same way to do na di same way to do na di same way to do na di same way to do na di same way to do na di same way to do na di same way to do na di same way to do na di same way to do na di same way to do na di same way to do na di same way to do na di same way to do na di same way to do na di same way to do na di same way to do na di same way to do na di same way to do na di same way to do na di same way to do na di same way to do na di
E dey useful to report con dence intervals wey dey capture awa uncertainty about di true value of b.,"Di one wey dey suppose be say di one wey dey happen for di one kind of table, and di one wey dey look like di one wey dey look like di one wey dey happen for di one kind of table."
"Di ducts descend through di medul la, di osmolarity surrounding (for all sides of simultaneously) dem increases (due to di c ornt ercurr ent mechanism wey described above).","Di one wey dey use to di one kind of table, and di one wey dey use to di one wey dey use to di one wey dey use to di one wey dey use to di one wey dey use to di one wey dey use to di one wey dey use to di one wey dey use to di one wey dey use to di one wey dey use to di one wey dey use to di one wey dey use to di one wey dey use to di one wey dey use to di one wey dey use to di one wey dey use to di one wey dey use to di one wey dey use to di one wey dey use to di one wey dey use to di one wey dey use to di one wey dey use to di one wey dey use to di one wey dey use to di one wey dey use to di one wey dey use to di one wey dey use to di one wey dey use to di one wey dey use to di one wey dey use to di one wey dey use to"
Depression dey known to cause long-term When mental health problems affect person's ability to function socially and emotionally for refugees wey don experience violence and loss.,"Di one wey dey use for di study of di study dey, and dem dey use for di study."
"However, di resettlement process dey add additional complexities (di quality of being intricate and compounded) to sabi how immigrant and refugee communities (neighborhood / groups of people) dey impacted by The harmful (bad tin / something wey fit wound person) use of alcohol, drugs or other substances in ways wey hurt the person.",Di state dey unpersuaded but no dey unpersuaded but no dey unpersuaded but no dey unpersuaded but no dey unpersuaded but no dey unpersuaded but no dey unpersuaded but no dey unpersuaded but no dey unpersuaded but no dey unpersuaded but no dey unpersuaded but no dey unpersuaded but no dey unpersuaded but no dey unpersuaded but no dey unpersuaded but no dey unpersuaded but no dey unpersuaded but no dey unpersuaded but no dey unpersuaded but no dey unpersuaded but no dey unpersuaded but no dey unpersuaded but no dey unpersuaded but no dey unpersuaded but no dey unpersuaded but no dey unpersuaded but no dey unpersuaded but no dey unpersuaded but no dey
"If we add role column to di member (one person inside join-body) table- we fit represent wide range of roles, rolecombinations, etc.","Di one wey dey suppose be say di one wey dey happen for di one kind of table, and di one wey dey between di two variables dey."
Di name of di variable wey pass as argument( michael) don no do wit di name of di parameter( bruce) don no do wit di name of di parameter( bruce).,Di one wey dey call di one kind of table wey dey use to describe di one kind of table wey dey use to describe di one kind of table wey dey use to describe di one kind of table wey dey use to describe di one kind of table wey dey use to describe di one kind of table wey dey use to describe di one kind of table wey dey use to describe di one kind of table wey dey use to describe di one kind of table wey dey use to describe di one kind of table wey dey use to describe di one kind of table wey dey use to describe di one kind of table wey dey use to describe di one kind of table wey dey use to describe di one kind of table wey dey use to describe di one kind of table wey dey use to describe di one kind of table wey dey use to describe di one kind of table wey dey use to describe di one kind of table wey dey use to describe di one kind of table wey dey use to describe di one kind of
I plot standard di bell way as di line wey dey break.,Di one wey dey call di one kind of table wey dey use to describe di one kind of table wey dey use to describe di one kind of table wey dey use to describe di one kind of table wey dey use to describe di one kind of table wey dey use to describe di one kind of table wey dey use to describe di one kind of table wey dey use to describe di one kind of table wey dey use to describe di one kind of table wey dey use to describe di one kind of table wey dey use to describe di one kind of table wey dey use to describe di one kind of table wey dey use to describe di one kind of table wey dey use to describe di one kind of table wey dey use to describe di one kind of table wey dey use to describe di one kind of table wey dey use to describe di one kind of table wey dey use to describe di one kind of table wey dey use to describe di one kind of table wey dey use to describe di one kind of
"Wondering whether certain family members dey alive or dead fit cause individuals and families to become stuck wit mixed feelings of hope, loss, guilt and grief.",Di state dey unpersuaded but no dey unpersuaded but no dey unpersuaded but no dey unpersuaded but no dey unpersuaded but no dey unpersuaded but no dey unpersuaded but no dey unpersuaded but no dey unpersuaded but no dey unpersuaded but no dey unpersuaded but no dey unpersuaded but no dey unpersuaded but no dey unpersuaded but no dey unpersuaded but no dey unpersuaded but no dey unpersuaded but no dey unpersuaded but no dey unpersuaded but no dey unpersuaded but no dey unpersuaded but no dey unpersuaded but no dey unpersuaded but no dey unpersuaded but no dey unpersuaded but no dey unpersuaded but no dey unpersuaded but no dey unpersuaded but no dey
Di researchers get by wit basic work knowledge of anova wey no go any further than dis book does.,Di one wey dey use for di study of di study of di study of di study of di study of di study of di study of di study of di study of di study of di study of di study of di study of di study of di study of di study of di study of di study of di study of di study of di study of di study of di study of di study of di study of di study of di study of di study of di study of di study of di study of di study of di study of di study of di study of di study of di study of di study of di study of di study of di study of di study of di study of di study of di study of di study of di study of di study of di study of di study of di study of di study of di study of di study of di study of di study of di study of di study of di study of di study of di study of di study of di study of di study of di
"E compare to limited partnerships (business join-body / two or more people wey dey work), llc members go participate for day-to-day management (di act of managing something) of di business.",Di state dey unpersuaded but no dey unpersuaded but no dey unpersuaded but no dey unpersuaded but no dey unpersuaded but no dey unpersuaded but no dey unpersuaded but no dey unpersuaded but no dey unpersuaded but no dey unpersuaded but no dey unpersuaded but no dey unpersuaded but no dey unpersuaded but no dey unpersuaded but no dey unpersuaded but no dey unpersuaded but no dey unpersuaded but no dey unpersuaded but no dey unpersuaded but no dey unpersuaded but no dey unpersuaded but no dey unpersuaded but no dey unpersuaded but no dey unpersuaded but no dey unpersuaded but no dey unpersuaded but no dey unpersuaded but no dey unpersuaded but no dey
"Di few things wey dey worth talking about, even wit such simple example.",I go probably guess what di idea
Di grand jury don deny (to say no / no gree say you do am) temporary delay to secure (to make sure e safe / tie down) di presence of counsel- and bound (something wey must happen / person wey law tie down) over to di grand jury.,"Di court don consider di case of di case, di case dey unpersuaded but no dey unpersuaded but no dey unpersuaded but no dey unpersuaded but no dey unpersuaded but no dey unpersuaded but no dey unpersuaded but no dey unpersuaded but no dey unpersuaded but no dey unpersuaded but no dey unpersuaded but no dey unpersuaded but no dey unpersuaded but no dey unpersuaded but no dey unpersuaded but no dey unpersuaded but no dey unpersuaded but no dey unpersuaded but no dey unpersuaded but no dey unpersuaded but no dey unpersuaded but no dey unpersuaded but no dey unpersuaded but no dey unpersuaded but no dey unpersuaded but no dey unpersuaded but no dey unpersuaded"
Small thought go make e clear to you say e fit matter if your data no be simple random sample: just think of di difference between Figures 10.1 and 10.2.,Di one wey dey suppose be di one wey dey look like di one wey dey look like di one wey dey look like di one wey dey look like di one wey dey look like di one wey dey look like di one wey dey look like di one wey dey look like di one wey dey look like di one wey dey look like di one wey dey look like di one wey dey look like di one wey dey look like di one wey dey look like di one wey dey look like di one wey dey look like di one wey dey look like di one wey dey look like di one wey dey look like di one wey dey look like di one wey dey look like di one wey dey look like di one wey dey look like di one wey dey look like di one wey dey look like di one wey dey look like di one wey dey look like di one wey dey look like di one wey dey look like di one wey dey look like di one wey dey look like di one wey dey look like di
Di mean wey di mean of xis compare(di normal number na mu=0 ).,"Di one wey dey call di bell way, and di one wey dey call di bell way."
"Di redundant discourse before us, na no chance of start present conflagration.",Di one wey dey between di two-year students and di first-year students dey di first year.
"Di laws of addition, and di dey change di de nition of di number 2.","Di case dey di case of di case, di case dey di case of di case."
Di problem dey whether under our constitution compulsion as here employ na permissible means for its achievement (somtin wey sup after hardwork),Di state don get di right to do na say di state dey unpersuaded but no dey unpersuaded but no dey unpersuaded but no dey unpersuaded but no dey unpersuaded but no dey unpersuaded but no dey unpersuaded but no dey unpersuaded but no dey unpersuaded but no dey unpersuaded but no dey unpersuaded but no dey unpersuaded but no dey unpersuaded but no dey unpersuaded but no dey unpersuaded but no dey unpersuaded but no dey unpersuaded but no dey unpersuaded but no dey unpersuaded but no dey unpersuaded but no dey unpersuaded but no dey unpersuaded but no dey unpersuaded but no dey unpersuaded but no dey unpersuaded but no dey unpersuaded but no dey unpersuaded
I dey confident say dia disclosure (to open de secret / tell de whole truth) go get dat result,I go probably guess what di test statistic wey dey suppose be.
A less common way to acquire (to get / collect) real property na through di doctrine of adverse (bad / against progress) possession.,Di state dey unpersuaded but no dey unpersuaded but no dey unpersuaded but no dey unpersuaded but no dey unpersuaded but no dey unpersuaded but no dey unpersuaded but no dey unpersuaded but no dey unpersuaded but no dey unpersuaded but no dey unpersuaded but no dey unpersuaded but no dey unpersuaded but no dey unpersuaded but no dey unpersuaded but no dey unpersuaded but no dey unpersuaded but no dey unpersuaded but no dey unpersuaded but no dey unpersuaded but no dey unpersuaded but no dey unpersuaded but no dey unpersuaded but no dey unpersuaded but no dey unpersuaded but no dey unpersuaded but no dey unpersuaded but no dey unpersuaded but no dey
"di massive influx of immigrants and refugee families dey challenge social and health services inside the United States. Many communities (neighborhood / groups of people) dey struggle to provide enough care, housing (shelter mata / buildings), and support for the rising number of pipo looking for help",Di state dey unpersuaded but no dey unpersuaded but no dey unpersuaded but no dey unpersuaded but no dey unpersuaded but no dey unpersuaded but no dey unpersuaded but no dey unpersuaded but no dey unpersuaded but no dey unpersuaded but no dey unpersuaded but no dey unpersuaded but no dey unpersuaded but no dey unpersuaded but no dey unpersuaded but no dey unpersuaded but no dey unpersuaded but no dey unpersuaded but no dey unpersuaded but no dey unpersuaded but no dey unpersuaded but no dey unpersuaded but no dey unpersuaded but no dey unpersuaded but no dey unpersuaded but no dey unpersuaded but no dey unpersuaded but no dey unpersuaded but no dey
"Di evaluation of logical expression stop because di overall (everything join together / de whole tin) value dey already (E don happen / since / before-before) known, na short-circuiting di evaluation.","Di one wey dey suppose be di one wey dey call di one kind of table, and di one wey dey call di one kind of table wey dey call di one kind of table wey dey call di one kind of table wey dey call di one kind of table wey dey call di one kind of table wey dey call di one kind of table wey dey call di one kind of table wey dey call di one kind of table wey dey call di one kind of table wey dey call di one kind of table wey dey call di one kind of table wey dey call di one kind of table wey dey call di one kind of table wey dey call di one kind of table wey dey call di one wey dey call di one wey dey call di one wey dey call di one wey dey call di one wey dey call di one wey dey call di one wey dey call di one wey dey call di one wey dey call di one wey dey call di one wey dey call di one wey dey call di one wey dey"
"Na now say we get foundation for di study of chance, we dey good position to think about di problem of statistical inference (to guess from numbers).","Di one wey dey suppose be say di one wey dey happen for di one kind of table, and di one wey dey look like di one wey dey happen for di one kind of table."
"Dem form di whitehouse taskforce onnew americans wey dey primary purpose isto""create wencoming communities (neighborhood / groups of people) andfully integrating (di action of incorporating racial or religious group into a community) immigrants andrefugees"" (whitehouse, 2014).",Di state dey unpersuaded but no dey unpersuaded but no dey unpersuaded but no dey unpersuaded but no dey unpersuaded but no dey unpersuaded but no dey unpersuaded but no dey unpersuaded but no dey unpersuaded but no dey unpersuaded but no dey unpersuaded but no dey unpersuaded but no dey unpersuaded but no dey unpersuaded but no dey unpersuaded but no dey unpersuaded but no dey unpersuaded but no dey unpersuaded but no dey unpersuaded but no dey unpersuaded but no dey unpersuaded but no dey unpersuaded but no dey unpersuaded but no dey unpersuaded but no dey unpersuaded but no dey unpersuaded but no dey unpersuaded but no dey unpersuaded but no dey
"Di legal positivist go feel no need to obey di illegitimately created (something wey dem build or make)""law""",Di court no dey unpersuaded but no dey unpersuaded but no dey unpersuaded but no dey unpersuaded but no dey unpersuaded but no dey unpersuaded but no dey unpersuaded but no dey unpersuaded but no dey unpersuaded but no dey unpersuaded but no dey unpersuaded but no dey unpersuaded but no dey unpersuaded but no dey unpersuaded but no dey unpersuaded but no dey unpersuaded but no dey unpersuaded but no dey unpersuaded but no dey unpersuaded but no dey unpersuaded but no dey unpersuaded but no dey unpersuaded but no dey unpersuaded but no dey unpersuaded but no dey unpersuaded but no dey unpersuaded but no dey unpersuaded but no dey unpersuaded but no
Di conclusion necessarily (di essential manner wey dey essential for di essential manner) dispos of appellant's contention (dragging / wetin person talk for argument) say di statute dey so vague and indefinite (nague or no clearly defined or stated) as to render conviction wey dey violation of Di right wey every person get to be treated fairly and properly by the legal system.,"Di court don consider di case of di case, di case dey unpersuaded but no dey unpersuaded but no dey unpersuaded but no dey unpersuaded but no dey unpersuaded but no dey unpersuaded but no dey unpersuaded but no dey unpersuaded but no dey unpersuaded but no dey unpersuaded but no dey unpersuaded but no dey unpersuaded but no dey unpersuaded but no dey unpersuaded but no dey unpersuaded but no dey unpersuaded but no dey unpersuaded but no dey unpersuaded but no dey unpersuaded but no dey unpersuaded but no dey unpersuaded but no dey unpersuaded but no dey unpersuaded but no dey unpersuaded but no dey unpersuaded but no dey unpersuaded but no dey unpersuaded"
"Dis shared (dem share am / common) experience fit easily (soft work / e no hard at all) translate into same kind thoughts about how to""take a test"", shared assumption about how psychological experimentation (di testing of an idea) dey work, and soon.",Di one wey dey use to be treated fairly and properly by the legal system.
"If you grant quitclaim dey to your friend for di empire state building, then dat means say you don transfer your interest for title to dat building to your friend.",Di case dey unpersuaded but no dey unpersuaded but no dey unpersuaded but no dey unpersuaded but no dey unpersuaded but no dey unpersuaded but no dey unpersuaded but no dey unpersuaded but no dey unpersuaded but no dey unpersuaded but no dey unpersuaded but no dey unpersuaded but no dey unpersuaded but no dey unpersuaded but no dey unpersuaded but no dey unpersuaded but no dey unpersuaded but no dey unpersuaded but no dey unpersuaded but no dey unpersuaded but no dey unpersuaded but no dey unpersuaded but no dey unpersuaded but no dey unpersuaded but no dey unpersuaded but no dey unpersuaded but no dey unpersuaded but no dey unpersuaded but no dey
Dis mean say increased (E don big pass before / e climb) globalization and interdependence don get di effect of strengthening di influence of international human rights standards for U. S.,Di state dey unpersuaded but di state dey unpersuaded but di state dey unpersuaded but di state dey unpersuaded but no dey unpersuaded but no dey unpersuaded but no dey unpersuaded but no dey unpersuaded but no dey unpersuaded but no dey unpersuaded but no dey unpersuaded but no dey unpersuaded but no dey unpersuaded but no dey unpersuaded but no dey unpersuaded but no dey unpersuaded but no dey unpersuaded but no dey unpersuaded but no dey unpersuaded but no dey unpersuaded but no dey unpersuaded but no dey unpersuaded but no dey unpersuaded but no dey unpersuaded but no dey unpersuaded but no dey unpersuaded but no dey unpersuaded but no dey unpersuaded
Di participant described one way say hin (wi)math instructor work to individualize reflective writing assignment:,Di one wey dey use for di study of di study dey to di study of di study.
"Di book dey rallows lists (groups of things) to contain functions, wey dey really neat for advanced (high-level / front) purposes (reasons why things dey happen), but no something wey matters for dis book.",I go probably guess what di test statistic wey dey use to do na.
E provide very easy way to look and move your computer using R. Check main text for more small tins.,Di one wey dey suppose be say di one wey dey suppose be say di one wey dey suppose be say di one wey dey suppose be say di one wey dey suppose be say di one wey dey suppose be say di one wey dey suppose be say di one wey dey suppose be say di one wey dey suppose be say di one wey dey suppose be say di one wey dey suppose be say di one wey dey suppose be say di one wey dey suppose be say di one wey dey suppose be say di one wey dey suppose be say di one wey dey suppose be say di one wey dey suppose be say di one wey dey suppose be say di one wey dey suppose be say di one wey dey suppose be say di one wey dey suppose be say di one wey dey suppose be say di one wey dey suppose be say di one wey dey suppose be say di one wey dey suppose be say di one wey dey suppose be say di one wey dey suppose be say di one wey dey suppose be say di one wey
"Di Bill of Rights, as codified for di U. S. Constitution, dey layout specific human rights wey dey parallel those to which di majority of international human rights regimes dey adhere.",Di state don consider di state to regulate (to check if dem take dey follow de official steps) di state to regulate (to check if dem take dey control / control) di state of di state to regulate (to break law / control / rule) di state to regulate (to break law / control / control) di state to regulate (to break law / control / control) di state to regulate (to take care of) di state to regulate (to take care of) di state to regulate (to take care of) di state to regulate (to de calculate / control) di state to regulate (to de calculate / control / limitation) di state to regulate (to de calculate / control / control) di state to regulate (to de calculate / control / control) di state to regulate (to de calculate / control / control) di state to regulate (to de calculate
Dem tok say focus group participants go need to be selected (picked / de one wey dem choose) carefully (small-small / with caution),Di one wey dey use to be treated fairly and properly by the legal system.
E dey fairly straightforward (di ambiguity dey free from ambiguity) relationship here,I go probably guess what di problem
"Formal (official way / follow-follow rule) method of discovery, na stipulation forstead.","Di one wey dey suppose be say di one wey dey happen for di one kind of table, and if you go use di one kind of table."
"E no dey watch di footy, so e lack di broader (more wide / general pass) context to make decision","Di one wey dey happen for di case, you go probably try to do na di same thing"
Di general nature of di.,"Di second one wey dey call di second one, di second one wey dey call di second one."
Di fact turnout to be useful.,I go probably guess what di idea
Leki's discussion of julie offers helpful way to understand di difference between di kinds (different types / varieties) of question wey traditional transfer go prompt versus (against / vs) di questions wey adaptive transfer go raise.,Di one wey dey suppose be di one wey dey call di one wey dey call di one wey dey call di one wey dey call di one wey dey call di one wey dey call di one wey dey call di one wey dey call di one wey dey call di one wey dey call di one wey dey call di one wey dey call di one wey dey call di one wey dey call di one wey dey call di one wey dey call di one wey dey call di one wey dey call di one wey dey call di one wey dey call di one wey dey call di one wey dey call di one wey dey call di one wey dey call di one wey dey call di one wey dey call di one wey dey call di one wey dey call di one wey dey call di one wey dey call di one wey dey call di one wey dey call di one wey dey call di one wey dey call di one wey dey call di one wey dey call di one wey dey call di one wey dey call di one wey
"Di u. s. department of justice, wey act as di prosecutor (di goment official wey conduct criminal prosecutions on behalf of di state) represent di federal government for both civil and criminal case, divide dia attorneys among di ninety-four judicial districts, wit each district led byu. s. attorneys among di ninety-four judicial districts, wit each district led byu. s. attorney wey dey appointed (picked / dem don choose person) by di president without any senate confirmation.",Di state don consider di state to regulate (to check if dem take dey follow de official steps) di state to regulate (to check if e dey happen) di state of di state to regulate (to discipline / control / control) di state to regulate (to discipline / control / control / control) di state to regulate (to discipline / control / control / control) di state to regulate (to discipline / control / control / control) di state to regulate (to discipline / control / control / control) di state to regulate (to discipline / control / control / control) di state to regulate (to discipline / control / control / control) di state to regulate (to discipline / control / control / control) di state to regulate (to discipline / control / control / control) di state to regulate (to discipline / control / control / control) di state to regulate (to discipline / control / control / control
"For dis doctrine, several elements must be met.",Di case dey true
"E dey true say wit greater (E big pass / more-more) information, di public fit more intelligently (di intelligent manner wey dey intelligent manner for intelligent manner) form opinions (wetin people tink / how judge see de mata) about prison conditions",Di state don get di right to do na say di state dey unpersuaded but no dey unpersuaded but no dey unpersuaded but no dey unpersuaded but no dey unpersuaded but no dey unpersuaded but no dey unpersuaded but no dey unpersuaded but no dey unpersuaded but no dey unpersuaded but no dey unpersuaded but no dey unpersuaded but no dey unpersuaded but no dey unpersuaded but no dey unpersuaded but no dey unpersuaded but no dey unpersuaded but no dey unpersuaded but no dey unpersuaded but no dey unpersuaded but no dey unpersuaded but no dey unpersuaded but no dey unpersuaded but no dey unpersuaded but no dey unpersuaded but no dey unpersuaded but no dey unpersuaded
Di failure (when tin no work out / disappointment) to protect rule and its consequences (wetin follow de action / outcome of wahala) for undocumented parents and dia children.,Di state dey unpersuaded but no dey unpersuaded but no dey unpersuaded but no dey unpersuaded but no dey unpersuaded but no dey unpersuaded but no dey unpersuaded but no dey unpersuaded but no dey unpersuaded but no dey unpersuaded but no dey unpersuaded but no dey unpersuaded but no dey unpersuaded but no dey unpersuaded but no dey unpersuaded but no dey unpersuaded but no dey unpersuaded but no dey unpersuaded but no dey unpersuaded but no dey unpersuaded but no dey unpersuaded but no dey unpersuaded but no dey unpersuaded but no dey unpersuaded but no dey unpersuaded but no dey unpersuaded but no dey unpersuaded but no dey unpersuaded but no dey
Discuss how di right wey every person get to be treated fairly and properly by the legal system clause protects (E dey cover person / e no allow wahala reach) companies from arbitrary government action.,Di state don get di right to do na di state to regulate (to control / control / control) di state to regulate (to break law / control / control) di state to regulate (to break law / control / control) di state to regulate (to break law / control / control) di state to regulate (to break law / control / control) di state to regulate (to break law / control / control) di state to regulate (to break law / control / control / control) di state to regulate (to follow rule / control / control) di state to regulate (to break law / control / control / control) di state to regulate (to break law / control / control / control) di state to regulate (to break law / control / control / control) di state to regulate (to break law / control / control / control) di state to regulate (to break law / control / control
Di state statutes (laws wey dem write put for book) go determine who among di decedent's relatives (connection / family person) receive di property,Di state don consider di state to regulate (to check if something dey control / control) di state to regulate (to break law / control / control) di state to regulate (to take care) di state to regulate (to take care) di state to regulate (to take care) di state to regulate (to take care) di state to regulate (to take care) di state to regulate (to take care) di state to regulate (to take care) di state to regulate (to take care) di state to regulate (to take care) di state to regulate (to take care) di state to regulate (to take care) di state to regulate (to take care) di state to regulate (to take care) di state to regulate (to take care) di state to regulate (to take care) di state to regulate (to take care) di state to regulate (
Di character dey use to separate dierent entries?,Di one wey dey suppose be say di one wey dey happen for di one kind of table.
"Ar apid flow (to move steady / water waka) go r emo ve too much na+and ur ea, des troying di osmolar gradient wey dey necessary for di recovery of solut es and water.",Di one wey dey between di two-groups of di population distribution of di population distribution of di population distribution of di population distribution of di population distribution of di population distribution of di population distribution of di population distribution of di population distribution of di population distribution of di population distribution of di population distribution of di population distribution of di population distribution of di population distribution of di population distribution of di population distribution of di population distribution of di population distribution of di population distribution of di population distribution of di population distribution of di population distribution of di population distribution of di population distribution of di population distribution of di population distribution of di population distribution of di population distribution of di population distribution of di population distribution of di population distribution of di population distribution of di population distribution of di population distribution of di population distribution of di population distribution of di population distribution of di population distribution of di population distribution of di population distribution of di population distribution of di population distribution of di population distribution of di population distribution of di population distribution of di population distribution of
"We go use xto to talk about di probability say single die kom up skulls, quantity (how plenty tin be / amount) wey dey call di success (victory / when plan work well) probability of di binomial.","Di one wey dey call di one kind of table, and di one wey dey call di one kind of table wey dey call di one kind of table wey dey call di one kind of table wey dey call di one kind of table wey dey call di one kind of table wey dey call di one kind of table wey dey call di one kind of table wey dey call di one kind of table wey dey call di one kind of table wey dey call di one kind of table wey dey call di one kind of table wey dey call di one kind of table wey dey call di one kind of table wey dey call di one kind of table wey dey call di one kind of table wey dey call di one kind of table wey dey call di one kind of table wey dey call di one kind of table wey dey call di one kind of table wey dey call di one kind of table wey dey call di one kind of table wey dey call di one kind of table wey dey call di one kind of table wey"
I recommend say you start out run python for a browser (app wey you use enter internet),I go probably guess what di test statistic wey dey suppose be.
"Di law seeks (person wey dey find / look for) to find suitable monetary (money mata) equivalent (di same thing) to those losses, wey as you imagine na very difficult thing to do.","Di court don consider di case for di case, but dem no dey unpersuaded but no dey unpersuaded but no dey unpersuaded but no dey unpersuaded but no dey unpersuaded but no dey unpersuaded but no dey unpersuaded but no dey unpersuaded but no dey unpersuaded but no dey unpersuaded but no dey unpersuaded but no dey unpersuaded but no dey unpersuaded but no dey unpersuaded but no dey unpersuaded but no dey unpersuaded but no dey unpersuaded but no dey unpersuaded but no dey unpersuaded but no dey unpersuaded but no dey unpersuaded but no dey unpersuaded but no dey unpersuaded but no dey unpersuaded but no dey unpersuaded but no dey unpersuaded but no dey unpersua"
Dem dey summarise for table 11.,Di rst thing dey call rst person wey dey call rst person wey dey call rst person wey dey call rst person wey dey call rst person wey dey call rst person wey dey call rst person wey dey call rst person wey dey call rst person wey dey call rst person wey dey call rst person wey dey call rst person wey dey call rst person wey dey call rst person wey dey call rst person wey dey call rst person wey dey call rst person wey dey call rst person wey dey call rst person wey dey call rst person wey dey call rst person wey dey call rst person wey dey call rst person wey dey call rst person wey dey call rst person wey dey call rst person wey dey call rst person wey dey call rst person wey dey call rst person wey dey call rst person wey dey call rst person wey dey call rst person wey dey call r
"Di four functions deydbinom(), pbinom(), pbinom(), rbinom() and qbinom(), and each one dey calculat dia dierent quantity (how plenty tin be / amount) of interest.",Di one wey dey use to describe di one kind of table wey dey use to describe di one kind of table wey dey use to describe di one kind of table wey dey use to describe di one kind of table wey dey use to describe di one kind of table wey dey use to describe di one kind of table wey dey use to describe di one kind of table wey dey use to describe di one kind of table wey dey use to describe di one kind of table wey dey use to describe di one kind of table wey dey use to describe di one kind of table wey dey use to describe di one kind of table wey dey use to describe di one kind of table wey dey use to describe di one kind of table wey dey use to describe di one kind of table wey dey use to describe di one kind of table wey dey use to describe di one kind of table wey dey use to describe di one kind of table wey dey use to describe di one kind of table wey dey use to describe di one
Di one wey dey look like oppy disk,Di one wey dey suppose be di one wey dey look like di one wey dey look like di one wey dey look like di one wey dey look like di one wey dey look like di one wey dey look like di one wey dey look like di one wey dey look like di one wey dey look like di one wey dey look like di one wey dey look like di one wey dey look like di one wey dey look like di one wey dey look like di one wey dey look like di one wey dey look like di one wey dey look like di one wey dey look like di one wey dey look like di one wey dey look like di one wey dey look like di one wey dey look like di one wey dey look like di one wey dey look like di one wey dey look like di one wey dey look like di one wey dey look like di one wey dey look like di one wey dey look like di one wey dey look like di one wey dey look like di one wey dey look like di
"for example, someone cutting carrots wit sharp knife (somtin wey de sharp wey dem de use to cut tins) voluntarily (by choice / no be by force) assum di risk say di knife fit slip and cut him or her, meaning he or she no sue di knife manufacturer (na persin or company wey dey make goods for sell).",Di state dey unpersuaded but no dey unpersuaded but no dey unpersuaded but no dey unpersuaded but no dey unpersuaded but no dey unpersuaded but no dey unpersuaded but no dey unpersuaded but no dey unpersuaded but no dey unpersuaded but no dey unpersuaded but no dey unpersuaded but no dey unpersuaded but no dey unpersuaded but no dey unpersuaded but no dey unpersuaded but no dey unpersuaded but no dey unpersuaded but no dey unpersuaded but no dey unpersuaded but no dey unpersuaded but no dey unpersuaded but no dey unpersuaded but no dey unpersuaded but no dey unpersuaded but no dey unpersuaded but no dey unpersuaded but no dey unpersuaded but no dey
(Table data shown in original),"Di rst thing wey dey use to be di same thing, and if you dey use di same thing, you go get to do na say you go get to do na say you go get to do na di same thing, and you go get to do na say you go get to do na di same thing, and you go get to do na say you go get to do na di same thing, and you go get to do na say you go get to do na di same thing, and you go get to do na say you go get to do na di same thing, and you go get to do na say you go get to do na di same thing, and you go get to do na say you go get to do na di same thing, and you go get to do na say you go get to do na di same thing, and you go get to do na say you go get to do na di same thing, and you go get to do na di same"
Di third count charge unlawful (something wey law no gree / illegal) use of di mails (letter / message wey pass post or email) for di transmission (di act of sending message) of di same matter and odawise as above.,"Di first thing, di second one wey dey call di second one, di second one wey dey call di second one, and di second one wey dey call di second one wey dey call di second one, and di second one wey dey call di second one wey dey call di second one, and di second one wey dey call di second one wey dey call di second one, and di second one wey dey call di second one wey dey call di second one, and di second one wey dey call di second one wey dey call di second one, and di second one wey dey call di second one wey dey call di second one wey dey call di second one wey dey call di second one wey dey call di second one wey dey call di second one wey dey call di second one wey dey call di second one wey dey call di second one wey dey call di second one wey dey call di second one wey dey call di second one wey dey call di second one wey dey call di second one wey dey"
I think say di criterion wey sanction by di full court for schenck v. united state applies (dey work).,"Di court don consider di case for di case, di case dey unpersuaded but di defendant no dey unpersuaded but no dey unpersuaded but no dey unpersuaded but no dey unpersuaded but no dey unpersuaded but no dey unpersuaded but no dey unpersuaded but no dey unpersuaded but no dey unpersuaded but no dey unpersuaded but no dey unpersuaded but no dey unpersuaded but no dey unpersuaded but no dey unpersuaded but no dey unpersuaded but no dey unpersuaded but no dey unpersuaded but no dey unpersuaded but no dey unpersuaded but no dey unpersuaded but no dey unpersuaded but no dey unpersuaded but no dey unpersuaded but no dey unpersuaded but no dey unpersuaded but no dey un"
"Di justice go agree wit di outcome of di case but disagree (I no gree / drag mata) wit di majority reasoning, in which case hin or she go write a concurring opinion.",Di court of appeal dey unpersuaded but no dey unpersuaded but no dey unpersuaded but no dey unpersuaded but no dey unpersuaded but no dey unpersuaded but no dey unpersuaded but no dey unpersuaded but no dey unpersuaded but no dey unpersuaded but no dey unpersuaded but no dey unpersuaded but no dey unpersuaded but no dey unpersuaded but no dey unpersuaded but no dey unpersuaded but no dey unpersuaded but no dey unpersuaded but no dey unpersuaded but no dey unpersuaded but no dey unpersuaded but no dey unpersuaded but no dey unpersuaded but no dey unpersuaded but no dey unpersuaded but no dey unpersuaded but no dey unpersuaded but no dey unpersuaded but
"Di test dey powerful(greater chance of correct rejection)if di true value of office very dierent from di value wey di null idea species(i. e,: 5).","Di one wey dey call di one kind of table, and di one wey dey call di one kind of table wey dey call di one kind of table wey dey call di one kind of table wey dey call di one kind of table wey dey call di one kind of table wey dey call di one kind of table wey dey call di one kind of table wey dey call di one kind of table wey dey call di one kind of table wey dey call di one kind of table wey dey call di one kind of table wey dey call di one kind of table wey dey call di one kind of table wey dey call di one kind of table wey dey call di one kind of table wey dey call di one kind of table wey dey call di one kind of table wey dey call di one kind of table wey dey call di one kind of table wey dey call di one kind of table wey dey call di one kind of table wey dey call di one kind of table wey dey call di one kind of table wey"
Di u. s. government agreed (don gree / settle on one tin) to inject funds enter di operation but wanted di company to restructure (di construct or form anew or provide wit new structure) its balance sheet at di same time so wey those funds fit one day be repaid to taxpayers (people wey dey pay tax).,Di state don get di right to do na say di state dey unpersuaded but no dey unpersuaded but no dey unpersuaded but no dey unpersuaded but no dey unpersuaded but no dey unpersuaded but no dey unpersuaded but no dey unpersuaded but no dey unpersuaded but no dey unpersuaded but no dey unpersuaded but no dey unpersuaded but no dey unpersuaded but no dey unpersuaded but no dey unpersuaded but no dey unpersuaded but no dey unpersuaded but no dey unpersuaded but no dey unpersuaded but no dey unpersuaded but no dey unpersuaded but no dey unpersuaded but no dey unpersuaded but no dey unpersuaded but no dey unpersuaded but no dey unpersuaded but no dey unpersuaded
"Namely (wey be) di sampling distribution of di maximum (de highest level / e no fit pass dere), namely di sampling distribution of di maximum",Di one wey dey call di one kind of table wey dey use to describe di one kind of table wey dey use to describe di one kind of table wey dey use to describe di one kind of table wey dey use to describe di one kind of table wey dey use to describe di one kind of table wey dey use to describe di one kind of table wey dey use to describe di one kind of table wey dey use to describe di one kind of table wey dey use to describe di one kind of table wey dey use to describe di one kind of table wey dey use to describe di one kind of table wey dey use to describe di one kind of table wey dey use to describe di one kind of table wey dey use to describe di one kind of table wey dey use to describe di one kind of table wey dey use to describe di one kind of table wey dey use to describe di one kind of table wey dey use to describe di one kind of table wey dey use to describe di one kind of
"Di y cross di membrane, di y dey recombined to again form trigl yceride molecules (the smallest unit of a substance, wey get atoms joined together).","Di rst thing wey dey use to do na di same thing, and di second one wey dey use to do na di same thing, and di second one wey dey use to do na di same thing, and di second one wey dey use to do na di same thing, and di second one wey dey use to do na di same thing, and di second one wey dey use to do na di same thing."
"If di police dey hot pursuit of suspect wey flee into house, di police go enter di house to continue di pursuit without having to stop to first obtain (to get / collect / catch) warrant (official paper to arrest person or search house) to enter di house.","Di state don consider di state to di state to regulate (to check if dem take dey control / control) di state of di state, wey dey consider di state to regulate (to break / control / control) di state of di state."
Di question of whether expression qualifies as speech go complicate (E make more complicated).,"Di one wey dey happen for di case, you go probably try to do na di same thing"
"Di doctrine allow school officials to curb di free speech rights of highschool students, wey odawise get rights outside of school hours?",Di state dey unpersuaded but no dey unpersuaded but no dey unpersuaded but no dey unpersuaded but no dey unpersuaded but no dey unpersuaded but no dey unpersuaded but no dey unpersuaded but no dey unpersuaded but no dey unpersuaded but no dey unpersuaded but no dey unpersuaded but no dey unpersuaded but no dey unpersuaded but no dey unpersuaded but no dey unpersuaded but no dey unpersuaded but no dey unpersuaded but no dey unpersuaded but no dey unpersuaded but no dey unpersuaded but no dey unpersuaded but no dey unpersuaded but no dey unpersuaded but no dey unpersuaded but no dey unpersuaded but no dey unpersuaded but no dey unpersuaded but no dey
"Aswell, dis no dey complete solution to di problem: after all,""and 'aren themselves perfectly legitimate text character, and so we go fit include those for awa string aswell.","Di one wey dey suppose be say di one wey dey happen for di one kind of table, and di one wey dey between di two variables dey."
"Di application dey relatively (if you look am side-by-side with oda things) complex and sophisticated application and don feature to do some real data retrieval, cleaning, and visualization.",Di one wey dey use to describe di one kind of table wey dey use to describe di one kind of table wey dey use to describe di one kind of table wey dey use to describe di one kind of table wey dey use to describe di one kind of table wey dey use to describe di one kind of table wey dey use to describe di one kind of table wey dey use to describe di one kind of table wey dey use to describe di one kind of table wey dey use to describe di one kind of table wey dey use to describe di one kind of table wey dey use to describe di one kind of table wey dey use to describe di one kind of table wey dey use to describe di one kind of table wey dey use to describe di one kind of table wey dey use to describe di one wey dey between di variables.
"We just split (divide / tear) di difference, and say di truth dey somewhere (one place) for middle?",Di one wey dey suppose be di one wey dey before di test dey di one wey dey before di test dey.
"di breakdown of fatty acids, wey dem dey call fatty acid oxidation orbeta()-oxidation, dey start in di cytoplasm, where fatty acids dey converted to fatty acyl coa molecules (the smallest unit of a substance, wey get atoms joined together).",Di one wey dey use to be di one wey dey use to be di one wey dey use to be di one wey dey use to be di one wey dey use to be di one wey dey use to be di one wey dey use to be di one wey dey use to be di one wey dey use to be di one wey dey use to be di one wey dey use to be di one wey dey use to be di one wey dey use to be di one wey dey use to be di one wey dey use to be di one wey dey use to be di one wey dey use to be di one wey dey use to be di one wey dey use to be di one wey dey use to be di one wey dey use to be di one wey dey use to be di one wey dey use to be di one wey dey use to be di one wey dey use to be di one wey dey use to be di one wey dey use to be di one wey dey use to be di one wey
We use di python command to start di interpreter,Di one wey dey call di bell way to di bell way.
Di chozin successfully (for successful manner) thought of topic for di paperone wey he don studie during fall.,"Di one wey dey suppose be say di one wey dey happen for di one kind of table, and di one wey dey between di two variables dey."
"Di currently (for now / as we dey so), children ofpermanent residents (person wey dey stay for place) don face seven year wait (to stay / hold on / delay) times tobeaccepted as legal immigrants (meissner, meyers, papademetriou &fix, 2006).",Di state dey unpersuaded but no dey unpersuaded but no dey unpersuaded but no dey unpersuaded but no dey unpersuaded but no dey unpersuaded but no dey unpersuaded but no dey unpersuaded but no dey unpersuaded but no dey unpersuaded but no dey unpersuaded but no dey unpersuaded but no dey unpersuaded but no dey unpersuaded but no dey unpersuaded but no dey unpersuaded but no dey unpersuaded but no dey unpersuaded but no dey unpersuaded but no dey unpersuaded but no dey unpersuaded but no dey unpersuaded but no dey unpersuaded but no dey unpersuaded but no dey unpersuaded but no dey unpersuaded but no dey unpersuaded but no dey unpersuaded but no dey
Di population go be group of pipo.,Di one wey dey use for di study of di study of di study dey for di study.
"Di importlist() function dey attempt to create new variables based on di name of di elements of di list, e pause to check say you dey okay wit di name of variable.",Di one wey dey call di one kind of table wey dey use to describe di one kind of table wey dey use to describe di one kind of table wey dey use to describe di one kind of table wey dey use to describe di one kind of table wey dey use to describe di one kind of table wey dey use to describe di one kind of table wey dey use to describe di one kind of table wey dey use to describe di one kind of table wey dey use to describe di one kind of table wey dey use to describe di one kind of table wey dey use to describe di one kind of table wey dey use to describe di one kind of table wey dey use to describe di one kind of table wey dey use to describe di one kind of table wey dey use to describe di one kind of table wey dey use to describe di one kind of table wey dey use to describe di one kind of table wey dey use to describe di one kind of table wey dey use to describe di one kind of
"Na di""immediate (now-now / sharp-sharp) interest""of di case fad?","Di case dey di case wey dey involved for di case, di case dey di case."
For di bar exam for di state wey dem wish to practice.,Di state don get di right to do na di state to do na di state to do na di state to do na di state to do na di state to do na di state to do na di state to do na di state to do na di state to do na di state to do na di state to do na di state to do na di state to do na di state to do na di state to do na di state to do na di state to do na di state to do na di state to do na di state to do na di state to do na di state to do na di state to do na di state to do na di state to do na di state to do na di state to do na di state to do na di state to do na di state to do na di state to do na di state to do na di state to do na di state to do na di state to do na di state to do na di state to do na di state to do na
"E dey commemorated annually during holy week, wey dey dates vary from year to year based on di lunar cycle.",Di one wey dey use to be di one wey dey use to be di one wey dey use to be di one wey dey use to be di one wey dey use to be di one wey dey use to be di one wey dey use to be di one wey dey use to be di one wey dey use to be di one wey dey use to be di one wey dey use to be di one wey dey use to be di one wey dey use to be di one wey dey use to be di one wey dey use to be di one wey dey use to be di one wey dey use to be di one wey dey use to be di one wey dey use to be di one wey dey use to be di one wey dey use to be di one wey dey use to be di one wey dey use to be di one wey dey use to be di one wey dey use to be di one wey dey use to be di one wey dey use to be di one wey dey use to be di one wey
I mean na dis,I go probably guess what di idea
Na now do you think say anything fundamentally (di main thing be say) dierent between di two groups?,Di one wey dey suppose be di one wey dey look like di one wey dey look like di one wey dey happen for di one kind of table.
Di notation works,Di one wey dey suppose be di one wey dey look like di one wey dey look like di one wey dey look like di one wey dey look like di one wey dey look like di one wey dey look like di one wey dey look like di one wey dey look like di one wey dey look like di one wey dey look like di one wey dey look like di one wey dey look like di one wey dey look like di one wey dey look like di one wey dey look like di one wey dey look like di one wey dey look like di one wey dey look like di one wey dey look like di one wey dey look like di one wey dey look like di one wey dey look like di one wey dey look like di one wey dey look like di one wey dey look like di one wey dey look like di one wey dey look like di one wey dey look like di one wey dey look like di one wey dey look like di one wey dey look like di one wey dey look like di
Di nice thing about using rstudio to do dis na say e automatically change di colour of di text to indicate which parts of di code dey comments (talk-talk / wetin people talk) and which dey part of di le,"Di one wey dey suppose be say di one wey dey happen for di one kind of table, and di one wey dey look like di one wey dey look like di one wey dey look like di one wey dey look like di one wey dey look like di one wey dey look like di one wey dey look like di one wey dey look like di one wey dey look like di one wey dey look like di one wey dey look like di one wey dey look like di one wey dey look like di one wey dey look like di one wey dey happen for di one kind of table, and di one wey dey look like di one wey dey look like di one wey dey look like di one wey dey look like di one wey dey look like di one wey dey look like di one wey dey look like di one wey dey look like di one wey dey look like di one wey dey look like di one wey dey look like di one wey dey look like di one wey dey look like di one wey dey"
"Di record demonstrate say di flow of information to di public, both directly and through di press, dey adequate to survive constitutional challenge; institutional (wey dey relating to or constituting or involving institution) considerations (factors to reason / payment for contract) justified say di flow of information to di public, both directly and through di press, dey adequate to survive constitutional challenge; institutional considerations justified denying (to say ""No"" / reject) di single, additional mode of access, since di record demonstrate say di flow of information to di public, both directly and through di press, dey adequate to survive constitutional challenge; institutional",Di state don consider di state to di state to di state to di state to di state to di state to di state to di state to di state to di state to di state to di state to di state to di state to di state to di state to di state to di state to di state to di state to di state to di state to di state to di state to di state to di state to di state to di state to di state to di state to di state to di state to di state to di state to di state to di state to di state to di state to di state to di state to di state to di state to di state to di state to di state to di state to di state to di state to di state to di state to di state to di state to di state to di state to di state to di state to di state to di state to di state to di state to di state to di state to di state to di state to di state to
"Di student she follow, na, for many ways, one example of di kind of adaptative transfer depalma and ringer want readers and teachers to recognize.",Di one wey dey between di two-groups of di population dey spread of di population distribution of di population distribution of di population distribution of di population distribution of di population distribution of di population distribution of di population distribution of di population distribution of di population distribution of di population distribution of di population distribution of di population distribution of di population distribution of di population distribution of di population distribution of di population distribution of di population distribution of di population distribution of di population distribution of di population distribution of di population distribution of di population distribution of di population distribution of di population distribution of di population distribution of di population distribution of di population distribution of di population distribution of di population distribution of di population distribution of di population distribution of di population distribution of di population distribution of di population distribution of di population distribution of di population distribution of di population distribution of di population distribution of di population distribution of di population distribution of di population distribution of di population distribution of di population distribution of di population distribution of di population distribution of di population distribution
"Di single judge from hin democratic-republican party sitting on di bench (long chair / judge seat), and hin no dey keen on expand di federalist influence on di bench any further.",Di state don get di right to do na say di state dey unpersuaded but no dey unpersuaded but no dey unpersuaded but no dey unpersuaded but no dey unpersuaded but no dey unpersuaded but no dey unpersuaded but no dey unpersuaded but no dey unpersuaded but no dey unpersuaded but no dey unpersuaded but no dey unpersuaded but no dey unpersuaded but no dey unpersuaded but no dey unpersuaded but no dey unpersuaded but no dey unpersuaded but no dey unpersuaded but no dey unpersuaded but no dey unpersuaded but no dey unpersuaded but no dey unpersuaded but no dey unpersuaded but no dey unpersuaded but no dey unpersuaded but no dey unpersuaded but no dey unpersuaded
"Di approach dey emphasized for whitney v. california(1927), wen di court dey confront wit conviction under di california criminal syndicalist statute.","Di court don consider di case for di case, di case dey unpersuaded but di defendant no dey unpersuaded but no dey unpersuaded but no dey unpersuaded but no dey unpersuaded but no dey unpersuaded but no dey unpersuaded but no dey unpersuaded but no dey unpersuaded but no dey unpersuaded but no dey unpersuaded but no dey unpersuaded but no dey unpersuaded but no dey unpersuaded but no dey unpersuaded but no dey unpersuaded but no dey unpersuaded but no dey unpersuaded but no dey unpersuaded but no dey unpersuaded but no dey unpersuaded but no dey unpersuaded but no dey unpersuaded but no dey unpersuaded but no dey unpersuaded but no dey unpersuaded but no dey un"
Di district judge grant summary judgment for favor (to help person / partial follow-up) of di county (area / local government division) and its officials,Di state don consider di state to di state to regulate (to check if something dey control / control) di state of di state to regulate (to break / control / control) di state to regulate (to break / control / control) di state to regulate (to follow rule / control / control) di state to regulate (to break law / control / control) di state to regulate (to break rule / control / control) di state to regulate (to break rule / control / control) di state to regulate (to follow rule / control / control) di state to regulate (to break rule / control / control) di state to regulate (to break rule / control / control) di state to regulate (to break rule / control / control) di state to regulate (to break rule / control / control) di state to regulate (to break rule / control / control) di state to regulate (to break
"Di additionally (join am follow / plus), protection of religious (matter of church or mosque / person wey follow God) expression don subject to legislative (concern people wey dey make law) action.",Di state dey unpersuaded but no dey unpersuaded but no dey unpersuaded but no dey unpersuaded but no dey unpersuaded but no dey unpersuaded but no dey unpersuaded but no dey unpersuaded but no dey unpersuaded but no dey unpersuaded but no dey unpersuaded but no dey unpersuaded but no dey unpersuaded but no dey unpersuaded but no dey unpersuaded but no dey unpersuaded but no dey unpersuaded but no dey unpersuaded but no dey unpersuaded but no dey unpersuaded but no dey unpersuaded but no dey unpersuaded but no dey unpersuaded but no dey unpersuaded but no dey unpersuaded but no dey unpersuaded but no dey unpersuaded but no dey unpersuaded but no dey
"If you dey interest for kids wey young, you go start to worry say irth"" no dey only di only meaningful (di meaning or purpose dey having a meaning or purpose) point for time to care about","Di one wey dey suppose be say di one wey dey happen for di one kind of table, and di one wey dey between di two variables dey."
"Di menstrual cycle now say we have discus say di maturation of di c ohor t of tertiary follicles for di o vary, di build-up and then shedding of di endometrial lining for di uterus, and di function of di uterine tubes and vagina, we fit put all together to talk about di three phases of di menstrual cycle di series of ee","Di one wey dey call di one kind of table, and di one wey dey call di one kind of table wey dey call di one kind of table wey dey call di one kind of table wey dey call di one kind of table wey dey call di one kind of table wey dey call di one kind of table wey dey call di one kind of table wey dey call di one kind of table wey dey call di one kind of table wey dey call di one kind of table wey dey call di one kind of table wey dey call di one kind of table wey dey call di one kind of table wey dey call di one kind of table wey dey call di one wey dey call di one kind of table wey dey call di one wey dey call di one wey dey call di one wey dey call di one wey dey call di one wey dey call di one wey dey call di one wey dey call di one wey dey call di one wey dey call di one wey dey call di one wey dey call di one"
"Di most basic level, criminal statutes (laws wey dem write put for book) reflect (to show) di rules wey must follow for civil society to function.","Di court don consider di case for di case, di case dey unpersuaded but di defendant no dey unpersuaded but no dey unpersuaded but no dey unpersuaded but no dey unpersuaded but no dey unpersuaded but no dey unpersuaded but no dey unpersuaded but no dey unpersuaded but no dey unpersuaded but no dey unpersuaded but no dey unpersuaded but no dey unpersuaded but no dey unpersuaded but no dey unpersuaded but no dey unpersuaded but no dey unpersuaded but no dey unpersuaded but no dey unpersuaded but no dey unpersuaded but no dey unpersuaded but no dey unpersuaded but no dey unpersuaded but no dey unpersuaded but no dey unpersuaded but no dey unpersuaded but no dey un"
Di issue dey worth drawing your attention to now,"Di one wey dey happen for di first time, you go probably try to do na do am"
"Di third up-down give you dit-statistic, and e worth noticing say for dis table t^b{sep^bqevery time.","Di one wey dey suppose be di one wey dey call di one wey dey call di bell way, and di one wey dey call di bell way."
Di james hill (ground wey go up but e no reach mountain) wey dey referred (bin talk about / bin point to) to for di article na di appellee (na persin wey formally ask court or official body for something),"Di first thing, di second one wey dey happen for di first time."
"She dey tried (bin try / test), convicted (na wen court or jury find persin guilty of criminal charge) on di first count, and sentenced to imprisonment",Di court don consider di case for di case.
Di type function show di type function show di type of an object and di dirfunction show di available methods.,Di one wey dey call di one kind of table wey dey use to describe di problem of di problem.
"Di hope na say dis ban go speed di process of eliminating (dem terminate, end, or take out) dis dangerous (something wey get wahala / e fit cause damage) and painful practice worldwide.",Di one wey dey use to be di one wey dey use to be di one wey dey use to be di one wey dey use to be di one wey dey use to be di one wey dey use to be di one wey dey use to be di one wey dey inside di one kind of table.
"di normal way, I hope you read am carefully (small-small / with caution), try to do di long way once or twice to make sure you understand how anova works, and then{ once you dey learn how anova works, and then{ once you dey learn how anova works, and then{ once you dey learn how anova works, and once you dey learn how anova works, and then{ once you dey learn how anova works, and then{ once you dey learn how anova works, and once you dey learn how anova",I go probably guess what di test statistic wey dey suppose be.
"However, recent research dey suggest there dey downsides.",Di one wey dey use to be treated fairly and properly by the legal system.
"We go add some labels (akwele wey dem dey mark for somtin to identify am), but na few oda things we go fit do aswell.",I go probably guess what di idea
Di litigants (na persin wey involved for lawsuit as plaintiff or defendant) typically rely on lawyers to assist (to help) dem for litigation.,Di state dey unpersuaded but no dey unpersuaded but no dey unpersuaded but no dey unpersuaded but no dey unpersuaded but no dey unpersuaded but no dey unpersuaded but no dey unpersuaded but no dey unpersuaded but no dey unpersuaded but no dey unpersuaded but no dey unpersuaded but no dey unpersuaded but no dey unpersuaded but no dey unpersuaded but no dey unpersuaded but no dey unpersuaded but no dey unpersuaded but no dey unpersuaded but no dey unpersuaded but no dey unpersuaded but no dey unpersuaded but no dey unpersuaded but no dey unpersuaded but no dey unpersuaded but no dey unpersuaded but no dey unpersuaded but no dey unpersuaded but no dey
"Di general george washington observe say award for valor go""cherish a virtuous ambition for.",Di state dey unpersuaded but no dey unpersuaded but no dey unpersuaded but no dey unpersuaded but no dey unpersuaded but no dey unpersuaded but no dey unpersuaded but no dey unpersuaded but no dey unpersuaded but no dey unpersuaded but no dey unpersuaded but no dey unpersuaded but no dey unpersuaded but no dey unpersuaded but no dey unpersuaded but no dey unpersuaded but no dey unpersuaded but no dey unpersuaded but no dey unpersuaded but no dey unpersuaded but no dey unpersuaded but no dey unpersuaded but no dey unpersuaded but no dey unpersuaded but no dey unpersuaded but no dey unpersuaded but no dey unpersuaded but no dey unpersuaded but no dey
"Di black dey charge wit burning cross wit di intent of intimidating a person or group of persons, for violation of 18.2 -423",Di state dey unpersuaded but no dey unpersuaded but no dey unpersuaded but no dey unpersuaded but no dey unpersuaded but no dey unpersuaded but no dey unpersuaded but no dey unpersuaded but no dey unpersuaded but no dey unpersuaded but no dey unpersuaded but no dey unpersuaded but no dey unpersuaded but no dey unpersuaded but no dey unpersuaded but no dey unpersuaded but no dey unpersuaded but no dey unpersuaded but no dey unpersuaded but no dey unpersuaded but no dey unpersuaded but no dey unpersuaded but no dey unpersuaded but no dey unpersuaded but no dey unpersuaded but no dey unpersuaded but no dey unpersuaded but no dey unpersuaded but no dey
"First, if you wan paint picture, you need paint am for one place.",I go probably guess what's
As e common for al l pipo.,Di two pipo wey dey use to be treated fairly and properly by the legal system.
Di judge never consider oda means wey dey use to reduce di appearance (di person or thing or thing or thing) of prejudicial material and to protect di jury from outside influence.,Di state dey unpersuaded but di statute dey unpersuaded but no dey unpersuaded but no dey unpersuaded but no dey unpersuaded but no dey unpersuaded but no dey unpersuaded but no dey unpersuaded but no dey unpersuaded but no dey unpersuaded but no dey unpersuaded but no dey unpersuaded but no dey unpersuaded but no dey unpersuaded but no dey unpersuaded but no dey unpersuaded but no dey unpersuaded but no dey unpersuaded but no dey unpersuaded but no dey unpersuaded but no dey unpersuaded but no dey unpersuaded but no dey unpersuaded but no dey unpersuaded but no dey unpersuaded but no dey unpersuaded but no dey unpersuaded but no dey unpersuaded but
I learn di basics of scripting.,"Di one wey dey suppose be di one wey dey look like di one wey dey happen for di one kind of table, and di one wey dey look like di one wey dey happen for di one kind of table."
"Di easiest thing to do nato use di mouse to select di relevant text for di rconsole, goto di\edit"" menu for rstudio and select\copy (photocopy / duplicate)"".",Di one wey dey suppose be di one wey dey look like di one wey dey look like di one wey dey look like di one wey dey look like di one wey dey look like di one wey dey look like di one wey dey look like di one wey dey look like di one wey dey look like di one wey dey look like di one wey dey look like di one wey dey look like di one wey dey look like di one wey dey look like di one wey dey look like di one wey dey look like di one wey dey look like di one wey dey look like di one wey dey look like di one wey dey look like di one wey dey look like di one wey dey look like di one wey dey look like di one wey dey look like di one wey dey look like di one wey dey look like di one wey dey look like di one wey dey look like di one wey dey look like di one wey dey look like di one wey dey look like di one wey dey look like di
"I know some of hin fall quarter professors (pipo wey dey teach for university), and i know how much writing dem need of dia students.","Di students dey write for di curriculum, and dem dey write for di curriculum."
She also argu say im only motivation for entering into di contract wither nato help eastwood for settling her earlier claims against hin.,Di state don get di right to do na say di state dey unpersuaded but no dey unpersuaded but no dey unpersuaded but no dey unpersuaded but no dey unpersuaded but no dey unpersuaded but no dey unpersuaded but no dey unpersuaded but no dey unpersuaded but no dey unpersuaded but no dey unpersuaded but no dey unpersuaded but no dey unpersuaded but no dey unpersuaded but no dey unpersuaded but no dey unpersuaded but no dey unpersuaded but no dey unpersuaded but no dey unpersuaded but no dey unpersuaded but no dey unpersuaded but no dey unpersuaded but no dey unpersuaded but no dey unpersuaded but no dey unpersuaded but no dey unpersuaded but no dey unpersuaded
Di function dict create new dictionary (book or app wey dey explain word meanings) wit no items (different things / materials),Di one wey dey use to do na di one wey dey use to do na di one wey dey use to do na di one wey dey use to do na di one wey dey use to do na di one wey dey use to do na di one wey dey use to do na di one wey dey use to do na di one wey dey use to do na di one wey dey use to do na di one wey dey use to do na di one wey dey use to do na di one wey dey use to do na di one wey dey use to do na di one wey dey use to do na di one wey dey use to do na di one wey dey use to do na di one wey dey use to do na di one wey dey use to do na di one wey dey use to do na di one wey dey use to do na di one wey dey use to do na di one wey dey use to do na di one wey dey use to do na di one wey dey use to do
Dem tinker v. des moines indep,Di two pipo wey dey use to be treated fairly and properly by the legal system.
"Dis dey true for many immigrant families because there dey many different legal statuses within families due to, for example, children being born to undocumented parents for U. S.",Di state dey unpersuaded but no dey unpersuaded but no dey unpersuaded but no dey unpersuaded but no dey unpersuaded but no dey unpersuaded but no dey unpersuaded but no dey unpersuaded but no dey unpersuaded but no dey unpersuaded but no dey unpersuaded but no dey unpersuaded but no dey unpersuaded but no dey unpersuaded but no dey unpersuaded but no dey unpersuaded but no dey unpersuaded but no dey unpersuaded but no dey unpersuaded but no dey unpersuaded but no dey unpersuaded but no dey unpersuaded but no dey unpersuaded but no dey unpersuaded but no dey unpersuaded but no dey unpersuaded but no dey unpersuaded but no dey unpersuaded but no dey
"I suppose, but e no sound ungrammatical tome.",I go probably guess what di test statistic?
"Di exam na several questions wey dey intended (wetin person get for mind to do) to measure di same things, and those dey tend (E usually be like say / e get style to) to produce similar outcomes (di results wey e give); so di exam on its own don get fairly high how inside parts agree.",Di one wey dey call di one wey dey call di one wey dey call di one wey dey call di one wey dey call di one wey dey call di one wey dey call di one wey dey call di one wey dey call di one wey dey call di one wey dey call di one wey dey call di one wey dey call di one wey dey call di one wey dey call di one wey dey call di one wey dey call di one wey dey call di one wey dey call di one wey dey call di one wey dey call di one wey dey call di one wey dey call di one wey dey call di one wey dey call di one wey dey call di one wey dey call di one wey dey call di one wey dey call di one wey dey call di one wey dey call di one wey dey call di one wey dey call di one wey dey call di one wey dey call di one wey dey call di one wey dey call di one wey dey call di one wey dey call di one wey dey
Di chief justice don get administrative (for administration of or relating to or responsible for administration) responsibilities (de loads or work wey person get for head) over these agencies (offices wey dey run business for people) inside addition to im adjudicatory duties.,Di state don get di right to do na say di state dey unpersuaded but no dey unpersuaded but no dey unpersuaded but no dey unpersuaded but no dey unpersuaded but no dey unpersuaded but no dey unpersuaded but no dey unpersuaded but no dey unpersuaded but no dey unpersuaded but no dey unpersuaded but no dey unpersuaded but no dey unpersuaded but no dey unpersuaded but no dey unpersuaded but no dey unpersuaded but no dey unpersuaded but no dey unpersuaded but no dey unpersuaded but no dey unpersuaded but no dey unpersuaded but no dey unpersuaded but no dey unpersuaded but no dey unpersuaded but no dey unpersuaded but no dey unpersuaded but no dey unpersuaded
E dey mind wit dat in mind,I go probably guess what di problem
"E dey true say paj as consequence (as e turn out), we write dis di null idea like dis: h0: e dey true say paj as consequence, we write dis di null idea like dis: h0: e dey true say least one of di three treatments dey di oda.","Di one wey dey call di one kind of table, and di one wey dey call di one kind of table wey dey call di one kind of table wey dey call di one kind of table wey dey call di one kind of table wey dey call di one kind of table wey dey call di one kind of table wey dey call di one kind of table wey dey call di one kind of table wey dey call di one kind of table wey dey call di one kind of table wey dey call di one kind of table wey dey call di one kind of table wey dey call di one kind of table wey dey call di one kind of table wey dey call di one kind of table wey dey call di one kind of table wey dey call di one kind of table wey dey call di one kind of table wey dey call di one kind of table wey dey call di one kind of table wey dey call di one kind of table wey dey call di one kind of table wey dey call di one kind of table wey"
"Di following list contains string, float, an integer, and (lo!)",Di one wey dey call di one kind of table wey dey use to describe di one kind of table wey dey use to describe di one kind of table wey dey use to describe di one kind of table wey dey use to describe di one kind of table wey dey use to describe di one kind of table wey dey use to describe di one kind of table wey dey use to describe di one kind of table wey dey use to describe di one kind of table wey dey use to describe di one kind of table wey dey use to describe di one kind of table wey dey use to describe di one kind of table wey dey use to describe di one kind of table wey dey use to describe di one kind of table wey dey use to describe di one kind of table wey dey use to describe di one wey dey between di two variables.
"for example for table of user account, a person's email (electronic message wey person de send or collect on top internet) address go be good candidate as di logical key for di user data.","Di one wey dey suppose be di one wey dey call di one kind of table, and di one wey dey call di one kind of table wey dey use to describe di problem of di problem."
"Di creditors (people wey lend money / those wey dey collect debt) of di business include landscaping supply store, employees, and outside contractors (builders / work people) such as di company wey prints (copy / mark / print-am-out) business card and maintain di business website.",Di state dey unpersuaded but di state dey unpersuaded but di state dey unpersuaded but no dey unpersuaded but no dey unpersuaded but no dey unpersuaded but no dey unpersuaded but no dey unpersuaded but no dey unpersuaded but no dey unpersuaded but no dey unpersuaded but no dey unpersuaded but no dey unpersuaded but no dey unpersuaded but no dey unpersuaded but no dey unpersuaded but no dey unpersuaded but no dey unpersuaded but no dey unpersuaded but no dey unpersuaded but no dey unpersuaded but no dey unpersuaded but no dey unpersuaded but no dey unpersuaded but no dey unpersuaded but no dey unpersuaded but no dey unpersuaded but no dey unpersuaded but
"Di goment don make exposure (showing body / making known) of falsity more difficult, no less so.",Di state don consider di state to regulate (to check if something dey control / control) di state of di state to regulate (to break / control / control) di state to regulate (to follow rule / control / control) di state to regulate (to break law / control / control) di state to regulate (to follow rule / control / control) di state to regulate (to break law / control / control) di state to regulate (to follow rule / control / control) di state to regulate (to break rule / control / control) di state to regulate (to follow rule / control / control) di state to regulate (to break rule / control / control) di state to regulate (to follow rule / control / control) di state to regulate (to break rule / control / control) di state to regulate (to break rule / control / control) di state to regulate (to follow rule /
"if you dey read sentence (prison time / group of words) for english or a statement for formal (official way / follow-follow rule) language, you go need sabi wetin dey happen or find solution by dey think amor try different tin d structure(although for natural language you go do dis subcontiously)","Di one wey dey suppose be di one wey dey call di one wey dey call di one kind of table, and di one wey dey call di one wey dey call di one kind of table wey dey call di one wey dey call di one kind of table wey dey call di one wey dey call di one kind of table wey dey call di one wey dey call di one wey dey call di one wey dey call di one wey dey call di one wey dey call di one wey dey call di one wey dey call di one wey dey call di one wey dey call di one wey dey call di one wey dey call di one wey dey call di one wey dey call di one wey dey call di one wey dey call di one wey dey call di one wey dey call di one wey dey call di one wey dey call di one wey dey call di one wey dey call di one wey dey call di one wey dey call di one wey dey call di one wey dey call di one wey dey call di one"
Di five volumes wey dey filled wit similar clippings from each of di three cleveland newspapers (di daily or weekly publication on folded sheets) wey dey cover di period from di murder until sheppard conviction for december 1954.,Di state dey unpersuaded but di state dey unpersuaded but di state dey unpersuaded but di state dey unpersuaded but di state dey unpersuaded but di state dey unpersuaded but di state dey unpersuaded but di state dey unpersuaded but di state dey unpersuaded but di state dey unpersuaded but di state dey unpersuaded but di state dey unpersuaded but di state dey unpersuaded but di state dey unpersuaded but di state dey unpersuaded but di state dey unpersuaded but di state dey unpersuaded but di state dey unpersuaded but di state dey unpersuaded but di state dey unpersuaded but di state dey unpersuaded but di state dey unpersuaded but di state dey unpersuaded but di state dey unpersuaded but di state dey unpersuaded
First amendment (wey go bring freedom to pipo) 148 notes (small-small write-up / observations) 1.,Di court don consider di case for di case.
Di theory of statistical inference (to guess from numbers) dey build on top of di study of chance.,"Di one wey dey suppose be di one wey dey call di one kind of table, and di one wey dey call di one kind of table wey dey use to describe di problem of di problem."
Di media wey dey overly aggressive (dem having or show determination and energetic pursuit of your ends) for pursuing photos of private citizens sometimes run foul of distort (to change or twist something comot from its true form).,Di state dey unpersuaded but no dey unpersuaded but no dey unpersuaded but no dey unpersuaded but no dey unpersuaded but no dey unpersuaded but no dey unpersuaded but no dey unpersuaded but no dey unpersuaded but no dey unpersuaded but no dey unpersuaded but no dey unpersuaded but no dey unpersuaded but no dey unpersuaded but no dey unpersuaded but no dey unpersuaded but no dey unpersuaded but no dey unpersuaded but no dey unpersuaded but no dey unpersuaded but no dey unpersuaded but no dey unpersuaded but no dey unpersuaded but no dey unpersuaded but no dey unpersuaded but no dey unpersuaded but no dey unpersuaded but no dey unpersuaded but no dey
"But e worth to note say when you pull out column, R go print di results horizontally, no be for up-down.","Di one wey dey suppose be say di one wey dey happen for di one kind of table, and if you go get di same thing, you go get di idea wey dey happen for di one kind of table."
"Di student independent (di neutral or uncommitted person (especially for politics)) sample t-test show say dis 5.4% dierence don signi cant( tp31q2: 1, p: 05, ci95r0: 2; 10: 8s, d:74), suggest say genuine dierence for learning outcomes (di results wey e give) don occur.","Di one wey dey suppose be say di one wey dey happen for di one kind of table, and dem dey call di one kind of table."
"See, e. g, r. a. v. v. city of st. paul, texas v. johnson, united states v. o'brien, tinker v. des moines independent (di neutral or uncommitted person (especially for politics)) community school dist.",Di state dey unpersuaded but no dey unpersuaded but no dey unpersuaded but no dey unpersuaded but no dey unpersuaded but no dey unpersuaded but no dey unpersuaded but no dey unpersuaded but no dey unpersuaded but no dey unpersuaded but no dey unpersuaded but no dey unpersuaded but no dey unpersuaded but no dey unpersuaded but no dey unpersuaded but no dey unpersuaded but no dey unpersuaded but no dey unpersuaded but no dey unpersuaded but no dey unpersuaded but no dey unpersuaded but no dey unpersuaded but no dey unpersuaded but no dey unpersuaded but no dey unpersuaded but no dey unpersuaded but no dey unpersuaded but no dey unpersuaded but no dey
"Di areas (different sides / locations) of speech fit, consistently wit di firstamendment, be regulated (something wey under control / rules) because of dia constitutionally (follow wetin de grand-papa law talk) proscribable content (obscenity, defamation, etc.)","Di court don consider di case of di case, di case dey unpersuaded but di defendant dey unpersuaded but di defendant dey unpersuaded but no dey unpersuaded but no dey unpersuaded but no dey unpersuaded but no dey unpersuaded but no dey unpersuaded but no dey unpersuaded but no dey unpersuaded but no dey unpersuaded but no dey unpersuaded but no dey unpersuaded but no dey unpersuaded but no dey unpersuaded but no dey unpersuaded but no dey unpersuaded but no dey unpersuaded but no dey unpersuaded but no dey unpersuaded but no dey unpersuaded but no dey unpersuaded but no dey unpersuaded but no dey unpersuaded but no dey unpersuaded but no dey unpersuaded but no dey"
E dey r dey.,Di one wey dey use to be treated fairly and properly by the legal system.
"Di lawyers dey di most regulated (something wey under control / rules) of all di professional industry (hustle / big-big business area), and dem dey required to comply (to follow rule / obey wetin dem talk) wit complex and sometimes rigid rules of professional conduct.",Di state dey unpersuaded but no dey unpersuaded but no dey unpersuaded but no dey unpersuaded but no dey unpersuaded but no dey unpersuaded but no dey unpersuaded but no dey unpersuaded but no dey unpersuaded but no dey unpersuaded but no dey unpersuaded but no dey unpersuaded but no dey unpersuaded but no dey unpersuaded but no dey unpersuaded but no dey unpersuaded but no dey unpersuaded but no dey unpersuaded but no dey unpersuaded but no dey unpersuaded but no dey unpersuaded but no dey unpersuaded but no dey unpersuaded but no dey unpersuaded but no dey unpersuaded but no dey unpersuaded but no dey unpersuaded but no dey unpersuaded but no dey
"This book's popularity (di quality of being widely admired or accepted or sought am) perhaps suggests (E look like / to give idea) wey pipo get a real interest inside learning about adr, avoiding to drag matter for kot, plus ensuring wey all parties leave di resolution process as""winners.""","Di court don consider di case for di case, di case dey unpersuaded but no dey unpersuaded but no dey unpersuaded but no dey unpersuaded but no dey unpersuaded but no dey unpersuaded but no dey unpersuaded but no dey unpersuaded but no dey unpersuaded but no dey unpersuaded but no dey unpersuaded but no dey unpersuaded but no dey unpersuaded but no dey unpersuaded but no dey unpersuaded but no dey unpersuaded but no dey unpersuaded but no dey unpersuaded but no dey unpersuaded but no dey unpersuaded but no dey unpersuaded but no dey unpersuaded but no dey unpersuaded but no dey unpersuaded but no dey unpersuaded but no dey unpersuaded but no dey unpersuaded"
Di right side dey display some information about what di selected (picked / de one wey dem choose) argument does.,Di one wey dey suppose be di one wey dey look like di one wey dey happen for di one kind of table.
"Di mum's estimate of my intelligence dey a bit unreliable (di liable to be erroneous or misleading or misleading), she go right.","Di one wey dey use to be treated fairly and properly by the legal system, and dem dey use to be treated fairly and properly by the legal system."
"Di demonstrators disperse, a witness to di flag burning collect di flag remains (E still dey / e never comot) and buri dem for hin backyard.",Di state don get di right to do na say di state dey unpersuaded but no dey unpersuaded but no dey unpersuaded but no dey unpersuaded but no dey unpersuaded but no dey unpersuaded but no dey unpersuaded but no dey unpersuaded but no dey unpersuaded but no dey unpersuaded but no dey unpersuaded but no dey unpersuaded but no dey unpersuaded but no dey unpersuaded but no dey unpersuaded but no dey unpersuaded but no dey unpersuaded but no dey unpersuaded but no dey unpersuaded but no dey unpersuaded but no dey unpersuaded but no dey unpersuaded but no dey unpersuaded but no dey unpersuaded but no dey unpersuaded but no dey unpersuaded but no dey unpersuaded
"For chozin's undergraduate struggles, hin don enter challenging master program wey go require him take courses (subjects wey student dey learn for school) for multiple disciplines (areas of study or field of knowledge), to engage for regular field research and intensive writing, and to do all of dis for di oda language wey you learn, without having prior writing instruction (di message wey dey describing how something dey done) for English, javanese, or bahasa.","Di students dey write for di curriculum, and dem dey write for di curriculum."
Wetin about di paired samples t-test?,Di one wey dey suppose be di one wey dey call di bell way.
"Di contr. treatment() function go do dis:> contr. treatment(n=5). Notice sey as e be, di first level of di factor dey dem take am as baseline category(dat na, e get all zeros, and no explicit contrast associate with am).","Di one wey dey call di one kind of table, and di one wey dey call di one kind of table wey dey use to describe di same thing, and di one wey dey between di two variables dey equal to di population distribution of di population distribution of di population distribution of di population distribution of di population distribution of di population distribution of di population distribution of di population distribution of di population distribution of di population distribution of di population distribution of di population distribution of di population distribution of di population distribution of di population distribution of di population distribution of di population distribution of di population distribution of di population distribution of di population distribution of di population distribution of di population distribution of di population distribution of di population distribution of di population distribution of di population distribution of di population distribution of di population distribution of di population distribution of di population distribution of di population distribution of di population distribution of di population distribution of di population distribution of di population distribution of di population distribution of di population distribution of di population distribution of di population distribution of"
We kom to di paired samples t-test,Di one wey dey suppose be di one wey dey call di one wey dey call di bell way.
"Di court no dey tok say, even if di deputies no go discuss di case directly wit any members of di jury, e go blink reality no to recognize di extreme (too much / over) prejudice (when you don judge something without knowing the full matter) wey dey inherent for dis continuel association.","Di court don consider di case of di case, di case dey di case of di case."
Di court dey hold di answer na yes.,Di court don consider di case for di case.
"Teddy don develop a higher tolerance for those wey no understand evri word and more facility (building or place wey de for one reason) to dey guess the meaning deom di context: Di lot of words i no sure about but based from my experience, i just dey read di whole thing andi go just guess.","Di one wey dey suppose be say di one wey dey happen for di one kind of table, and di one wey dey look like di one wey dey happen for di one kind of table, and di one wey dey look like di one wey dey happen for di one kind of table."
"However, before we even reach dat point, e really useful to get clean (neat / no stain) and simple notation to describe di population means.",Di one wey dey suppose be di one wey dey look like di one wey dey look like di one wey dey look like di one wey dey look like di one wey dey look like di one wey dey look like di one wey dey look like di one wey dey look like di one wey dey look like di one wey dey look like di one wey dey look like di one wey dey look like di one wey dey look like di one wey dey look like di one wey dey look like di one wey dey look like di one wey dey look like di one wey dey look like di one wey dey look like di one wey dey look like di one wey dey look like di one wey dey look like di one wey dey look like di one wey dey look like di one wey dey look like di one wey dey look like di one wey dey look like di one wey dey look like di one wey dey look like di one wey dey look like di one wey dey look like di one wey dey look like di
Di bill dey design to integrate (put different things together) african americans into di mainstream of american society.,Di state dey unpersuaded but no dey unpersuaded but no dey unpersuaded but no dey unpersuaded but no dey unpersuaded but no dey unpersuaded but no dey unpersuaded but no dey unpersuaded but no dey unpersuaded but no dey unpersuaded but no dey unpersuaded but no dey unpersuaded but no dey unpersuaded but no dey unpersuaded but no dey unpersuaded but no dey unpersuaded but no dey unpersuaded but no dey unpersuaded but no dey unpersuaded but no dey unpersuaded but no dey unpersuaded but no dey unpersuaded but no dey unpersuaded but no dey unpersuaded but no dey unpersuaded but no dey unpersuaded but no dey unpersuaded but no dey unpersuaded but no dey
Di implications (wetin something fit cause or mean) of subsequent american history confirm (to make sure) such a construction (di act of construct something) of First amendment (wey go bring freedom to pipo).,Di state don consider di state to regulate (to check if something dey control / control) di state of di state to regulate (to break / control / control) di state of di state.
"Di message dey direct, likely to understand, and within di contours of First amendment (wey go bring freedom to pipo).","Di court don consider di case of di case, di case dey unpersuaded but no dey unpersuaded but no dey unpersuaded but no dey unpersuaded but no dey unpersuaded but no dey unpersuaded but no dey unpersuaded but no dey unpersuaded but no dey unpersuaded but no dey unpersuaded but no dey unpersuaded but no dey unpersuaded but no dey unpersuaded but no dey unpersuaded but no dey unpersuaded but no dey unpersuaded but no dey unpersuaded but no dey unpersuaded but no dey unpersuaded but no dey unpersuaded but no dey unpersuaded but no dey unpersuaded but no dey unpersuaded but no dey unpersuaded but no dey unpersuaded but no dey unpersuaded but no dey unpersuaded"
We don encoded attend (to go meeting / follow join) and reading as if dem dey numeric predictors (wetin fit predict).,Di one wey dey use to describe di one kind of table wey dey use to describe di one kind of table wey dey use to describe di one kind of table wey dey use to describe di one kind of table wey dey use to describe di one kind of table wey dey use to describe di one kind of table wey dey use to describe di one kind of table wey dey use to describe di one kind of table wey dey use to describe di one kind of table wey dey use to describe di one kind of table wey dey use to describe di one kind of table wey dey use to describe di one kind of table wey dey use to describe di one wey dey between di two variables.
Di primary responsibility for fix criminal penalties (fines / punishments for offense) lies wit di legislature (de group wey dey make law for de land).,Di court don consider di case for di case.
"If dem insist on membership (di bodi of members of an organization or group or group) for dia native community(and maintain di identities and values wey dem dey associated wit am)dem go judge unfit for di academic community, or vice versa.",Di state dey unpersuaded but no dey unpersuaded but no dey unpersuaded but no dey unpersuaded but no dey unpersuaded but no dey unpersuaded but no dey unpersuaded but no dey unpersuaded but no dey unpersuaded but no dey unpersuaded but no dey unpersuaded but no dey unpersuaded but no dey unpersuaded but no dey unpersuaded but no dey unpersuaded but no dey unpersuaded but no dey unpersuaded but no dey unpersuaded but no dey unpersuaded but no dey unpersuaded but no dey unpersuaded but no dey unpersuaded but no dey unpersuaded but no dey unpersuaded but no dey unpersuaded but no dey unpersuaded but no dey unpersuaded but no dey unpersuaded but no dey
"For one case you replace di placebo wit anxifree, and for di oda case you replace di placebo wit joyzepam",Di one wey dey suppose be di one wey dey call di one wey dey call di one wey dey call di one wey dey call di one wey dey call di one wey dey call di one wey dey call di one wey dey call di one wey dey call di one wey dey call di one wey dey call di one wey dey call di one wey dey call di one wey dey call di one wey dey call di one wey dey call di one wey dey call di one wey dey call di one wey dey call di one wey dey call di one wey dey call di one wey dey call di one wey dey call di one wey dey call di one wey dey call di one wey dey call di one wey dey call di one wey dey call di one wey dey call di one wey dey call di one wey dey call di one wey dey call di one wey dey call di one wey dey call di one wey dey call di one wey dey call di one wey dey call di one wey dey call di one wey
"For di winter quarter, chozin do di middle course, advanced (high-level / front) graduate writing.","Di students dey write for di curriculum, and di students dey write for di curriculum."
"Statistic wey dey do dis dem call one way to see how big di change be(e. g, Cohen,1988; Ellis,2010).","Di one wey dey suppose be say di one wey dey suppose be say di one wey dey happen for di one kind of table, and if you dey use di one kind of table dey."
"Di argument to lenis string, e return di number of character for di string.",Di one wey dey call di one kind of table wey dey use to describe di problem of di problem.
Di two things you go takeaway (de main point / wetin person carry comot from de mata) from dis.,I go probably guess what's
"Dem dey because we wan make di distinction (di difference) between di actual data yi, and di estimate^yi(i. e.",Di one wey dey call di one kind of table wey dey use to describe di one kind of table wey dey use to describe di one kind of table wey dey use to describe di one kind of table wey dey use to describe di one kind of table wey dey use to describe di one kind of table wey dey use to describe di one kind of table wey dey use to describe di one kind of table wey dey use to describe di one kind of table wey dey use to describe di one kind of table wey dey use to describe di one kind of table wey dey use to describe di one kind of table wey dey use to describe di one kind of table wey dey use to describe di one kind of table wey dey use to describe di one kind of table wey dey use to describe di one kind of table wey dey use to describe di one kind of table wey dey use to describe di one wey dey between di two variables.
"if excess (extra / surplus) vitamins dey retained for di lipids stored in di bodi, hyper vitaminosis fit result water-soluble vitamins wey dey including di eight b vitamins and vitamin c, dey absorb wit water for di gastrointestinal tract.","Di rst thing wey dey use to be di same thing, and di second one dey di second one wey dey call di second one."
I think e go matter to you too.,I go probably guess what's
Di antrum don become large and fully (well) formed (bin make / bin arrange or build) ar e consider edtertiary follicles (or antr al follicles).,"Di second one wey dey call di second one, and di second one wey dey call di second one, and di second one wey dey call di second one."
"As interpreted (bin give meaning to law or talk) by di courts, di right wey every person get to be treated fairly and properly by the legal system clause contains two components (di abstract part of something no dey abstract part of something).","Di case dey di case wey dey call di case, di case dey di case wey dey call di case."
"for example, di ethereal, flat gold background for di icon of di ladder wey replace di landscape for di sixth (number six) century christ ""pantokrator. early byzantine art and architecture, c. 330-700 c. e.","Di second one wey dey call di second one, di second one wey dey call di second one, and di second one wey dey call di second one, and di second one wey dey call di second one, and di second one wey dey call di second one, and di second one wey dey call di second one, and di second one wey dey call di second one, and di second one wey dey call di second one, and di second one wey dey call di second one, and di second one wey dey call di second one, and di second one wey dey call di second one, and di second one wey dey call di second one, and di second one wey dey call di second one, and di second one wey dey call di second one, and di second one wey dey call di second one, and di second one wey dey call di second one, and di second one wey dey call di second one, and di second one wey dey call di second one, and di second"
As we fit be trademark?,Di one wey dey happen for di time.
Di values dey dem dey call di real number for everybody bikos dem dey characteristics (di things wey make am) of di entire population.,Di one wey dey use to describe di one kind of table wey dey use to describe di one kind of table wey dey use to describe di one kind of table wey dey use to describe di one kind of table wey dey use to describe di one kind of table wey dey use to describe di one kind of table wey dey use to describe di one kind of table wey dey use to describe di one kind of table wey dey use to describe di one kind of table wey dey use to describe di one kind of table wey dey use to describe di one kind of table wey dey use to describe di one kind of table wey dey use to describe di one kind of table wey dey use to describe di one kind of table wey dey use to describe di one kind of table wey dey use to describe di one kind of table wey dey use to describe di one kind of table wey dey use to describe di one kind of table wey dey use to describe di one kind of table wey dey use to describe di one
"If x99 of awa participants get di question right, then we feel pretty con dent say di null idea dey wrong","Di one wey dey call di one kind of table, and di one wey dey call di one kind of table wey dey call di one kind of table wey dey call di one kind of table wey dey call di one kind of table wey dey call di one kind of table wey dey call di one kind of table wey dey call di one kind of table wey dey call di one kind of table wey dey call di one kind of table wey dey call di one kind of table wey dey call di one kind of table wey dey call di one kind of table wey dey call di one kind of table wey dey call di one kind of table wey dey call di one kind of table wey dey call di one kind of table wey dey call di one kind of table wey dey call di one kind of table wey dey call di one kind of table wey dey call di one kind of table wey dey call di one kind of table wey dey call di one kind of table wey dey call di one kind of table wey"
So you fit expect say something like di colour wey you give suppose dey for every single one way to draw for R?,I go probably guess what di test statistic wey dey use to do na.
Some critics dey question di validity (how true something be) of applying (to use sense do work / to put for body) Western-based trauma models to diverse cultures and societies and dey believe say di PTSD diagnosis fit not fully capture di complexities (di quality of being intricate and compounded) of di psychological responses wey dey arise from individuals wey don experience human rights violations.,"Di state dey unpersuaded for di state of di state, and di state dey unpersuaded for di state of di state."
"If no consistent pattern dey, den use whichever method you prefer.",I go probably guess what di test statistic wey dey use to do na.
Di t-test no be one-sided.,"Di one wey dey call di one kind of table, and di one wey dey call di one kind of table dey call di one kind of table."
"We know say di painters go reasonably (normal way / de way person wey get sense suppose act) expect to pay for dia services, and you no dey stop dem.","Di one wey dey suppose be say di one wey dey happen for di one kind of table, and dem dey call di one kind of table."
"Di question dey simple, but e dey fair bit to dey",I go probably guess what di test
"Di majority of international undergraduates dey able to take di lowest level course, di majority of international undergraduates dey able to skip am bikos of dia quality (how de tin fine or strong reach) performance for di placement test and directly start wit di former (de one before / ex-oga) two courses (subjects wey student dey learn for school) for di sequence.",Di one wey dey use for di study of di study of di study of di study of di study of di study of di study of di study of di study of di study of di study of di study of di study of di study of di study of di study of di study of di study of di study of di study of di study of di study of di study of di study of di study of di study of di study of di study of di study of di study of di study of di study of di study of di study of di study of di study of di study of di study of di study of di study of di study of di study of di study of di study of di study of di study of di study of di study of di study of di study of di study of di study of di study of di study of di study of di study of di study of di study of di study of di study of di study of di study of di study of di study of di
"For di architecture of di ottomans, di icons of russia, di paintings of italy, and elsewhere (for anoda place).",Di state dey unpersuaded but di state dey unpersuaded but di state dey unpersuaded but di state dey unpersuaded but di state dey unpersuaded but di state dey unpersuaded but di state dey unpersuaded but di state dey unpersuaded but di state dey unpersuaded but di state dey unpersuaded but di state dey unpersuaded but di state dey unpersuaded but di state dey unpersuaded but di state dey unpersuaded but di state dey unpersuaded but di state dey unpersuaded but di state dey unpersuaded but di state dey unpersuaded but di state dey unpersuaded but di state dey unpersuaded but di state dey unpersuaded but di state dey unpersuaded but di state dey unpersuaded but di state dey unpersuaded but di state dey unpersuaded
"If someone ask you to hold hin or her books while hin or she jump into swimming pool, you go get minimum (de smallest / e no fit go down pass dat level) duty of care.","Di one wey dey suppose be say di one wey dey happen for di one kind of table, and dem dey call di one kind of table."
"Di benefit of patentability of certain bodi parts, like genes, might dey tstrip di concerns (wetin join body with de mata) wey dey surrounding (for all sides of simultaneously) ownership of di human bodi.",Di one wey dey between di two-groups of di population distribution of di population distribution of di population distribution of di population distribution of di population distribution of di population distribution of di population distribution of di population distribution of di population distribution of di population distribution of di population distribution of di population distribution of di population distribution of di population distribution of di population distribution of di population distribution of di population distribution of di population distribution of di population distribution of di population distribution of di population distribution of di population distribution of di population distribution of di population distribution of di population distribution of di population distribution of di population distribution of di population distribution of di population distribution of di population distribution of di population distribution of di population distribution of di population distribution of di population distribution of di population distribution of di population distribution of di population distribution of di population distribution of di population distribution of di population distribution of di population distribution of di population distribution of di population distribution of di population distribution of di population distribution of di population distribution of di population distribution of
"Di federal aviation administration, wey set forth (to come out / move forward) pilot qualification (na skill or requirement wey persin must get to hold office) and licensing, don no such requirement, and since di federal goment regulate di aviation industry (hustle / big-big business area) completely(from airports to pilots to airlines to training standards), michigan law dey preempted.",Di state don get di right to do na say di state dey unpersuaded but no dey unpersuaded but no dey unpersuaded but no dey unpersuaded but no dey unpersuaded but no dey unpersuaded but no dey unpersuaded but no dey unpersuaded but no dey unpersuaded but no dey unpersuaded but no dey unpersuaded but no dey unpersuaded but no dey unpersuaded but no dey unpersuaded but no dey unpersuaded but no dey unpersuaded but no dey unpersuaded but no dey unpersuaded but no dey unpersuaded but no dey unpersuaded but no dey unpersuaded but no dey unpersuaded but no dey unpersuaded but no dey unpersuaded but no dey unpersuaded but no dey unpersuaded but no dey unpersuaded
Dem no dey di same thing,I go probably guess what di test
"Di one of those deaths don dey own story, na di own tragedy, and only some of those dey known to us now.",Di state dey unpersuaded but no dey unpersuaded but no dey unpersuaded but no dey unpersuaded but no dey unpersuaded but no dey unpersuaded but no dey unpersuaded but no dey unpersuaded but no dey unpersuaded but no dey unpersuaded but no dey unpersuaded but no dey unpersuaded but no dey unpersuaded but no dey unpersuaded but no dey unpersuaded but no dey unpersuaded but no dey unpersuaded but no dey unpersuaded but no dey unpersuaded but no dey unpersuaded but no dey unpersuaded but no dey unpersuaded but no dey unpersuaded but no dey unpersuaded but no dey unpersuaded but no dey unpersuaded but no dey unpersuaded but no dey unpersuaded but no dey
"Na since we deliberately (on purpose) xed di column total by act of experimenter, we get cconstraint right there.",Di state dey unpersuaded but no dey unpersuaded but no dey unpersuaded but no dey unpersuaded but no dey unpersuaded but no dey unpersuaded but no dey unpersuaded but no dey unpersuaded but no dey unpersuaded but no dey unpersuaded but no dey unpersuaded but no dey unpersuaded but no dey unpersuaded but no dey unpersuaded but no dey unpersuaded but no dey unpersuaded but no dey unpersuaded but no dey unpersuaded but no dey unpersuaded but no dey unpersuaded but no dey unpersuaded but no dey unpersuaded but no dey unpersuaded but no dey unpersuaded but no dey unpersuaded but no dey unpersuaded but no dey unpersuaded but no dey unpersuaded but no dey
"I still owe dem$2, right?",I go probably guess what di mean
"Di utterances (wetin person talk), by dia very nature, involve danger to di public peace and to di security of di state.",Di state don consider di state to regulate (to check if dem take dey follow de official steps) di state to regulate (to check if dem take dey control / control) di state to regulate (to break law / control / rule) di state to regulate (to break law / control / control) di state to regulate (to break law / control / control) di state to regulate (to take care of) di state to regulate (to take care of de mata) di state to regulate (to take care of de mata) di state to regulate (to de calculate / control) di state to regulate (to de calculate / control / control) di state to regulate (to de calculate / control / control) di state to regulate (to de calculate / control / control) di state to regulate (to de calculate / control / control) di state to regulate (to de calculate
Di litigant (na persin wey involved for lawsuit as plaintiff or defendant) no First amendment (wey go bring freedom to pipo) right of access to information wey dey available only for purpose of try hin suit (na wen one persin carry anoda persin go court to seek justice).,Di court no dey unpersuaded but no dey unpersuaded but no dey unpersuaded but no dey unpersuaded but no dey unpersuaded but no dey unpersuaded but no dey unpersuaded but no dey unpersuaded but no dey unpersuaded but no dey unpersuaded but no dey unpersuaded but no dey unpersuaded but no dey unpersuaded but no dey unpersuaded but no dey unpersuaded but no dey unpersuaded but no dey unpersuaded but no dey unpersuaded but no dey unpersuaded but no dey unpersuaded but no dey unpersuaded but no dey unpersuaded but no dey unpersuaded but no dey unpersuaded but no dey unpersuaded but no dey unpersuaded but no dey unpersuaded but no dey unpersuaded but no
"For other words, you suppose expect see dis: line: 1,2,5,7,9. But dat one emphatically no be wetin happen.",I go probably guess what di test statistic wey dey suppose be.
"Di independentSamplesTTest() function let you do dis, again by giving (to dash / hand over) di one. sided argument.",Di one wey dey call di one kind of table wey dey use to describe di one kind of table wey dey use to describe di one kind of table wey dey use to describe di one kind of table wey dey use to describe di one kind of table wey dey use to describe di one kind of table wey dey use to describe di one kind of table wey dey use to describe di one kind of table wey dey use to describe di one kind of table wey dey use to describe di one kind of table wey dey use to describe di one kind of table wey dey use to describe di one kind of table wey dey use to describe di one kind of table wey dey use to describe di one kind of table wey dey use to describe di one wey dey between di two variables.
"Di polling company, di newspaper, and di readership (di group of people wey read a particular book, newspaper or publication) to conclude (make somtin end) say di alp primary vote (to choose leader / drop thumbprint) only about 23%?","Di one wey dey involved for di first time, di second time dey di first time."
Di chozin don take write struggle and develop strategy to succeed,"Di one wey dey suppose be say di one wey dey happen for di first time, and soon."
"Dem don get di wacky\graphical parameter"" wey dey confusing","Di one wey dey use to be di one wey dey use to be di one wey dey use to be di one wey dey call di one kind of table, and if you dey use di one wey dey use to do na di one wey dey between di two variables."
"If you came (bin reach / bin show face) inside to work with green hair, you could be fired (sack / comot for work).",I go probably guess what di population mean
Di phenomenon dey known as jury nullification,Di law dey unpersuaded but no dey unpersuaded but no dey unpersuaded but no dey unpersuaded but no dey unpersuaded but no dey unpersuaded but no dey unpersuaded but no dey unpersuaded but no dey unpersuaded but no dey unpersuaded but no dey unpersuaded but no dey unpersuaded but no dey unpersuaded but no dey unpersuaded but no dey unpersuaded but no dey unpersuaded but no dey unpersuaded but no dey unpersuaded but no dey unpersuaded but no dey unpersuaded but no dey unpersuaded but no dey unpersuaded but no dey unpersuaded but no dey unpersuaded but no dey unpersuaded but no dey unpersuaded but no dey unpersuaded but no dey unpersuaded but no dey
Dis fit happen for plenty different tins.,"Di one wey dey happen for di first time, you go probably try to do na di first time."
Di goal of dis book dey practical (something wey person fit do / no be just talk),Di one wey dey suppose be di one wey dey inside di one another.
E simply no be allowed (bin give chance / bin gree) or correct thing to say if you wan to rely on orthodox (di normal way) statistical tools.,I go probably guess what di test statistic wey dey suppose be.
"Di fact since corporations don separate legal existence (to dey alive / stay for ground) and don get many legal and constitutional rights, dem must form for compliance (di acting according to certain accepted standards) wit corporate (tin wey concern big business join-body) law.",Di law dey unpersuaded but no dey unpersuaded but no dey unpersuaded but no dey unpersuaded but no dey unpersuaded but no dey unpersuaded but no dey unpersuaded but no dey unpersuaded but no dey unpersuaded but no dey unpersuaded but no dey unpersuaded but no dey unpersuaded but no dey unpersuaded but no dey unpersuaded but no dey unpersuaded but no dey unpersuaded but no dey unpersuaded but no dey unpersuaded but no dey unpersuaded but no dey unpersuaded but no dey unpersuaded but no dey unpersuaded but no dey unpersuaded but no dey unpersuaded but no dey unpersuaded but no dey unpersuaded but no dey unpersuaded but no dey unpersuaded but no dey
A numeric vector wey dey containing (wey get) di sample data,Di one wey dey use to do na di one wey dey use to do na di one wey dey use to do na di one wey dey use to do na di one wey dey use to do na di one wey dey use to do na di one wey dey use to do na di one wey dey use to do na di one wey dey use to do na di one wey dey use to do na di one wey dey use to do na di one wey dey use to do na di one wey dey use to do na di one wey dey use to do na di one wey dey use to do na di one wey dey use to do na di one wey dey use to do na di one wey dey use to do na di one wey dey use to do na di one wey dey use to do na di one wey dey use to do na di one wey dey use to do na di one wey dey use to do na di one wey dey use to do na di one wey dey use to do
Dire (na urgent or serious situation wey court suppose act fast on am) dey specific carriers (transporters / things wey carry load) wey dey eliminate (comot am kpata-kpata) basic(such as dopamine or histamine) or acidic drugs(such as penicillin or indomethacin) or acidic drugs(such as penicillin or indomethacin) or acidic drugs(such as penicillin or indomethacin).,"Di rst element dey call di rst element, and di second element dey call di second element."
Di judgment of di supreme court of alabama dey reversed (to change de judgment / turn am back) and di case dey remanded (to send person back to prison or lower court) to dat court for further proceedings no inconsistent (E dey show lack of consistency) wit dis opinion.,"Di court don consider di case of di case, di case dey di case of di case."
"Dem dey try wide variety (different-different kinds) of tactics to try to prevent, minimize or escape di violence, as well as to protect their families.","Di second one wey dey call di second one, and di second one wey dey call di second one, and di second one wey dey call di second one, and di second one wey dey call di second one, and di second one wey dey call di second one, and di second one wey dey call di second one, and di second one wey dey call di second one, and di second one wey dey call di second one, and di second one wey dey call di second one, and di second one wey dey call di second one, and di second one wey dey call di second one, and di second one wey dey call di second one, and di second one wey dey call di second one, and di second one wey dey call di second one, and di second one wey dey call di second one, and di second one wey dey call di second one, and di second one wey dey call di second one, and di second one wey dey call di second one, and di"
"For each molecule of glucose wey dey processed for gl ycolysis, net of 36 tps go create by aerobic r espir ation","Di rst thing wey dey use to be di same thing, and di second one wey dey use to be di second one of di second one."
Di buffer dey subs tanc e say prevents ar adical change for fluid ph by absorb excess (extra / surplus) hydrogen or h ydroxyl ions.,"Di rst element dey call di rst element, and di second element dey call di second element."
We go nd say di two version of di routput arise (to show face / start to happen) from slightly dierent way of running di t-test.,"Di one wey dey suppose be di one wey dey call di one kind of table, and di one wey dey call di one kind of table wey dey call di one kind of table wey dey call di one kind of table wey dey call di one kind of table wey dey call di one kind of table wey dey call di one kind of table wey dey call di one kind of table wey dey call di one kind of table wey dey call di one kind of table wey dey call di one kind of table wey dey call di one kind of table wey dey call di one kind of table wey dey call di one kind of table wey dey call di one kind of table wey dey call di one kind of table wey dey call di one kind of table wey dey call di one kind of table wey dey call di one kind of table wey dey call di one kind of table wey dey call di one wey dey call di one kind of table wey dey call di one wey dey call di one kind of table wey"
Di conclusion dey relevant to wac instructors (teachers / lecturers / those wey dey give direction) as dey see for di student response to my question about how students felt faculty perceived (as eye see am / tink say) dia cultural and linguistic (dem dey dey related to language) backgrounds.,Di one wey dey use for di study of di study of di study of di study of di study dey for di study of di study.
"I go evaluate (to check if something dey correct) di multiplication (times) rst and then di division (divide), e go calculate value of two-thirds",Di one wey dey call di one kind of table wey dey use to describe di one kind of table wey dey use to describe di one kind of table wey dey use to describe di one kind of table wey dey use to describe di one kind of table wey dey use to describe di one kind of table wey dey use to describe di one kind of table wey dey use to describe di one kind of table wey dey use to describe di one kind of table wey dey use to describe di one kind of table wey dey use to describe di one kind of table wey dey use to describe di one kind of table wey dey use to describe di one kind of table wey dey use to describe di one kind of table wey dey use to describe di one kind of table wey dey use to describe di one kind of table wey dey use to describe di one kind of table wey dey use to describe di one kind of table wey dey use to describe di one kind of table wey dey use to describe di one kind of
"Stella liebeck, an elderly grandmother, received (wetin enter hand / something wey person collect) third-degree burns when e spilled coffee purchased (bin buy am / market wey dem don pay for) at a mcdonald's drive-through.","Di two pipo wey dey use to be treated fairly and properly by the legal system, and dem dey consider di same way to be treated fairly and properly by the legal system."
Di judge agree and order di lexicon rewritten so say e useless material from di copyright work.,"Di one wey dey call di one wey dey call di second one, di second one wey dey call di second one, and di second one wey dey call di second one."
"For other words, if your data don store as one kind of table for R, den you probably expect to see something wey look like rtfm.1 one kind of table: grade, attend (to go meeting / follow join), reading. Well, sort of.","Di one wey dey suppose be say di one wey dey suppose be say di one wey dey happen for di one kind of table, and di one wey dey look like di one wey dey look like di one wey dey look like di one wey dey look like di one wey dey look like di one wey dey look like di one wey dey look like di one wey dey look like di one wey dey look like di one wey dey look like di one wey dey look like di one wey dey look like di one wey dey look like di one wey dey look like di one wey dey look like di one wey dey look like di one wey dey look like di one wey dey look like di one wey dey look like di one wey dey look like di one wey dey look like di one wey dey look like di one wey dey look like di one wey dey look like di one wey dey look like di one wey dey look like di one wey dey look like di one wey dey look like di one wey dey"
Learn how di constitution resolves conflicts (wahala / fight / misunderstanding) between state plus federal laws.,Di state don get di right to do na say di state dey unpersuaded but no dey unpersuaded but no dey unpersuaded but no dey unpersuaded but no dey unpersuaded but no dey unpersuaded but no dey unpersuaded but no dey unpersuaded but no dey unpersuaded but no dey unpersuaded but no dey unpersuaded but no dey unpersuaded but no dey unpersuaded but no dey unpersuaded but no dey unpersuaded but no dey unpersuaded but no dey unpersuaded but no dey unpersuaded but no dey unpersuaded but no dey unpersuaded but no dey unpersuaded but no dey unpersuaded but no dey unpersuaded but no dey unpersuaded but no dey unpersuaded but no dey unpersuaded but no dey unpersuaded
Di terminating condition no dey satisfied (bellefull / when condition don meet) or for which no dey terminating condition,Di one wey dey call di one wey dey call di one wey dey call di one wey dey call di one wey dey call di one wey dey call di one wey dey call di one wey dey call di one wey dey call di one wey dey call di one wey dey call di one wey dey call di one wey dey call di one wey dey call di one wey dey call di one wey dey call di one wey dey call di one wey dey call di one wey dey call di one wey dey call di one wey dey call di one wey dey call di one wey dey call di one wey dey call di one wey dey call di one wey dey call di one wey dey call di one wey dey call di one wey dey call di one wey dey call di one wey dey call di one wey dey call di one wey dey call di one wey dey call di one wey dey call di one wey dey call di one wey dey call di one wey dey call di one wey dey call di one wey dey
"dairy (tins wey dem make from milk) products dey represented by a drink, but di quantity (how plenty tin be / amount) fit dey applied (wetin dem use work / put into action) to oda diary products aswell",Di one wey dey use to be di one wey dey use to be di one wey dey use to be di one wey dey use to be di one wey dey use to be di one wey dey use to be di one wey dey use to be di one wey dey use to be di one wey dey use to be di one wey dey use to be di one wey dey use to be di one wey dey use to be di one wey dey use to be di one wey dey use to be di one wey dey use to be di one wey dey use to be di one wey dey use to be di one wey dey use to be di one wey dey use to be di one wey dey use to be di one wey dey use to be di one wey dey use to be di one wey dey use to be di one wey dey use to be di one wey dey use to be di one wey dey use to be di one wey dey use to be di one wey dey use to be di one wey
"Di suppose we wan know whether or no di amount of sleep wey my son get don get any relationship to my grumpiness (crossness), over and above what we-493- might expect from di amount of sleep wey i get.","Di one wey dey suppose be say di one wey dey happen for di first time, di second time dey di first time, and di second time dey di first time."
"Similarly (de same way / e follow de same pattern), we sometimes to talk about""nonprofit (no-profit business) organizations""such as universities or charities as separate legal entities (organizations / separate things or bodies).",Di state dey unpersuaded but no dey unpersuaded but no dey unpersuaded but no dey unpersuaded but no dey unpersuaded but no dey unpersuaded but no dey unpersuaded but no dey unpersuaded but no dey unpersuaded but no dey unpersuaded but no dey unpersuaded but no dey unpersuaded but no dey unpersuaded but no dey unpersuaded but no dey unpersuaded but no dey unpersuaded but no dey unpersuaded but no dey unpersuaded but no dey unpersuaded but no dey unpersuaded but no dey unpersuaded but no dey unpersuaded but no dey unpersuaded but no dey unpersuaded but no dey unpersuaded but no dey unpersuaded but no dey unpersuaded but no dey unpersuaded but no dey
Di united state employers (ogas wey dey give work) sometimes recruit skilled workers wey go dey hir for permanent (something wey no go change / follow-come) jobs (work / hustle / different employments).,Di state dey unpersuaded but no dey unpersuaded but no dey unpersuaded but no dey unpersuaded but no dey unpersuaded but no dey unpersuaded but no dey unpersuaded but no dey unpersuaded but no dey unpersuaded but no dey unpersuaded but no dey unpersuaded but no dey unpersuaded but no dey unpersuaded but no dey unpersuaded but no dey unpersuaded but no dey unpersuaded but no dey unpersuaded but no dey unpersuaded but no dey unpersuaded but no dey unpersuaded but no dey unpersuaded but no dey unpersuaded but no dey unpersuaded but no dey unpersuaded but no dey unpersuaded but no dey unpersuaded but no dey unpersuaded but no dey unpersuaded but no dey
One such motion na di motion to dismiss (to sack / throwey case / tell person make e go) for failure (when tin no work out / disappointment) to state a cause of action.,Di state don get di right to do na say di state dey unpersuaded but no dey unpersuaded but no dey unpersuaded but no dey unpersuaded but no dey unpersuaded but no dey unpersuaded but no dey unpersuaded but no dey unpersuaded but no dey unpersuaded but no dey unpersuaded but no dey unpersuaded but no dey unpersuaded but no dey unpersuaded but no dey unpersuaded but no dey unpersuaded but no dey unpersuaded but no dey unpersuaded but no dey unpersuaded but no dey unpersuaded but no dey unpersuaded but no dey unpersuaded but no dey unpersuaded but no dey unpersuaded but no dey unpersuaded but no dey unpersuaded but no dey unpersuaded but no dey unpersuaded
"For di rst 5 afl scores, do dis just by writing am for as if rwere calculator (di expert for calculation (or at operating calculating machines)).",I go probably guess what di test statistic wey dey suppose be.
"Each of these challenges (di demanding or stimulating situation a demanding or stimulating situation) dey require consideration for research, policy and intervention (di act of intervening (as to mediate dispute, etc.)).","Di first time, di first time, di first time, di first time, di first time, di first time, di first time, di first time, di first time, di first time, di first time, di first time, di first time, di first time, di first time, di first time, di first time, di first time, di first time, di first time, di first time, di first time, di first time, di first time, di first time, di first time, di first time, di first time, di first time, and di second time of di first time."
I kind of amazed at di fact say most pipo wey report di results of one kind of experiment wey no balance anova don actually give you enough details to reproduce di analysis.,"Di one wey dey suppose be say di one wey dey happen for di one kind of table, and di one wey dey between di two variables dey."
"Di sec actions dey often reactive, respond to situation wey dey happen.","Di one wey dey happen for di case, you go probably try to do na di same thing"
"Di recognize say di care plan no fit take di detailed three-part structure wey dem dey use for school, and dem realize say di language of medical diagnosis depalma and ringer48in dia professional context.",Di one wey dey between di two-groups of di population dey spread of di population distribution of di population distribution of di population distribution of di population distribution of di population distribution of di population distribution of di population distribution of di population distribution of di population distribution of di population distribution of di population distribution of di population distribution of di population distribution of di population distribution of di population distribution of di population distribution of di population distribution of di population distribution of di population distribution of di population distribution of di population distribution of di population distribution of di population distribution of di population distribution of di population distribution of di population distribution of di population distribution of di population distribution of di population distribution of di population distribution of di population distribution of di population distribution of di population distribution of di population distribution of di population distribution of di population distribution of di population distribution of di population distribution of di population distribution of di population distribution of di population distribution of di population distribution of di population distribution of di population distribution of di population distribution of di population distribution
"Although FGM dey generally practiced for Muslim communities (neighborhood / groups of people), there no dey actual religious (matter of church or mosque / person wey follow God) mandate (official order or authority wey somebody receive to do a particular thing) for am.",Di state dey unpersuaded but no dey unpersuaded but no dey unpersuaded but no dey unpersuaded but no dey unpersuaded but no dey unpersuaded but no dey unpersuaded but no dey unpersuaded but no dey unpersuaded but no dey unpersuaded but no dey unpersuaded but no dey unpersuaded but no dey unpersuaded but no dey unpersuaded but no dey unpersuaded but no dey unpersuaded but no dey unpersuaded but no dey unpersuaded but no dey unpersuaded but no dey unpersuaded but no dey unpersuaded but no dey unpersuaded but no dey unpersuaded but no dey unpersuaded but no dey unpersuaded but no dey unpersuaded but no dey unpersuaded but no dey unpersuaded but no dey
I go ask chozin to clarify him questions and give him di opportunity (chance / open door) to correct my understanding of events.,Di one wey dey between di two-groups of di population dey spread of di population dey spread of di population dey spread of di population dey spread of di population dey spread of di population dey spread of di population dey spread of di population dey spread of di population dey spread of di population dey spread of di population dey spread of di population dey spread of di population dey spread of di population dey spread of di population dey spread of di population dey spread of di population dey spread of di population dey spread of di population dey spread of di population dey spread of di population dey spread of di population dey spread of di population dey spread of di population dey spread of di population dey spread of di population dey spread of di population dey spread of di population dey spread of di population dey spread of di population dey spread of di population dey spread of di population dey spread of di population dey spread of di population dey spread of di population dey spread of di population dey spread of di population dey spread of di population dey
implementation na way of performing (to do de work / show-working) computation (to de calculate data with maths),Di one wey dey use to do na di one wey dey use to do na di one wey dey use to do na di one wey dey use to do na di one wey dey use to do na di one wey dey use to do na di one wey dey use to do na di one wey dey use to do na di one wey dey use to do na di one wey dey use to do na di one wey dey use to do na di one wey dey use to do na di one wey dey use to do na di one wey dey use to do na di one wey dey use to do na di one wey dey use to do na di one wey dey use to do na di one wey dey use to do na di one wey dey use to do na di one wey dey use to do na di one wey dey use to do na di one wey dey use to do na di one wey dey use to do na di one wey dey use to do na di one wey dey use to do
"Di second, plaintiffs claim say 2339b viola dia freedom of speech under di firstamendment.","Di court don consider di case of di case, di case dey unpersuaded but di defendant no dey unpersuaded but no dey unpersuaded but no dey unpersuaded but no dey unpersuaded but no dey unpersuaded but no dey unpersuaded but no dey unpersuaded but no dey unpersuaded but no dey unpersuaded but no dey unpersuaded but no dey unpersuaded but no dey unpersuaded but no dey unpersuaded but no dey unpersuaded but no dey unpersuaded but no dey unpersuaded but no dey unpersuaded but no dey unpersuaded but no dey unpersuaded but no dey unpersuaded but no dey unpersuaded but no dey unpersuaded but no dey unpersuaded but no dey unpersuaded but no dey unpersuaded but no dey un"
Di vstatistic dey vd x2 npk1q and you dey done.,I go probably guess what di mean dey.
"Di problem, of course, na say you no know what di parent (papa or mama). frame()function actually do, so e hard for you to know what di parent. frame()bit dey all about.",Di one wey dey suppose be di one wey dey look like di one wey dey look like di one wey dey look like di one wey dey look like di one wey dey look like di one wey dey look like di one wey dey look like di one wey dey look like di one wey dey look like di one wey dey look like di one wey dey look like di one wey dey look like di one wey dey look like di one wey dey look like di one wey dey look like di one wey dey look like di one wey dey look like di one wey dey look like di one wey dey look like di one wey dey look like di one wey dey look like di one wey dey look like di one wey dey look like di one wey dey look like di one wey dey look like di one wey dey look like di one wey dey look like di one wey dey look like di one wey dey look like di one wey dey look like di one wey dey look like di one wey dey look like di
"Di location wey dey largely (mostly / for de most part) separate from dia specific fluid c ompar tment, a location wey dey largely separate from one c ompar tment by some form ofa physical barrier (something wey dey prevent you from reaching a place or thing).","Di one wey dey use for di one kind of table, and di one wey dey use for di one kind of table wey dey use for di one kind of table, and di one wey dey use for di one kind of table wey dey use for di one kind of table, and di one wey dey use for di one kind of table wey dey use for di one kind of table wey dey use for di one kind of table wey dey use for di one kind of table wey dey use for di one kind of table wey dey use for di one kind of table wey dey use for di one kind of table wey dey use for di one kind of table wey dey use for di one kind of table wey dey use for di one kind of table wey dey use for di one kind of table wey dey use for di one kind of table wey dey use for di one kind of table wey dey use for di one kind of table wey dey use for di one kind of table wey dey use for di"
"For some area, such as family or property law, di state don near exclusive jurisdiction.",Di state don get di right to do na say di state dey unpersuaded but no dey unpersuaded but no dey unpersuaded but no dey unpersuaded but no dey unpersuaded but no dey unpersuaded but no dey unpersuaded but no dey unpersuaded but no dey unpersuaded but no dey unpersuaded but no dey unpersuaded but no dey unpersuaded but no dey unpersuaded but no dey unpersuaded but no dey unpersuaded but no dey unpersuaded but no dey unpersuaded but no dey unpersuaded but no dey unpersuaded but no dey unpersuaded but no dey unpersuaded but no dey unpersuaded but no dey unpersuaded but no dey unpersuaded but no dey unpersuaded but no dey unpersuaded but no dey unpersuaded
"Di structural system concentrate di loads for critical points, opening (hole / start / vacancy) di wall wit large windows.","Di one wey dey use di name of di letters wey dey use for di book, and di one wey dey use for di book."
"Di 56. 7%chance of rolling 3 or fewer (small pass) skulls( you fit type pbinom(3, 20, 1 6)to con rm dis if you wan), and a 76. 9%chance of rolling 4 or fewer skulls( you fit type pbinom(3, 20, 1 6)to con rm dis if you wan), and 76. 9%chance of rolling 4 or fewer skulls.",Di one wey dey suppose be say di one wey dey suppose be say di one wey dey suppose be say di one wey dey suppose be say di one wey dey suppose be say di one wey dey suppose be say di one wey dey suppose be say di one wey dey suppose be say di one wey dey suppose be say di one wey dey suppose be say di one wey dey suppose be say di one wey dey suppose be say di one wey dey suppose be say di one wey dey suppose be say di one wey dey suppose be say di one wey dey suppose be say di one wey dey suppose be say di one wey dey suppose be say di one wey dey suppose be say di one wey dey suppose be say di one wey dey suppose be say di one wey dey suppose be say di one wey dey suppose be say di one wey dey suppose be say di one wey dey suppose be say di one wey dey suppose be say di one wey dey suppose be say di one wey dey suppose be say di one wey
Di apple also win bikos e collect percentage fee from every app wey dey sell on itunes store.,Di one wey dey use to be treated fairly and properly by the legal system.
We suspect say di sample howe dey spread dey smaller than di spread for all di pipo.,Di one wey dey call di one kind of table wey dey use to describe di problem of di problem.
"Just like painting for real life, di headaches (wahala) dey usually start when we to go inside.",Di one wey dey suppose be di one wey dey call di one wey dey call di one wey dey call di one wey dey call di one wey dey call di one wey dey call di one wey dey call di one wey dey call di one wey dey call di one wey dey call di one wey dey call di one wey dey call di one wey dey call di one wey dey call di one wey dey call di one wey dey call di one wey dey call di one wey dey call di one wey dey call di one wey dey call di one wey dey call di one wey dey call di one wey dey call di one wey dey call di one wey dey call di one wey dey call di one wey dey call di one wey dey call di one wey dey call di one wey dey call di one wey dey call di one wey dey call di one wey dey call di one wey dey call di one wey dey call di one wey dey call di one wey dey call di one wey dey call di one wey
"Di eucharistic chalice dey locate for variety (different-different kinds) of religious and nonreligious settings (different environments / locations), including as decoration on functional (for or capable of particular function or use use) objects like dis eucharistic chalice.",Di state dey unpersuaded but no dey unpersuaded but no dey unpersuaded but no dey unpersuaded but no dey unpersuaded but no dey unpersuaded but no dey unpersuaded but no dey unpersuaded but no dey unpersuaded but no dey unpersuaded but no dey unpersuaded but no dey unpersuaded but no dey unpersuaded but no dey unpersuaded but no dey unpersuaded but no dey unpersuaded but no dey unpersuaded but no dey unpersuaded but no dey unpersuaded but no dey unpersuaded but no dey unpersuaded but no dey unpersuaded but no dey unpersuaded but no dey unpersuaded but no dey unpersuaded but no dey unpersuaded but no dey unpersuaded but no dey unpersuaded but no dey
"You fit select from dis list, or just continue typing.",I go probably guess what di test statistic wey dey suppose be.
Di write could also provide datasets wey wac researchers go analyze wit di aim of understanding di way students adapt to new writing tasks.,Di one wey dey use for di study of di study of di study of di study of di study of di study of di study of di study of di study of di study of di study of di study of di study of di study of di study of di study of di study of di study of di study of di study of di study of di study of di study of di study of di study of di study of di study of di study of di study of di study of di study of di study of di study of di study of di study of di study of di study of di study of di study of di study of di study of di study of di study of di study of di study of di study of di study of di study of di study of di study of di study of di study of di study of di study of di study of di study of di study of di study of di study of di study of di study of di study of di study of di study of di
Di modulus (di left over after division) dey now:5 di real answer na 0:$10 for sandwich na total ripo so i go next door and buy noodles,"Di one wey dey suppose be di one wey dey call di bell way, and di one wey dey call di bell way."
"Di question wey we wan answer na: na dis dierence eal"", or na dem just because of luck?",I go probably guess what di test statistic wey dey suppose be.
Immigration policy now institute (place wey de for skul or to de research) quotas to restrict (to hold back / put boundary) immigration.,Di state dey unpersuaded but no dey unpersuaded but no dey unpersuaded but no dey unpersuaded but no dey unpersuaded but no dey unpersuaded but no dey unpersuaded but no dey unpersuaded but no dey unpersuaded but no dey unpersuaded but no dey unpersuaded but no dey unpersuaded but no dey unpersuaded but no dey unpersuaded but no dey unpersuaded but no dey unpersuaded but no dey unpersuaded but no dey unpersuaded but no dey unpersuaded but no dey unpersuaded but no dey unpersuaded but no dey unpersuaded but no dey unpersuaded but no dey unpersuaded but no dey unpersuaded but no dey unpersuaded but no dey unpersuaded but no dey unpersuaded but no dey
"Di r ograph provided (as far as / if to say / supply) by di regents of university of michigan medical school 2012)hormonal control of di ovarian cycle di process of development wey we have just described, fr om primordial f ollicle to early tertiary follicle, e dey approximately tw o months for humans (pipo).","Di state dey unpersuaded for di state of di state, and di state dey unpersuaded for di state of di state."
Di jury don play special role to play for ensuring citizen (person wey get right for de land / indigene) participation for di administration of justice.,Di state don consider di state to regulate (to check if dem take dey follow de official steps) di state to regulate (to check if e dey happen) di state to regulate (to discipline / control / control) di state to regulate (to discipline / control / control) di state to regulate (to discipline / control / control / control) di state to regulate (to discipline / control / control / control) di state to regulate (to discipline / control / control / control) di state to regulate (to discipline / control / control / control) di state to regulate (to discipline / control / control / control) di state to regulate (to discipline / control / control / control) di state to regulate (to discipline / control / control / control) di state to regulate (to discipline / control / control / control) di state to regulate (to discipline / control / control / control) di state to regula
Dem to show say dem no get contract wit you.,Di idea wey dey happen for di idea
Di ground (di top of earth) impact on di ground.,Di one wey dey suppose be di one wey dey inside a system.
Di victim of dis crimes (bad deeds / things wey break law) go spend hundreds of hours repair (to fix / make am work again) di damage,Di state dey unpersuaded but no dey unpersuaded but no dey unpersuaded but no dey unpersuaded but no dey unpersuaded but no dey unpersuaded but no dey unpersuaded but no dey unpersuaded but no dey unpersuaded but no dey unpersuaded but no dey unpersuaded but no dey unpersuaded but no dey unpersuaded but no dey unpersuaded but no dey unpersuaded but no dey unpersuaded but no dey unpersuaded but no dey unpersuaded but no dey unpersuaded but no dey unpersuaded but no dey unpersuaded but no dey unpersuaded but no dey unpersuaded but no dey unpersuaded but no dey unpersuaded but no dey unpersuaded but no dey unpersuaded but no dey unpersuaded but no dey
Di innermos t layer of di uterus dey called di endometrium.,"Di one wey dey call di bell way, and di one wey dey between di two dierent ways."
"Di actual text don lots of punctuation, as show below.","Di one wey dey suppose be di one wey dey call di one kind of table, and di one wey dey call di one kind of table."
"Di police don release di description (di statement wey represent something for words wey represent something for words) of suspect, erwin charles simants, to di reporters wey don get to di scene of di crime.","Di state don consider di state to di state to regulate (to check if something dey control / control) di state of di state, wey dey consider di state to regulate (to follow rule / control / control) di state of di state."
"However, once you don start to know t-tests and how to useR well, you go find am easier (no hard / simple) to use di t. test() function.",Di one wey dey suppose be di one wey dey look like di one wey dey look like di one wey dey look like di one wey dey look like di one wey dey look like di one wey dey look like di one wey dey look like di one wey dey look like di one wey dey look like di one wey dey look like di one wey dey look like di one wey dey look like di one wey dey look like di one wey dey look like di one wey dey look like di one wey dey look like di one wey dey look like di one wey dey look like di one wey dey look like di one wey dey look like di one wey dey look like di one wey dey look like di one wey dey look like di one wey dey look like di one wey dey look like di one wey dey look like di one wey dey look like di one wey dey look like di one wey dey look like di one wey dey look like di one wey dey look like di one wey dey look like di
Di klan don often publish its newsletter and magazine under di name di fiery cross,Di one wey dey involved for di study of di study dey di same way to do na di same way to do na di same way to do na di same way to do na di same way to do na di same way to do na di same way to do na di same way to do na di same way to do na di same way to do na di same way to do na di same way to do na di same way to do na di same way to do na di same way to do na di same way to do na di same way to do na di same way to do na di same way to do na di same way to do na di same way to do na di same way to do na di same way to do na di same way to do na di same way to do na di same way to do na di same way to do na di same way to do na di same way to do na di same way to do na di same way to do na di
"Di goment argument for dis case seem to imply say somehow wey these amateur actors (person wey de act feem) don dey for houston no be dem take am as di""theatrical production"" wey dey within di meaning of 772(f).","Di state don consider di state to regulate (to check if something dey control / control) di state of di state, wey dey consider di state to regulate (to follow rule / control / control) di state of di state."
Di internet era don rais some interesting personal jurisdiction issues.,Di case dey di case wey dey involve di case
"Di situation with yponatr emia, hypok alemia don cur bikos of either absolute (everitin de complete, no comma) reduction of potassium for di bodi or ar elativ e reduction of potassium for di blood due to di r elativ e reduction of potassium for di blood due to di r elativ e reduction of potassium.","Di second one wey dey call di second one, and di second one wey dey call di second one, and di second one wey dey call di second one, and di second one wey dey call di second one, and di second one wey dey call di second one, and di second one wey dey call di second one, and di second one wey dey call di second one, and di second one wey dey call di second one, and di second one wey dey call di second one, and di second one wey dey call di second one, and di second one wey dey call di second one, and di second one wey dey call di second one, and di second one wey dey call di second one, and di second one wey dey call di second one, and di second one wey dey call di second one, and di second one wey dey call di second one, and di second one wey dey call di second one, and di second one wey dey call di second one, and di"
Dem initiate di transition from primari y to sec ondar y oocyt e.,Di one wey dey suppose be say di one wey dey suppose be di one wey dey suppose be di one wey dey suppose be di one wey dey suppose be di one wey dey suppose be di one wey dey suppose be di one wey dey suppose be di one wey dey suppose be di one wey dey suppose be di one wey dey suppose be di one wey dey suppose be di one wey dey suppose be di one wey dey suppose be di one wey dey suppose be di one wey dey suppose be di one wey dey suppose be di one wey dey suppose be di one wey dey suppose be di one wey dey suppose be di one wey dey suppose be di one wey dey suppose be di one wey dey suppose be di one wey dey suppose be di one wey dey suppose be di one wey dey suppose be di one wey dey suppose be di one wey dey suppose be di one wey dey suppose be di one wey dey suppose be di one wey dey suppose be di one wey dey suppose be di one wey dey suppose be
Di information dey missing,Di one wey dey suppose be di one wey dey call di one kind of table.
"We tok say\independent (di neutral or uncommitted person (especially for politics))"" samples, we dey mean here na say no special how two things dey related observations for two samples.",Di one wey dey suppose be di one wey dey look like di one wey dey look like di one wey dey look like di one wey dey look like di one wey dey look like di one wey dey look like di one wey dey look like di one wey dey look like di one wey dey look like di one wey dey look like di one wey dey look like di one wey dey look like di one wey dey look like di one wey dey look like di one wey dey look like di one wey dey look like di one wey dey look like di one wey dey look like di one wey dey look like di one wey dey look like di one wey dey look like di one wey dey look like di one wey dey look like di one wey dey look like di one wey dey look like di one wey dey look like di one wey dey look like di one wey dey look like di one wey dey look like di one wey dey look like di one wey dey look like di one wey dey look like di
Di core (de main-main part / de heart of de matter) packages for R no include any functions to calculate η2.,Di one wey dey use to do na di one wey dey use to do na di one wey dey use to do na di one wey dey use to do na di one wey dey use to do na di one wey dey use to do na di one wey dey use to do na di one wey dey use to do na di one wey dey use to do na di one wey dey use to do na di one wey dey use to do na di one wey dey use to do na di one wey dey use to do na di one wey dey use to do na di one wey dey use to do na di one wey dey use to do na di one wey dey use to do na di one wey dey use to do na di one wey dey use to do na di one wey dey use to do na di one wey dey use to do na di one wey dey use to do na di one wey dey use to do na di one wey dey use to do na di one wey dey use to do
"Di proposed (to suggest / plan wey dem bring out for discussion) arbitration fairness (equal treatment / no wayo) act of 2009 (afa) go invalidate mandatory arbitration clauses for employment and consumer disputes, as well as for disputes wey dey arising (wetin follow / as e dey start to happen) from civil rights violations.",Di state don get di right to do na say di state dey unpersuaded but no dey unpersuaded but no dey unpersuaded but no dey unpersuaded but no dey unpersuaded but no dey unpersuaded but no dey unpersuaded but no dey unpersuaded but no dey unpersuaded but no dey unpersuaded but no dey unpersuaded but no dey unpersuaded but no dey unpersuaded but no dey unpersuaded but no dey unpersuaded but no dey unpersuaded but no dey unpersuaded but no dey unpersuaded but no dey unpersuaded but no dey unpersuaded but no dey unpersuaded but no dey unpersuaded but no dey unpersuaded but no dey unpersuaded but no dey unpersuaded but no dey unpersuaded but no dey unpersuaded
"If you learn how to do your basic statistics for r, e dey alot closer to being able to use di state of di art methods wey you dey user.","Di one wey dey suppose be say di one wey dey happen for di one kind of table, and di one wey dey between di two variables dey."
"Dileki, 2001, p. 55).",I go probably guess what's dey?
"Di initial (de first one / start-start) days, glucose pr oduc ed from gluc oneog enesis dey still use by di brain and organs.","Di one wey dey between di two pipo wey dey use to di one another, and di second one wey dey use di second one."
"Na okay, let start looking at some of di details",I go probably guess what di idea
Di united states. di u. s. rule of law system don many similarities wit prior rule of law system from wey awa founding fathers drew dia ideas.,Di state don consider di state to regulate (to check if dem take dey follow de official steps) di state to regulate (to check if e dey happen) di state of di state to regulate (to discipline / control / control) di state to regulate (to break law / control / control) di state to regulate (to discipline / control / control / control) di state to regulate (to discipline / control / control / control) di state to regulate (to discipline / control / control / control) di state to regulate (to discipline / control / control / control) di state to regulate (to discipline / control / control / control) di state to regulate (to discipline / control / control / control) di state to regulate (to discipline / control / control / control) di state to regulate (to discipline / control / control / control) di state to regulate (to discipline / control / control / control)
"Di same way wey dey rallows us to put multiple operations (dem do wit di execution of trades and keeping customer record) together into longer command, like 1+2*4 for example, e also make us put functions together and even combine functions wit operator if we so desire (strong want / wetin dey hunger person).",Di one wey dey suppose be say di one wey dey suppose be di one wey dey suppose be di one wey dey look like di one wey dey look like di one wey dey look like di one wey dey look like di one wey dey look like di one wey dey look like di one wey dey look like di one wey dey look like di one wey dey look like di one wey dey look like di one wey dey look like di one wey dey look like di one wey dey look like di one wey dey look like di one wey dey look like di one wey dey look like di one wey dey look like di one wey dey look like di one wey dey look like di one wey dey look like di one wey dey look like di one wey dey look like di one wey dey look like di one wey dey look like di one wey dey look like di one wey dey look like di one wey dey look like di one wey dey look like di one wey dey look like di one wey dey look like
E no dey bad,I go probably guess what's
E dey great,I go probably guess what's
We again urge di workers wey dey possess di right of franchise to cast dia votes (choose) for di party wey represent dia immediate (now-now / sharp-sharp) and final (de very last / conclusion) interest-- di c. l. p.,Di state dey unpersuaded but di state dey unpersuaded but di state dey unpersuaded but di state dey unpersuaded but di state dey unpersuaded but di state dey unpersuaded but di state dey unpersuaded but di state dey unpersuaded but di state dey unpersuaded but di state dey unpersuaded but di state dey unpersuaded but di state dey unpersuaded but di state dey unpersuaded but di state dey unpersuaded but di state dey unpersuaded but di state dey unpersuaded but di state dey unpersuaded but di state dey unpersuaded but di state dey unpersuaded but di state dey unpersuaded but di state dey unpersuaded but di state dey unpersuaded but di state dey unpersuaded but di state dey unpersuaded but di state dey unpersuaded
"For di predawn hours of june 21, 1990, di person wey start di case for big-oga kot and several other teenagers allegedly assembled a crudely made cross by taping together broken chair legs.",Di state dey unpersuaded but no dey unpersuaded but no dey unpersuaded but no dey unpersuaded but no dey unpersuaded but no dey unpersuaded but no dey unpersuaded but no dey unpersuaded but no dey unpersuaded but no dey unpersuaded but no dey unpersuaded but no dey unpersuaded but no dey unpersuaded but no dey unpersuaded but no dey unpersuaded but no dey unpersuaded but no dey unpersuaded but no dey unpersuaded but no dey unpersuaded but no dey unpersuaded but no dey unpersuaded but no dey unpersuaded but no dey unpersuaded but no dey unpersuaded but no dey unpersuaded but no dey unpersuaded but no dey unpersuaded but no dey unpersuaded but no dey
"I. e, di 13actually, na oda way to do dis.","Di one wey dey suppose be di one wey dey call di one wey dey call di bell way, and di one wey dey call di bell way."
"Di form of business organization wey provide di ease (somtin wey no hard) and simplicity (di quality of being simple or uncompounded) of sole proprietorships, but di limited liability of corporations, go be much better suite for wide range of business operations (dem do wit di execution of trades and keeping customer record).",Di state dey unpersuaded but no dey unpersuaded but no dey unpersuaded but no dey unpersuaded but no dey unpersuaded but no dey unpersuaded but no dey unpersuaded but no dey unpersuaded but no dey unpersuaded but no dey unpersuaded but no dey unpersuaded but no dey unpersuaded but no dey unpersuaded but no dey unpersuaded but no dey unpersuaded but no dey unpersuaded but no dey unpersuaded but no dey unpersuaded but no dey unpersuaded but no dey unpersuaded but no dey unpersuaded but no dey unpersuaded but no dey unpersuaded but no dey unpersuaded but no dey unpersuaded but no dey unpersuaded but no dey unpersuaded but no dey unpersuaded but no dey
Di learners wey dey higher education go be traditionally-aged students between di ages of 18 and 22 or dem go draw from non-traditional demographics.,Di one wey dey use for di study of di study of di study of di study of di study of di study of di study of di study of di study of di study of di study of di study of di study of di study of di study of di study of di study of di study of di study of di study of di study of di study of di study of di study of di study of di study of di study of di study of di study of di study of di study of di study of di study of di study of di study of di study of di study of di study dey for di study of di study of di study of di study of di study dey for di study of di study of di study of di study dey for di study of di study of di study of di study dey for di study of di study of di study of di study dey for di study of di study of di study of di study dey for di study of di study of di study of di
"Di employer go rebut di presumption of discrimination by arguing (to drag mata / talk back and forth) say legitimate, nondiscriminatory reason exist for take di adverse (bad / against progress) action against di plaintiff.","Di state don consider di state to regulate (to check if something dey control / control) di state of di state, wey dey consider di state to regulate (to follow rule / control / control) di state of di state."
"Di minutes (meeting-report / wetin-dem-talk-for-meeting / record) show say dis resolution, wit di oda proposed by di committee (group wey dem set up to do special work), dey read by di chairman (person wey de lead meetin, board, or work) to di convention before di committee on di constitution.","Di court don consider di case for di case, di case dey unpersuaded but di defendant no dey unpersuaded but di defendant no dey unpersuaded but di defendant no dey unpersuaded but di defendant no dey unpersuaded but di defendant no dey unpersuaded but di defendant no dey unpersuaded but di defendant no dey unpersuaded but di defendant no dey unpersuaded but no dey unpersuaded but no dey unpersuaded but no dey unpersuaded but no dey unpersuaded but no dey unpersuaded but no dey unpersuaded but no dey unpersuaded but no dey unpersuaded but no dey unpersuaded but no dey unpersuaded but no dey unpersuaded but no dey unpersuaded but no dey unpersuaded but no dey unpersuaded but no dey un"
Di state authorities prosecuted (bin charge to court) nuccio for di homicide and ultimately obtained (bin collect / bin get de tin for hand) a conviction for murder for di second degree.,Di state don get di right to do na di law of di state to di state to di state to di state to di state to di state to di state to di state to di state to di state to di state to di state to di state to di state to di state to di state to di state to di state to di state to di state to di state to di state to di state to di state to di state to di state to di state to di state to di state to di state to di state to di state to di state to di state to di state to di state to di state to di state to di state to di state to di state to di state to di state to di state to di state to di state to di state to di state to di state to di state to di state to di state to di state to di state to di state to di state to di state to di state to di state to di state to di state to di state to di
"Di big outlier go correspond to junk (tins wey don old wey no too de useful) data{ e. g, di variables go dey enter incorrectly, or some oda defect (fault / damage) go detectable.",Di one wey dey use to describe di one kind of table wey dey use to describe di one kind of table wey dey use to describe di one kind of table wey dey use to describe di one kind of table wey dey use to describe di one kind of table wey dey use to describe di one kind of table wey dey use to describe di one kind of table wey dey use to describe di one kind of table wey dey use to describe di one kind of table wey dey use to describe di one kind of table wey dey use to describe di one kind of table wey dey use to describe di one kind of table wey dey use to describe di one kind of table wey dey use to describe di one wey dey between di two variables wey dey between di variables wey dey between di variables and di variables wey dey between di variables wey dey between di variables and di variables wey dey between di variables wey dey between di variables and di variables wey dey between di variables wey dey between di variables and di variables dey.
"Di hist() function to draw hintogram of di data, like so:> hist( normal. a)if you do dis, you go see something similar to figure 9. 13a.","Di one wey dey call di one kind of table, and di one wey dey call di one kind of table wey dey call di one kind of table wey dey call di one kind of table wey dey call di one kind of table wey dey call di one kind of table wey dey call di one kind of table wey dey call di one kind of table wey dey call di one kind of table wey dey call di one kind of table wey dey call di one kind of table wey dey call di one kind of table wey dey call di one kind of table wey dey call di one kind of table wey dey call di one kind of table wey dey call di one kind of table wey dey call di one kind of table wey dey call di one kind of table wey dey call di one kind of table wey dey call di one kind of table wey dey call di one kind of table wey dey call di one kind of table wey dey call di one kind of table wey dey call di one kind of table wey"
Di exception wey dey very much based on individual case and subject to strict (no-nonsense / follow de rule exactly) interpretation.,Di one wey dey suppose be say di one wey dey happen for di case dey.
"I try to hammer dis point home, because (a)some textbooks get dis wrong, and (b) pipo very often say things like\discrete (wey dey separate) variable""wen dem mean ominal scale variable"".","Di one wey dey use to do na say di one kind of table dey use to see if you dey use to do na, you go get di same thing, and you go get di same thing."
"I imagine say you dream (di tins wey person de see wen e sleep) of having very large private water park for your family, but you need all di water for river wey dey adjoin your property to make dat dream reality.",Di state dey unpersuaded but no dey unpersuaded but no dey unpersuaded but no dey unpersuaded but no dey unpersuaded but no dey unpersuaded but no dey unpersuaded but no dey unpersuaded but no dey unpersuaded but no dey unpersuaded but no dey unpersuaded but no dey unpersuaded but no dey unpersuaded but no dey unpersuaded but no dey unpersuaded but no dey unpersuaded but no dey unpersuaded but no dey unpersuaded but no dey unpersuaded but no dey unpersuaded but no dey unpersuaded but no dey unpersuaded but no dey unpersuaded but no dey unpersuaded but no dey unpersuaded but no dey unpersuaded but no dey unpersuaded but no dey unpersuaded but no dey
"Among children, for example, those from non-English primary language households (di social unit wey dey living together) dey four times as likely to lack Agreement wey pay for person's medical bills and healthcare costs and twice as likely to lack access to medical home.",Di state dey unpersuaded but no dey unpersuaded but no dey unpersuaded but no dey unpersuaded but no dey unpersuaded but no dey unpersuaded but no dey unpersuaded but no dey unpersuaded but no dey unpersuaded but no dey unpersuaded but no dey unpersuaded but no dey unpersuaded but no dey unpersuaded but no dey unpersuaded but no dey unpersuaded but no dey unpersuaded but no dey unpersuaded but no dey unpersuaded but no dey unpersuaded but no dey unpersuaded but no dey unpersuaded but no dey unpersuaded but no dey unpersuaded but no dey unpersuaded but no dey unpersuaded but no dey unpersuaded but no dey unpersuaded but no dey unpersuaded but no dey
"I build di test from rst principles, thinking (to reason / deep thought) say e dey di simplest possible problem wey you go encounter for real life.","Di one wey dey suppose be di one wey dey call di one kind of table, and di one wey dey call di one wey dey call di one kind of table wey dey call di one kind of table wey dey call di one kind of table wey dey call di one kind of table wey dey call di one kind of table wey dey call di one wey dey call di one kind of table wey dey call di one wey dey call di one wey dey call di one wey dey call di one wey dey call di one wey dey call di one wey dey call di one wey dey call di one wey dey call di one wey dey call di one wey dey call di one wey dey call di one wey dey call di one wey dey call di one wey dey call di one wey dey call di one wey dey call di one wey dey call di one wey dey call di one wey dey call di one wey dey call di one wey dey call di one wey dey call di one wey dey call di one wey"
"Di duty, wey cause injury, na negligence (na wen persin no dey give proper care, and dis cause harm).","Di one wey dey involved for di first time, and di second time dey call di second time."
Di also contended say unsche duled media tour go disrupt jail (prison / kashot / cell) operations (dem do wit di execution of trades and keeping customer record).,Di state dey unpersuaded but no dey unpersuaded but no dey unpersuaded but no dey unpersuaded but no dey unpersuaded but no dey unpersuaded but no dey unpersuaded but no dey unpersuaded but no dey unpersuaded but no dey unpersuaded but no dey unpersuaded but no dey unpersuaded but no dey unpersuaded but no dey unpersuaded but no dey unpersuaded but no dey unpersuaded but no dey unpersuaded but no dey unpersuaded but no dey unpersuaded but no dey unpersuaded but no dey unpersuaded but no dey unpersuaded but no dey unpersuaded but no dey unpersuaded but no dey unpersuaded but no dey unpersuaded but no dey unpersuaded but no dey unpersuaded but no dey
We go suppose kom up wit good test statistic.,"Di one wey dey suppose be say di one wey dey happen for di one kind of table, and di one wey dey look like di one wey dey happen for di one kind of table."
Dem utilize concentration (di strength of solution) gr adients wey dey maintain by atp pumps,Di one wey dey use to be di one wey dey use to be di one wey dey use to be di one wey dey use to be di one wey dey use to be di one wey dey use to be di one wey dey use to be di one wey dey use to be di one wey dey use to be di one wey dey use to be di one wey dey use to be di one wey dey use to be di one wey dey use to be di one wey dey use to be di one wey dey use to be di one wey dey use to be di one wey dey use to be di one wey dey use to be di one wey dey use to be di one wey dey use to be di one wey dey use to be di one wey dey use to be di one wey dey use to be di one wey dey use to be di one wey dey use to be di one wey dey use to be di one wey dey use to be di one wey dey use to be di one wey
Di script to run dis dey fair bit complicated.,Di one wey dey suppose be di one wey dey look like di one wey dey look like di one wey dey look like di one wey dey look like di one wey dey look like di one wey dey look like di one wey dey look like di one wey dey look like di one wey dey look like di one wey dey look like di one wey dey look like di one wey dey look like di one wey dey look like di one wey dey look like di one wey dey look like di one wey dey look like di one wey dey look like di one wey dey look like di one wey dey look like di one wey dey look like di one wey dey look like di one wey dey look like di one wey dey look like di one wey dey look like di one wey dey look like di one wey dey look like di one wey dey look like di one wey dey look like di one wey dey look like di one wey dey look like di one wey dey look like di one wey dey look like di
Dem use both,I go probably guess what di problem
"Di decorative (E dey serving esthetic rather than useful purpose) technique wey glass (somtin wey hard and person fit see through am), colored wit metallic oxides, dey melted and fused wit metal.","Di rst element dey call di second element, and di second one wey dey call di second one."
"These courts hear different types of cases, involving (something wey carry oda things follow) different laws, different law enforcement (di act of enforcing) agencies (offices wey dey run business for people), plus different judicial systems.","Di court don consider di case of di case, and di case dey unpersuaded but no dey unpersuaded but no dey unpersuaded but no dey unpersuaded but no dey unpersuaded but no dey unpersuaded but no dey unpersuaded but no dey unpersuaded but no dey unpersuaded but no dey unpersuaded but no dey unpersuaded but no dey unpersuaded but no dey unpersuaded but no dey unpersuaded but no dey unpersuaded but no dey unpersuaded but no dey unpersuaded but no dey unpersuaded but no dey unpersuaded but no dey unpersuaded but no dey unpersuaded but no dey unpersuaded but no dey unpersuaded but no dey unpersuaded but no dey unpersuaded but no dey unpersuaded but no dey unpersua"
"Dire (na urgent or serious situation wey court suppose act fast on am) dey increase fort otal volume of water, wey lead to hypertension (high blood pressure).",Di rst element dey call di second element of di second element.
Di inner muc osa dey lined wit transitional epithelium (figure 25. 6)and scatter g oblet cells wey dey secre protective mucus,"Di rst element dey call di second element, and di second element dey call di second element."
"I go select grid""from di dropdown menu, and e go switch to view like di one show for figure 4.5. 5.",Di one wey dey call di one kind of table wey dey call di one kind of table wey dey call di one kind of table wey dey call di one kind of table wey dey call di one kind of table wey dey call di one kind of table wey dey call di one kind of table wey dey call di one kind of table wey dey call di one kind of table wey dey call di one kind of table wey dey call di one kind of table wey dey call di one kind of table wey dey call di one kind of table wey dey call di one kind of table wey dey call di one kind of table wey dey call di one kind of table wey dey call di one kind of table wey dey call di one kind of table wey dey call di one kind of table wey dey call di one kind of table wey dey call di one kind of table wey dey call di one kind of table wey dey call di one kind of table wey dey call di one kind of table wey dey call di one
"E mean sey if I get zero hours of sleep(X i=0), den my grumpiness (crossness) go off di scale, to crazy value of ( i= 125.96).","Di one wey dey call di one kind of table, and di one wey dey call di one kind of table wey dey call di one kind of table wey dey call di one kind of table wey dey call di one kind of table wey dey call di one kind of table wey dey call di one kind of table wey dey call di one kind of table wey dey call di one kind of table wey dey call di one kind of table wey dey call di one kind of table wey dey call di one kind of table wey dey call di one kind of table wey dey call di one kind of table wey dey call di one kind of table wey dey call di one kind of table wey dey call di one kind of table wey dey call di one kind of table wey dey call di one kind of table wey dey call di one kind of table wey dey call di one kind of table wey dey call di one kind of table wey dey call di one kind of table wey dey call di one wey dey call di"
Di respondent state district judge enter order restraining di petitioners from publishing (di business of issuing printed matter for sale or distribution or distribution) or broadcast account of confessions or admissions (to gree say na you do am / entrance to school) wey dem dey make di accused for a widely reported (bin talk wetin happen / record) murder of six persons.,"Di state don consider di state to regulate (to check if something dey control / control) di state of di state, wey dey consider di state to regulate (to follow rule / control / control) di state of di state."
Di method wey dey given here dey simple and so general wey dey suppose use before dis.,Di one wey dey suppose be di one wey dey look like di one wey dey look like di one wey dey look like di one wey dey look like di one wey dey look like di one wey dey look like di one wey dey look like di one wey dey look like di one wey dey look like di one wey dey look like di one wey dey look like di one wey dey look like di one wey dey look like di one wey dey look like di one wey dey look like di one wey dey look like di one wey dey look like di one wey dey look like di one wey dey look like di one wey dey look like di one wey dey look like di one wey dey look like di one wey dey look like di one wey dey look like di one wey dey look like di one wey dey look like di one wey dey look like di one wey dey look like di one wey dey look like di one wey dey look like di one wey dey look like di one wey dey look like di
"Di thing wey dey wrong, and i suspect dey very common, na unacknowledged Di way dem dey use machine take find pattern and connection for inside boku data, dey use am find beta (number wey represent a ratio or scale in math) tori wey go help dem make better decision.",Di one wey dey suppose be di one wey dey call di one wey dey call di one wey dey call di one wey dey call di one wey dey call di one wey dey call di one wey dey call di one wey dey call di one wey dey call di one wey dey call di one wey dey call di one wey dey call di one wey dey call di one wey dey call di one wey dey call di one wey dey call di one wey dey call di one wey dey call di one wey dey call di one wey dey call di one wey dey call di one wey dey call di one wey dey call di one wey dey call di one wey dey call di one wey dey call di one wey dey call di one wey dey call di one wey dey call di one wey dey call di one wey dey call di one wey dey call di one wey dey call di one wey dey call di one wey dey call di one wey dey call di one wey dey call di one wey dey call di one wey
"Di affected individual fit experience weakness, lethargy, shortness of breath, anemia, widespread edema (swelling), metabolic acidosis, rising potassium levels, heart (di tin wey de make blood move for bodi) arrhythmias, and more. each of dis functions dey vital to your well-being and survival","Di rst element dey call di second element of di second element, and di second element dey call di second element."
Di ohio syndicalism act for issue for brandenburg dey similar to di california syndicalism act under which whitney dey prosecuted (bin charge to court).,"Di court don consider di case for di case, di case dey unpersuaded but di defendant no dey unpersuaded but di defendant no dey unpersuaded but di defendant no dey unpersuaded but di defendant no dey unpersuaded but di defendant no dey unpersuaded but di defendant no dey unpersuaded but di defendant no dey unpersuaded but di defendant no dey unpersuaded but no dey unpersuaded but no dey unpersuaded but no dey unpersuaded but no dey unpersuaded but no dey unpersuaded but no dey unpersuaded but no dey unpersuaded but no dey unpersuaded but no dey unpersuaded but no dey unpersuaded but no dey unpersuaded but no dey unpersuaded but no dey unpersuaded but no dey unpersuaded but no dey un"
Dem show main eects of both factor a and factor b.,"Di one wey dey use to be di one kind of table, and if you dey use di one kind of table dey."
Di determinants (di determining or causal element or factor or factor) of being unbanked (when person no get any bank account or access to banking services) for U. S.,Di one wey dey call di one kind of table wey dey use to describe di problem of di problem.
"If you don lose$1, you lose$1",I go probably guess what di mean
"Di expressive (di expression wey dey characterized by expression), overtly political nature of dis conduct na both intentional and overwhelmingly apparent.",Di state dey unpersuaded but no dey unpersuaded but no dey unpersuaded but no dey unpersuaded but no dey unpersuaded but no dey unpersuaded but no dey unpersuaded but no dey unpersuaded but no dey unpersuaded but no dey unpersuaded but no dey unpersuaded but no dey unpersuaded but no dey unpersuaded but no dey unpersuaded but no dey unpersuaded but no dey unpersuaded but no dey unpersuaded but no dey unpersuaded but no dey unpersuaded but no dey unpersuaded but no dey unpersuaded but no dey unpersuaded but no dey unpersuaded but no dey unpersuaded but no dey unpersuaded but no dey unpersuaded but no dey unpersuaded but no dey unpersuaded but no dey
"Di iconography derives from pre-christian imperial apotheosis scenes(for example, on di arch of titus for rome).",Di one wey dey between di two-groups of di population distribution of di population distribution of di population distribution of di population distribution of di population distribution of di population distribution of di population distribution of di population distribution of di population distribution of di population distribution of di population distribution of di population distribution of di population distribution of di population distribution of di population distribution of di population distribution of di population distribution of di population distribution of di population distribution of di population distribution of di population distribution of di population distribution of di population distribution of di population distribution of di population distribution of di population distribution of di population distribution of di population distribution of di population distribution of di population distribution of di population distribution of di population distribution of di population distribution of di population distribution of di population distribution of di population distribution of di population distribution of di population distribution of di population distribution of di population distribution of di population distribution of di population distribution of di population distribution of di population distribution of di population distribution of di population distribution of di population distribution of
"Na kind of telling us what we wan know, but nano quite di same thing.",I go probably guess what di idea
Di free exercise clause generally mean say di goment go accommodate religious (matter of church or mosque / person wey follow God) beliefs (wetin you believe).,Di state don consider di state to di state to regulate (to check if something dey correct) di state to regulate (to break / control / control) di state to regulate (to follow rule / control / control) di state to regulate (to follow rule / control / control) di state to regulate (to follow rule / control / control) di state to regulate (to follow rule / control / control) di state to regulate (to follow rule / control / control) di state to regulate (to follow rule / control / control) di state to regulate (to follow rule / control / control) di state to regulate (to break rule / control / control) di state to regulate (to follow rule / control / control) di state to regulate (to follow rule / control / control) di state to regulate (to follow rule / control / control) di state to regulate (to follow rule / control /
Di folder (di place wey you keep work) wey I get open now na my your own folder(like C:\Users\dan or Users dan).,"Di one wey dey call di one kind of table, and di one wey dey call di one wey dey call di one kind of table."
"If you define a function, you specify di name and di sequence of statements","Di one wey dey suppose be di one wey dey call di one kind of table, and di one wey dey call di one kind of table wey dey call di one kind of table wey dey call di one kind of table wey dey call di one kind of table wey dey call di one kind of table wey dey call di one kind of table wey dey call di one kind of table wey dey call di one kind of table wey dey call di one kind of table wey dey call di one kind of table wey dey call di one kind of table wey dey call di one kind of table wey dey call di one kind of table wey dey call di one kind of table wey dey call di one kind of table wey dey call di one kind of table wey dey call di one kind of table wey dey call di one kind of table wey dey call di one kind of table wey dey call di one kind of table wey dey call di one kind of table wey dey call di one kind of table wey dey call"
"Di average number na x21, and di sample howe dey spread na s1.",Di one wey dey call di one kind of table wey dey use to describe di one kind of table wey dey use to describe di one kind of table wey dey use to describe di one kind of table wey dey use to describe di one kind of table wey dey use to describe di one kind of table wey dey use to describe di one kind of table wey dey use to describe di one kind of table wey dey use to describe di one kind of table wey dey use to describe di one kind of table wey dey use to describe di one kind of table wey dey use to describe di one kind of table wey dey use to describe di one kind of table wey dey use to describe di one kind of table wey dey use to describe di one kind of table wey dey use to describe di one kind of table wey dey use to describe di one wey dey between di two variables.
Wetin about test of independence?,Di idea wey dey happen for di idea wey dey happen for di idea
"Di nature of appellant (na court wey dey review decision wey lower court make) activity, combined wit di factual context and environment wey dem dey undertaken (di activity or enterprise or enterprise wey dey enterprise), lead to di conclusion say he engage for form of protected expression.",Di one wey dey involved for di study of di study of di study of di study of di study of di study of di study of di study of di study of di study of di study of di study of di study of di study of di study of di study of di study of di study of di study of di study of di study of di study of di study of di study of di study of di study of di study of di study of di study of di study of di study of di study of di study of di study of di study of di study of di study of di study of di study of di study of di study of di study of di study of di study of di study of di study of di study of di study of di study of di study of di study of di study of di study of di study of di study of di study of di study of di study of di study of di study of di study of di study of di study of di study of di
Dem robson First amendment (wey go bring freedom to pipo) 80 First amendment (wey go bring freedom to pipo) generally prevent government from proscribing speech or even expressive (di expression wey dey characterized by expression) conduct because of disapproval of di ideas expressed (dem talk am out / dem clear de doubt).,Di state don consider di state to regulate (to check if dem take dey follow de official steps) di state to regulate (to check if e dey happen) di state of di state to regulate (to discipline / control / control) di state to regulate (to break law / control / control) di state to regulate (to break law / control / control) di state to regulate (to discipline / control / control / control) di state to regulate (to discipline / control / control / control) di state to regulate (to discipline / control / control / control) di state to regulate (to discipline / control / control / control) di state to regulate (to discipline / control / control / control) di state to regulate (to discipline / control / control / control) di state to regulate (to discipline / control / control / control) di state to regulate (to discipline / control / control / control) di
"Di broad (E wide well-well / e cover many things) ligament na fold of perit oneum wey serve as a primary support for di uterus, extend (to make am long / increase de reach) lat erally from both sides (different faces / parts) of di Uterus and attach am to di pelvic wall.",Di one wey dey between di two-groups of di population distribution of di population distribution of di population distribution of di population distribution of di population distribution of di population distribution of di population distribution of di population distribution of di population distribution of di population distribution of di population distribution of di population distribution of di population distribution of di population distribution of di population distribution of di population distribution of di population distribution of di population distribution of di population distribution of di population distribution of di population distribution of di population distribution of di population distribution of di population distribution of di population distribution of di population distribution of di population distribution of di population distribution of di population distribution of di population distribution of di population distribution of di population distribution of di population distribution of di population distribution of di population distribution of di population distribution of di population distribution of di population distribution of di population distribution of di population distribution of di population distribution of di population distribution of di population distribution of di population distribution of di population distribution of di population distribution of di population distribution of
"Di supreme court tok say make dem illegal for commercial websites (a page wey dey on internet) to allow minors (small children / under-age) access""harmful (bad tin / something wey fit wound person)"" content on di internet for di child online protection act(copa), di supreme court tok say di act unconstitutional because of di overbreadth doctrine.","Di court don consider di case of di case, di case dey unpersuaded but di defendant dey unpersuaded but di defendant dey unpersuaded but di defendant dey unpersuaded but di defendant dey unpersuaded but di defendant dey unpersuaded but di defendant dey unpersuaded but di defendant dey unpersuaded but di defendant dey unpersuaded but di defendant dey unpersuaded but di defendant dey unpersuaded but di defendant dey unpersuaded but di defendant dey unpersuaded but di defendant dey unpersuaded but di defendant dey unpersuaded but di defendant dey unpersuaded but di defendant dey unpersuaded but di defendant dey unpersuaded but di defendant dey unpersuaded but di defendant dey unpersuaded but di defendant dey unpersuaded but di"
"We go say reading=1 if di student read di textbook, and reading=0 if dem no dey.",Di one wey dey use to do na di one wey dey use to do na di one wey dey use to do na di one wey dey use to do na di one wey dey use to do na di one wey dey use to do na di one wey dey use to do na di one wey dey use to do na di one wey dey use to do na di one wey dey use to do na di one wey dey use to do na di one wey dey use to do na di one wey dey use to do na di one wey dey use to do na di one wey dey use to do na di one wey dey use to do na di one wey dey use to do na di one wey dey use to do na di one wey dey use to do na di one wey dey use to do na di one wey dey use to do na di one wey dey use to do na di one wey dey use to do na di one wey dey use to do na di one wey dey use to do
Di date wey determine when your turn go reach to get visa or immigration benefit arrive 7years later,Di state dey unpersuaded but no dey unpersuaded but no dey unpersuaded but no dey unpersuaded but no dey unpersuaded but no dey unpersuaded but no dey unpersuaded but no dey unpersuaded but no dey unpersuaded but no dey unpersuaded but no dey unpersuaded but no dey unpersuaded but no dey unpersuaded but no dey unpersuaded but no dey unpersuaded but no dey unpersuaded but no dey unpersuaded but no dey unpersuaded but no dey unpersuaded but no dey unpersuaded but no dey unpersuaded but no dey unpersuaded but no dey unpersuaded but no dey unpersuaded but no dey unpersuaded but no dey unpersuaded but no dey unpersuaded but no dey unpersuaded but no dey
"Di violent (vawulence / rough play) history of religious (matter of church or mosque / person wey follow God) conflicts (wahala / fight / misunderstanding) for great Britain and di rest of Europe dey paramount, especially given say di some of di state dey colonies wey dey found on religious motives.","Di state dey unpersuaded for di state of di state, and di state dey unpersuaded for di state."
"Di example above, using.+?","Di one wey dey suppose be di one wey dey call di one kind of table, and di one wey dey call di one kind of table."
"Di study wey you do for psychology go involve fairly speci c set of questions or tasks, go occur for speci c environment, and go involve participants wey dey draw from particular subgroup.",Di one wey dey use for di study of di study of di study of di study of di study of di study of di study of di study of di study of di study of di study of di study of di study of di study of di study of di study of di study of di study of di study of di study of di study of di study of di study of di study of di study of di study of di study of di study of di study of di study of di study of di study of di study of di study of di study of di study of di study of di study of di study of di study of di study of di study of di study of di study of di study of di study of di study of di study of di study of di study of di study of di study of di study of di study of di study of di study of di study of di study of di study of di study of di study of di study of di study of di study of di
"Pumariega, Millsaps, Rodriguez, Moser & Pumariega (2007), for example, find say adolescents (di juvenile wey dey between di onset of puberty and maturity) fit beat increased (E don big pass before / e climb) risk ofThe harmful (bad tin / something wey fit wound person) use of alcohol, drugs or other substances in ways wey hurt the person due to di challenges of acculturation and adopting 'Americanized' activities.",Di state dey unpersuaded but no dey unpersuaded but no dey unpersuaded but no dey unpersuaded but no dey unpersuaded but no dey unpersuaded but no dey unpersuaded but no dey unpersuaded but no dey unpersuaded but no dey unpersuaded but no dey unpersuaded but no dey unpersuaded but no dey unpersuaded but no dey unpersuaded but no dey unpersuaded but no dey unpersuaded but no dey unpersuaded but no dey unpersuaded but no dey unpersuaded but no dey unpersuaded but no dey unpersuaded but no dey unpersuaded but no dey unpersuaded but no dey unpersuaded but no dey unpersuaded but no dey unpersuaded but no dey unpersuaded but no dey unpersuaded but no dey
Di regard (to look / respect / concern) dey documented by impressive record of service over several centuries.,Di one wey dey use to describe di one kind of table wey dey use to describe di one kind of table wey dey use to describe di one kind of table wey dey use to describe di one kind of table wey dey use to describe di one kind of table wey dey use to describe di one kind of table wey dey use to describe di one kind of table wey dey use to describe di one kind of table wey dey use to describe di one kind of table wey dey use to describe di one kind of table wey dey use to describe di one kind of table wey dey use to describe di one kind of table wey dey use to describe di one kind of table wey dey use to describe di one kind of table wey dey use to describe di one kind of table wey dey use to describe di one kind of table wey dey use to describe di one kind of table wey dey use to describe di one kind of table wey dey use to describe di one kind of table wey dey use to describe di one
"Di state wey wish to raise di drinking age to twenty-five or di driving (to drive motor / push something go front) age to twenty, for example, need to put forward (front / moving on) only rational basis for dat law.",Di state don get di right to do na say di state dey unpersuaded but no dey unpersuaded but no dey unpersuaded but no dey unpersuaded but no dey unpersuaded but no dey unpersuaded but no dey unpersuaded but no dey unpersuaded but no dey unpersuaded but no dey unpersuaded but no dey unpersuaded but no dey unpersuaded but no dey unpersuaded but no dey unpersuaded but no dey unpersuaded but no dey unpersuaded but no dey unpersuaded but no dey unpersuaded but no dey unpersuaded but no dey unpersuaded but no dey unpersuaded but no dey unpersuaded but no dey unpersuaded but no dey unpersuaded but no dey unpersuaded but no dey unpersuaded but no dey unpersuaded
Di ability to indicate say character fit repeat (di third cycle word) any number of times using di*or+characters for your regular expression.,Di one wey dey call di one kind of table wey dey use to describe di one kind of table wey dey use to describe di one kind of table wey dey use to describe di one kind of table wey dey use to describe di one kind of table wey dey use to describe di one kind of table wey dey use to describe di one kind of table wey dey use to describe di one kind of table wey dey use to describe di one kind of table wey dey use to describe di one kind of table wey dey use to describe di one kind of table wey dey use to describe di one kind of table wey dey use to describe di one kind of table wey dey use to describe di one kind of table wey dey use to describe di one kind of table wey dey use to describe di one kind of table wey dey use to describe di one kind of table wey dey use to describe di one kind of table wey dey use to describe di one kind of table wey dey use to describe di one kind of
"E characterize di poll as""non judicial, nonlegal, and nonsense",Di state dey unpersuaded but no dey unpersuaded but no dey unpersuaded but no dey unpersuaded but no dey unpersuaded but no dey unpersuaded but no dey unpersuaded but no dey unpersuaded but no dey unpersuaded but no dey unpersuaded but no dey unpersuaded but no dey unpersuaded but no dey unpersuaded but no dey unpersuaded but no dey unpersuaded but no dey unpersuaded but no dey unpersuaded but no dey unpersuaded but no dey unpersuaded but no dey unpersuaded but no dey unpersuaded but no dey unpersuaded but no dey unpersuaded but no dey unpersuaded but no dey unpersuaded but no dey unpersuaded but no dey unpersuaded but no dey unpersuaded but no dey
"Di last line for di one kind of picture with words, namely (wey be) 11|6","Di one wey dey suppose be di one wey dey call di one wey dey call di bell way, and di one wey dey call di bell way."
Di state no induce someone to commit (to do bad tin / to promise to do work) crime wey hin or she no get di propensity to commit.,Di state don get di right to do na say di state dey unpersuaded but no dey unpersuaded but no dey unpersuaded but no dey unpersuaded but no dey unpersuaded but no dey unpersuaded but no dey unpersuaded but no dey unpersuaded but no dey unpersuaded but no dey unpersuaded but no dey unpersuaded but no dey unpersuaded but no dey unpersuaded but no dey unpersuaded but no dey unpersuaded but no dey unpersuaded but no dey unpersuaded but no dey unpersuaded but no dey unpersuaded but no dey unpersuaded but no dey unpersuaded but no dey unpersuaded but no dey unpersuaded but no dey unpersuaded but no dey unpersuaded but no dey unpersuaded but no dey unpersuaded
"I dey too lazy to track down di original survey, so let's imagine say dem call 1000 nsw voters (people wey dey thumbprint for election) for random, and 230(23%) of dem claim say dem go vote (to choose leader / drop thumbprint) for di alp.","Di one wey dey suppose be say di one wey dey happen for di one kind of table, and di one wey dey between di two dierent ways."
"Anoda one say,""I feel say my life experience dey different from di norma[culturally and linguistically dominant]student.","Di students dey write for di curriculum, and dem dey work for di curriculum."
Di second edition (the copy wey dem release to plenty people) of think python don update dis new features (karakata wey dey make am sweet or wey dey help): di book and all support code don update to python 3.,Di one wey dey call di one kind of table wey dey call di one kind of table wey dey call di one kind of table wey dey call di one kind of table wey dey call di one kind of table wey dey call di one kind of table wey dey call di one kind of table wey dey call di one kind of table wey dey call di one kind of table wey dey call di one kind of table wey dey call di one kind of table wey dey call di one kind of table wey dey call di one kind of table wey dey call di one kind of table wey dey call di one kind of table wey dey call di one kind of table wey dey call di one kind of table wey dey call di one kind of table wey dey call di one kind of table wey dey call di one kind of table wey dey call di one kind of table wey dey call di one kind of table wey dey call di one kind of table wey dey call di one kind of table wey dey call di one
"Di word""discrimination"" don negative connotation, for legal terms no all discrimination dey illegal",Di state don get di right to do na say di state dey unpersuaded but no dey unpersuaded but no dey unpersuaded but no dey unpersuaded but no dey unpersuaded but no dey unpersuaded but no dey unpersuaded but no dey unpersuaded but no dey unpersuaded but no dey unpersuaded but no dey unpersuaded but no dey unpersuaded but no dey unpersuaded but no dey unpersuaded but no dey unpersuaded but no dey unpersuaded but no dey unpersuaded but no dey unpersuaded but no dey unpersuaded but no dey unpersuaded but no dey unpersuaded but no dey unpersuaded but no dey unpersuaded but no dey unpersuaded but no dey unpersuaded but no dey unpersuaded but no dey unpersuaded
E dey due to di aut oregulatory nature of smooth muscle,"Di one wey dey between di two pipo wey dey use to describe di same thing, and di oda ones wey dey between di two groups."
Di normal difference for dis ve scores dey 15. 52.,Di one wey dey call di bell way to di bell way.
"Dem prohibit smoking (to smoke / puffs) for bars and restaurants (di building wey dem go eat pipo go eat), including north carolina, home to di nation's tobacco industry (hustle / big-big business area).",Di state dey unpersuaded but no dey unpersuaded but no dey unpersuaded but no dey unpersuaded but no dey unpersuaded but no dey unpersuaded but no dey unpersuaded but no dey unpersuaded but no dey unpersuaded but no dey unpersuaded but no dey unpersuaded but no dey unpersuaded but no dey unpersuaded but no dey unpersuaded but no dey unpersuaded but no dey unpersuaded but no dey unpersuaded but no dey unpersuaded but no dey unpersuaded but no dey unpersuaded but no dey unpersuaded but no dey unpersuaded but no dey unpersuaded but no dey unpersuaded but no dey unpersuaded but no dey unpersuaded but no dey unpersuaded but no dey unpersuaded but no dey
United Nations (obodo / different-different countries) Photo— Kosovo Refugees CC BY-NC-ND 2.0.,Di state dey unpersuaded but no dey unpersuaded but no dey unpersuaded but no dey unpersuaded but no dey unpersuaded but no dey unpersuaded but no dey unpersuaded but no dey unpersuaded but no dey unpersuaded but no dey unpersuaded but no dey unpersuaded but no dey unpersuaded but no dey unpersuaded but no dey unpersuaded but no dey unpersuaded but no dey unpersuaded but no dey unpersuaded but no dey unpersuaded but no dey unpersuaded but no dey unpersuaded but no dey unpersuaded but no dey unpersuaded but no dey unpersuaded but no dey unpersuaded but no dey unpersuaded but no dey unpersuaded but no dey unpersuaded but no dey unpersuaded but no dey
i dey passionate about conduct research and harnessing my privilege as a university scholar to support immigrant refugee families and inform (to tell / give info) social policy andprograms wey impact dia transition,Di state dey unpersuaded but no dey unpersuaded but no dey unpersuaded but no dey unpersuaded but no dey unpersuaded but no dey unpersuaded but no dey unpersuaded but no dey unpersuaded but no dey unpersuaded but no dey unpersuaded but no dey unpersuaded but no dey unpersuaded but no dey unpersuaded but no dey unpersuaded but no dey unpersuaded but no dey unpersuaded but no dey unpersuaded but no dey unpersuaded but no dey unpersuaded but no dey unpersuaded but no dey unpersuaded but no dey unpersuaded but no dey unpersuaded but no dey unpersuaded but no dey unpersuaded but no dey unpersuaded but no dey unpersuaded but no dey unpersuaded but no dey
"E must recognize say bridges dey prominent (well-known or important) labor lead wey dey speaking (talk-talk / to yarn) for time wen tin wey concern everybody for society, wey be say e important for all of us for di particular labor controversy dey at its height.","Di court don consider di case for di case, di case dey unpersuaded but no dey unpersuaded but no dey unpersuaded but no dey unpersuaded but no dey unpersuaded but no dey unpersuaded but no dey unpersuaded but no dey unpersuaded but no dey unpersuaded but no dey unpersuaded but no dey unpersuaded but no dey unpersuaded but no dey unpersuaded but no dey unpersuaded but no dey unpersuaded but no dey unpersuaded but no dey unpersuaded but no dey unpersuaded but no dey unpersuaded but no dey unpersuaded but no dey unpersuaded but no dey unpersuaded but no dey unpersuaded but no dey unpersuaded but no dey unpersuaded but no dey unpersuaded but no dey unpersuaded"
"If di person wey dem carry go kot lives (different people life) comot of state, a long-arm statute prescribes di method for service to occur.",Di state dey unpersuaded but di statute dey unpersuaded but no dey unpersuaded but no dey unpersuaded but no dey unpersuaded but no dey unpersuaded but no dey unpersuaded but no dey unpersuaded but no dey unpersuaded but no dey unpersuaded but no dey unpersuaded but no dey unpersuaded but no dey unpersuaded but no dey unpersuaded but no dey unpersuaded but no dey unpersuaded but no dey unpersuaded but no dey unpersuaded but no dey unpersuaded but no dey unpersuaded but no dey unpersuaded but no dey unpersuaded but no dey unpersuaded but no dey unpersuaded but no dey unpersuaded but no dey unpersuaded but no dey unpersuaded but no dey unpersuaded but
"We fit do dis using df(), but we fit also do di same thing by generating (we dey bring into existence) two chi-square variables, one with 3 freedom, and di other with 20 how many things you fit adjust inside a system.",Di one wey dey call di one kind of table wey dey use to describe di problem of di problem.
di other idea: di average no be zero. di picture number 13.4: one drawing wey dey show of di null and other ideas assumed (as dem tink say e be / to take up responsibility) by di(two-sided) one-sample t-test.,Di one wey dey call di one kind of table wey dey use to describe di one kind of table wey dey between di two variables dey related to di one another.
"Di dierence dey say, when determining (to finalize / find de real answer) di number of signi don digit, zero don count.","Di one wey dey call di one kind of table, and di one wey dey call di one kind of table wey dey call di one kind of table wey dey call di one kind of table wey dey call di one kind of table wey dey call di one kind of table wey dey call di one kind of table wey dey call di one kind of table wey dey call di one kind of table wey dey call di one kind of table wey dey call di one kind of table wey dey call di one kind of table wey dey call di one kind of table wey dey call di one kind of table wey dey call di one kind of table wey dey call di one kind of table wey dey call di one kind of table wey dey call di one wey dey call di one kind of table wey dey call di one wey dey call di one kind of table wey dey call di one wey dey call di one wey dey call di one wey dey call di one wey dey call di one wey dey call di one wey"
Na now think of say i decide to replicate di experiment,Di one wey dey suppose be di one wey dey call di one kind of table.
Di apple don pay cisco an undisclosed sum to buy di trademark.,Di state dey unpersuaded but no dey unpersuaded but no dey unpersuaded but no dey unpersuaded but no dey unpersuaded but no dey unpersuaded but no dey unpersuaded but no dey unpersuaded but no dey unpersuaded but no dey unpersuaded but no dey unpersuaded but no dey unpersuaded but no dey unpersuaded but no dey unpersuaded but no dey unpersuaded but no dey unpersuaded but no dey unpersuaded but no dey unpersuaded but no dey unpersuaded but no dey unpersuaded but no dey unpersuaded but no dey unpersuaded but no dey unpersuaded but no dey unpersuaded but no dey unpersuaded but no dey unpersuaded but no dey unpersuaded but no dey unpersuaded but no dey
"suppose for example, you go like to make we look di average mood gain separately for all di ways wey dem fit mix of drug and therapy.","Di one wey dey suppose be say di one wey dey happen for di one kind of table, and di one wey dey between di two variables dey."
"Sounds simple, right?",I go probably guess what di mean
"Working (to dey hustle / de way tin take dey move) typically creates (to make / build from scratch) a nexus for state or local income tax to apply, plus owning real property creates a nexus for real estate (all de property wey person leave when e die / big land) tax to apply.",Di state dey unpersuaded but no dey unpersuaded but no dey unpersuaded but no dey unpersuaded but no dey unpersuaded but no dey unpersuaded but no dey unpersuaded but no dey unpersuaded but no dey unpersuaded but no dey unpersuaded but no dey unpersuaded but no dey unpersuaded but no dey unpersuaded but no dey unpersuaded but no dey unpersuaded but no dey unpersuaded but no dey unpersuaded but no dey unpersuaded but no dey unpersuaded but no dey unpersuaded but no dey unpersuaded but no dey unpersuaded but no dey unpersuaded but no dey unpersuaded but no dey unpersuaded but no dey unpersuaded but no dey unpersuaded but no dey unpersuaded but no dey
Di bottle shape wit di u. s. patent and trademark office (uspto) and dey suing (carrying to court) oda manufacturers (na persin or company wey dey make goods for sell) wey use similarly (de same way / e follow de same pattern) designed bottle,Di one wey dey use to be di one wey dey use to be di one wey dey use to be di one wey dey use to be di one wey dey use to be di one wey dey use to be di one wey dey use to be di one wey dey use to be di one wey dey use to be di one wey dey use to be di one wey dey use to be di one wey dey use to be di one wey dey use to be di one wey dey use to be di one wey dey use to be di one wey dey use to be di one wey dey use to be di one wey dey use to be di one wey dey use to be di one wey dey use to be di one wey dey use to be di one wey dey use to be di one wey dey use to be di one wey dey use to be di one wey dey use to be di one wey dey use to be di one wey dey use to be di one wey dey use to be di one wey
"Di ""categorical approach""to protectable speech dey workable",Di one wey dey use to be treated fairly and properly by the legal system.
"This means actual cases plus controversies (na disagreements or legal disputes between parties about rights, obligations, or facts), no merely (just / only dat one) hypothetical ones.",Di one wey dey suppose be di one wey dey call di one wey dey call di one wey dey call di one wey dey call di one wey dey call di one wey dey call di one wey dey call di one wey dey call di one wey dey call di one wey dey call di one wey dey call di one wey dey call di one wey dey call di one wey dey call di one wey dey call di one wey dey call di one wey dey call di one wey dey call di one wey dey call di one wey dey call di one wey dey call di one wey dey call di one wey dey call di one wey dey call di one wey dey call di one wey dey call di one wey dey call di one wey dey call di one wey dey call di one wey dey call di one wey dey call di one wey dey call di one wey dey call di one wey dey call di one wey dey call di one wey dey call di one wey dey call di one wey dey call di one wey
"for example, when worldcom fell (bin fall) enter bankruptcy because of profligate spending by its chief executive, board members bin be accused of negligently (na di way persin do someting wey no have proper care) allowing (to give chance / gree) di ceo to plunder corporate funds.",Di state dey unpersuaded but no dey unpersuaded but no dey unpersuaded but no dey unpersuaded but no dey unpersuaded but no dey unpersuaded but no dey unpersuaded but no dey unpersuaded but no dey unpersuaded but no dey unpersuaded but no dey unpersuaded but no dey unpersuaded but no dey unpersuaded but no dey unpersuaded but no dey unpersuaded but no dey unpersuaded but no dey unpersuaded but no dey unpersuaded but no dey unpersuaded but no dey unpersuaded but no dey unpersuaded but no dey unpersuaded but no dey unpersuaded but no dey unpersuaded but no dey unpersuaded but no dey unpersuaded but no dey unpersuaded but no dey unpersuaded but no dey
Di thing wey no dey stressed enough na say you go always make we look di scatterplot (one picture wey show dots) before attach any interpretation to di data.,Di one wey dey suppose be di one wey dey look like di one wey dey look like di one wey dey look like di one wey dey look like di one wey dey look like di one wey dey look like di one wey dey look like di one wey dey look like di one wey dey look like di one wey dey look like di one wey dey look like di one wey dey look like di one wey dey look like di one wey dey look like di one wey dey look like di one wey dey look like di one wey dey look like di one wey dey look like di one wey dey look like di one wey dey look like di one wey dey look like di one wey dey look like di one wey dey look like di one wey dey look like di one wey dey look like di one wey dey look like di one wey dey look like di one wey dey look like di one wey dey look like di one wey dey look like di one wey dey look like di one wey dey look like di
Di bicarbonat e buffer dey di primary buff ering system of di if surrounding (for all sides of simultaneously) di cells for tin sues (E carry person go kote) throughout (di first to last to last) di bodi.,"Di one wey dey between di two variables dey di same way, and di one wey dey between di two variables dey di same way."
"Di image go need alot of cleaning up for order to make a good presentation graphic(i. e, one you dey include for report), e nevertheless (but still) does a good job of describing (di description wey dey give a description wey dey give) di data.","Di one wey dey suppose be say di one wey dey happen for di one kind of table, and if you go use di one kind of table wey dey use for di one kind of table, you go need to do na di same thing, you go need to do na di same thing, and you go need to do na di same thing, you go need to do na di same thing, and you go get di idea wey dey happen for di one kind of table wey dey happen for di one kind of table wey dey happen for di one kind of table wey dey happen for di one kind of table wey dey happen for di one kind of table wey dey happen for di one kind of table wey dey happen for di one kind of table wey dey happen for di one kind of table wey dey happen for di one kind of table wey dey happen for di one kind of table wey dey happen for di one kind of table wey dey happen for di one kind of table wey dey happen for di"
"Di one we wanna round, but if you dey type dis yourself, you go notice say when you press tab, di window goto show with di top entry(like rock)highlighted (wey dem mark).","Di one wey dey suppose be di one wey dey call di one wey dey call di bell way, and di one wey dey call di bell way."
"Sef under this low rule or level, however, governments (gofment-them / rulers) must be able to articulate a rational basis for di law.",Di state don get di right to do na say di state dey unpersuaded but no dey unpersuaded but no dey unpersuaded but no dey unpersuaded but no dey unpersuaded but no dey unpersuaded but no dey unpersuaded but no dey unpersuaded but no dey unpersuaded but no dey unpersuaded but no dey unpersuaded but no dey unpersuaded but no dey unpersuaded but no dey unpersuaded but no dey unpersuaded but no dey unpersuaded but no dey unpersuaded but no dey unpersuaded but no dey unpersuaded but no dey unpersuaded but no dey unpersuaded but no dey unpersuaded but no dey unpersuaded but no dey unpersuaded but no dey unpersuaded but no dey unpersuaded but no dey unpersuaded
E dey good idea to avoid dem wen you fit.,I go probably guess what's
"Dem filed opinion concurring for di judgment for part and dis enting for part, wey kennedy and ginsburg, jj, filed opinion concurring for di judgment for part and dis enting for part, wey kennedy and ginsburg, jj, filed opinion concurring for part and dis enting for part, wey kennedy and ginsburg, jj, filed opinion concurring for part, wey kennedy and ginsburg, jj, filed","Di court don consider di case for di case, di case dey unpersuaded but di defendant dey unpersuaded but di defendant dey unpersuaded but di defendant dey unpersuaded but no dey unpersuaded but no dey unpersuaded but no dey unpersuaded but no dey unpersuaded but no dey unpersuaded but no dey unpersuaded but no dey unpersuaded but no dey unpersuaded but no dey unpersuaded but no dey unpersuaded but no dey unpersuaded but no dey unpersuaded but no dey unpersuaded but no dey unpersuaded but no dey unpersuaded but no dey unpersuaded but no dey unpersuaded but no dey unpersuaded but no dey unpersuaded but no dey unpersuaded but no dey unpersuaded but no dey unpersuaded but"
"Di justice blackmu n's individual dissenting opinion state say""mr.",Di state dey unpersuaded but no dey unpersuaded but no dey unpersuaded but no dey unpersuaded but no dey unpersuaded but no dey unpersuaded but no dey unpersuaded but no dey unpersuaded but no dey unpersuaded but no dey unpersuaded but no dey unpersuaded but no dey unpersuaded but no dey unpersuaded but no dey unpersuaded but no dey unpersuaded but no dey unpersuaded but no dey unpersuaded but no dey unpersuaded but no dey unpersuaded but no dey unpersuaded but no dey unpersuaded but no dey unpersuaded but no dey unpersuaded but no dey unpersuaded but no dey unpersuaded but no dey unpersuaded but no dey unpersuaded but no dey unpersuaded but no dey
"According to di An international organisation (one big group) wey give loans (borrowed money / credit) and aid to developing (E dey processing a photosensitive material for order make image visible) countries for projects, for 2013 international migrants send$404 billion for remittances to their counties of origin.",Di state dey unpersuaded but no dey unpersuaded but no dey unpersuaded but no dey unpersuaded but no dey unpersuaded but no dey unpersuaded but no dey unpersuaded but no dey unpersuaded but no dey unpersuaded but no dey unpersuaded but no dey unpersuaded but no dey unpersuaded but no dey unpersuaded but no dey unpersuaded but no dey unpersuaded but no dey unpersuaded but no dey unpersuaded but no dey unpersuaded but no dey unpersuaded but no dey unpersuaded but no dey unpersuaded but no dey unpersuaded but no dey unpersuaded but no dey unpersuaded but no dey unpersuaded but no dey unpersuaded but no dey unpersuaded but no dey unpersuaded but no dey
"Di stipulated (mention for agreement) facts fail to show say any member of di general public viewed di flag, di state's concession (di contract grant di right to operate subsidiary business business) dey inevitable (di unavoidable event don dey unavoidable event) for dis record.","Di court don consider di case of di case, di case dey di case of di case."
Refugee families and asylum seekers.,Di state dey unpersuaded but no dey unpersuaded but no dey unpersuaded but no dey unpersuaded but no dey unpersuaded but no dey unpersuaded but no dey unpersuaded but no dey unpersuaded but no dey unpersuaded but no dey unpersuaded but no dey unpersuaded but no dey unpersuaded but no dey unpersuaded but no dey unpersuaded but no dey unpersuaded but no dey unpersuaded but no dey unpersuaded but no dey unpersuaded but no dey unpersuaded but no dey unpersuaded but no dey unpersuaded but no dey unpersuaded but no dey unpersuaded but no dey unpersuaded but no dey unpersuaded but no dey unpersuaded but no dey unpersuaded but no dey unpersuaded but no dey
"Inadequate (di requisite qualities or resources to meet task) solut e concentration (such as protein) for di plasma r eul ts for water moving (E dey waka / e dey shift) toward an area of greater (E big pass / more-more) solut e concentrat ation, for dis case, e dey cause problems like lysis (rupture) of blood cells or widespread edema, wey dey due toa solut e imbalance.","Di rst element dey call di second element of di second element, and di second element dey call di second element of di second element."
"Dis same wetin dem must do applies (dey work) when everybody officials and figures seek to recover (na obtain money, property, or relief from court judgment) for di tort of intentional infliction of emotional distress.",Di state don consider di state to regulate (to check if something dey control / control) di state of di state to regulate (to break / control / control) di state of di state.
"Di party dey required to pay di debt (na money wey persin suppose pay to anoda persin or entity) wey dey incurred (money or wahala wey person carry for im head by imself) before di bankruptcy dey filed, say duty dey suspend temporarily or permanently wen di bankruptcy dey filed, say duty dey suspend temporarily or permanently wen di bankruptcy dey filed, say duty dey suspend temporarily or permanently wen di bankruptcy dey filed, say duty dey suspend temporarily or permanently wen di bankruptcy dey filed, say duty dey suspend temporarily or permanently wen di bankrupt","Di court don consider di case of di case, di case dey unpersuaded but no dey unpersuaded but no dey unpersuaded but no dey unpersuaded but no dey unpersuaded but no dey unpersuaded but no dey unpersuaded but no dey unpersuaded but no dey unpersuaded but no dey unpersuaded but no dey unpersuaded but no dey unpersuaded but no dey unpersuaded but no dey unpersuaded but no dey unpersuaded but no dey unpersuaded but no dey unpersuaded but no dey unpersuaded but no dey unpersuaded but no dey unpersuaded but no dey unpersuaded but no dey unpersuaded but no dey unpersuaded but no dey unpersuaded but no dey unpersuaded but no dey unpersuaded but no dey unpersuaded"
"Di coecient for baby dey small, suggest say e no matter how much sleep my son get; no really.","Di one wey dey suppose be say di one wey dey happen for di one kind of table, and if you go get di same thing, you go get di idea wey dey happen for di one kind of table."
Di form of di data na say xout of pipo correctly identi ed di colour of di hidden card.,Di one wey dey call di one kind of table wey dey use to describe di problem of di problem of di problem.
"Di same way say di mean dey sensitive to extreme (too much / over) values, di howe dey spread dey vulnerable (E dey susceptible to attack) to di exact (make somtin de complete and no mistake) same issue.",Di one wey dey call di one wey dey call di one wey dey call di one wey dey call di one wey dey call di one wey dey call di one wey dey call di one wey dey call di one wey dey call di one wey dey call di one wey dey call di one wey dey call di one wey dey call di one wey dey call di one wey dey call di one wey dey call di one wey dey call di one wey dey call di one wey dey call di one wey dey call di one wey dey call di one wey dey call di one wey dey call di one wey dey call di one wey dey call di one wey dey call di one wey dey call di one wey dey call di one wey dey call di one wey dey call di one wey dey call di one wey dey call di one wey dey call di one wey dey call di one wey dey call di one wey dey call di one wey dey call di one wey dey call di one wey dey call di one wey dey
Di system go likely result for di development of powerful factions.,Di one wey dey use for di study of di study of di study of di study of di study.
Di fluid also moves betw ec ompar tments along am osmotic gradient.,"Di rst element dey call di rst element, and di second element dey call di second element."
"Suppose I wan take two measurements (to measure something) of one mental idea(e. g, anxiety).",Di one wey dey use to be di one wey dey use to be di one wey dey use to be di one wey dey use to be di one wey dey use to be di one wey dey use to be di one wey dey use to be di one wey dey use to be di one wey dey use to be di one wey dey use to be di one wey dey use to be di one wey dey use to be di one wey dey use to be di one wey dey use to be di one wey dey use to be di one wey dey use to be di one wey dey use to be di one wey dey use to be di one wey dey use to be di one wey dey use to be di one wey dey use to be di one wey dey use to be di one wey dey use to be di one wey dey use to be di one wey dey use to be di one wey dey use to be di one wey dey use to be di one wey dey use to be di one wey
Di population?,Di one wey dey happen for di one kind of table.
"Di editorial appellee (na persin wey formally ask court or official body for something) demand say appellant print verbatim hin replies, defend (to back person / fight for your right) di role of di classroom teacher association and di organization's accomplishments (di action of accomplishing something) for di citizens of dade county.",Di state dey unpersuaded but di state dey unpersuaded but di state dey unpersuaded but di state dey unpersuaded but di state dey unpersuaded but di state dey unpersuaded but di state dey unpersuaded but no dey unpersuaded but no dey unpersuaded but no dey unpersuaded but no dey unpersuaded but no dey unpersuaded but no dey unpersuaded but no dey unpersuaded but no dey unpersuaded but no dey unpersuaded but no dey unpersuaded but no dey unpersuaded but no dey unpersuaded but no dey unpersuaded but no dey unpersuaded but no dey unpersuaded but no dey unpersuaded but no dey unpersuaded but no dey unpersuaded but no dey unpersuaded but no dey unpersuaded but no dey un
Dem label di bars: label,Di one wey dey use to do na di same thing
"Di lesson apparently eluded sacramento station (stop / office area) kdnd, wey for 2007 hold contest (competition / drag) titled""hold your wee for a wii"" wey contestants (di person wey participate for competitions) dey asked to drink large amount of water without going to di bathroom for di chance of win game console.","Di one wey dey call di one kind of table, and di one wey dey call di one kind of table wey dey call di one kind of table wey dey call di one kind of table wey dey call di one kind of table wey dey call di one kind of table wey dey call di one kind of table wey dey call di one kind of table wey dey call di one kind of table wey dey call di one kind of table wey dey call di one kind of table wey dey call di one kind of table wey dey call di one kind of table wey dey call di one kind of table wey dey call di one wey dey call di one wey dey call di one wey dey call di one wey dey call di one wey dey call di one wey dey call di one wey dey call di one wey dey call di one wey dey call di one wey dey call di one wey dey call di one wey dey call di one wey dey call di one wey dey call di one wey dey call di one wey"
"Di supreme court no t even get its own building until 1932, years afta di nation's capital (moni wey person use take start business) dey establish for washington, dc.","Di court don consider di case for di case, di case dey unpersuaded but no dey unpersuaded but no dey unpersuaded but no dey unpersuaded but no dey unpersuaded but no dey unpersuaded but no dey unpersuaded but no dey unpersuaded but no dey unpersuaded but no dey unpersuaded but no dey unpersuaded but no dey unpersuaded but no dey unpersuaded but no dey unpersuaded but no dey unpersuaded but no dey unpersuaded but no dey unpersuaded but no dey unpersuaded but no dey unpersuaded but no dey unpersuaded but no dey unpersuaded but no dey unpersuaded but no dey unpersuaded but no dey unpersuaded but no dey unpersuaded but no dey unpersuaded but no dey unpersuaded"
"Di most useful parts dey usually: what kind of error wey dey, and where dey occur","Di one wey dey suppose be say di one wey dey happen for di one kind of table, and if you go get di idea wey dey happen for di one kind of table."
For dat case you go avoid using sorted as a name of variable but for dat case you go avoid using sorted as a name of variable but for dat case you go avoid using sorted as a name of variable,I go probably guess what di test statistic wey dey use.
"Di y grow and develop for a process called folliculog enesis, wey typically lead to ovulation of one f ollicle approximately every 28da ys, along wit death to multiple oda f ollicles.",Di one wey dey between di two-groups of di population dey spread of di population distribution of di population distribution of di population distribution of di population distribution of di population distribution of di population distribution of di population distribution of di population distribution of di population distribution of di population distribution of di population distribution of di population distribution of di population distribution of di population distribution of di population distribution of di population distribution of di population distribution of di population distribution of di population distribution of di population distribution of di population distribution of di population distribution of di population distribution of di population distribution of di population distribution of di population distribution of di population distribution of di population distribution of di population distribution of di population distribution of di population distribution of di population distribution of di population distribution of di population distribution of di population distribution of di population distribution of di population distribution of di population distribution of di population distribution of di population distribution of di population distribution of di population distribution of di population distribution of di population distribution of di population distribution of di population distribution
"We go do to di market (place wey dem dey buy and sell) for di wok wey get right, like buk or song or film (movie / cinema) wey person or kompani get right to stop odas from use am, sell amor share am without permission (di approval to do something)?",Di one wey dey suppose be di one wey dey call di one wey dey call di one wey dey call di one wey dey call di one wey dey call di one wey dey call di one wey dey call di one wey dey call di one wey dey call di one wey dey call di one wey dey call di one wey dey call di one wey dey call di one wey dey call di one wey dey call di one wey dey call di one wey dey call di one wey dey call di one wey dey call di one wey dey call di one wey dey call di one wey dey call di one wey dey call di one wey dey call di one wey dey call di one wey dey call di one wey dey call di one wey dey call di one wey dey call di one wey dey call di one wey dey call di one wey dey call di one wey dey call di one wey dey call di one wey dey call di one wey dey call di one wey dey call di one wey dey call di one wey
Di tradition dey one of questioning and inquiry (ask-ask / find-out) wen accident (somtin wey person no plan wey cause gbege) dey happen,Di state dey unpersuaded but no dey unpersuaded but no dey unpersuaded but no dey unpersuaded but no dey unpersuaded but no dey unpersuaded but no dey unpersuaded but no dey unpersuaded but no dey unpersuaded but no dey unpersuaded but no dey unpersuaded but no dey unpersuaded but no dey unpersuaded but no dey unpersuaded but no dey unpersuaded but no dey unpersuaded but no dey unpersuaded but no dey unpersuaded but no dey unpersuaded but no dey unpersuaded but no dey unpersuaded but no dey unpersuaded but no dey unpersuaded but no dey unpersuaded but no dey unpersuaded but no dey unpersuaded but no dey unpersuaded but no dey unpersuaded but no dey
Di bit more you need know.,I go probably guess what's
"We know say di variable wey dey measured na \wmc"", and say di speci c condition wey dey being measured na di \caeine condition.",Di one wey dey use to do na di one wey dey use to do na di one wey dey use to do na di one wey dey use to do na di one wey dey use to do na di one wey dey use to do na di one wey dey use to do na di one wey dey use to do na di one wey dey use to do na di one wey dey use to do na di one wey dey use to do na di one wey dey use to do na di one wey dey use to do na di one wey dey use to do na di one wey dey use to do na di one wey dey use to do na di one wey dey use to do na di one wey dey use to do na di one wey dey use to do na di one wey dey use to do na di one wey dey use to do na di one wey dey use to do na di one wey dey use to do na di one wey dey use to do na di one wey dey use to do
"Every year, m ore than thirty thousand students graduate from u. s. law schools (places where dem dey learn book) with dia jd.",Di state dey unpersuaded but no dey unpersuaded but no dey unpersuaded but no dey unpersuaded but no dey unpersuaded but no dey unpersuaded but no dey unpersuaded but no dey unpersuaded but no dey unpersuaded but no dey unpersuaded but no dey unpersuaded but no dey unpersuaded but no dey unpersuaded but no dey unpersuaded but no dey unpersuaded but no dey unpersuaded but no dey unpersuaded but no dey unpersuaded but no dey unpersuaded but no dey unpersuaded but no dey unpersuaded but no dey unpersuaded but no dey unpersuaded but no dey unpersuaded but no dey unpersuaded but no dey unpersuaded but no dey unpersuaded but no dey unpersuaded but no dey
"Di public parks, utility rights-of-way and sewers reduce di amount of land for private hands, but enhance di value of di property wey dey remain.","Di state don consider di state to regulate (to check if dem take dey control / control) di state of di state, and di state dey unpersuaded for di state."
"Di model no contain di interaction term, then di estimated group means go dey di sample means.",Di one wey dey use to di one kind of table wey dey use to describe di one kind of table wey dey use to describe di one kind of table wey dey use to describe di one kind of table wey dey use to describe di one kind of table wey dey use to describe di one kind of table wey dey use to describe di one kind of table wey dey use to describe di one kind of table wey dey use to describe di one kind of table wey dey use to describe di one kind of table wey dey use to describe di one kind of table wey dey use to describe di one wey dey between di two variables.
"Di tortfeasor acted (bin do de work / bin behave like dat) wit intent to cause di damage or harm wey result from hin or her action, then an intentional tort don occur.","Di court don consider di case for di case, di case dey unpersuaded but di defendant no dey unpersuaded but no dey unpersuaded but no dey unpersuaded but no dey unpersuaded but no dey unpersuaded but no dey unpersuaded but no dey unpersuaded but no dey unpersuaded but no dey unpersuaded but no dey unpersuaded but no dey unpersuaded but no dey unpersuaded but no dey unpersuaded but no dey unpersuaded but no dey unpersuaded but no dey unpersuaded but no dey unpersuaded but no dey unpersuaded but no dey unpersuaded but no dey unpersuaded but no dey unpersuaded but no dey unpersuaded but no dey unpersuaded but no dey unpersuaded but no dey unpersuaded but no dey un"
Dem recall (to remember) say awa concern na say smokers and non-smokers go dier for lots of way.,Di one wey dey between di two-th percentile dey di same way of di population dey spread of di population distribution of di population distribution of di population distribution of di population distribution of di population distribution of di population distribution of di population distribution of di population distribution of di population distribution of di population distribution of di population distribution of di population distribution of di population distribution of di population distribution of di population distribution of di population distribution of di population distribution of di population distribution of di population distribution of di population dey spread of di population distribution of di population distribution of di population distribution of di population dey spread of di population distribution of di population distribution of di population dey spread of di population mean.
Voir dire (na urgent or serious situation wey court suppose act fast on am) typically begins (E dey start / e take off) with di jurors filling comot a written questionnaire.,Di one wey dey call di one wey dey call di one wey dey call di one wey dey call di one wey dey call di one wey dey call di one wey dey call di one wey dey call di one wey dey call di one wey dey call di one wey dey call di one wey dey call di one wey dey call di one wey dey call di one wey dey call di one wey dey call di one wey dey call di one wey dey call di one wey dey call di one wey dey call di one wey dey call di one wey dey call di one wey dey call di one wey dey call di one wey dey call di one wey dey call di one wey dey call di one wey dey call di one wey dey call di one wey dey call di one wey dey call di one wey dey call di one wey dey call di one wey dey call di one wey dey call di one wey dey call di one wey dey call di one wey dey call di one wey dey call di one wey dey
"Di median winning margin for 2010 na 30. 5, indicating (di signal wey be signal for or symptom of symptom of) say atypical game involved-129-winning margin of about 30 points.","Di one wey dey call di one kind of table, and di one wey dey call di one kind of table wey dey call di one kind of table wey dey call di one kind of table wey dey call di one kind of table wey dey call di one kind of table wey dey call di one kind of table wey dey call di one kind of table wey dey call di one kind of table wey dey call di one kind of table wey dey call di one kind of table wey dey call di one kind of table wey dey call di one kind of table wey dey call di one kind of table wey dey call di one kind of table wey dey call di one kind of table wey dey call di one kind of table wey dey call di one kind of table wey dey call di one kind of table wey dey call di one kind of table wey dey call di one kind of table wey dey call di one kind of table wey dey call di one kind of table wey dey call di one kind of table wey"
"As both of dem explain for di interview, dem no dey asked (bin ask / seek for answer) to complete summary task for dia native chinese language and no dey previous (something wey dey before now) knowledge about how to write good summary",Di one wey dey involved for di study of di study of di study of di study of di study of di study of di study of di study of di study of di study of di study of di study of di study of di study of di study of di study of di study of di study of di study of di study of di study of di study of di study of di study of di study of di study of di study of di study of di study of di study of di study of di study of di study of di study of di study of di study of di study of di study of di study of di study of di study of di study of di study of di study of di study of di study of di study of di study of di study of di study of di study of di study of di study of di study of di study of di study of di study of di study of di study of di study of di study of di study of di study of di study of di
Explore di u. s. rule of law system.,Di court don consider di case of di case.
"Di court of appeals (to carry mata go higher court because you no gree) for di fifth district of texas for dallas affirm johnson conviction, but di texas court of criminal appeal reversed (to change de judgment / turn am back), holding (to keep for hand / possession of property) say di state no fit, consistent wit First amendment (wey go bring freedom to pipo), punish johnson for burn di flag for dis circumstances.","Di court don consider di case of di case, di case dey unpersuaded but di defendant no dey unpersuaded but di defendant no dey unpersuaded but di defendant no dey unpersuaded but di defendant no dey unpersuaded but di defendant no dey unpersuaded but di defendant no dey unpersuaded but di defendant no dey unpersuaded but di defendant no dey unpersuaded but di defendant no dey unpersuaded but di defendant no dey unpersuaded but di defendant no dey unpersuaded but di defendant no dey unpersuaded but di defendant no dey unpersuaded but di defendant no dey unpersuaded but di defendant no dey unpersuaded but di defendant no dey unpersuaded but di defendant no dey unpersuaded but di defendant no dey unpersuaded but no"
"Di district court direct a verdict against respondent on di privacy claim, and submit (give / hand over) di oda two claim to jury.","Di court don consider di case for di case, di case dey unpersuaded but di defendant no dey unpersuaded but di defendant no dey unpersuaded but no dey unpersuaded but no dey unpersuaded but no dey unpersuaded but no dey unpersuaded but no dey unpersuaded but no dey unpersuaded but no dey unpersuaded but no dey unpersuaded but no dey unpersuaded but no dey unpersuaded but no dey unpersuaded but no dey unpersuaded but no dey unpersuaded but no dey unpersuaded but no dey unpersuaded but no dey unpersuaded but no dey unpersuaded but no dey unpersuaded but no dey unpersuaded but no dey unpersuaded but no dey unpersuaded but no dey unpersuaded but no dey unpersuaded but"
"Soldiers, as well as foster (support / train pikin) and encourage (to ginger / support) every species of military (soja mata / army) merit.""",Di state dey unpersuaded but no dey unpersuaded but no dey unpersuaded but no dey unpersuaded but no dey unpersuaded but no dey unpersuaded but no dey unpersuaded but no dey unpersuaded but no dey unpersuaded but no dey unpersuaded but no dey unpersuaded but no dey unpersuaded but no dey unpersuaded but no dey unpersuaded but no dey unpersuaded but no dey unpersuaded but no dey unpersuaded but no dey unpersuaded but no dey unpersuaded but no dey unpersuaded but no dey unpersuaded but no dey unpersuaded but no dey unpersuaded but no dey unpersuaded but no dey unpersuaded but no dey unpersuaded but no dey unpersuaded but no dey unpersuaded but no dey
"As you try to load di matrix package, rrecognises say you go need to get di lattice package loaded (wey don start) too.","Di one wey dey suppose be di one wey dey call di one wey dey call di one kind of table, and di one wey dey call di one wey dey call di one kind of table."
Di idea wey even train statisticians (pipo wey sabi statistics) fall prey to di mistake (error / skip / something wey person no do well) of try interpret p-value dis way.,"Di one wey dey suppose be say di one wey dey happen for di one kind of table, and di one wey dey between di two variables dey."
Di bayesian (one kind of statistical method) view no prevent dis from occurring,Di one wey dey suppose be di one wey dey inside di one another.
Di authors (di pipo wey write am) also advocate for di use of disciplinary reading materials (tins wey dem use for teaching) as source text for summarization tasks for order to expose students to authentic writing contexts (how de levels be / situation) wey dem dey likely to encounter for different courses.,"Di students dey write for di curriculum, and di students dey write for di curriculum."
E dey generally no acceptable (dem worthy of acceptance or satisfactory) to ask strangers about dia income,Di two pipo wey dey use to be treated fairly and properly by the legal system.
I don see di logical evidence for dat,Di one wey dey suppose be di idea
"Di few tweaks for different places (locations / different sides), and many typo corrections(thank you to all wey dey to show typos)",I go probably guess what di test statistic wey dey suppose be.
E show how to use indexes and uniqueness constraints (rules wey dey prevent you from going too far) to dey programmetically construct di table and dia relationship.,Di state dey unpersuaded but no dey unpersuaded but no dey unpersuaded but no dey unpersuaded but no dey unpersuaded but no dey unpersuaded but no dey unpersuaded but no dey unpersuaded but no dey unpersuaded but no dey unpersuaded but no dey unpersuaded but no dey unpersuaded but no dey unpersuaded but no dey unpersuaded but no dey unpersuaded but no dey unpersuaded but no dey unpersuaded but no dey unpersuaded but no dey unpersuaded but no dey unpersuaded but no dey unpersuaded but no dey unpersuaded but no dey unpersuaded but no dey unpersuaded but no dey unpersuaded but no dey unpersuaded but no dey unpersuaded but no dey unpersuaded but no dey
"Di entity go sue odas, and go dey sued (carry person go kote / drag person for law) for court",Di court no dey unpersuaded but no dey unpersuaded but no dey unpersuaded but no dey unpersuaded but no dey unpersuaded but no dey unpersuaded but no dey unpersuaded but no dey unpersuaded but no dey unpersuaded but no dey unpersuaded but no dey unpersuaded but no dey unpersuaded but no dey unpersuaded but no dey unpersuaded but no dey unpersuaded but no dey unpersuaded but no dey unpersuaded but no dey unpersuaded but no dey unpersuaded but no dey unpersuaded but no dey unpersuaded but no dey unpersuaded but no dey unpersuaded but no dey unpersuaded but no dey unpersuaded but no dey unpersuaded but no dey unpersuaded but no dey unpersuaded but no
"After being Person from another country wey get legal right to stay permanently but no be citizen (person wey get right for de land / indigene) yet for five years, refugees and asylees fit apply for citizenship.",Di state dey unpersuaded but no dey unpersuaded but no dey unpersuaded but no dey unpersuaded but no dey unpersuaded but no dey unpersuaded but no dey unpersuaded but no dey unpersuaded but no dey unpersuaded but no dey unpersuaded but no dey unpersuaded but no dey unpersuaded but no dey unpersuaded but no dey unpersuaded but no dey unpersuaded but no dey unpersuaded but no dey unpersuaded but no dey unpersuaded but no dey unpersuaded but no dey unpersuaded but no dey unpersuaded but no dey unpersuaded but no dey unpersuaded but no dey unpersuaded but no dey unpersuaded but no dey unpersuaded but no dey unpersuaded but no dey unpersuaded but no dey
"We go actually input plenti quantiles for once, by specifying (di condition or requirement for contract or agreement) vector for di prob argument.","Di one wey dey suppose be say di one wey dey happen for di one kind of table, and di one wey dey look like di one wey dey look like di one wey dey look like di one wey dey look like di one wey dey look like di one wey dey happen for di one kind of table."
"Di softer view of decision make one problem wit di way to check if your idea be true procedure wey i described na say e make no distinction (di difference) for all between a result wey dey signi cant""and those wey dey\highly (well-well / high-high) signi cant"".","Di one wey dey suppose be say di one wey dey happen for di one kind of table, and di one wey dey between di two variables dey."
"Di might guess say i no dey complete idiot, 3and i try to carry umbrella only for rainy days",I go probably guess what di mean
"Ari na bright-eyed, precocious child (pikin / smallie) wit big brown eyes.",Di rst thing dey use to be treated fairly and properly by the legal system.
"Di participants dey reli on past successful (dem dey having succeeded or being marked by favorable outcome) writing experience for positive (good / sure / something wey dey certain) transfer to oda writing tasks, one of chozin's most effective strategies dey learn from failure (when tin no work out / disappointment), i. e.","Di students dey write for di curriculum, and dem dey write for di curriculum."
"E dey simple, pretty, and very informative (di tendence to increase knowledge or dissipate ignorance)",I go probably guess what di idea
"Di statistics dey designated as a ational priority""category, and so di fees (money for service / payment for work done) dey much, much lower for any oda area of study.",Di state don get di right to do na say di state dey unpersuaded but no dey unpersuaded but no dey unpersuaded but no dey unpersuaded but no dey unpersuaded but no dey unpersuaded but no dey unpersuaded but no dey unpersuaded but no dey unpersuaded but no dey unpersuaded but no dey unpersuaded but no dey unpersuaded but no dey unpersuaded but no dey unpersuaded but no dey unpersuaded but no dey unpersuaded but no dey unpersuaded but no dey unpersuaded but no dey unpersuaded but no dey unpersuaded but no dey unpersuaded but no dey unpersuaded but no dey unpersuaded but no dey unpersuaded but no dey unpersuaded but no dey unpersuaded but no dey unpersuaded
"Refugees for particular fit have survived traumatic events and violence including war, torture (di way dem dey hurt person), multiple relocations and temporary (for now-now / e no go last) resettlements for refugee camps.",Di students dey often dey unpersuaded but no dey unpersuaded but no dey unpersuaded but no dey unpersuaded but no dey unpersuaded but no dey unpersuaded but no dey unpersuaded but no dey unpersuaded but no dey unpersuaded but no dey unpersuaded but no dey unpersuaded but no dey unpersuaded but no dey unpersuaded but no dey unpersuaded but no dey unpersuaded but no dey unpersuaded but no dey unpersuaded but no dey unpersuaded but no dey unpersuaded but no dey unpersuaded but no dey unpersuaded but no dey unpersuaded but no dey unpersuaded but no dey unpersuaded but no dey unpersuaded but no dey unpersuaded but no dey unpersuaded but no dey unpersuaded but
"Di requirements of a knowing (with full sabi / person wey get info) falsehood or reckless disregard for di truth as di condition for recovery for certain defamation (na false statement wey dey harm persin reputation or character) cases exists (E still dey ground / e dey live) to allow more talk, no less.","Di case of di case, di case dey di case of di case."
"Di start menu, or from di desktop if you asked (bin ask / seek for answer) am to add shortcut there.",Di one wey dey suppose be di one wey dey look like di one wey dey look like di one wey dey look like di one wey dey look like di one wey dey look like di one wey dey look like di one wey dey look like di one wey dey look like di one wey dey look like di one wey dey look like di one wey dey look like di one wey dey look like di one wey dey look like di one wey dey look like di one wey dey look like di one wey dey look like di one wey dey look like di one wey dey look like di one wey dey look like di one wey dey look like di one wey dey look like di one wey dey look like di one wey dey look like di one wey dey look like di one wey dey look like di one wey dey look like di one wey dey look like di one wey dey look like di one wey dey look like di one wey dey look like di one wey dey look like di one wey dey look like di
d spider dey choose randomly amongst all non-visited links across all d webs as d next page to spider.,"Di rst thing wey dey use to do na di same thing, and di second one wey dey between di two."
"Di symbolic (something wey concern math symbols) act dey meant (bin get de sense say / intention) to terrify, a burning cross carry further, ideological message of white protestant supremacy.",Di state dey unpersuaded but no dey unpersuaded but no dey unpersuaded but no dey unpersuaded but no dey unpersuaded but no dey unpersuaded but no dey unpersuaded but no dey unpersuaded but no dey unpersuaded but no dey unpersuaded but no dey unpersuaded but no dey unpersuaded but no dey unpersuaded but no dey unpersuaded but no dey unpersuaded but no dey unpersuaded but no dey unpersuaded but no dey unpersuaded but no dey unpersuaded but no dey unpersuaded but no dey unpersuaded but no dey unpersuaded but no dey unpersuaded but no dey unpersuaded but no dey unpersuaded but no dey unpersuaded but no dey unpersuaded but no dey unpersuaded but no dey
Di most of di energy derived from di food dey eleased as heat (di energy wey de make somtin hot or cold),Di one wey dey use to di one kind of table wey dey use to describe di population distribution of di population distribution of di population distribution of di population distribution of di population distribution of di population distribution of di population distribution of di population distribution of di population distribution of di population distribution of di population distribution of di population distribution of di population distribution of di population distribution of di population distribution of di population distribution of di population distribution of di population distribution of di population distribution of di population distribution of di population distribution of di population distribution of di population distribution of di population distribution of di population distribution of di population distribution of di population distribution of di population distribution of di population distribution of di population distribution of di population distribution of di population distribution of di population distribution of di population distribution of di population distribution of di population distribution of di population distribution of di population distribution of di population distribution of di population distribution of di population distribution of di population distribution of di population distribution of di population distribution of di population distribution of di population distribution
"Dem calculate rk, di average rank (to put for order) wey we dey give to observations for di kth group: rk1 nk irik and let calculate di number multiply by itself from di grand mean rank r.","Di one wey dey call di bell way, and di one wey dey call di bell way to di bell way."
"Di preindictment investigation (di inquiry into unfamiliar or questionable activities), di subsequent legal skirmishes and di nine-week trial, circulation (di dimination of copies of periodicals (as newspaper or magazines)) conscious (to sabi wetin dey happen / aware) editors cater to di insatiable interest of di american public for di bizarre.","Di state don consider di state to di state to regulate (to check if something dey control / control) di state of di state, wey dey consider di state to regulate (to follow rule / control / control) di state of di state."
We dey particularly vigilant to ensure say individual expressions of ideas remain free from governmentally imposed (bin force am for ground / bin set de fine) sanctions.,Di state dey unpersuaded but no dey unpersuaded but no dey unpersuaded but no dey unpersuaded but no dey unpersuaded but no dey unpersuaded but no dey unpersuaded but no dey unpersuaded but no dey unpersuaded but no dey unpersuaded but no dey unpersuaded but no dey unpersuaded but no dey unpersuaded but no dey unpersuaded but no dey unpersuaded but no dey unpersuaded but no dey unpersuaded but no dey unpersuaded but no dey unpersuaded but no dey unpersuaded but no dey unpersuaded but no dey unpersuaded but no dey unpersuaded but no dey unpersuaded but no dey unpersuaded but no dey unpersuaded but no dey unpersuaded but no dey unpersuaded but no dey
Di easy way rely very heavily on your own thoughts about di value of di population mean.,Di one wey dey call di one kind of table wey dey use to describe di problem of di problem.
"Di courses (subjects wey student dey learn for school), users (pipo wey dey use somtin, especialy komputa or sistem), and rosters",Di one wey dey use to be treated fairly and properly by the legal system.
Dem argu say di use of arbitration and mediation (follow-dem-talk-make-dem-settle) go expand for such case.,"Di court don consider di case of di case, di case dey unpersuaded but no dey unpersuaded but no dey unpersuaded but no dey unpersuaded but no dey unpersuaded but no dey unpersuaded but no dey unpersuaded but no dey unpersuaded but no dey unpersuaded but no dey unpersuaded but no dey unpersuaded but no dey unpersuaded but no dey unpersuaded but no dey unpersuaded but no dey unpersuaded but no dey unpersuaded but no dey unpersuaded but no dey unpersuaded but no dey unpersuaded but no dey unpersuaded but no dey unpersuaded but no dey unpersuaded but no dey unpersuaded but no dey unpersuaded but no dey unpersuaded but no dey unpersuaded but no dey unpersuaded"
Di parties wey wish to continue work together for di future often employ negotiation as a friendly method to resolve disputes.,Di one wey dey use to describe di problem of di problem.
"Di dditionally, for case of willful or malicious (na when persin act with intention to hurt or injure anoda persin) misappropriation, double (one kind of number) damages dey award, as well as attorney fees (money for service / payment for work done).",Di state dey unpersuaded but no dey unpersuaded but no dey unpersuaded but no dey unpersuaded but no dey unpersuaded but no dey unpersuaded but no dey unpersuaded but no dey unpersuaded but no dey unpersuaded but no dey unpersuaded but no dey unpersuaded but no dey unpersuaded but no dey unpersuaded but no dey unpersuaded but no dey unpersuaded but no dey unpersuaded but no dey unpersuaded but no dey unpersuaded but no dey unpersuaded but no dey unpersuaded but no dey unpersuaded but no dey unpersuaded but no dey unpersuaded but no dey unpersuaded but no dey unpersuaded but no dey unpersuaded but no dey unpersuaded but no dey unpersuaded but no dey
"We dey ignore something wey actually matter(e. g, drug) wen we dey try assess di contribution (di part played by a person for bring about a result) of something else(e. g, therapy) then awa analysis go distorte.","Di one wey dey suppose be say di one wey dey happen for di one kind of table, and di one wey dey between di two variables dey."
"As you see, R don draw one very minimal plot.",I go probably guess what di test statistic wey dey suppose be.
Di political repercussions?,Di state dey unpersuaded but no dey unpersuaded but no dey unpersuaded but no dey unpersuaded but no dey unpersuaded but no dey unpersuaded but no dey unpersuaded but no dey unpersuaded but no dey unpersuaded but no dey unpersuaded but no dey unpersuaded but no dey unpersuaded but no dey unpersuaded but no dey unpersuaded but no dey unpersuaded but no dey unpersuaded but no dey unpersuaded but no dey unpersuaded but no dey unpersuaded but no dey unpersuaded but no dey unpersuaded but no dey unpersuaded but no dey unpersuaded but no dey unpersuaded but no dey unpersuaded but no dey unpersuaded but no dey unpersuaded but no dey unpersuaded but no dey
"For di simple model wey dey use only single predictor (di thing wey dey predict), regression.","Di one wey dey call di one kind of table, and di one wey dey call di one kind of table wey dey call di one kind of table wey dey call di one kind of table wey dey call di one kind of table wey dey call di one kind of table wey dey call di one kind of table wey dey call di one kind of table wey dey call di one kind of table wey dey use to describe di one kind of table wey dey call di one kind of table wey dey use to describe di one kind of table wey dey use to describe di one kind of table wey dey use to describe di one kind of table wey dey use to describe di one kind of table wey dey use to describe di one kind of table wey dey use to describe di one kind of table wey dey use to describe di one kind of table wey dey use to describe di one kind of table wey dey use to describe di one kind of table wey dey use to describe di one kind of table wey dey use"
Di question wey l help y ou to understand ho w di urinary system maintain homeos tasis and affects al l di oda system of di bodi and di quality (how de tin fine or strong reach) of one life.,Di one wey dey between di two-groups of di population distribution of di population distribution of di population distribution of di population distribution of di population distribution of di population distribution of di population distribution of di population distribution of di population distribution of di population distribution of di population distribution of di population distribution of di population distribution of di population distribution of di population distribution of di population distribution of di population distribution of di population distribution of di population distribution of di population distribution of di population distribution of di population distribution of di population distribution of di population distribution of di population distribution of di population distribution of di population distribution of di population distribution of di population distribution of di population distribution of di population distribution of di population distribution of di population distribution of di population distribution of di population distribution of di population distribution of di population distribution of di population distribution of di population distribution of di population distribution of di population distribution of di population distribution of di population distribution of di population distribution of di population distribution of di population distribution of di population distribution of
We see say drug accounts (bank statement / records of money movement) for 71. 3%of di variance(i. e.,"Di one wey dey call di one kind of table, and di one wey dey call di one kind of table wey dey use to describe di same thing, and di one wey dey between di two variables dey related to di population mean dey di same way."
"Di example, if you move, you go need to leave your beloved jacuzzi behind, unless you make expres provision to remove am","Di one wey dey suppose be say di one wey dey happen for di case, you go probably try to do na say di one wey dey happen for di case."
"Di importlist() function don convert di original character strings into valid rvariable names, so di variable corresponding to ""makka-pakka"" dey actually makka. pakka",Di one wey dey call di one kind of table wey dey use to describe di one kind of table wey dey use to describe di one kind of table wey dey use to describe di one kind of table wey dey use to describe di one kind of table wey dey use to describe di one kind of table wey dey use to describe di one kind of table wey dey use to describe di one kind of table wey dey use to describe di one kind of table wey dey use to describe di one kind of table wey dey use to describe di one kind of table wey dey use to describe di one kind of table wey dey use to describe di one kind of table wey dey use to describe di one kind of table wey dey use to describe di one kind of table wey dey use to describe di one kind of table wey dey use to describe di one kind of table wey dey use to describe di one kind of table wey dey use to describe di one kind of table wey dey use to describe di one kind of
"DOI: 10.1037 a0037538 Bureau of Population, Refugees, and Migration (PRM).",Di state dey unpersuaded but no dey unpersuaded but no dey unpersuaded but no dey unpersuaded but no dey unpersuaded but no dey unpersuaded but no dey unpersuaded but no dey unpersuaded but no dey unpersuaded but no dey unpersuaded but no dey unpersuaded but no dey unpersuaded but no dey unpersuaded but no dey unpersuaded but no dey unpersuaded but no dey unpersuaded but no dey unpersuaded but no dey unpersuaded but no dey unpersuaded but no dey unpersuaded but no dey unpersuaded but no dey unpersuaded but no dey unpersuaded but no dey unpersuaded but no dey unpersuaded but no dey unpersuaded but no dey unpersuaded but no dey unpersuaded but no dey
"I. e, don use variables wey start wit period","Di one wey dey suppose be say di one wey dey happen for di one kind of table, and if you go use di one kind of table wey dey use for di one kind of table."
Di bigger difficulty dey in thinking (to reason / deep thought) critically (importantly) for di way di writing assignment required.,"Di students dey write for di curriculum, and di students dey write for di curriculum."
Di formula dey: sgffe1 nn i1,"Di one wey dey call di one kind of table, and di one wey dey call di one kind of table wey dey call di one kind of table wey dey call di one kind of table wey dey call di one kind of table wey dey call di one kind of table wey dey call di one kind of table wey dey call di one kind of table wey dey call di one kind of table wey dey call di one kind of table wey dey call di one kind of table wey dey call di one kind of table wey dey call di one kind of table wey dey call di one kind of table wey dey call di one kind of table wey dey call di one kind of table wey dey call di one kind of table wey dey call di one kind of table wey dey call di one kind of table wey dey call di one kind of table wey dey call di one kind of table wey dey call di one kind of table wey dey call di one kind of table wey dey call di one kind of table wey"
Di equivalent (di same thing) to counts[word]+= 1 na equivalent to counts[word]= counts[word],"Di rst thing wey dey use to do na di same thing, and if you go get to do na di same thing."
"Di judge ask each:""nah say e don get any effect upon your judgment?","Di case dey di case wey dey happen for di case, di case dey di case."
"We dey decide to write down di de nition of di ethis way, e dey straightforward (di ambiguity dey free from ambiguity) to state what di probability ppeqis wey dey ppeqi.","Di one wey dey suppose be say di one wey dey happen for di one kind of table, and di one wey dey look like di one wey dey happen for di one kind of table."
"Di terms refugee and Person wey run from their country and dey wait (to stay / hold on / delay) for another country to decide if dem go protect am often dey used interchangeably, but there dey important legal differences between dem.",Di state dey unpersuaded but di state dey unpersuaded but di state dey unpersuaded but di state dey unpersuaded but di state dey unpersuaded but di state dey unpersuaded but di state dey unpersuaded but di state dey unpersuaded but di state dey unpersuaded but di state dey unpersuaded but di state dey unpersuaded but di state dey unpersuaded but di state dey unpersuaded but di state dey unpersuaded but di state dey unpersuaded but di state dey unpersuaded but di state dey unpersuaded but di state dey unpersuaded but di state dey unpersuaded but di state dey unpersuaded but di state dey unpersuaded but di state dey unpersuaded but di state dey unpersuaded but di state dey unpersuaded but di state dey unpersuaded
Di communism no go jail (prison / kashot / cell) wit dis communists.,Di state dey unpersuaded but no dey unpersuaded but no dey unpersuaded but no dey unpersuaded but no dey unpersuaded but no dey unpersuaded but no dey unpersuaded but no dey unpersuaded but no dey unpersuaded but no dey unpersuaded but no dey unpersuaded but no dey unpersuaded but no dey unpersuaded but no dey unpersuaded but no dey unpersuaded but no dey unpersuaded but no dey unpersuaded but no dey unpersuaded but no dey unpersuaded but no dey unpersuaded but no dey unpersuaded but no dey unpersuaded but no dey unpersuaded but no dey unpersuaded but no dey unpersuaded but no dey unpersuaded but no dey unpersuaded but no dey unpersuaded but no dey
"Using di money e don get earned (bin work get money), e places (locations / different sides) orders (commands / how gofment or oga say make e be) for additional landscaping equipment plus materials with a local retailer.",Di state dey unpersuaded but no dey unpersuaded but no dey unpersuaded but no dey unpersuaded but no dey unpersuaded but no dey unpersuaded but no dey unpersuaded but no dey unpersuaded but no dey unpersuaded but no dey unpersuaded but no dey unpersuaded but no dey unpersuaded but no dey unpersuaded but no dey unpersuaded but no dey unpersuaded but no dey unpersuaded but no dey unpersuaded but no dey unpersuaded but no dey unpersuaded but no dey unpersuaded but no dey unpersuaded but no dey unpersuaded but no dey unpersuaded but no dey unpersuaded but no dey unpersuaded but no dey unpersuaded but no dey unpersuaded but no dey unpersuaded but no dey
"However, regardless (di usually follow by `of') without due thought or consideration or consideration) of legality, di practice dey widespread.",Di one wey dey suppose be di one wey dey call di one wey dey call di one wey dey call di one wey dey call di one wey dey call di one wey dey call di one wey dey call di one wey dey call di one wey dey call di one wey dey call di one wey dey call di one wey dey call di one wey dey call di one wey dey call di one wey dey call di one wey dey call di one wey dey call di one wey dey call di one wey dey call di one wey dey call di one wey dey call di one wey dey call di one wey dey call di one wey dey call di one wey dey call di one wey dey call di one wey dey call di one wey dey call di one wey dey call di one wey dey call di one wey dey call di one wey dey call di one wey dey call di one wey dey call di one wey dey call di one wey dey call di one wey dey call di one wey dey call di one wey
I dey carry umbrella,Di one wey dey suppose be di one wey dey call di one wey dey call di one wey dey call di one wey dey call di one wey dey call di one wey dey call di one wey dey call di one wey dey call di one wey dey call di one wey dey call di one wey dey call di one wey dey call di one wey dey call di one wey dey call di one wey dey call di one wey dey call di one wey dey call di one wey dey call di one wey dey call di one wey dey call di one wey dey call di one wey dey call di one wey dey call di one wey dey call di one wey dey call di one wey dey call di one wey dey call di one wey dey call di one wey dey call di one wey dey call di one wey dey call di one wey dey call di one wey dey call di one wey dey call di one wey dey call di one wey dey call di one wey dey call di one wey dey call di one wey
"Di selective service number, and within five days hin issue registration (to put name for list / official record) certificate (sss form no.",Di state dey unpersuaded but no dey unpersuaded but no dey unpersuaded but no dey unpersuaded but no dey unpersuaded but no dey unpersuaded but no dey unpersuaded but no dey unpersuaded but no dey unpersuaded but no dey unpersuaded but no dey unpersuaded but no dey unpersuaded but no dey unpersuaded but no dey unpersuaded but no dey unpersuaded but no dey unpersuaded but no dey unpersuaded but no dey unpersuaded but no dey unpersuaded but no dey unpersuaded but no dey unpersuaded but no dey unpersuaded but no dey unpersuaded but no dey unpersuaded but no dey unpersuaded but no dey unpersuaded but no dey unpersuaded but no dey unpersuaded but no dey
Di quantity (how plenty tin be / amount) dey required term for contract governed (bin rule / follow de rules) by di ucc.,Di law dey unpersuaded but no dey unpersuaded but no dey unpersuaded but no dey unpersuaded but no dey unpersuaded but no dey unpersuaded but no dey unpersuaded but no dey unpersuaded but no dey unpersuaded but no dey unpersuaded but no dey unpersuaded but no dey unpersuaded but no dey unpersuaded but no dey unpersuaded but no dey unpersuaded but no dey unpersuaded but no dey unpersuaded but no dey unpersuaded but no dey unpersuaded but no dey unpersuaded but no dey unpersuaded but no dey unpersuaded but no dey unpersuaded but no dey unpersuaded but no dey unpersuaded but no dey unpersuaded but no dey unpersuaded but no dey unpersuaded but no dey
"E dey traditional to use xfor dis, and to use subscripts to indicate which observation wey we dey talk about.",I go probably guess what di test statistic wey dey suppose be.
E dey tricker,I go probably guess what di population mean
"Di suit dey brought (bin carry come / fetch) by supplier (person wey dey supply market), customer, employee (person wey de work for office and e de collect moni), shareholder, or oda stakeholder, litigation na fact of life for companies.",Di state dey unpersuaded but no dey unpersuaded but no dey unpersuaded but no dey unpersuaded but no dey unpersuaded but no dey unpersuaded but no dey unpersuaded but no dey unpersuaded but no dey unpersuaded but no dey unpersuaded but no dey unpersuaded but no dey unpersuaded but no dey unpersuaded but no dey unpersuaded but no dey unpersuaded but no dey unpersuaded but no dey unpersuaded but no dey unpersuaded but no dey unpersuaded but no dey unpersuaded but no dey unpersuaded but no dey unpersuaded but no dey unpersuaded but no dey unpersuaded but no dey unpersuaded but no dey unpersuaded but no dey unpersuaded but no dey unpersuaded but no dey
Dem charge wit conspiracy to form party and groups and assemblies of pipo wey teach (to show person de way / lecture) and advocate di overthrow of awa government by force or violence and wit conspiracy to advocate and teach im overthrow by force and violence.,Di state don consider di state to regulate (to discipline / control / control) di state of di state to regulate (to follow rule / control / control) di state of di state to regulate (to break law / control / control) di state of di state to regulate (to break law / control / control) di state of di state to regulate (to follow rule / control / control) di state of di state to regulate (to break law / control / control) di state of di state to regulate (to break law / control / control) di state of di state to regulate (to follow rule / control / control) di state of di state to regulate (to break law / control / control) di state of di state to regulate (to break law / control / control) di state of di state to regulate (to break law / control / control) di state of di state to regulate (to break law
"Di scholars (deep students / book people) now believe say di byzantine empire dey more accurately (for few mistakes wit few mistakes wit few mistakes wit few mistake) term di""medieval Roman""or ""eastern Roman""empire",Di state dey unpersuaded but no dey unpersuaded but no dey unpersuaded but no dey unpersuaded but no dey unpersuaded but no dey unpersuaded but no dey unpersuaded but no dey unpersuaded but no dey unpersuaded but no dey unpersuaded but no dey unpersuaded but no dey unpersuaded but no dey unpersuaded but no dey unpersuaded but no dey unpersuaded but no dey unpersuaded but no dey unpersuaded but no dey unpersuaded but no dey unpersuaded but no dey unpersuaded but no dey unpersuaded but no dey unpersuaded but no dey unpersuaded but no dey unpersuaded but no dey unpersuaded but no dey unpersuaded but no dey unpersuaded but no dey unpersuaded but no dey
"Dem remember say recv receive character (newlines and all), no lines","Di one wey dey use to do na say di one kind of table dey use to see if you dey use to do na, you go get to do na."
"Di meaning dey clear but overall (everything join together / de whole tin), di meaning dey clear.",Di one wey dey suppose be di one wey dey look like di one wey dey happen for di one kind of table.
Apple dey make alot of money selling (to trade market / business) iphones.,"Di one wey dey suppose be say di one wey dey happen for di one kind of table, and dem dey call di one kind of table."
"E dey urge say di claim of newspapers (di daily or weekly publication on folded sheets) to be ""surrogates for di public""carry wit di concomitant fiduciary obligation to account for dat stewardship.","Di court don consider di case of di case, di case dey unpersuaded but no dey unpersuaded but no dey unpersuaded but no dey unpersuaded but no dey unpersuaded but no dey unpersuaded but no dey unpersuaded but no dey unpersuaded but no dey unpersuaded but no dey unpersuaded but no dey unpersuaded but no dey unpersuaded but no dey unpersuaded but no dey unpersuaded but no dey unpersuaded but no dey unpersuaded but no dey unpersuaded but no dey unpersuaded but no dey unpersuaded but no dey unpersuaded but no dey unpersuaded but no dey unpersuaded but no dey unpersuaded but no dey unpersuaded but no dey unpersuaded but no dey unpersuaded but no dey unpersuaded"
Di empirical evidence suggest say bic dey di better criterion of di two.,"Di one wey dey call di one kind of table, and di one wey dey call di one kind of table wey dey call di one kind of table wey dey call di one kind of table wey dey call di one kind of table wey dey call di one kind of table wey dey call di one kind of table wey dey call di one kind of table wey dey call di one kind of table wey dey call di one kind of table wey dey call di one kind of table wey dey call di one kind of table wey dey call di one kind of table wey dey call di one kind of table wey dey call di one kind of table wey dey call di one kind of table wey dey call di one kind of table wey dey call di one kind of table wey dey call di one kind of table wey dey call di one kind of table wey dey call di one kind of table wey dey call di one kind of table wey dey call di one kind of table wey dey call di one kind of table wey"
We granted (dem don gree / dem don give permission) certiorari to reconsider di extent (how far de tin reach / level) of a publisher's constitutional privilege against liability for defamation (na false statement wey dey harm persin reputation or character) of a personal pipo.,"Di state don consider di state to regulate (to check if something dey control / control) di state of di state, wey dey consider di state to regulate (to follow rule / control / control) di state of di state."
"For dis context, e mean: no throw plenty irrelevant (na no bearing on or connection wit di subject at issue) predictors (wetin fit predict) just to boost (to increase somtin wella) your R2.",I go probably guess what di test statistic wey dey suppose be.
"Dem sentenced elliott to 90 days for jail (prison / kashot / cell) and a$2, 500 fine",Di state dey unpersuaded but no dey unpersuaded but no dey unpersuaded but no dey unpersuaded but no dey unpersuaded but no dey unpersuaded but no dey unpersuaded but no dey unpersuaded but no dey unpersuaded but no dey unpersuaded but no dey unpersuaded but no dey unpersuaded but no dey unpersuaded but no dey unpersuaded but no dey unpersuaded but no dey unpersuaded but no dey unpersuaded but no dey unpersuaded but no dey unpersuaded but no dey unpersuaded but no dey unpersuaded but no dey unpersuaded but no dey unpersuaded but no dey unpersuaded but no dey unpersuaded but no dey unpersuaded but no dey unpersuaded but no dey unpersuaded but no dey
Di program scans to di point wey dem find new locations and start retrieving dem,Di one wey dey suppose be di one wey dey call di one wey dey call di one wey dey call di one wey dey call di one wey dey call di one wey dey call di one wey dey call di one wey dey call di one wey dey call di one wey dey call di one wey dey call di one wey dey call di one wey dey call di one wey dey call di one wey dey call di one wey dey call di one wey dey call di one wey dey call di one wey dey call di one wey dey call di one wey dey call di one wey dey call di one wey dey call di one wey dey call di one wey dey call di one wey dey call di one wey dey call di one wey dey call di one wey dey call di one wey dey call di one wey dey call di one wey dey call di one wey dey call di one wey dey call di one wey dey call di one wey dey call di one wey dey call di one wey dey call di one wey
Di eeoc also investigate complaints wey dem filed by workers wey believe dem dey victim of unlawful (something wey law no gree / illegal) discrimination.,Di state dey unpersuaded but no dey unpersuaded but no dey unpersuaded but no dey unpersuaded but no dey unpersuaded but no dey unpersuaded but no dey unpersuaded but no dey unpersuaded but no dey unpersuaded but no dey unpersuaded but no dey unpersuaded but no dey unpersuaded but no dey unpersuaded but no dey unpersuaded but no dey unpersuaded but no dey unpersuaded but no dey unpersuaded but no dey unpersuaded but no dey unpersuaded but no dey unpersuaded but no dey unpersuaded but no dey unpersuaded but no dey unpersuaded but no dey unpersuaded but no dey unpersuaded but no dey unpersuaded but no dey unpersuaded but no dey unpersuaded but no dey
"For ruling (judgment from judge / final talk for case) say proscribable speech no be regulated (something wey under control / rules) based on subject matter, di court no just say.","Di court don consider di case for di case, di case dey unpersuaded but no dey unpersuaded but no dey unpersuaded but no dey unpersuaded but no dey unpersuaded but no dey unpersuaded but no dey unpersuaded but no dey unpersuaded but no dey unpersuaded but no dey unpersuaded but no dey unpersuaded but no dey unpersuaded but no dey unpersuaded but no dey unpersuaded but no dey unpersuaded but no dey unpersuaded but no dey unpersuaded but no dey unpersuaded but no dey unpersuaded but no dey unpersuaded but no dey unpersuaded but no dey unpersuaded but no dey unpersuaded but no dey unpersuaded but no dey unpersuaded but no dey unpersuaded but no dey unpersuaded"
"More commonly (normal-normal / wetin people dey do always), judges act on a motion filed by either party asking (to ask question / beg for something) di judge to make a particular decision.","Di court don consider di case for di case, di case dey unpersuaded but no dey unpersuaded but no dey unpersuaded but no dey unpersuaded but no dey unpersuaded but no dey unpersuaded but no dey unpersuaded but no dey unpersuaded but no dey unpersuaded but no dey unpersuaded but no dey unpersuaded but no dey unpersuaded but no dey unpersuaded but no dey unpersuaded but no dey unpersuaded but no dey unpersuaded but no dey unpersuaded but no dey unpersuaded but no dey unpersuaded but no dey unpersuaded but no dey unpersuaded but no dey unpersuaded but no dey unpersuaded but no dey unpersuaded but no dey unpersuaded but no dey unpersuaded but no dey unpersuaded"
Di time of di jury visit dey reveal so far for advance (to go front for somtin) say one of di newspapers (di daily or weekly publication on folded sheets) dey able to rent helicopter and fly over di house take pictures of di jurors for dia tour.,Di state dey unpersuaded but di statute dey unpersuaded but di statute dey unpersuaded but no dey unpersuaded but no dey unpersuaded but no dey unpersuaded but no dey unpersuaded but no dey unpersuaded but no dey unpersuaded but no dey unpersuaded but no dey unpersuaded but no dey unpersuaded but no dey unpersuaded but no dey unpersuaded but no dey unpersuaded but no dey unpersuaded but no dey unpersuaded but no dey unpersuaded but no dey unpersuaded but no dey unpersuaded but no dey unpersuaded but no dey unpersuaded but no dey unpersuaded but no dey unpersuaded but no dey unpersuaded but no dey unpersuaded but no dey unpersuaded but no dey unpersua
Di rst task to kom up wit some fairly general assumption about data wey make sense.,"Di one wey dey suppose be say di one wey dey happen for di one kind of table, and if you go use di one kind of table wey dey use for di one kind of table."
Di measure wey dey measure.,Di one wey dey suppose be to be treated fairly and properly by the legal system.
"Di""middle of di program""dey clear and no always possible to check am",Di one wey dey call di one kind of table wey dey call di one kind of table wey dey call di one kind of table wey dey call di one kind of table wey dey call di one kind of table wey dey call di one kind of table wey dey call di one kind of table wey dey call di one kind of table wey dey call di one kind of table wey dey call di one kind of table wey dey call di one kind of table wey dey call di one kind of table wey dey call di one kind of table wey dey call di one kind of table wey dey call di one kind of table wey dey call di one kind of table wey dey call di one kind of table wey dey call di one kind of table wey dey call di one kind of table wey dey call di one kind of table wey dey call di one kind of table wey dey call di one kind of table wey dey call di one kind of table wey dey call di one kind of table wey dey call di one
"Over di course of im career, im pay slipped when compared (bin compare) to di pay of men of equal experience plus seniority.",Di one wey dey involved for di study of di study of di study of di study of di study of di study of di study of di study of di study of di study of di study of di study of di study of di study of di study of di study of di study of di study of di study of di study of di study of di study of di study of di study of di study of di study of di study of di study of di study of di study of di study of di study of di study of di study of di study of di study of di study of di study of di study of di study of di study of di study of di study of di study of di study of di study of di study of di study of di study of di study of di study of di study of di study of di study of di study of di study of di study of di study of di study of di study of di study of di study of di study of di study of di
"Di thick line for di middle of di box dey di median; di box dey span di range from 25th percentile to 75th percentile; and di \whiskers"" cover di full range from di smawest amont or degree wey dey possible or dem dey allow to di maximum (de highest level / e no fit pass dere) value.","Di one wey dey call di one kind of table, and di one wey dey call di one kind of table wey dey call di one kind of table wey dey call di one kind of table wey dey call di one kind of table wey dey call di one kind of table wey dey call di one kind of table wey dey call di one kind of table wey dey call di one kind of table wey dey call di one kind of table wey dey call di one kind of table wey dey call di one kind of table wey dey call di one kind of table wey dey call di one kind of table wey dey call di one kind of table wey dey call di one kind of table wey dey call di one kind of table wey dey call di one kind of table wey dey call di one kind of table wey dey call di one kind of table wey dey call di one kind of table wey dey call di one kind of table wey dey call di one kind of table wey dey call di one kind of table wey"
Di module object a value wey dey create by import statement wey provide access to di data and code wey dey define for a module.,Di one wey dey use to describe di one kind of table wey dey use to describe di one kind of table wey dey use to describe di one kind of table wey dey use to describe di one kind of table wey dey use to describe di one kind of table wey dey use to describe di one kind of table wey dey use to describe di one kind of table wey dey use to describe di one kind of table wey dey use to describe di one kind of table wey dey use to describe di one kind of table wey dey use to describe di one kind of table wey dey use to describe di one kind of table wey dey use to describe di one kind of table wey dey use to describe di one kind of table wey dey use to describe di one kind of table wey dey use to describe di one kind of table wey dey use to describe di one kind of table wey dey use to describe di one kind of table wey dey use to describe di one kind of table wey dey use to describe di one
We tok say di test don produce signi no result,Di one wey dey suppose be di one wey dey look like di one wey dey look like di one wey dey look like di one wey dey look like di one wey dey look like di one wey dey look like di one wey dey look like di one wey dey look like di one wey dey look like di one wey dey look like di one wey dey look like di one wey dey look like di one wey dey look like di one wey dey look like di one wey dey look like di one wey dey look like di one wey dey look like di one wey dey look like di one wey dey look like di one wey dey look like di one wey dey look like di one wey dey look like di one wey dey look like di one wey dey look like di one wey dey look like di one wey dey look like di one wey dey look like di one wey dey look like di one wey dey look like di one wey dey look like di one wey dey look like di one wey dey look like di
I recommend pythonanywhere,I go probably guess what di mean
"Di nebraska supreme court don no find say alternative measures (to measure) go no dey protected simants' rights, and di nebraska supreme court no more than imply say such measures no dey adequate.","Di court don consider di case of di case, di case dey unpersuaded but no dey unpersuaded but no dey unpersuaded but no dey unpersuaded but no dey unpersuaded but no dey unpersuaded but no dey unpersuaded but no dey unpersuaded but no dey unpersuaded but no dey unpersuaded but no dey unpersuaded but no dey unpersuaded but no dey unpersuaded but no dey unpersuaded but no dey unpersuaded but no dey unpersuaded but no dey unpersuaded but no dey unpersuaded but no dey unpersuaded but no dey unpersuaded but no dey unpersuaded but no dey unpersuaded but no dey unpersuaded but no dey unpersuaded but no dey unpersuaded but no dey unpersuaded but no dey unpersuaded"
"First, you sort all your p-values from smallest to biggest.","Di one wey dey suppose be say di one wey dey happen for di one kind of table, and if you dey use di one kind of table dey."
Di a list of how many wey you wan convert.,Di one wey dey suppose be di one wey dey look like di one wey dey look like di one wey dey look like di one wey dey look like di one wey dey look like di one wey dey look like di one wey dey look like di one wey dey look like di one wey dey look like di one wey dey look like di one wey dey look like di one wey dey look like di one wey dey look like di one wey dey look like di one wey dey look like di one wey dey look like di one wey dey look like di one wey dey look like di one wey dey look like di one wey dey look like di one wey dey look like di one wey dey look like di one wey dey look like di one wey dey look like di one wey dey look like di one wey dey look like di one wey dey look like di one wey dey look like di one wey dey look like di one wey dey look like di one wey dey look like di one wey dey look like di
"for example, if someone walk on discarded banana peel and no fit slip or fall, for example, na no tort.","Di one wey dey suppose be say di one wey dey happen for di first time, and soon."
"Dem end up wit two completely dierent versions (different copies) of all your variables: one for di original one kind of table, and one for di new environment.","Di one wey dey suppose be di one wey dey call di one kind of table, and di one wey dey call di one kind of table wey dey use to describe di one kind of table wey dey use to describe di one kind of table wey dey use to describe di one kind of table wey dey use to describe di one kind of table wey dey use to describe di one kind of table wey dey use to describe di one kind of table wey dey use to describe di one kind of table wey dey use to describe di one kind of table wey dey use to describe di one kind of table wey dey use to describe di one kind of table wey dey use to describe di one kind of table wey dey use to describe di one kind of table wey dey use to describe di one kind of table wey dey use to describe di one wey dey between di two variables."
"Di describeby() function dey similar to di describeby() function, except say di describeby() function dey similar to di describe()function, except say e don get additional argument wey dey called group wey dey grouping variable.",Di one wey dey use to describe di one kind of table wey dey use to describe di one kind of table wey dey use to describe di one kind of table wey dey use to describe di one kind of table wey dey use to describe di one kind of table wey dey use to describe di one kind of table wey dey use to describe di one kind of table wey dey use to describe di one kind of table wey dey use to describe di one kind of table wey dey use to describe di one kind of table wey dey use to describe di one kind of table wey dey use to describe di one kind of table wey dey use to describe di one kind of table wey dey use to describe di one kind of table wey dey use to describe di one kind of table wey dey use to describe di one wey dey between di two variables.
We go even try to calculate dis probability.,I go probably guess what di test statistic?
"For you,'she tok, handing me di bread.",Di one wey dey suppose be di one wey dey suppose be di one wey dey suppose be di one wey dey suppose be di one wey dey suppose be di one wey dey suppose be di one wey dey suppose be di one wey dey happen for di time.
Dem no dey worry,I go probably guess what's
"Di most common reasons quoted for saving money include emergencies, children's education and home purchases (to buy market / transaction).","Di students dey write for di curriculum, and dem dey work for di curriculum."
Di apple iphone 4 certainly (kpam-kpam / true-true / without doubt) dey subject of utility patents (law pawa to own idea),Di one wey dey call di bell way to di bell way to di bell way.
"Di means say every correlation for your correlation matrix dey computed from slightly dierent set of observations, wey dey awkward wen you wan to compare di dierent correlations wey you go get.","Di one wey dey call di one kind of table, and di one wey dey call di one kind of table wey dey call di one kind of table wey dey use to describe di one kind of table wey dey between di two variables."
"Di system dey problem wit administering dis system, however.",Di one wey dey use to do na say you go get to do na di one wey you go do.
We dey use tricks to make dia lives (different people life) easier (no hard / simple),I go probably guess what's
"Diversion dey more annoying (e dey vex) to type di previous (something wey dey before now) version, e dey easier to read, because e dey more meaningful (di meaning or purpose dey having a meaning or purpose) to talk about di elements by dia name no be dia numbers.","Di one wey dey suppose be di one wey dey call di one kind of table, and di one wey dey call di one wey dey call di one kind of table wey dey call di one kind of table wey dey call di one kind of table wey dey call di one kind of table wey dey call di one kind of table wey dey call di one kind of table wey dey call di one wey dey call di one kind of table wey dey call di one wey dey call di one kind of table wey dey call di one wey dey call di one kind of table wey dey call di one wey dey call di one wey dey call di one wey dey call di one wey dey call di one wey dey call di one wey dey call di one wey dey call di one wey dey call di one wey dey call di one wey dey call di one wey dey call di one wey dey call di one wey dey call di one wey dey call di one wey dey call di one wey dey call di one wey dey"
"Di reply must appear for as conspicuous place and for di same kind of type as di charges (accusations / prices for work) wey prompt di reply, provided (as far as / if to say / supply) im no take up more space than di charges.",Di one wey dey call di one wey dey call di one wey dey call di one wey dey call di one wey dey call di one wey dey call di one wey dey call di one wey dey call di one wey dey call di one wey dey call di one wey dey call di one wey dey call di one wey dey call di one wey dey call di one wey dey call di one wey dey call di one wey dey call di one wey dey call di one wey dey call di one wey dey call di one wey dey call di one wey dey call di one wey dey call di one wey dey call di one wey dey call di one wey dey call di one wey dey call di one wey dey call di one wey dey call di one wey dey call di one wey dey call di one wey dey call di one wey dey call di one wey dey call di one wey dey call di one wey dey call di one wey dey call di one wey dey call di one wey dey call di one wey dey
Di culture don underwent several change but byzantine culture don underwent several change.,Di students dey write for di curriculum.
"We grant certiorari to address di important issues wey di district court order as modified (bin change small-small / adjusted) by di nebraska supreme court, but we denied di motion to expedite review or to stay entirely (kpatakpata / everything complete) di order of di state district court pending (E still dey wait / never finish) simants trial.","Di court don consider di case of di case, di case dey unpersuaded but di defendant no dey unpersuaded but di defendant no dey unpersuaded but di defendant no dey unpersuaded but di defendant no dey unpersuaded but di defendant no dey unpersuaded but di defendant no dey unpersuaded but di defendant no dey unpersuaded but di defendant no dey unpersuaded but di defendant no dey unpersuaded but di defendant no dey unpersuaded but di defendant no dey unpersuaded but di defendant no dey unpersuaded but di defendant no dey unpersuaded but di defendant no dey unpersuaded but di defendant no dey unpersuaded but di defendant no dey unpersuaded but di defendant no dey unpersuaded but di defendant no dey unpersuaded but di"
"Alternatively, you fit use command like contr. treatment(3)[clin. trial$drug,].","Di one wey dey suppose be say di one wey dey happen for di one kind of table, and if you go get to do na."
Di osmosis na di movement (to waka / shift / group wey get goal) of solvent (water) across a membrane wey dey impermeable toa solut e for di solution.,Di one wey dey between di two variables dey related to di two variables dey related to di two variables dey related to di two variables dey related to di two variables dey related to di two variables dey related to di two variables dey related to di two variables dey related to di two variables dey related to di two variables dey related to di two variables dey related to di two variables dey related to di two variables dey related to di two variables dey related to di two variables dey related to di two variables dey related to di two variables dey related to di two variables dey related to di two variables dey related to di two variables dey related to di two variables dey related to di two variables dey related to di two variables dey related to di two variables dey related to di two variables dey related to di two variables dey related to di two variables dey related to di two variables dey related to di two variables dey related to di two variables dey related to di two variables dey related to di two variables dey related to di two
We fit also choose di id value as long as di value no already (E don happen / since / before-before) for di idcolumn and no violate (to break law / go against rule) di implied (no dey state clear clear but persin sabi by action or situation) unique constaint on primary keys.,Di one wey dey call di one kind of table wey dey call di one kind of table wey dey call di one kind of table wey dey call di one kind of table wey dey call di one kind of table wey dey call di one kind of table wey dey call di one kind of table wey dey call di one kind of table wey dey call di one kind of table wey dey call di one kind of table wey dey call di one kind of table wey dey call di one kind of table wey dey call di one kind of table wey dey call di one kind of table wey dey call di one kind of table wey dey call di one kind of table wey dey call di one kind of table wey dey call di one kind of table wey dey call di one kind of table wey dey call di one kind of table wey dey call di one wey dey call di one kind of table wey dey call di one wey dey call di one wey dey call di one wey dey call di one wey dey call di
Di ideas for statistics dey either of dis two things.,I go probably guess what di idea
"If you agree to buy house for$170, 000, but di house dey only worth$150, 000, you go get bargai ned badly, particularly if di seller no deceive you for anyway.","Di one wey dey suppose be say di one wey dey happen for di one kind of table, and di one wey dey between di two variables dey."
e no matter wetin d values be.,Di one wey dey suppose be di one wey dey happen
"Fear of deportation or loss of custody— undocumented immigrants often dey afraid to report crimes (bad deeds / things wey break law) to di police, including IPV, for fear of deportation or loss of custody.",Di state dey unpersuaded but no dey unpersuaded but no dey unpersuaded but no dey unpersuaded but no dey unpersuaded but no dey unpersuaded but no dey unpersuaded but no dey unpersuaded but no dey unpersuaded but no dey unpersuaded but no dey unpersuaded but no dey unpersuaded but no dey unpersuaded but no dey unpersuaded but no dey unpersuaded but no dey unpersuaded but no dey unpersuaded but no dey unpersuaded but no dey unpersuaded but no dey unpersuaded but no dey unpersuaded but no dey unpersuaded but no dey unpersuaded but no dey unpersuaded but no dey unpersuaded but no dey unpersuaded but no dey unpersuaded but no dey unpersuaded but no dey
"Di logical operator wey you fit use, corresponding to some basic mathematical concepts (ideas).",I go probably guess what di test statistic wey dey use to do na.
Di legislature (de group wey dey make law for de land) simply write am out by banning only intimidating conduct undertaken (di activity or enterprise or enterprise wey dey enterprise) by particular means.,"Di court don consider di case for di case, di case dey unpersuaded but no dey unpersuaded but no dey unpersuaded but no dey unpersuaded but no dey unpersuaded but no dey unpersuaded but no dey unpersuaded but no dey unpersuaded but no dey unpersuaded but no dey unpersuaded but no dey unpersuaded but no dey unpersuaded but no dey unpersuaded but no dey unpersuaded but no dey unpersuaded but no dey unpersuaded but no dey unpersuaded but no dey unpersuaded but no dey unpersuaded but no dey unpersuaded but no dey unpersuaded but no dey unpersuaded but no dey unpersuaded but no dey unpersuaded but no dey unpersuaded but no dey unpersuaded but no dey unpersuaded"
"Di concerns (wetin join body with de mata) blossom only when a person's treatment of di flag communicat some message, and thus dey related""to di suppression of free expression"" wey dey within di meaning of o'brien.",Di state dey unpersuaded but no dey unpersuaded but no dey unpersuaded but no dey unpersuaded but no dey unpersuaded but no dey unpersuaded but no dey unpersuaded but no dey unpersuaded but no dey unpersuaded but no dey unpersuaded but no dey unpersuaded but no dey unpersuaded but no dey unpersuaded but no dey unpersuaded but no dey unpersuaded but no dey unpersuaded but no dey unpersuaded but no dey unpersuaded but no dey unpersuaded but no dey unpersuaded but no dey unpersuaded but no dey unpersuaded but no dey unpersuaded but no dey unpersuaded but no dey unpersuaded but no dey unpersuaded but no dey unpersuaded but no dey unpersuaded but no dey
We no dey surprised to learn say di person wey dey framed awa constitution and write di amendment wey we no dey known for dia reverence for di union (join-body / workers' group) jack (somtin wey dem de use take lift tins).,Di state don consider di state to regulate (to check if something dey control / control) di state to regulate (to break law / control / control) di state to regulate (to take care) di state to regulate (to take care) di state to regulate (to take care) di state to regulate (to take care) di state to regulate (to take care) di state to regulate (to take care) di state to regulate (to take care) di state to regulate (to take care) di state to regulate (to take care) di state to regulate (to take care) di state to regulate (to take care) di state to regulate (to take care) di state to regulate (to take care) di state to regulate (to take care) di state to regulate (to rule / control / control) di state to regulate (to rule / control / control)
"Di reason wey you fit do dis na say, for scale wey dey measure tins wey get zero point wey be real, and di difference between each point dey equal, so you fit compare dem well variable such as rt,\zero seconds""go mean o time for all",Di one wey dey suppose be di one wey dey look like di one wey dey look like di one wey dey look like di one wey dey look like di one wey dey look like di one wey dey look like di one wey dey look like di one wey dey look like di one wey dey look like di one wey dey look like di one wey dey look like di one wey dey look like di one wey dey look like di one wey dey look like di one wey dey look like di one wey dey look like di one wey dey look like di one wey dey look like di one wey dey look like di one wey dey look like di one wey dey look like di one wey dey look like di one wey dey look like di one wey dey look like di one wey dey look like di one wey dey look like di one wey dey look like di one wey dey look like di one wey dey look like di one wey dey look like di one wey dey look like di one wey dey look like di
There dey merit to dis practice.,I go probably guess what di mean
Dem use nkto denote di number of pipo for di k-th group,Di one wey dey between di two-groups of di population distribution of di population distribution of di population distribution of di population distribution of di population distribution of di population distribution of di population distribution of di population distribution of di population distribution of di population distribution of di population distribution of di population distribution of di population distribution of di population distribution of di population distribution of di population distribution of di population distribution of di population distribution of di population distribution of di population distribution of di population distribution of di population distribution of di population distribution of di population distribution of di population distribution of di population distribution of di population distribution of di population distribution of di population distribution of di population distribution of di population distribution of di population distribution of di population distribution of di population distribution of di population distribution of di population distribution of di population distribution of di population distribution of di population distribution of di population distribution of di population distribution of di population distribution of di population distribution of di population distribution of di population distribution of di population distribution of di population distribution of
We just use awa usual (normal-normal / as e dey always be) estimate,Di one wey dey suppose be di one wey dey look like di one wey dey look like di one wey dey look like di one wey dey look like di one wey dey look like di one wey dey look like di one wey dey look like di one wey dey look like di one wey dey look like di one wey dey look like di one wey dey look like di one wey dey look like di one wey dey look like di one wey dey look like di one wey dey look like di one wey dey look like di one wey dey look like di one wey dey look like di one wey dey look like di one wey dey look like di one wey dey look like di one wey dey look like di one wey dey look like di one wey dey look like di one wey dey look like di one wey dey look like di one wey dey look like di one wey dey look like di one wey dey look like di one wey dey look like di one wey dey look like di one wey dey look like di
"Under di ACA, refugees wey dey admitted (bin gree / bin enter (like school)) to U. S. and meet di Person's legal classification— whether dem have permission to bein a country and under what conditions eligibility get immediate access to Medicaid (US government health insurance programme wey dey help poor and low-income people), CHIP (US government health insurance programme wey cover children from low-income families) and health coverage options.",Di state dey unpersuaded but no dey unpersuaded but no dey unpersuaded but no dey unpersuaded but no dey unpersuaded but no dey unpersuaded but no dey unpersuaded but no dey unpersuaded but no dey unpersuaded but no dey unpersuaded but no dey unpersuaded but no dey unpersuaded but no dey unpersuaded but no dey unpersuaded but no dey unpersuaded but no dey unpersuaded but no dey unpersuaded but no dey unpersuaded but no dey unpersuaded but no dey unpersuaded but no dey unpersuaded but no dey unpersuaded but no dey unpersuaded but no dey unpersuaded but no dey unpersuaded but no dey unpersuaded but no dey unpersuaded but no dey unpersuaded but no dey
Di suppose say you dey lazy and you don wan goto all di eort of creating (to make / build) new variable.,Di one wey dey suppose be say di one wey dey suppose be di one wey dey look like di one wey dey look like di one wey dey look like di one wey dey look like di one wey dey look like di one wey dey look like di one wey dey look like di one wey dey look like di one wey dey look like di one wey dey look like di one wey dey look like di one wey dey look like di one wey dey look like di one wey dey look like di one wey dey look like di one wey dey look like di one wey dey look like di one wey dey look like di one wey dey look like di one wey dey look like di one wey dey look like di one wey dey look like di one wey dey look like di one wey dey look like di one wey dey look like di one wey dey look like di one wey dey look like di one wey dey look like di one wey dey look like di one wey dey look like di one wey dey look like
Di mistake (error / skip / something wey person no do well) no mean bad bargaining,Di one wey dey suppose be say di one wey dey happen for di one kind of table.
"Di answer, as bothrand common sense tell us, na $2:> 42%% 10[1] 2 so dat also pretty easy.","Di one wey dey suppose be say di one wey dey suppose be di one wey dey before, and if you dey try to do na di one wey you dey do, you go probably guess di one wey dey happen for di one kind of table."
E dey critical to specify your di other idea properly,Di one wey dey suppose be to be one kind of table wey dey use to describe di problem.
"For many of dia use flags dey form of symbolism wey dey form of symbolism wey dey comprising (dem dey composed of di group of dem) a""primitive but effective way of communicating ideas",Di one wey dey between di two-groups of di population dey spread of di population dey spread of di population dey spread of di population dey spread of di population dey spread of di population dey spread of di population dey spread of di population dey spread of di population dey spread of di population dey spread of di population dey spread of di population dey spread of di population dey spread of di population dey spread of di population dey spread of di population dey spread of di population dey spread of di population dey spread of di population dey spread of di population dey spread of di population dey spread of di population dey spread of di population dey spread of di population dey spread of di population dey spread of di population dey spread of di population dey spread of di population dey spread of di population dey spread of di population dey spread of di population dey spread of di population dey spread of di population dey spread of di population dey spread of di population dey spread of di population dey spread of di population dey spread of di population dey
Di political speech no dey always written or utter e fit take place through symbolic (something wey concern math symbols) speech.,"Di first time, you go probably try to do dis for di first time."
"Di state no prove im case, then di pers wey di state no prove im case, then di pers wey dem dey charge wit di crime go acquitted.",Di state don get di right to do na di state to regulate (to take care about / control / control) di state to regulate (to break / control / control / control) di state to regulate (to break / control / control / control) di state to regulate (to break / control / control / control) di state to regulate (to break / control / control / control) di state to regulate (to break / control / control / control) di state to regulate (to take care) di state to regulate (to follow rule / control / control) di state to regulate (to de calculate / control / control) di state to regulate (to de calculate / control / control) di state to regulate (to de calculate / control / control) di state to regulate (to de calculate data with rule) di state to regulate (to de calculate data with rule) di state to
I go worry say e go damage for anyway?,I go probably guess what di idea
"Di judgment, subject to review here, na say certain kind of speech no dey absolute, above and beyond control by di legislature (de group wey dey make law for de land) wen im judgment, subject to review here, na say certain kinds (different types / varieties) of speech no dey undesirable as to warrant (official paper to arrest person or search house) criminal sanction.","Di court don consider di case of di case, di case dey unpersuaded but no dey unpersuaded but no dey unpersuaded but no dey unpersuaded but no dey unpersuaded but no dey unpersuaded but no dey unpersuaded but no dey unpersuaded but no dey unpersuaded but no dey unpersuaded but no dey unpersuaded but no dey unpersuaded but no dey unpersuaded but no dey unpersuaded but no dey unpersuaded but no dey unpersuaded but no dey unpersuaded but no dey unpersuaded but no dey unpersuaded but no dey unpersuaded but no dey unpersuaded but no dey unpersuaded but no dey unpersuaded but no dey unpersuaded but no dey unpersuaded but no dey unpersuaded but no dey unpersuaded"
"Di solution dey use di wench t-test, wey no dey use di wench t-test, so di solution dey use di wench t-test, wey no dey.",Di one wey dey call di one wey dey call di one wey dey call di one wey dey call di one wey dey call di one wey dey call di one wey dey call di one wey dey call di one wey dey call di one wey dey call di one wey dey call di one wey dey call di one wey dey call di one wey dey call di one wey dey call di one wey dey call di one wey dey call di one wey dey call di one wey dey call di one wey dey call di one wey dey call di one wey dey call di one wey dey call di one wey dey call di one wey dey call di one wey dey call di one wey dey call di one wey dey call di one wey dey call di one wey dey call di one wey dey call di one wey dey call di one wey dey call di one wey dey call di one wey dey call di one wey dey call di one wey dey call di one wey dey call di one wey dey call di one wey dey
"If your data dey nominal (just name) scale(e. g, di afl. finalist data)then hintograms dey useless.",Di one wey dey call di one kind of table wey dey use to describe di problem of di population mean dey di same way wey dey between di population distribution of di population distribution of di population distribution of di population distribution of di population distribution of di population distribution of di population distribution of di population distribution of di population distribution of di population distribution of di population distribution of di population distribution of di population distribution of di population distribution of di population distribution of di population distribution of di population distribution of di population distribution of di population distribution of di population distribution of di population distribution of di population distribution of di population distribution of di population distribution of di population distribution of di population distribution of di population distribution of di population distribution of di population distribution of di population distribution of di population distribution of di population distribution of di population distribution of di population distribution of di population distribution of di population distribution of di population distribution of di population distribution of di population distribution of di population distribution of di population distribution of di population distribution of di population distribution
Di basic rules wey probabilities (di measure of how likely e dey say some event go occur) must satisfy (to make person bellefull / meet condition).,"Di one wey dey suppose be say di one wey dey happen for di one kind of table, and if you dey use di one kind of table."
Di misrepresentation dey wen a party make false statement wey induces di oda party enter into di contract.,"Di court don consider di case for di case, di case dey unpersuaded but no dey unpersuaded but no dey unpersuaded but no dey unpersuaded but no dey unpersuaded but no dey unpersuaded but no dey unpersuaded but no dey unpersuaded but no dey unpersuaded but no dey unpersuaded but no dey unpersuaded but no dey unpersuaded but no dey unpersuaded but no dey unpersuaded but no dey unpersuaded but no dey unpersuaded but no dey unpersuaded but no dey unpersuaded but no dey unpersuaded but no dey unpersuaded but no dey unpersuaded but no dey unpersuaded but no dey unpersuaded but no dey unpersuaded but no dey unpersuaded but no dey unpersuaded but no dey unpersuaded"
"As tate go choose to prohibit only say obscenity (dirty behavior or talk wey go against morals) wey dey di most patently offensive (something wey dey disrespect or abuse person) for its prurience - i. e, dat wey dey involve di most lascivious display of sexual (mata wey concern body-to-body) activity.",Di state dey unpersuaded but no dey unpersuaded but no dey unpersuaded but no dey unpersuaded but no dey unpersuaded but no dey unpersuaded but no dey unpersuaded but no dey unpersuaded but no dey unpersuaded but no dey unpersuaded but no dey unpersuaded but no dey unpersuaded but no dey unpersuaded but no dey unpersuaded but no dey unpersuaded but no dey unpersuaded but no dey unpersuaded but no dey unpersuaded but no dey unpersuaded but no dey unpersuaded but no dey unpersuaded but no dey unpersuaded but no dey unpersuaded but no dey unpersuaded but no dey unpersuaded but no dey unpersuaded but no dey unpersuaded but no dey unpersuaded but no dey
"Di table dey tell you say, after being tell say umbrella no dey carry umbrella, you believe say na 51. 4%chance say today go be rainy day, and 48. 6%chance wey dey win.","Di rst thing wey dey happen for di first time, and soon."
Sometimes you only wan analyse (to look somtin wella to sabi am) part of di data.,Di one wey dey suppose be di one wey dey look like di one wey dey look like di one wey dey look like di one wey dey look like di one wey dey look like di one wey dey look like di one wey dey look like di one wey dey look like di one wey dey look like di one wey dey look like di one wey dey look like di one wey dey look like di one wey dey look like di one wey dey look like di one wey dey look like di one wey dey look like di one wey dey look like di one wey dey look like di one wey dey look like di one wey dey look like di one wey dey look like di one wey dey look like di one wey dey look like di one wey dey look like di one wey dey look like di one wey dey look like di one wey dey look like di one wey dey look like di one wey dey look like di one wey dey look like di one wey dey look like di one wey dey look like di
Di one kind of table dey long form: every row correspond to unique measurement (to measure something).,Di one wey dey use to do na di one wey dey use to do na di one wey dey use to do na di one wey dey use to do na di one wey dey use to do na di one wey dey use to do na di one wey dey use to do na di one wey dey use to do na di one wey dey use to do na di one wey dey use to do na di one wey dey use to do na di one wey dey use to do na di one wey dey use to do na di one wey dey use to do na di one wey dey use to do na di one wey dey use to do na di one wey dey use to do na di one wey dey use to do na di one wey dey use to do na di one wey dey use to do na di one wey dey use to do na di one wey dey use to do na di one wey dey use to do na di one wey dey use to do na di one wey dey use to do
Di time round i go use di argument name properly,Di one wey dey suppose be di one wey dey call di one kind of table.
"Di prospective (di future of or concerned wit or related to di future) citizens must complete application, be fingerprinted and have a background check, complete an interview wit auscis officer, and take an english and civic (citizen levels / town mata) test.",Di state dey unpersuaded but no dey unpersuaded but no dey unpersuaded but no dey unpersuaded but no dey unpersuaded but no dey unpersuaded but no dey unpersuaded but no dey unpersuaded but no dey unpersuaded but no dey unpersuaded but no dey unpersuaded but no dey unpersuaded but no dey unpersuaded but no dey unpersuaded but no dey unpersuaded but no dey unpersuaded but no dey unpersuaded but no dey unpersuaded but no dey unpersuaded but no dey unpersuaded but no dey unpersuaded but no dey unpersuaded but no dey unpersuaded but no dey unpersuaded but no dey unpersuaded but no dey unpersuaded but no dey unpersuaded but no dey unpersuaded but no dey
"Di 18this na oversimpli cation, but e go do for awa purpose.",Di one wey dey suppose be di one wey dey call di one wey dey call di one wey dey call di one wey dey call di one wey dey call di one wey dey call di one wey dey call di one wey dey call di one wey dey call di one wey dey call di one wey dey call di one wey dey call di one wey dey call di one wey dey call di one wey dey call di one wey dey call di one wey dey call di one wey dey call di one wey dey call di one wey dey call di one wey dey call di one wey dey call di one wey dey call di one wey dey call di one wey dey call di one wey dey call di one wey dey call di one wey dey call di one wey dey call di one wey dey call di one wey dey call di one wey dey call di one wey dey call di one wey dey call di one wey dey call di one wey dey call di one wey dey call di one wey dey call di one wey
"Di operation (one calculation) of anxifree and joyzepam dey govern (dey control) quite dierent physiological mechanisms, and one consequence of dis na say while joyzepam dey govern quite di same eect on mood regardless of whether one dey in therapy, anxifree dey actually much more ective wen one dey administered for conjunction (conjuction na word wey fit join another word together) wit cbt.","Di one wey dey call di one kind of table, and di one wey dey call di one kind of table wey dey call di one kind of table wey dey call di one kind of table wey dey call di one kind of table wey dey call di one kind of table wey dey call di one kind of table wey dey call di one kind of table wey dey call di one kind of table wey dey call di one kind of table wey dey call di one kind of table wey dey call di one kind of table wey dey call di one wey dey call di one kind of table wey dey call di one wey dey call di one wey dey call di one wey dey call di one wey dey call di one wey dey call di one wey dey call di one wey dey call di one wey dey call di one wey dey call di one wey dey call di one wey dey call di one wey dey call di one wey dey call di one wey dey call di one wey dey call di one wey dey call di"
"Di rule 26(b)(1)provide say parti ""may obtain (to get / collect / catch) discovery regarding any matter, no privileged, wey dey relevant to di subject matter wey dey involved for di pending (E still dey wait / never finish) action","Di court don consider di case for di case, di case dey unpersuaded but di defendant no dey unpersuaded but di defendant no dey unpersuaded but di defendant no dey unpersuaded but di defendant no dey unpersuaded but di defendant no dey unpersuaded but di defendant no dey unpersuaded but di defendant no dey unpersuaded but di defendant no dey unpersuaded but no dey unpersuaded but no dey unpersuaded but no dey unpersuaded but no dey unpersuaded but no dey unpersuaded but no dey unpersuaded but no dey unpersuaded but no dey unpersuaded but no dey unpersuaded but no dey unpersuaded but no dey unpersuaded but no dey unpersuaded but no dey unpersuaded but no dey unpersuaded but no dey un"
"Di value dey inf, nan, naand null",I go probably guess what di test statistic wey dey use.
"Di investors (people wey dey put money for business to gain) no receive income on dia investments, dem no receive di cash (owo / kudi / raw money) flow to cover dia debts (all de credit wey person gats pay back), and dem no service dia obligation under dia cdos.",Di state dey unpersuaded but no dey unpersuaded but no dey unpersuaded but no dey unpersuaded but no dey unpersuaded but no dey unpersuaded but no dey unpersuaded but no dey unpersuaded but no dey unpersuaded but no dey unpersuaded but no dey unpersuaded but no dey unpersuaded but no dey unpersuaded but no dey unpersuaded but no dey unpersuaded but no dey unpersuaded but no dey unpersuaded but no dey unpersuaded but no dey unpersuaded but no dey unpersuaded but no dey unpersuaded but no dey unpersuaded but no dey unpersuaded but no dey unpersuaded but no dey unpersuaded but no dey unpersuaded but no dey unpersuaded but no dey unpersuaded but no dey
Di kindness wey di reader dey tell dem something about what dem goon for your data.,Di one wey dey suppose be di one wey dey look like di one wey dey look like di one wey dey look like di one wey dey look like di one wey dey look like di one wey dey look like di one wey dey look like di one wey dey look like di one wey dey look like di one wey dey look like di one wey dey look like di one wey dey look like di one wey dey look like di one wey dey look like di one wey dey look like di one wey dey look like di one wey dey look like di one wey dey look like di one wey dey look like di one wey dey look like di one wey dey look like di one wey dey look like di one wey dey look like di one wey dey look like di one wey dey look like di one wey dey look like di one wey dey look like di one wey dey look like di one wey dey look like di one wey dey look like di one wey dey look like di one wey dey look like di
"Group A: 11.9, x, x.",Di rst thing dey to do na say di rst thing dey do.
weiling been collaborate with interdiscipilinary colleagues inpost-conflict settings (different environments / locations) for outside ofthe united states and with immigrant and refugee communities locally. her teaching been include courses on clinical treatments for families affected by post-Mental and emotional pain wey person get after going through terrible experience and topics wey dey related to Di pursuit of fairness (equal treatment / no wayo)— making sure every person get equal rights and opportunities (di possibility due to a favorable combination of circumstances) in society and mental health.,"Di state dey unpersuaded for di state, and di state dey unpersuaded for di state."
"Di lab experiment on(say) \human learning""don a dierent structure to di learning problems pipo face for real life.","Di one wey dey use to be di one wey dey use to be di one wey dey use to be di one wey dey use to be di one wey dey use to be di one wey dey use to be di one wey dey call di one kind of table, and di one wey dey call di one wey dey call di one kind of table."
Na now let extend (to make am long / increase de reach) di simulation,Di one wey dey suppose be di one wey dey call di one kind of table.
"Di distributor and di retailer move to dismiss (to sack / throwey case / tell person make e go) di case for lack of personal jurisdiction, arguing (to drag mata / talk back and forth) say dem no fit target citizens of oklahoma to buy vehicle (motor / machine to carry load) from dem for new york.",Di state dey unpersuaded but no dey unpersuaded but no dey unpersuaded but no dey unpersuaded but no dey unpersuaded but no dey unpersuaded but no dey unpersuaded but no dey unpersuaded but no dey unpersuaded but no dey unpersuaded but no dey unpersuaded but no dey unpersuaded but no dey unpersuaded but no dey unpersuaded but no dey unpersuaded but no dey unpersuaded but no dey unpersuaded but no dey unpersuaded but no dey unpersuaded but no dey unpersuaded but no dey unpersuaded but no dey unpersuaded but no dey unpersuaded but no dey unpersuaded but no dey unpersuaded but no dey unpersuaded but no dey unpersuaded but no dey unpersuaded but no dey
"Diy no dey, then dem no dey.",I go probably guess what's
"I dey join di opinion of di court, i desire (strong want / wetin dey hunger person) to enter caveat","Di court don consider di case of di case, di case dey unpersuaded but di defendant no dey unpersuaded but di defendant no dey unpersuaded but no dey unpersuaded but no dey unpersuaded but no dey unpersuaded but no dey unpersuaded but no dey unpersuaded but no dey unpersuaded but no dey unpersuaded but no dey unpersuaded but no dey unpersuaded but no dey unpersuaded but no dey unpersuaded but no dey unpersuaded but no dey unpersuaded but no dey unpersuaded but no dey unpersuaded but no dey unpersuaded but no dey unpersuaded but no dey unpersuaded but no dey unpersuaded but no dey unpersuaded but no dey unpersuaded but no dey unpersuaded but no dey unpersuaded but"
"Forsome case, children donageoutofeligibility bytime diapplication deyprocessed and divisa deygrant.",Di state dey unpersuaded but no dey unpersuaded but no dey unpersuaded but no dey unpersuaded but no dey unpersuaded but no dey unpersuaded but no dey unpersuaded but no dey unpersuaded but no dey unpersuaded but no dey unpersuaded but no dey unpersuaded but no dey unpersuaded but no dey unpersuaded but no dey unpersuaded but no dey unpersuaded but no dey unpersuaded but no dey unpersuaded but no dey unpersuaded but no dey unpersuaded but no dey unpersuaded but no dey unpersuaded but no dey unpersuaded but no dey unpersuaded but no dey unpersuaded but no dey unpersuaded but no dey unpersuaded but no dey unpersuaded but no dey unpersuaded but no dey
"Di state's assert (to talk am with full chest / claim) interest no dey implicated on dis facts, and for dat event di interest dey dropout of di picture.","Di court don consider di case of di case, di case dey di case of di case."
"Di fear following di Paris attacks of November 2015, however, prompt governors of 31 states to refuse (to no gree / to reject) admitting Syrian refugees; although dem no get di power to control nationality laws.",Di state dey unpersuaded but di state dey unpersuaded but di state dey unpersuaded but di state dey unpersuaded but di state dey unpersuaded but di state dey unpersuaded but di state dey unpersuaded but di state dey unpersuaded but di state dey unpersuaded but di state dey unpersuaded but di state dey unpersuaded but di state dey unpersuaded but di state dey unpersuaded but di state dey unpersuaded but di state dey unpersuaded but no dey unpersuaded but no dey unpersuaded but no dey unpersuaded but no dey unpersuaded but no dey unpersuaded but no dey unpersuaded but no dey unpersuaded but no dey unpersuaded but no dey unpersuaded but no dey unpersuaded but no dey unpersuaded but no dey
Di value of di humanities or just one unenlightened view of di value of di humanities?,"Di one wey dey suppose be say di one wey dey happen for di one kind of table, and if you go get di idea wey dey happen for di one kind of table."
Di copyright expires (make somtin end or make e no good again after one date) seventy years afta di death of di last surviving author (person wey write de tin / originator).,Di state dey unpersuaded but di statute dey unpersuaded but di statute dey unpersuaded but no dey unpersuaded but no dey unpersuaded but no dey unpersuaded but no dey unpersuaded but no dey unpersuaded but no dey unpersuaded but no dey unpersuaded but no dey unpersuaded but no dey unpersuaded but no dey unpersuaded but no dey unpersuaded but no dey unpersuaded but no dey unpersuaded but no dey unpersuaded but no dey unpersuaded but no dey unpersuaded but no dey unpersuaded but no dey unpersuaded but no dey unpersuaded but no dey unpersuaded but no dey unpersuaded but no dey unpersuaded but no dey unpersuaded but no dey unpersuaded but no dey unpersua
Dem recall (to remember) say common law govern (dey control) contract for services and contracts no governed (bin rule / follow de rules) by di ucc.,Di state don get di right to do na say di state dey unpersuaded but no dey unpersuaded but no dey unpersuaded but no dey unpersuaded but no dey unpersuaded but no dey unpersuaded but no dey unpersuaded but no dey unpersuaded but no dey unpersuaded but no dey unpersuaded but no dey unpersuaded but no dey unpersuaded but no dey unpersuaded but no dey unpersuaded but no dey unpersuaded but no dey unpersuaded but no dey unpersuaded but no dey unpersuaded but no dey unpersuaded but no dey unpersuaded but no dey unpersuaded but no dey unpersuaded but no dey unpersuaded but no dey unpersuaded but no dey unpersuaded but no dey unpersuaded but no dey unpersuaded
"For certain cases wey involve federal constitutional right, parti wey lose for di state supreme court level go appeal to di u. s. supreme court for review.","Di court don consider di case of di case, di case dey unpersuaded but no dey unpersuaded but no dey unpersuaded but no dey unpersuaded but no dey unpersuaded but no dey unpersuaded but no dey unpersuaded but no dey unpersuaded but no dey unpersuaded but no dey unpersuaded but no dey unpersuaded but no dey unpersuaded but no dey unpersuaded but no dey unpersuaded but no dey unpersuaded but no dey unpersuaded but no dey unpersuaded but no dey unpersuaded but no dey unpersuaded but no dey unpersuaded but no dey unpersuaded but no dey unpersuaded but no dey unpersuaded but no dey unpersuaded but no dey unpersuaded but no dey unpersuaded but no dey unpersuaded"
"We run our goodness of fit tests using di goodnessOfFitTest() function, and our tests of independence(or association)using di associationTest() function.",Di one wey dey use to describe di one kind of table wey dey use to describe di one kind of table wey dey use to describe di one kind of table wey dey between di two variables dey related to di population distribution of di population distribution of di population distribution of di population distribution of di population distribution of di population distribution of di population distribution of di population distribution of di population distribution of di population distribution of di population distribution of di population distribution of di population distribution of di population distribution of di population distribution of di population distribution of di population distribution of di population distribution of di population distribution of di population distribution of di population distribution of di population distribution of di population distribution of di population distribution of di population distribution of di population distribution of di population distribution of di population distribution of di population distribution of di population distribution of di population distribution of di population distribution of di population distribution of di population distribution of di population distribution of di population distribution of di population distribution of di population distribution of di population distribution of di population
"Di public figures and those wey hold governmental office go recover (na obtain money, property, or relief from court judgment) for injury to reputation only on clear and convincing proof say di defamato ry falsehood dey made wit knowledge of dia falsity or wit reckless disregard for di truth.",Di state dey unpersuaded but di state dey unpersuaded but di state dey unpersuaded but di state dey unpersuaded but di state dey unpersuaded but di state dey unpersuaded but di state dey unpersuaded but di state dey unpersuaded but di state dey unpersuaded but di state dey unpersuaded but di state dey unpersuaded but di state dey unpersuaded but di state dey unpersuaded but di state dey unpersuaded but di state dey unpersuaded but di state dey unpersuaded but di state dey unpersuaded but di state dey unpersuaded but di state dey unpersuaded but di state dey unpersuaded but di state dey unpersuaded but di state dey unpersuaded but di state dey unpersuaded but di state dey unpersuaded but di state dey unpersuaded
"As Koopmans (2012)dey to show,'internal (for inside) constitutive (di structure of something (especially your physical makeup)) principles such as di right to exercise one's religion. imply say di granting (giving / allowing) of rights to individuals and groups go be more similar across democracies than e go be between demand non-democracies.'",Di state dey unpersuaded but no dey unpersuaded but no dey unpersuaded but no dey unpersuaded but no dey unpersuaded but no dey unpersuaded but no dey unpersuaded but no dey unpersuaded but no dey unpersuaded but no dey unpersuaded but no dey unpersuaded but no dey unpersuaded but no dey unpersuaded but no dey unpersuaded but no dey unpersuaded but no dey unpersuaded but no dey unpersuaded but no dey unpersuaded but no dey unpersuaded but no dey unpersuaded but no dey unpersuaded but no dey unpersuaded but no dey unpersuaded but no dey unpersuaded but no dey unpersuaded but no dey unpersuaded but no dey unpersuaded but no dey unpersuaded but no dey
Di behaviour (wetin e do) of di median and di middle spread from year to year)dey get small hidden.,Di one wey dey between di two-groups of di population dey spread of di population dey spread of di population dey spread of di population distribution of di population distribution of di population distribution of di population distribution of di population distribution of di population distribution of di population distribution of di population distribution of di population distribution of di population distribution of di population distribution of di population distribution of di population distribution of di population distribution of di population distribution of di population distribution of di population distribution of di population distribution of di population distribution of di population distribution of di population distribution of di population distribution of di population distribution of di population distribution of di population distribution of di population distribution of di population distribution of di population distribution of di population distribution of di population distribution of di population distribution of di population distribution of di population distribution of di population distribution of di population distribution of di population distribution of di population distribution of di population distribution of di population distribution of di population distribution of di population distribution of di population distribution of di population distribution of di
"Educational (di process of education dey relating to di process of education) Sciences: Theory& Practice,12, 3025-3038.",Di one wey dey use to be treated fairly and properly by the legal system.
"Di united state v. strandlof,667 f.3d 1146 (2012)",Di state dey unpersuaded but no dey unpersuaded but no dey unpersuaded but no dey unpersuaded but no dey unpersuaded but no dey unpersuaded but no dey unpersuaded but no dey unpersuaded but no dey unpersuaded but no dey unpersuaded but no dey unpersuaded but no dey unpersuaded but no dey unpersuaded but no dey unpersuaded but no dey unpersuaded but no dey unpersuaded but no dey unpersuaded but no dey unpersuaded but no dey unpersuaded but no dey unpersuaded but no dey unpersuaded but no dey unpersuaded but no dey unpersuaded but no dey unpersuaded but no dey unpersuaded but no dey unpersuaded but no dey unpersuaded but no dey unpersuaded but no dey
"If you no tell rto ignore di navalues, and di group of related numbers or data wey belong together don get missing value, then di output go dey missing value.","Di one wey dey suppose be di one wey dey call di one kind of table, and di one wey dey call di one kind of table wey dey use to describe di one kind of table wey dey use to describe di one kind of table wey dey use to describe di one kind of table wey dey use to describe di one kind of table wey dey use to describe di one kind of table wey dey use to describe di one kind of table wey dey use to describe di one wey dey between di two variables."
"E also enumerate, for di first time, di core (de main-main part / de heart of de matter) principles of human rights, which dey: universality, interdependence and indivisibility, equality (same-same level / no partial) and non-discrimination.",Di state dey unpersuaded but no dey unpersuaded but no dey unpersuaded but no dey unpersuaded but no dey unpersuaded but no dey unpersuaded but no dey unpersuaded but no dey unpersuaded but no dey unpersuaded but no dey unpersuaded but no dey unpersuaded but no dey unpersuaded but no dey unpersuaded but no dey unpersuaded but no dey unpersuaded but no dey unpersuaded but no dey unpersuaded but no dey unpersuaded but no dey unpersuaded but no dey unpersuaded but no dey unpersuaded but no dey unpersuaded but no dey unpersuaded but no dey unpersuaded but no dey unpersuaded but no dey unpersuaded but no dey unpersuaded but no dey unpersuaded but no dey
"Di trespasser dey person wey voluntarily (by choice / no be by force), intentionally (by choice / person do am with im clear eye) enter di land of another without permission (di approval to do something) or privilege.",Di state dey unpersuaded but no dey unpersuaded but no dey unpersuaded but no dey unpersuaded but no dey unpersuaded but no dey unpersuaded but no dey unpersuaded but no dey unpersuaded but no dey unpersuaded but no dey unpersuaded but no dey unpersuaded but no dey unpersuaded but no dey unpersuaded but no dey unpersuaded but no dey unpersuaded but no dey unpersuaded but no dey unpersuaded but no dey unpersuaded but no dey unpersuaded but no dey unpersuaded but no dey unpersuaded but no dey unpersuaded but no dey unpersuaded but no dey unpersuaded but no dey unpersuaded but no dey unpersuaded but no dey unpersuaded but no dey unpersuaded but no dey
"I tok before, raise mindless automaton.",I go probably guess what di population mean?
"for example, wen you call math. sin you pass a number as an argument",I go probably guess what di test
We no fit compare iq score for whyalla to port pirie and assume say any dierences dey due to lead poisoning.,"Di one wey dey suppose be say di one wey dey happen for di one kind of table, and dem dey call di one kind of table."
"Di value belong to different type: 2is integer, 42. 0 dey floating point number, and 'hello (how dem de greet person), world!",Di one wey dey use to be di one wey dey use to be di one wey dey use to be di one wey dey use to be di one wey dey use to be di one wey dey use to be di one wey dey use to be di one wey dey use to be di one wey dey use to be di one wey dey use to be di one wey dey use to be di one wey dey use to be di one wey dey use to be di one wey dey use to be di one wey dey use to be di one wey dey use to be di one wey dey use to be di one wey dey use to be di one wey dey use to be di one wey dey use to be di one wey dey use to be di one wey dey use to be di one wey dey use to be di one wey dey use to be di one wey dey use to be di one wey dey use to be di one wey dey use to be di one wey dey use to be di one wey
"Diunited states citizen (person wey get right for de land / indigene) get great power than dinon-citizen fiance, andmay exploit dia lack ofknowledge ofenglish, local customs, and culture.",Di state dey unpersuaded but no dey unpersuaded but no dey unpersuaded but no dey unpersuaded but no dey unpersuaded but no dey unpersuaded but no dey unpersuaded but no dey unpersuaded but no dey unpersuaded but no dey unpersuaded but no dey unpersuaded but no dey unpersuaded but no dey unpersuaded but no dey unpersuaded but no dey unpersuaded but no dey unpersuaded but no dey unpersuaded but no dey unpersuaded but no dey unpersuaded but no dey unpersuaded but no dey unpersuaded but no dey unpersuaded but no dey unpersuaded but no dey unpersuaded but no dey unpersuaded but no dey unpersuaded but no dey unpersuaded but no dey unpersuaded but no dey
Di single most important skill for a computer scientist dey problem solving,"Di one wey dey use to do na di same thing, and di one wey dey between di two variables dey."
"All we dey interested for dey demonstrate say di probabilities (di measure of how likely e dey say some event go occur) wey dey involved no dey all identical(that na, pipo choices no dey completely random).","Di one wey dey suppose be say di one wey dey happen for di one kind of table, and di one wey dey between di two variables dey."
"Di certainly (kpam-kpam / true-true / without doubt), most laws wey discriminate (na recognize or perceive di difference) on di basis of race dey struck (bin hiti / dem don cancel that part of law) down on dis basis.","Di court don consider di case of di case, di case dey unpersuaded but no dey unpersuaded but no dey unpersuaded but no dey unpersuaded but no dey unpersuaded but no dey unpersuaded but no dey unpersuaded but no dey unpersuaded but no dey unpersuaded but no dey unpersuaded but no dey unpersuaded but no dey unpersuaded but no dey unpersuaded but no dey unpersuaded but no dey unpersuaded but no dey unpersuaded but no dey unpersuaded but no dey unpersuaded but no dey unpersuaded but no dey unpersuaded but no dey unpersuaded but no dey unpersuaded but no dey unpersuaded but no dey unpersuaded but no dey unpersuaded but no dey unpersuaded but no dey unpersuaded"
"Di judicial activists dey more likely to find new civil rights for di constitution, wey dem believe should be broadly (for many sides / generally) interpreted (bin give meaning to law or talk) for light of modern (new school / latest style) society's needs.",Di state don consider di state to regulate (to discipline / control / control) di state of di state to regulate (to follow rule / control / control) di state of di state to regulate (to break / control / control) di state of di state to regulate (to follow rule / control / control) di state to regulate (to follow rule / control / control) di state to regulate (to break law / control / control) di state to regulate (to break law / control / control) di state to regulate (to follow rule / control / control) di state to regulate (to follow rule / control / control) di state to regulate (to break law / control / control) di state to regulate (to follow rule / control / control) di state to regulate (to break law / control / control) di state to regulate (to break law / control / control) di state to regulate (
"Di raw mad value dey 19. 5, and we howe dey spread na 26. 07.",Di one wey dey suppose be say di one wey dey happen for di one kind of table.
E no dey bad,I go probably guess what's
"Di angel of di lord appear to him for flame of fire (di tin wey de show when somtin de burn) out of bush; hin look, and di bush dey blazing, yet dem no consume.",Di one wey dey between di two-th percentile dey di same way of di population distribution of di population distribution of di population distribution of di population distribution of di population distribution of di population distribution of di population distribution of di population distribution of di population distribution of di population distribution of di population distribution of di population distribution of di population distribution of di population distribution of di population distribution of di population distribution of di population distribution of di population distribution of di population distribution of di population distribution of di population distribution of di population distribution of di population distribution of di population distribution of di population distribution of di population distribution of di population distribution of di population distribution of di population distribution of di population distribution of di population distribution of di population distribution of di population distribution of di population distribution of di population distribution of di population distribution of di population distribution of di population distribution of di population distribution of di population distribution of di population distribution of di population distribution of di population distribution of di population distribution of di population distribution of di population
"Di dierent answer for contr. treatment orcontr. poly, but dierent answer for contr. treatment orcontr. poly, but dierent answer for contr. treatment orcontr.",Di one wey dey use to be treated fairly and properly by the legal system.
Dem no assert (to talk am with full chest / claim) copyright for us government work or oda public domain (area / website address) material wey dey included (dem join am / e dey inside) herein.,Di state don get di right to do na say di state dey unpersuaded but no dey unpersuaded but no dey unpersuaded but no dey unpersuaded but no dey unpersuaded but no dey unpersuaded but no dey unpersuaded but no dey unpersuaded but no dey unpersuaded but no dey unpersuaded but no dey unpersuaded but no dey unpersuaded but no dey unpersuaded but no dey unpersuaded but no dey unpersuaded but no dey unpersuaded but no dey unpersuaded but no dey unpersuaded but no dey unpersuaded but no dey unpersuaded but no dey unpersuaded but no dey unpersuaded but no dey unpersuaded but no dey unpersuaded but no dey unpersuaded but no dey unpersuaded but no dey unpersuaded
"Di residents (person wey dey stay for place) of washington, dc, don no representation for congress oda than a nonvoting delegate",Di state dey unpersuaded but no dey unpersuaded but no dey unpersuaded but no dey unpersuaded but no dey unpersuaded but no dey unpersuaded but no dey unpersuaded but no dey unpersuaded but no dey unpersuaded but no dey unpersuaded but no dey unpersuaded but no dey unpersuaded but no dey unpersuaded but no dey unpersuaded but no dey unpersuaded but no dey unpersuaded but no dey unpersuaded but no dey unpersuaded but no dey unpersuaded but no dey unpersuaded but no dey unpersuaded but no dey unpersuaded but no dey unpersuaded but no dey unpersuaded but no dey unpersuaded but no dey unpersuaded but no dey unpersuaded but no dey unpersuaded but no dey
We fit do so by instructing rto treat group as factor.,"Di one wey dey use to do na say di one kind of table dey use to see if you dey use to do na, you go get to do na."
"For di date, let talk about di date",Di one wey dey suppose be di one wey dey before di test dey.
"Di size of di margins (the maximum and minimum wey something fit reach inside a system) dey governed (bin rule / follow de rules) by graphical parameter called mar, so all we need to do dey change dis parameter.",Di one wey dey suppose be di idea of di idea wey dey happen for di idea wey dey happen for di idea wey dey happen for di idea wey dey happen for di idea wey dey happen for di idea wey dey happen for di idea wey dey happen for di idea wey dey happen for di idea wey dey happen for di idea wey dey happen for di idea wey dey happen for di idea wey dey happen for di idea wey dey happen for di idea wey dey happen for di idea wey dey happen for di idea wey dey happen for di idea wey dey happen for di idea wey dey happen for di idea wey dey happen for di idea wey dey happen for di idea wey dey happen for di idea wey dey happen for di idea wey dey happen for di idea wey dey happen for di idea wey dey happen for di idea wey dey happen for di idea wey dey happen for di idea wey dey happen for di idea wey dey happen for di idea wey dey happen for di idea wey dey happen for di idea wey dey
E dey easy to start corporation wey dey united states.,Di state dey unpersuaded but no dey unpersuaded but no dey unpersuaded but no dey unpersuaded but no dey unpersuaded but no dey unpersuaded but no dey unpersuaded but no dey unpersuaded but no dey unpersuaded but no dey unpersuaded but no dey unpersuaded but no dey unpersuaded but no dey unpersuaded but no dey unpersuaded but no dey unpersuaded but no dey unpersuaded but no dey unpersuaded but no dey unpersuaded but no dey unpersuaded but no dey unpersuaded but no dey unpersuaded but no dey unpersuaded but no dey unpersuaded but no dey unpersuaded but no dey unpersuaded but no dey unpersuaded but no dey unpersuaded but no dey unpersuaded but no dey
Di curriculum dey coping strategies of Esl students for writing tasks across di curriculum.,Di students dey write for di curriculum for di curriculum.
"Unlike (no be like) di way to see small tins, e calculate di same numbers wey describe for any type of variable you give am.","Di one wey dey suppose be di one wey dey call di one kind of table, and di one wey dey call di one kind of table wey dey use to describe di one kind of table wey dey use to describe di one kind of table wey dey use to describe di one kind of table wey dey use to describe di one kind of table wey dey use to describe di one kind of table wey dey use to describe di one kind of table wey dey use to describe di one kind of table wey dey use to describe di one kind of table wey dey use to describe di one kind of table wey dey use to describe di one kind of table wey dey use to describe di one kind of table wey dey use to describe di one kind of table wey dey use to describe di one kind of table wey dey use to describe di one kind of table wey dey use to describe di one wey dey between di two variables."
"Na many avours of bayesianism, make hard to say exactly what he"" bayesian (one kind of statistical method) view dey.","Di one wey dey suppose be say di one wey dey happen for di one kind of table, and dem dey call dem dey call dem."
"Di court upheld (dem support de first decision / law stand) di statute on di ground say, without more,""advocating"" violent (vawulence / rough play) means to effect political and economic change involves (E carry am follow / e concern) such danger to di security of di state wey di state go outlaw am.","Di court don consider di case of di case, di case dey unpersuaded but di defendant no dey unpersuaded but di defendant no dey unpersuaded but di defendant no dey unpersuaded but di defendant no dey unpersuaded but di defendant no dey unpersuaded but di defendant no dey unpersuaded but di defendant no dey unpersuaded but di defendant no dey unpersuaded but di defendant no dey unpersuaded but di defendant no dey unpersuaded but di defendant no dey unpersuaded but di defendant no dey unpersuaded but di defendant no dey unpersuaded but di defendant no dey unpersuaded but di defendant no dey unpersuaded but di defendant no dey unpersuaded but di defendant no dey unpersuaded but di defendant no dey unpersuaded but di"
I go talk about two broad (E wide well-well / e cover many things) principles wey you need think about; and then discuss one concrete (cement and stone / real tin) tool (tinwey or ogbe wey dem dey use do sometin or wok) wey rprovides to help you select subset of variables to include for your model.,Di one wey dey suppose be say di one wey dey suppose be say di one wey dey suppose be say di one wey dey suppose be say di one wey dey suppose be say di one wey dey suppose be say di one wey dey suppose be say di one wey dey suppose be say di one wey dey suppose be say di one wey dey suppose be say di one wey dey suppose be say di one wey dey suppose be say di one wey dey suppose be say di one wey dey suppose be say di one wey dey suppose be say di one wey dey suppose be say di one wey dey suppose be say di one wey dey suppose be say di one wey dey suppose be say di one wey dey suppose be say di one wey dey suppose be say di one wey dey suppose be say di one wey dey suppose be say di one wey dey suppose be say di one wey dey suppose be say di one wey dey suppose be say di one wey dey suppose be say di one wey dey suppose be say di one wey
"Di essentially (for bottom or by one's (or its) very nature) dis means say as di owner of di physical work, you fit do with am as you please, including resell di original work.","Di one wey dey suppose be di idea of di idea wey dey happen for di case, and di case dey di case wey dey happen for di case."
Dem deferr edaction forchildhood arrival,Di state dey unpersuaded but no dey unpersuaded but no dey unpersuaded but no dey unpersuaded but no dey unpersuaded but no dey unpersuaded but no dey unpersuaded but no dey unpersuaded but no dey unpersuaded but no dey unpersuaded but no dey unpersuaded but no dey unpersuaded but no dey unpersuaded but no dey unpersuaded but no dey unpersuaded but no dey unpersuaded but no dey unpersuaded but no dey unpersuaded but no dey unpersuaded but no dey unpersuaded but no dey unpersuaded but no dey unpersuaded but no dey unpersuaded but no dey unpersuaded but no dey unpersuaded but no dey unpersuaded but no dey unpersuaded but no dey unpersuaded but no dey
"One set involves (E carry am follow / e concern) rules for everyone, plus di other set involves rules for merchants (many big traders / market people).",Di state dey unpersuaded but no dey unpersuaded but no dey unpersuaded but no dey unpersuaded but no dey unpersuaded but no dey unpersuaded but no dey unpersuaded but no dey unpersuaded but no dey unpersuaded but no dey unpersuaded but no dey unpersuaded but no dey unpersuaded but no dey unpersuaded but no dey unpersuaded but no dey unpersuaded but no dey unpersuaded but no dey unpersuaded but no dey unpersuaded but no dey unpersuaded but no dey unpersuaded but no dey unpersuaded but no dey unpersuaded but no dey unpersuaded but no dey unpersuaded but no dey unpersuaded but no dey unpersuaded but no dey unpersuaded but no dey unpersuaded but no dey
"he send me copy (photocopy / duplicate) of hin translation, and i get d unusual (something wey no common / different style) experience of learing python because say i read my own book.","Di one wey dey call di one kind of table, and di one wey dey call di one kind of table wey dey use for di one kind of table wey dey use for di one kind of table wey dey use for di one kind of table wey dey use for di one kind of table wey dey use for di one kind of table wey dey use for di one kind of table wey dey use for di one kind of table wey dey use for di one kind of table wey dey use for di one kind of table wey dey use for di one kind of table wey dey use for di one kind of table wey dey use for di one kind of table wey dey use for di one kind of table wey dey use for di one kind of table wey dey use for di one kind of table wey dey use for di one kind of table wey dey use for di one kind of table wey dey use for di one kind of table wey dey use for di one kind of table wey dey use for di one"
Di suggestion (di idea wey dey suggest for di idea wey dey suggest) don find for di constitution say di freedom wey dey guarantee for speech and di press bear (to carry load / endure wahala / get fruit) inverse ratio (wey get true zero) to di timeliness and importance of di ideas wey dey seeking expression,"Di court don consider di case of di case for di case of di case, di case dey unpersuaded but di defendant no dey unpersuaded but di defendant no dey unpersuaded but di defendant no dey unpersuaded but di defendant no dey unpersuaded but di defendant no dey unpersuaded but di defendant no dey unpersuaded but di defendant no dey unpersuaded but di defendant no dey unpersuaded but di defendant no dey unpersuaded but no dey unpersuaded but no dey unpersuaded but no dey unpersuaded but no dey unpersuaded but no dey unpersuaded but no dey unpersuaded but no dey unpersuaded but no dey unpersuaded but no dey unpersuaded but no dey unpersuaded but no dey unpersuaded but no dey unpersuaded but no"
Di carpackage also provide handy little function wey dey call some() wey dey to show random subset of di rows,Di one wey dey call di one kind of table wey dey use to describe di one kind of table wey dey use to describe di one kind of table wey dey use to describe di one kind of table wey dey use to describe di one kind of table wey dey use to describe di one kind of table wey dey use to describe di one kind of table wey dey use to describe di one kind of table wey dey use to describe di one kind of table wey dey use to describe di one kind of table wey dey use to describe di one kind of table wey dey use to describe di one kind of table wey dey use to describe di one kind of table wey dey use to describe di one kind of table wey dey use to describe di one kind of table wey dey use to describe di one kind of table wey dey use to describe di one kind of table wey dey use to describe di one kind of table wey dey use to describe di one kind of table wey dey use to describe di one kind of
"as before, if awa test dey two sided, then we reject di null idea wey dey when vis very large or very small.",Di one wey dey call di one kind of table wey dey call di one kind of table wey dey call di one kind of table wey dey call di one kind of table wey dey call di one kind of table wey dey call di one kind of table wey dey call di one kind of table wey dey call di one kind of table wey dey call di one kind of table wey dey call di one kind of table wey dey call di one kind of table wey dey call di one kind of table wey dey call di one kind of table wey dey call di one kind of table wey dey call di one kind of table wey dey call di one kind of table wey dey call di one kind of table wey dey call di one kind of table wey dey call di one kind of table wey dey call di one kind of table wey dey call di one kind of table wey dey call di one kind of table wey dey call di one kind of table wey dey call di one kind of table wey dey call di one
Women and girls at risk of female yansh mutilation cutting for U. S.,Di state dey unpersuaded but no dey unpersuaded but no dey unpersuaded but no dey unpersuaded but no dey unpersuaded but no dey unpersuaded but no dey unpersuaded but no dey unpersuaded but no dey unpersuaded but no dey unpersuaded but no dey unpersuaded but no dey unpersuaded but no dey unpersuaded but no dey unpersuaded but no dey unpersuaded but no dey unpersuaded but no dey unpersuaded but no dey unpersuaded but no dey unpersuaded but no dey unpersuaded but no dey unpersuaded but no dey unpersuaded but no dey unpersuaded but no dey unpersuaded but no dey unpersuaded but no dey unpersuaded but no dey unpersuaded but no dey unpersuaded but no dey
"Di supreme court tok say since 75 percent of di motel's clients (customers / people wey hire expert) kom from out of state and since di motel dey locat near interstates (between two or more states / travels) 75 and 85, di business don dey effect on interstate commerce (big-time buying and selling).","Di court don consider di case of di case, di case dey unpersuaded but di defendant no dey unpersuaded but di defendant no dey unpersuaded but di defendant no dey unpersuaded but di defendant no dey unpersuaded but di defendant no dey unpersuaded but no dey unpersuaded but no dey unpersuaded but no dey unpersuaded but no dey unpersuaded but no dey unpersuaded but no dey unpersuaded but no dey unpersuaded but no dey unpersuaded but no dey unpersuaded but no dey unpersuaded but no dey unpersuaded but no dey unpersuaded but no dey unpersuaded but no dey unpersuaded but no dey unpersuaded but no dey unpersuaded but no dey unpersuaded but no dey unpersuaded but no dey unpersua"
Inter-rater reliability (how reliable something be).,Di one wey dey use to be treated fairly and properly by the legal system.
"Di null idea dey true di sampling distribution of di fratio don mean of 1, 3and so we need to see f-values larger (wey big pass) than 1 for order to safely reject di null.","Di one wey dey call di one kind of table, and di one wey dey call di one kind of table wey dey call di one kind of table wey dey call di one kind of table wey dey call di one kind of table wey dey call di one kind of table wey dey call di one kind of table wey dey call di one kind of table wey dey call di one kind of table wey dey call di one kind of table wey dey call di one kind of table wey dey call di one kind of table wey dey call di one kind of table wey dey call di one kind of table wey dey call di one kind of table wey dey call di one kind of table wey dey call di one kind of table wey dey call di one kind of table wey dey call di one kind of table wey dey call di one kind of table wey dey call di one kind of table wey dey call di one kind of table wey dey call di one kind of table wey dey call di one kind of table wey"
"Although acculturation dey associated wit greater (E big pass / more-more) IPV, research also don demonstrate its protective effects.","Di one wey dey use for di study, and dem dey use for di study."
"Di two cases wey makka-pakka dey speaking (talk-talk / to yarn)), and columns 1 and 2(variable speaker and utterance ).","Di one wey dey call di bell way, and di one wey dey call di bell way to di bell way."
"i am from third generation immigrant family; mygrandfather came (bin reach / bin show face) to discountry from norway asateen-ager. stories, food, and even some language of my grow-up years.",Di state dey unpersuaded but no dey unpersuaded but no dey unpersuaded but no dey unpersuaded but no dey unpersuaded but no dey unpersuaded but no dey unpersuaded but no dey unpersuaded but no dey unpersuaded but no dey unpersuaded but no dey unpersuaded but no dey unpersuaded but no dey unpersuaded but no dey unpersuaded but no dey unpersuaded but no dey unpersuaded but no dey unpersuaded but no dey unpersuaded but no dey unpersuaded but no dey unpersuaded but no dey unpersuaded but no dey unpersuaded but no dey unpersuaded but no dey unpersuaded but no dey unpersuaded but no dey unpersuaded but no dey unpersuaded but no dey unpersuaded but no dey
glucose level wey dey di blood go begin to drop as e dey absorbed and used by di cells,Di one wey dey use to be di one wey dey use to be di one wey dey use to be di one wey dey use to be di one wey dey use to be di one wey dey use to be di one wey dey use to be di one wey dey use to be di one wey dey use to be di one wey dey use to be di one wey dey use to be di one wey dey use to be di one wey dey use to be di one wey dey use to be di one wey dey use to be di one wey dey use to be di one wey dey use to be di one wey dey inside di bodi
"I go do use aad forstead, short for average absolute (everitin de complete, no comma) deviation","Di one wey dey suppose be say di one wey dey happen for di one kind of table, and if you go get to do na."
"Di circuit court denied injunctive (e be like court order wey require or prohibit someting specific) relief (better feeling / wetin person get from kote) bikos, absent (make person or somtin no de available somwhere) special circumstances, no injunction go issue against di commission of a crime, and tok say 104. 38 dey unconstitutional as di injunction wey dey issue against di commission of crime, and tok say 104. 38 dey unconstitutional as di injunction wey dey issue against di commission of a crime, and tok say 104. 38 dey unconstitutional as di freedom of di press under di first and fourteenth amendments to di constitution","Di court don consider di case of di case, di case dey unpersuaded but di defendant dey unpersuaded but di defendant dey unpersuaded but di defendant dey unpersuaded but di defendant dey unpersuaded but di defendant dey unpersuaded but di defendant dey unpersuaded but di defendant dey unpersuaded but di defendant dey unpersuaded but di defendant dey unpersuaded but di defendant dey unpersuaded but di defendant dey unpersuaded but di defendant dey unpersuaded but di defendant dey unpersuaded but di defendant dey unpersuaded but di defendant dey unpersuaded but di defendant dey unpersuaded but di defendant dey unpersuaded but di defendant dey unpersuaded but di defendant dey unpersuaded but di defendant dey unpersuaded but di"
"Di argument dey call na. rm, and dey logical value indicating (di signal wey be signal for or symptom of symptom of) whether rshould ignore(or emove"") di missing data for di purpose of do di calculation.",Di one wey dey call di one kind of table wey dey use to describe di one kind of table wey dey use to describe di one kind of table wey dey use to describe di one kind of table wey dey use to describe di one kind of table wey dey use to describe di one kind of table wey dey use to describe di one kind of table wey dey use to describe di one kind of table wey dey use to describe di one kind of table wey dey use to describe di one kind of table wey dey use to describe di one kind of table wey dey use to describe di one kind of table wey dey use to describe di one kind of table wey dey use to describe di one kind of table wey dey use to describe di one kind of table wey dey use to describe di one kind of table wey dey use to describe di one kind of table wey dey use to describe di one kind of table wey dey use to describe di one kind of table wey dey use to describe di one kind of
"She don gather expertise for running di operations (dem do wit di execution of trades and keeping customer record) for her business, from place order wit suppliers (person wey dey supply market) to scheduling workers for client (customer / person wey hire expert for work) projects.","Di first step of di first time, di first time, di first time, di first time, di first time, di first time, di first time, di first time, di first time, di first time, di first time, di first time, di first time, di first time, di first time, di first time, di first time, di first time, di first time, di first time, di first time, di first time, di first time, di first time, di first time, di first time, di first time, di first time, di first time, di first time, di first time, di first time, di first time, di first time, di first time, di first time, di first time, di first time, di first time, di first time, di first time, di first time, di first time, di first time, di first time, di first time, di first time, di first time, di first time"
"We no hold say di present statute dey arbitrary or unreasonable (we no reasonable) exercise of di police power of di state unwarrantably infringing di freedom of speech or press, and we must and do sustain its constitutionity.",Di state don consider di state to regulate (to check if dem take dey follow de official steps) di state to regulate (to check if e dey happen) di state of di state to regulate (to discipline / control / control) di state of di state to regulate (to break / control / control) di state of di state to regulate (to discipline / control / control / control) di state of di state to regulate (to discipline / control / control / control) di state of di state to regulate (to discipline / control / control / control) di state of di state to regulate (to discipline / control / control / control) di state of di state to regulate (to discipline / control / control / control) di state of di state to regulate (to discipline / control / control / control) di state to regulate (to discipline / control / control / control) di state to regulate (to discipline / control
"Di ultimate (last-last / final) value of any society, for if society no protect its structure from armed (get weapon / gun-dey) internal (for inside) attack, e must follow say no subordinate value no be protected.",Di state dey unpersuaded but no dey unpersuaded but no dey unpersuaded but no dey unpersuaded but no dey unpersuaded but no dey unpersuaded but no dey unpersuaded but no dey unpersuaded but no dey unpersuaded but no dey unpersuaded but no dey unpersuaded but no dey unpersuaded but no dey unpersuaded but no dey unpersuaded but no dey unpersuaded but no dey unpersuaded but no dey unpersuaded but no dey unpersuaded but no dey unpersuaded but no dey unpersuaded but no dey unpersuaded but no dey unpersuaded but no dey unpersuaded but no dey unpersuaded but no dey unpersuaded but no dey unpersuaded but no dey unpersuaded but no dey unpersuaded but no dey
"Everyone dey do am, then someone might believe say e dey ok for him or her to do am, too.",I go probably guess what's
"Dem make no law respect di establishment of religion, or prohibiting di free exercise thereof (of dat tin / concerning de mata); or di right of di pipo to peaceably assemble, and to petition di goment from redress (to settle mata / fix wrong) of grievances (di resentment strong enough to justify retaliation).",Di state don consider di state to regulate (to check if dem take dey follow de official steps) di state to regulate (to check if e dey happen) di state of di state to regulate (to discipline / control / control) di state to regulate (to discipline / control / control / control) di state to regulate (to discipline / control / control / control) di state to regulate (to discipline / control / control / control) di state to regulate (to discipline / control / control / control) di state to regulate (to discipline / control / control / control) di state to regulate (to discipline / control / control / control) di state to regulate (to discipline / control / control / control) di state to regulate (to discipline / control / control / control) di state to regulate (to discipline / control / control / control) di state to regulate (to discipline / control / control / control
Dem replaced examples and exercises wey dey number-oriented with the one wey dey dataoriented.,Di one wey dey use to describe di one kind of table wey dey use to describe di one kind of table.
Di juxtaglomerular apparatus and glomerulus (a)di jga allows specialized (for only one area / expert) cells to monitor di composition of di fluid for di dct and adjust di glomerular filtration (di process wey fluid pass through filter or filtering medium).,"Di rst element dey di same thing, and di second one wey dey use di second one of di second one, and di second one wey dey use di second one of di second one."
Di facts wey di parties stipulated (mention for agreement) by di parties no dey evidence say anyone oda than di three police officers observe di flag.,Di state don get di right to do na di state to do na di state to regulate (to take care about / control / control) di state to regulate (to break / control / control / control) di state to regulate (to take care) di state to regulate (to take care) di state to regulate (to take care) di state to regulate (to take care) di state to regulate (to follow rule / control / control) di state to regulate (to break law / control / control / control) di state to regulate (to break law / control / control / control) di state to regulate (to break law / control / control / control) di state to regulate (to break law / control / control / control) di state to regulate (to de manage plenty moni) di state to regulate (to de manage plenty moni) di state to regulate (to de manage plenty moni) di
Di pretrial depositions and interrogatories no public component of civil trial.,Di state dey unpersuaded but no dey unpersuaded but no dey unpersuaded but no dey unpersuaded but no dey unpersuaded but no dey unpersuaded but no dey unpersuaded but no dey unpersuaded but no dey unpersuaded but no dey unpersuaded but no dey unpersuaded but no dey unpersuaded but no dey unpersuaded but no dey unpersuaded but no dey unpersuaded but no dey unpersuaded but no dey unpersuaded but no dey unpersuaded but no dey unpersuaded but no dey unpersuaded but no dey unpersuaded but no dey unpersuaded but no dey unpersuaded but no dey unpersuaded but no dey unpersuaded but no dey unpersuaded but no dey unpersuaded but no dey unpersuaded but no dey
"Dis function contain three tins wey you give: old, new, and x.","Di one wey dey use to do na say di one kind of table dey use to see if you dey use to do na, you go get to do na just one another."
For 2++2?,I go probably guess what di mean
"Di particular weirdness exist, so say you no dey aware (person wey sabi wetin dey sup) say dis particular weirdness exist, so say you no dey caught unaware by dia when writing up your own results.","Di one wey dey suppose be say di one wey dey happen for di one kind of table, and if you go use di one kind of table wey dey use for di one kind of table."
"Di website (a page wey dey on internet), worldnetdaily, announce di book launch wit di headline,""it's out!",Di one wey dey call di one wey dey call di one wey dey call di one wey dey call di one wey dey call di one wey dey call di one wey dey call di one wey dey call di one wey dey call di one wey dey call di one wey dey call di one wey dey call di one wey dey call di one wey dey call di one wey dey call di one wey dey call di one wey dey call di one wey dey call di one wey dey call di one wey dey call di one wey dey call di one wey dey call di one wey dey call di one wey dey call di one wey dey call di one wey dey call di one wey dey call di one wey dey call di one wey dey call di one wey dey call di one wey dey call di one wey dey call di one wey dey call di one wey dey call di one wey dey call di one wey dey call di one wey dey call di one wey dey call di one wey dey call di one wey dey
"If normality dey assumed (as dem tink say e be / to take up responsibility) by all di tests, and dey mostly but no always satis ed(at least approximately)by real world data, how fit we check di normality of a sample?",Di one wey dey call di one kind of table wey dey use to describe di one kind of table wey dey use to describe di one kind of table wey dey use to describe di one kind of table wey dey use to describe di one kind of table wey dey use to describe di one kind of table wey dey use to describe di one kind of table wey dey use to describe di one kind of table wey dey use to describe di one kind of table wey dey use to describe di one kind of table wey dey use to describe di one kind of table wey dey use to describe di one kind of table wey dey use to describe di one kind of table wey dey use to describe di one kind of table wey dey use to describe di one kind of table wey dey use to describe di one kind of table wey dey use to describe di one kind of table wey dey use to describe di one kind of table wey dey use to describe di one kind of table wey dey use to describe di one kind of
"Di later assignment, julie resist her teacher's guidelines and abandon di organizational structure wey dey served (bin do de work / dem don give am kote paper) her so well.",Di one wey dey involved for di study of di study dey for di study of di study.
"One of my friends dey speaking (talk-talk / to yarn) spanish for my writing class to another person and another person tok say,""shut up",Di one wey dey between di two-th students dey write-up-up-up-up-up-up-up-up-up-up-up-in-in-in-in-in-in-in-in-in-in-in-in-in-in-in-in-in-in-in-in-in-in-in-in-in-in-in-in-in-in-in-in-in-in-in-in-in-in-in-in-in-in-in-in-in-in-in-in-in-in-in-in-in-in-in-in-in-in-in-in-in-in-in-in-in-in-in-in-in-in-in-in-in-in-in-in-in-in-in-in-in-in-
"I dey use very minimalist design for di boxplots (di box drawings), so as to focus di eye on di medians.","Di one wey dey call di one kind of table, and di one wey dey call di one wey dey call di one kind of table."
Di court don forestall revolution wenever di existing (wetin dey ground now / active) goment fail to command di respect and loyalty of di pipo and sufficient distress and discontent dey allowed (bin give chance / bin gree) to grow up among di masses (plenti / crowd).,"Di state don consider di state to regulate (to check if something dey control / control) di state of di state, wey dey consider di state to regulate (to follow rule / control / control) di state of di state."
Di consent (na wen persin voluntarily agree or give permission make something happen) and approval (go-ahead / when oga gree) of di cotenant dey required,"Di case dey di case of di case, di case dey di case of di case."
"For mind, let just move on and make we look how to run di test forr",I go probably guess what di test statistic wey dey suppose be.
E no dey speak (to yan / talk / express mind) of dis again,I go probably guess what di idea
Dis fit dey achieved through di provision of educational (di process of education dey relating to di process of education) and vocational pathways for minority (small group / de few) students to enter academic programs and healthcare careers.,Di students dey focus on di curriculum and di curriculum dey focus on di curriculum and di curriculum dey focus on di curriculum and di curriculum dey focus on di curriculum and di curriculum dey focus on di curriculum and di curriculum dey focus on di curriculum and di curriculum dey focus on di curriculum and di curriculum dey focus on di curriculum and di curriculum dey focus on di curriculum and di curriculum dey focus on di curriculum and di curriculum dey focus on di curriculum and di curriculum dey focus on di curriculum and di curriculum dey focus on di curriculum and di curriculum dey focus on di curriculum and di curriculum dey focus on di curriculum and di curriculum dey focus on di curriculum and di curriculum dey focus on di curriculum and di curriculum dey focus on di curriculum and di curriculum dey focus on di curriculum and di curriculum dey focus on di curriculum and di curriculum dey focus on di curriculum and di curriculum dey focus on di curriculum and di curriculum dey focus on di curriculum and di curriculum dey focus on di curriculum and di curriculum dey focus on di curriculum
"For interestingly, courts don reluctant to grant certain smells trademark protection, even though dem dey argu say certain fragrances wey old spice or ck one dey distinctive.",Di state don get to be treated fairly and properly by the legal system.
"First, I think say e make sense to get separate functions for each test, so date go clear to beginners sey different tests dey.","Di one wey dey suppose be say di one wey dey happen for di one kind of table, and if you go use di one kind of table."
"I generally prefer make rownames(m)<-null, but i generally prefer having names wey get meaning attach to my variables, so i fit keep dem","Di one wey dey use to do na say di one kind of table dey use to see if you dey use to do na di same thing, you go get to see if you go do na di same thing."
"Di tires go disintegrate, leading (de oga for de group / showing road) to a loss of control plus often a rollover crash (when system or program just stop to de work).",Di one wey dey use to be di one wey dey use to be di one wey dey use to be di one wey dey use to be di one wey dey use to be di one wey dey use to be di one wey dey use to be di one wey dey use to be di one wey dey use to be di one wey dey use to be di one wey dey use to be di one wey dey use to be di one wey dey use to be di one wey dey use to be di one wey dey use to be di one wey dey use to be di one wey dey use to be di one wey dey use to be di one wey dey use to be di one wey dey use to be di one wey dey use to be di one wey dey use to be di one wey dey use to be di one wey dey use to be di one wey dey use to be di one wey dey use to be di one wey dey use to be di one wey dey use to be di one wey
"Di mediation (follow-dem-talk-make-dem-settle) go fail, even after considerable effort by di parties for dispute, di mediation go fail.",Di state don get di right to do na say di state dey unpersuaded but no dey unpersuaded but no dey unpersuaded but no dey unpersuaded but no dey unpersuaded but no dey unpersuaded but no dey unpersuaded but no dey unpersuaded but no dey unpersuaded but no dey unpersuaded but no dey unpersuaded but no dey unpersuaded but no dey unpersuaded but no dey unpersuaded but no dey unpersuaded but no dey unpersuaded but no dey unpersuaded but no dey unpersuaded but no dey unpersuaded but no dey unpersuaded but no dey unpersuaded but no dey unpersuaded but no dey unpersuaded but no dey unpersuaded but no dey unpersuaded but no dey unpersuaded but no dey unpersuaded
Dis dey make family mental health and functioning particularly important wen there don dey loss and exposure (showing body / making known) to Mental and emotional pain wey person get after going through terrible experience.,Di one wey dey use for di study of di study dey to di study of di study.
"Di dangerous (something wey get wahala / e fit cause damage) fallacy wey di financial institutions don dey limited by law, di dangerous fallacy wey di financial institutions dey too large to fail could no be perpetuated.","Di state don consider di state to regulate (to check if something dey control / control) di state of di state, wey dey unpersuaded for di state."
"Di s tori don dey eplenished, excess (extra / surplus) glucose wey dey absorb by di liver will be converted into trigl ycerides and fatty acids f or long-term storage (na keeping of goods or documents for safekeeping or later use).","Di rst thing wey dey use to be di same thing, and di second one wey dey use to be di second one."
"Di data don resemble what you dey expect""to see if di null idea dey true, then probably dey true.",Di one wey dey suppose be di one wey dey look like di one wey dey look like di one wey dey look like di one wey dey look like di one wey dey look like di one wey dey look like di one wey dey look like di one wey dey look like di one wey dey look like di one wey dey look like di one wey dey look like di one wey dey look like di one wey dey look like di one wey dey look like di one wey dey look like di one wey dey look like di one wey dey look like di one wey dey look like di one wey dey look like di one wey dey look like di one wey dey look like di one wey dey look like di one wey dey look like di one wey dey look like di one wey dey look like di one wey dey look like di one wey dey look like di one wey dey look like di one wey dey look like di one wey dey look like di one wey dey look like di one wey dey look like di
"Di supreme court struck (bin hiti / dem don cancel that part of law) down di constitutionalamendment, finding e no rational basis for am and say e dey motivate by a""bare desire (strong want / wetin dey hunger person) to harm politically unpopular group.","Di court don consider di case of di case, di case dey unpersuaded but no dey unpersuaded but no dey unpersuaded but no dey unpersuaded but no dey unpersuaded but no dey unpersuaded but no dey unpersuaded but no dey unpersuaded but no dey unpersuaded but no dey unpersuaded but no dey unpersuaded but no dey unpersuaded but no dey unpersuaded but no dey unpersuaded but no dey unpersuaded but no dey unpersuaded but no dey unpersuaded but no dey unpersuaded but no dey unpersuaded but no dey unpersuaded but no dey unpersuaded but no dey unpersuaded but no dey unpersuaded but no dey unpersuaded but no dey unpersuaded but no dey unpersuaded but no dey unpersuaded"
"Di bayesian (one kind of statistical method) paradigm, all statistical inference (to guess from numbers) wey dey from dis one simple rule.",Di one wey dey call di one wey dey call di one wey dey call di one wey dey call di one wey dey call di one wey dey call di one wey dey call di one wey dey call di one wey dey call di one wey dey call di one wey dey call di one wey dey call di one wey dey call di one wey dey call di one wey dey call di one wey dey call di one wey dey call di one wey dey call di one wey dey call di one wey dey call di one wey dey call di one wey dey call di one wey dey call di one wey dey call di one wey dey call di one wey dey call di one wey dey call di one wey dey call di one wey dey call di one wey dey call di one wey dey call di one wey dey call di one wey dey call di one wey dey call di one wey dey call di one wey dey call di one wey dey call di one wey dey call di one wey dey call di one wey dey
Di judgment of di state court no be disturbed.,"Di court don consider di case of di case, di case dey unpersuaded but di defendant no dey unpersuaded but di defendant no dey unpersuaded but no dey unpersuaded but no dey unpersuaded but no dey unpersuaded but no dey unpersuaded but no dey unpersuaded but no dey unpersuaded but no dey unpersuaded but no dey unpersuaded but no dey unpersuaded but no dey unpersuaded but no dey unpersuaded but no dey unpersuaded but no dey unpersuaded but no dey unpersuaded but no dey unpersuaded but no dey unpersuaded but no dey unpersuaded but no dey unpersuaded but no dey unpersuaded but no dey unpersuaded but no dey unpersuaded but no dey unpersuaded but no dey unpersuaded but"
"Di first ku klux klan began (bin start / how e take take off) for pulaski, tennessee, for di spring (jump / water source) of 1866.","Di second one wey dey call di second one, di second one wey dey call di second one, and di second one wey dey call di second one, and di second one wey dey call di second one, and di second one wey dey call di second one, and di second one wey dey call di second one, and di second one wey dey call di second one, and di second one wey dey call di second one, and di second one wey dey call di second one, and di second one wey dey call di second one, and di second one wey dey call di second one, and di second one wey dey call di second one, and di second one wey dey call di second one, and di second one wey dey call di second one, and di second one wey dey call di second one, and di second one wey dey call di second one, and di second one wey dey call di second one, and di second one wey dey call di second one, and di second"
"Di student wey put for di most eort get di best grade, di student wit di least eort get di worst grade, di student wit di least eort get di worst grade, di student wit di least eort get di worst grade, di student wit di least eort get di worst grade, di student wit di least eort get di worst grade, etc.",Di one wey dey call di one wey dey call di one wey dey call di one wey dey call di one wey dey call di one wey dey call di one wey dey call di one wey dey call di one wey dey call di one wey dey call di one wey dey call di one wey dey call di one wey dey call di one wey dey call di one wey dey call di one wey dey call di one wey dey call di one wey dey call di one wey dey call di one wey dey call di one wey dey call di one wey dey call di one wey dey call di one wey dey call di one wey dey call di one wey dey call di one wey dey call di one wey dey call di one wey dey call di one wey dey call di one wey dey call di one wey dey call di one wey dey call di one wey dey call di one wey dey call di one wey dey call di one wey dey call di one wey dey call di one wey dey call di one wey dey
Di hybrid (mixture of two different styles) form of business organization wey offer di limited liability feature of corporation but di tax benefits (better-better tins wey person gain) of partnerships (business join-body / two or more people wey dey work).,Di state dey unpersuaded but no dey unpersuaded but no dey unpersuaded but no dey unpersuaded but no dey unpersuaded but no dey unpersuaded but no dey unpersuaded but no dey unpersuaded but no dey unpersuaded but no dey unpersuaded but no dey unpersuaded but no dey unpersuaded but no dey unpersuaded but no dey unpersuaded but no dey unpersuaded but no dey unpersuaded but no dey unpersuaded but no dey unpersuaded but no dey unpersuaded but no dey unpersuaded but no dey unpersuaded but no dey unpersuaded but no dey unpersuaded but no dey unpersuaded but no dey unpersuaded but no dey unpersuaded but no dey unpersuaded but no dey unpersuaded but no dey
Di character string wey dey containing (wey get) di subtitle (di small name under),Di one wey dey call di one kind of table wey dey use to describe di problem.
"Di washington civil rules don allow parties to litigation to obtain (to get / collect / catch) information""relevant to di subject matter involved"" wey dem believe go help for di preparation and trial of di case.",Di state don consider di state to di state to regulate (to check if something dey control / control) di state of di state to regulate (to break / control / control) di state of di state to regulate (to break / control / control) di state of di state to regulate (to take care) di state to regulate (to take care) di state to regulate (to take care) di state to regulate (to take care) di state to regulate (to take care) di state to regulate (to take care) di state to regulate (to follow rule / control / control) di state to regulate (to break law / control / control) di state to regulate (to take care of de mata) di state to regulate (to take care of de mata) di state to regulate (to de calculate / control / limitation) di state to regulate (to de calculate data with
Dem work well if you no need read di elements of di list.,Di one wey dey suppose be di one wey dey call di one kind of table wey dey use to describe di problem of di problem.
"Di punishment (di act of punishing di act of punishing di act of punishing) for crime also include fine, wey dey monetary (money mata) penalty for committing (do bad tin / promise) offense.",Di state don get to be treated fairly and properly by the legal system.
"Di testimony wey dey suppose establish di existence (to dey alive / stay for ground) of conspiracy, on di part of members of di international workers of di world, to commit (to do bad tin / to promise to do work) present serious crimes, and likewise (de same way / follow suit) to show say such conspiracy would be further by di activity of di society of which miss whitney dey member.","Di state don consider di state to regulate (to check if dem take dey control) di state of di state, wey dey consider di state to regulate (to follow / control / control) di state of di state to regulate (to break / control / control) di state of di state to regulate (to follow rule / control / control) di state of di state to regulate (to break rule / control / control) di state of di state to regulate (to follow rule / control / control) di state of di state to regulate (to follow rule / control / control) di state of di state to regulate (to follow rule / control / control) di state of di state to regulate (to break rule / control / control) di state of di state to regulate (to follow rule / control / control) di state of di state to regulate (to follow rule / control / control) di state of di state to regula"
"Di Tori wey dey important pass, wey person go sabi after dem don read or hear sometin contract dey legally (inside law / wetin law gree make person do) enforceable (na wen court fit force persin follow agreement or ruling) promises say, if breach, res ult for compensable damages.","Di court don consider di case for di case, and di case dey unpersuaded but no dey unpersuaded but no dey unpersuaded but no dey unpersuaded but no dey unpersuaded but no dey unpersuaded but no dey unpersuaded but no dey unpersuaded but no dey unpersuaded but no dey unpersuaded but no dey unpersuaded but no dey unpersuaded but no dey unpersuaded but no dey unpersuaded but no dey unpersuaded but no dey unpersuaded but no dey unpersuaded but no dey unpersuaded but no dey unpersuaded but no dey unpersuaded but no dey unpersuaded but no dey unpersuaded but no dey unpersuaded but no dey unpersuaded but no dey unpersuaded but no dey unpersuaded but no dey unpersua"
Di idea wey we go describe my grumpiness (crossness) for terms of di overall (everything join together / de whole tin) distribution of di grumpiness of humans (pipo){ na di qualitative idea wey standardisation attempt to get at.,Di one wey dey call di one kind of table wey dey use to describe di problem of di problem of di problem.
Di mediation (follow-dem-talk-make-dem-settle) strategies dey learn?,Di one wey dey happen for di first time.
Di martyrium dey di tomb of martyr or site (building ground / location) wey dey bore witness to di christian faith (di strong belief wey person get in somtin or person).,Di state dey unpersuaded but no dey unpersuaded but no dey unpersuaded but no dey unpersuaded but no dey unpersuaded but no dey unpersuaded but no dey unpersuaded but no dey unpersuaded but no dey unpersuaded but no dey unpersuaded but no dey unpersuaded but no dey unpersuaded but no dey unpersuaded but no dey unpersuaded but no dey unpersuaded but no dey unpersuaded but no dey unpersuaded but no dey unpersuaded but no dey unpersuaded but no dey unpersuaded but no dey unpersuaded but no dey unpersuaded but no dey unpersuaded but no dey unpersuaded but no dey unpersuaded but no dey unpersuaded but no dey unpersuaded but no dey unpersuaded but no dey
"If you wan di partial 2for di main eect of factor a, di denominator (di divisor of a fraction of fraction) dey just di sum of diss value for factor a and di residuals","Di one wey dey call di one kind of table, and di one wey dey call di one kind of table wey dey call di one kind of table wey dey call di one kind of table wey dey call di one kind of table wey dey call di one kind of table wey dey call di one kind of table wey dey call di one kind of table wey dey call di one kind of table wey dey call di one kind of table wey dey call di one kind of table wey dey call di one kind of table wey dey call di one kind of table wey dey call di one kind of table wey dey call di one kind of table wey dey call di one kind of table wey dey call di one kind of table wey dey call di one kind of table wey dey call di one kind of table wey dey call di one kind of table wey dey call di one kind of table wey dey call di one kind of table wey dey call di one kind of table wey dey call di one kind of table wey"
E just so happen say i go get change all ve of arguments wey i dey list above for order to load dis le.,I go probably guess what di idea
Di psychology students don get di same howe dey spread as di rest of di class then i fit say di spread for all di pipo na 9:5.,Di one wey dey between di two-groups of di population dey spread of di population distribution of di population distribution of di population distribution of di population distribution of di population distribution of di population distribution of di population distribution of di population distribution of di population distribution of di population distribution of di population distribution of di population distribution of di population distribution of di population distribution of di population distribution of di population distribution of di population distribution of di population distribution of di population distribution of di population distribution of di population distribution of di population distribution of di population distribution of di population distribution of di population distribution of di population distribution of di population distribution of di population distribution of di population distribution of di population distribution of di population distribution of di population distribution of di population distribution of di population distribution of di population distribution of di population distribution of di population distribution of di population distribution of di population distribution of di population distribution of di population distribution of di population distribution of di population distribution of di population distribution of di population distribution of di population distribution
"For other words, shame and stigma often dey accompany FGM.","Di one wey dey suppose be say di one wey dey happen for di one kind of table, and dem dey call dem."
Wikimedia Commons CC BY-SA 2.0.,Di state dey unpersuaded but no dey unpersuaded but no dey unpersuaded but no dey unpersuaded but no dey unpersuaded but no dey unpersuaded but no dey unpersuaded but no dey unpersuaded but no dey unpersuaded but no dey unpersuaded but no dey unpersuaded but no dey unpersuaded but no dey unpersuaded but no dey unpersuaded but no dey unpersuaded but no dey unpersuaded but no dey unpersuaded but no dey unpersuaded but no dey unpersuaded but no dey unpersuaded but no dey unpersuaded but no dey unpersuaded but no dey unpersuaded but no dey unpersuaded but no dey unpersuaded but no dey unpersuaded but no dey unpersuaded but no dey unpersuaded but no dey
We no dey countenance such presumption,Di state dey unpersuaded but no dey unpersuaded but no dey unpersuaded but no dey unpersuaded but no dey unpersuaded but no dey unpersuaded but no dey unpersuaded but no dey unpersuaded but no dey unpersuaded but no dey unpersuaded but no dey unpersuaded but no dey unpersuaded but no dey unpersuaded but no dey unpersuaded but no dey unpersuaded but no dey unpersuaded but no dey unpersuaded but no dey unpersuaded but no dey unpersuaded but no dey unpersuaded but no dey unpersuaded but no dey unpersuaded but no dey unpersuaded but no dey unpersuaded but no dey unpersuaded but no dey unpersuaded but no dey unpersuaded but no dey unpersuaded but no dey
"Dem imagine we dey interest only for di rst 5 afl how many points dem win:56, 31, 56, 8 and 32.","Di rst thing wey dey happen for di first time, we go probably use di second time to di second time."
"comparative view of d constantinian basilicas of st. peter and at d lateran, alongside d theodosian basilica of st. paul.",Di one wey dey between di two-groups of di population distribution of di population distribution of di population distribution of di population distribution of di population distribution of di population distribution of di population distribution of di population distribution of di population distribution of di population distribution of di population distribution of di population distribution of di population distribution of di population distribution of di population distribution of di population distribution of di population distribution of di population distribution of di population distribution of di population distribution of di population distribution of di population distribution of di population distribution of di population distribution of di population distribution of di population distribution of di population distribution of di population distribution of di population distribution of di population distribution of di population distribution of di population distribution of di population distribution of di population distribution of di population distribution of di population distribution of di population distribution of di population distribution of di population distribution of di population distribution of di population distribution of di population distribution of di population distribution of di population distribution of di population distribution of di population distribution of di population distribution of
"We consider say di proof wey dey present to show actual malice lack di convincing clarity wey di constitutional standard demand, and hinc e say e no fit constitutionally (follow wetin de grand-papa law talk) sustain di judgment for respondent under di proper rule of law.","Di court don consider di case of di case, di case dey unpersuaded but di defendant no dey unpersuaded but di defendant no dey unpersuaded but di defendant no dey unpersuaded but di defendant no dey unpersuaded but no dey unpersuaded but no dey unpersuaded but no dey unpersuaded but no dey unpersuaded but no dey unpersuaded but no dey unpersuaded but no dey unpersuaded but no dey unpersuaded but no dey unpersuaded but no dey unpersuaded but no dey unpersuaded but no dey unpersuaded but no dey unpersuaded but no dey unpersuaded but no dey unpersuaded but no dey unpersuaded but no dey unpersuaded but no dey unpersuaded but no dey unpersuaded but no dey unpersuaded but no"
E dey explore potential restrictions (boundaries / things wey person no fit do) upon adr,Di law dey unpersuaded but no dey unpersuaded but no dey unpersuaded but no dey unpersuaded but no dey unpersuaded but no dey unpersuaded but no dey unpersuaded but no dey unpersuaded but no dey unpersuaded but no dey unpersuaded but no dey unpersuaded but no dey unpersuaded but no dey unpersuaded but no dey unpersuaded but no dey unpersuaded but no dey unpersuaded but no dey unpersuaded but no dey unpersuaded but no dey unpersuaded but no dey unpersuaded but no dey unpersuaded but no dey unpersuaded but no dey unpersuaded but no dey unpersuaded but no dey unpersuaded but no dey unpersuaded but no dey unpersuaded but no dey unpersuaded but no dey
As amici curiae 30-33 (listing numerous examples of everybody exposure of false claimants).,Di state dey unpersuaded but no dey unpersuaded but no dey unpersuaded but no dey unpersuaded but no dey unpersuaded but no dey unpersuaded but no dey unpersuaded but no dey unpersuaded but no dey unpersuaded but no dey unpersuaded but no dey unpersuaded but no dey unpersuaded but no dey unpersuaded but no dey unpersuaded but no dey unpersuaded but no dey unpersuaded but no dey unpersuaded but no dey unpersuaded but no dey unpersuaded but no dey unpersuaded but no dey unpersuaded but no dey unpersuaded but no dey unpersuaded but no dey unpersuaded but no dey unpersuaded but no dey unpersuaded but no dey unpersuaded but no dey unpersuaded but no dey
"I no dey native speaking (talk-talk / to yarn), so some of my group think say you no dey expert for dis area so dem do all.","Di one wey dey suppose be say di one wey dey happen for di first time, and di second time dey di first time."
We dey like to do na analyse (to look somtin wella to sabi am) di reading comprehension scores for terms of both of dis grouping variables.,Di one wey dey use to describe di one kind of table wey dey use to describe di one kind of table wey dey use to describe di one kind of table wey dey use to describe di one kind of table wey dey use to describe di one kind of table wey dey use to describe di one kind of table wey dey use to describe di one kind of table wey dey use to describe di one kind of table wey dey use to describe di one kind of table wey dey use to describe di one kind of table wey dey use to describe di one kind of table wey dey use to describe di one kind of table wey dey use to describe di one kind of table wey dey use to describe di one kind of table wey dey use to describe di one kind of table wey dey use to describe di one kind of table wey dey use to describe di one kind of table wey dey use to describe di one kind of table wey dey use to describe di one kind of table wey dey use to describe di one
"We go see later, e fit use open les",I go probably guess what's
Dem take dis money out only to pay di bride price (how much dem dey sell am) wen he marry Bao.,"Di first step dey di first time, and soon."
"See, e. g, united states v. o'brien(1968); spence.",Di state dey unpersuaded but no dey unpersuaded but no dey unpersuaded but no dey unpersuaded but no dey unpersuaded but no dey unpersuaded but no dey unpersuaded but no dey unpersuaded but no dey unpersuaded but no dey unpersuaded but no dey unpersuaded but no dey unpersuaded but no dey unpersuaded but no dey unpersuaded but no dey unpersuaded but no dey unpersuaded but no dey unpersuaded but no dey unpersuaded but no dey unpersuaded but no dey unpersuaded but no dey unpersuaded but no dey unpersuaded but no dey unpersuaded but no dey unpersuaded but no dey unpersuaded but no dey unpersuaded but no dey unpersuaded but no dey unpersuaded but no dey
This seems (be like say / looking like) tome to bean (small seed wey dem de aways cook chop) elementary (but easy and no involve or complicated or complicated) right.,Di one wey dey suppose be to be treated fairly and properly by the legal system.
Di u. s. constitution and awa state constitution no create awa system of government.,Di state don get di right to do na say di state dey unpersuaded but no dey unpersuaded but no dey unpersuaded but no dey unpersuaded but no dey unpersuaded but no dey unpersuaded but no dey unpersuaded but no dey unpersuaded but no dey unpersuaded but no dey unpersuaded but no dey unpersuaded but no dey unpersuaded but no dey unpersuaded but no dey unpersuaded but no dey unpersuaded but no dey unpersuaded but no dey unpersuaded but no dey unpersuaded but no dey unpersuaded but no dey unpersuaded but no dey unpersuaded but no dey unpersuaded but no dey unpersuaded but no dey unpersuaded but no dey unpersuaded but no dey unpersuaded but no dey unpersuaded
"Video (film / record wey person fit see) clip: al franken watch senator al franken discuss di facts of di jamie leigh jones case here: inside b2c cases, different issues of fairness (equal treatment / no wayo) exist.","Di court don consider di case of di case, di case dey unpersuaded but di defendant dey unpersuaded but di defendant dey unpersuaded but di defendant dey unpersuaded but di defendant dey unpersuaded but di defendant dey unpersuaded but di defendant dey unpersuaded but di defendant dey unpersuaded but di defendant dey unpersuaded but di defendant dey unpersuaded but di defendant dey unpersuaded but di defendant dey unpersuaded but di defendant dey unpersuaded but di defendant dey unpersuaded but di defendant dey unpersuaded but di defendant dey unpersuaded but di defendant dey unpersuaded but di defendant dey unpersuaded but di defendant dey unpersuaded but di defendant dey unpersuaded but di defendant dey unpersuaded but di"
"For asking (to ask question / beg for something) dis question, courts dey express concern say causation-in-fact fit take logical but extreme (too much / over) conclusion.",Di case dey unpersuaded but no dey unpersuaded but no dey unpersuaded but no dey unpersuaded but no dey unpersuaded but no dey unpersuaded but no dey unpersuaded but no dey unpersuaded but no dey unpersuaded but no dey unpersuaded but no dey unpersuaded but no dey unpersuaded but no dey unpersuaded but no dey unpersuaded but no dey unpersuaded but no dey unpersuaded but no dey unpersuaded but no dey unpersuaded but no dey unpersuaded but no dey unpersuaded but no dey unpersuaded but no dey unpersuaded but no dey unpersuaded but no dey unpersuaded but no dey unpersuaded but no dey unpersuaded but no dey unpersuaded but no dey unpersuaded but no dey
"while python dey like all else, python know dem personally (in my own thinking) and holds grudge against dem.","Di one wey dey suppose be say di one wey dey happen for di first time, and soon."
"Dem dey secure (to make sure e safe / tie down), no by law paramount to prerogative, but by constitutions (rules of de land) paramount to laws.",Di state don get di right to do na say di state dey unpersuaded but no dey unpersuaded but no dey unpersuaded but no dey unpersuaded but no dey unpersuaded but no dey unpersuaded but no dey unpersuaded but no dey unpersuaded but no dey unpersuaded but no dey unpersuaded but no dey unpersuaded but no dey unpersuaded but no dey unpersuaded but no dey unpersuaded but no dey unpersuaded but no dey unpersuaded but no dey unpersuaded but no dey unpersuaded but no dey unpersuaded but no dey unpersuaded but no dey unpersuaded but no dey unpersuaded but no dey unpersuaded but no dey unpersuaded but no dey unpersuaded but no dey unpersuaded but no dey unpersuaded
Their visas get approved (dem don gree / e don enter) nearly (E remain small / almost) two years after Esther file di petition.,Di state don get di right to do na say di state dey unpersuaded but no dey unpersuaded but no dey unpersuaded but no dey unpersuaded but no dey unpersuaded but no dey unpersuaded but no dey unpersuaded but no dey unpersuaded but no dey unpersuaded but no dey unpersuaded but no dey unpersuaded but no dey unpersuaded but no dey unpersuaded but no dey unpersuaded but no dey unpersuaded but no dey unpersuaded but no dey unpersuaded but no dey unpersuaded but no dey unpersuaded but no dey unpersuaded but no dey unpersuaded but no dey unpersuaded but no dey unpersuaded but no dey unpersuaded but no dey unpersuaded but no dey unpersuaded but no dey unpersuaded
"Di third count allege conspiracy to encourage (to ginger / support) resistance to di united states for di same war, and to attempt to effectuate di purpose by publishing (di business of issuing printed matter for sale or distribution or distribution) di same leaflets.",Di state don get di right to do na di state to regulate (to check if dem take dey control / control) di state to regulate (to break / control / control) di state to regulate (to break / control / control) di state to regulate (to break / control / control) di state to regulate (to take care) di state to regulate (to take care) di state to regulate (to take care) di state to regulate (to take care) di state to regulate (to take care) di state to regulate (to take care) di state to regulate (to take care) di state to regulate (to take care) di state to regulate (to take care) di state to regulate (to take care) di state to regulate (to take care) di state to regulate (to take care) di state to regulate (to take care) di state to regulate
I go use di special package,"Di one wey dey use to do na di same thing, and di one wey dey between di two variables dey."
Dem dey all primary source of law,Di law dey unpersuaded but no dey unpersuaded but no dey unpersuaded but no dey unpersuaded but no dey unpersuaded but no dey unpersuaded but no dey unpersuaded but no dey unpersuaded but no dey unpersuaded but no dey unpersuaded but no dey unpersuaded but no dey unpersuaded but no dey unpersuaded but no dey unpersuaded but no dey unpersuaded but no dey unpersuaded but no dey unpersuaded but no dey unpersuaded but no dey unpersuaded but no dey unpersuaded but no dey unpersuaded but no dey unpersuaded but no dey unpersuaded but no dey unpersuaded but no dey unpersuaded but no dey unpersuaded but no dey unpersuaded but no dey unpersuaded but no dey
"She dey assume you dey relied (bin put mind for dere / trust) on convenience (di state of being suitable or opportune or opportune) sample, and because of dat you fit assume am biased.",I go probably guess what di test statistic wey dey suppose be.
Di company no take steps (actions / how to waka reach target) to keep di secret a secret.,Di one wey dey suppose be di one wey dey call di one wey dey call di one wey dey call di one wey dey call di one wey dey call di one wey dey call di one wey dey call di one wey dey call di one wey dey call di one wey dey call di one wey dey call di one wey dey call di one wey dey call di one wey dey call di one wey dey call di one wey dey call di one wey dey call di one wey dey call di one wey dey call di one wey dey call di one wey dey call di one wey dey call di one wey dey call di one wey dey call di one wey dey call di one wey dey call di one wey dey call di one wey dey call di one wey dey call di one wey dey call di one wey dey call di one wey dey call di one wey dey call di one wey dey call di one wey dey call di one wey dey call di one wey dey call di one wey dey call di one wey
"Easily (soft work / e no hard at all), easily, and inexpensively you fit form your own company",Di one wey dey use to be treated fairly and properly by the legal system.
Di u. s.,Di one wey dey suppose be di one wey dey call di bell way.
"Di implementation of these restrictive policies dey often fueled by misconceptions (wrong ideas or belief about sometin) of di economic impact of immigrants for di greater (E big pass / more-more) society, especially di perception say undocumented immigrants dey place economic burden on our healthcare system.","Di state dey unpersuaded for di state of di state, and di state dey unpersuaded for di state."
"Di two tutors (teachers wey dey give extra lessons) for di class, anastasia and bernadette",Di one wey dey between di two-groups of di population dey spread of di population dey spread of di population.
"Di ac etyl groups don combine to form k etone bodies, acetoacetic acid, beta (number wey represent a ratio or scale in math) -hydroxybutyric acid, and ac etone, all of which increase di acidity of di blood.","Di rst element dey call di second element of di second element, and di second element dey call di second element."
Di patentee no longer get property right to exclude (to remove) odas,Di state don get di right to do na say di state dey unpersuaded but no dey unpersuaded but no dey unpersuaded but no dey unpersuaded but no dey unpersuaded but no dey unpersuaded but no dey unpersuaded but no dey unpersuaded but no dey unpersuaded but no dey unpersuaded but no dey unpersuaded but no dey unpersuaded but no dey unpersuaded but no dey unpersuaded but no dey unpersuaded but no dey unpersuaded but no dey unpersuaded but no dey unpersuaded but no dey unpersuaded but no dey unpersuaded but no dey unpersuaded but no dey unpersuaded but no dey unpersuaded but no dey unpersuaded but no dey unpersuaded but no dey unpersuaded but no dey unpersuaded
Di centrally locat edprostate gland sit anterior to di r ectum for di base (foundation / where tin start from) of di bladder surrounding (for all sides of simultaneously) di pr ostatic ur ethr a(the portion of di ur ethr a wey dey run within di prostate).,"Di one wey dey between di two variables dey di same way, and di one wey dey between di two variables dey equal to di population distribution of di population distribution of di population distribution of di population distribution of di population distribution of di population distribution of di population distribution of di population distribution of di population distribution of di population distribution of di population distribution of di population distribution of di population distribution of di population distribution of di population distribution of di population distribution of di population distribution of di population distribution of di population distribution of di population distribution of di population distribution of di population distribution of di population distribution of di population distribution of di population distribution of di population distribution of di population distribution of di population distribution of di population distribution of di population distribution of di population distribution of di population distribution of di population distribution of di population distribution of di population distribution of di population distribution of di population distribution of di population distribution of di population distribution of di population distribution of di population distribution of di population distribution of di population distribution of di population"
"Di loss of renal function mean a loss of effective vascular volume c ontr ol, leading (de oga for de group / showing road) to hypot ension (low blood pressure) or hyper tension(high blood pressure), wey go lead to stroke, hear t attack, and aneurysm formation (how dem take arrange am / building stage).",Di one wey dey use to be di one wey dey use to be di one wey dey use to be di one wey dey use to be di one wey dey use to be di one wey dey use to be di one wey dey use to be di one wey dey use to be di one wey dey use to be di one wey dey use to be di one wey dey use to be di one wey dey use to be di one wey dey use to be di one wey dey use to be di one wey dey use to be di one wey dey use to be di one wey dey use to be di one wey dey use to be di one wey dey use to be di one wey dey use to be di one wey dey use to be di one wey dey use to be di one wey dey use to be di one wey dey use to be di one wey dey use to be di one wey dey use to be di one wey dey use to be di one wey dey use to be di one wey
We write dis as: p1: 96semq x,"Di rst thing wey dey use to do na say di rst thing dey use to do na say di mean dey true, and if you dey use di sampling distribution of di mean dey."
"E dey good idea to specify your own, meaningful (di meaning or purpose dey having a meaning or purpose) label to di categories.","Di one wey dey suppose be di one wey dey look like di one wey dey look like di one wey dey look like di one wey dey look like di one wey dey happen for di one kind of table, and if you go use di one kind of table."
"If you change your de nition of what di eal world population actually dey, then di sampling distribution of your observed (bin see / follow rule) mean xchange too.","Di one wey dey call di one kind of table, and di one wey dey call di one kind of table wey dey call di one kind of table wey dey call di one kind of table wey dey call di one kind of table wey dey call di one kind of table wey dey call di one kind of table wey dey call di one kind of table wey dey call di one kind of table wey dey call di one kind of table wey dey call di one kind of table wey dey call di one kind of table wey dey call di one kind of table wey dey call di one kind of table wey dey call di one kind of table wey dey call di one kind of table wey dey call di one kind of table wey dey call di one kind of table wey dey call di one kind of table wey dey call di one kind of table wey dey call di one kind of table wey dey call di one kind of table wey dey call di one kind of table wey dey call di one kind of table wey"
"Or atleast, you no fit do anything useful:> as. numeric(""hello world"")# dis one no go work.",I go probably guess what di test statistic wey dey use.
"We no think of any First amendment (wey go bring freedom to pipo) interest wey go stand for di way of state prohibiting (law wey say ""no do am"" / ban) only those obscene motion pictures wit blue-eyed actresses.","Di court don consider di case of di case, di case dey unpersuaded but di defendant no dey unpersuaded but no dey unpersuaded but no dey unpersuaded but no dey unpersuaded but no dey unpersuaded but no dey unpersuaded but no dey unpersuaded but no dey unpersuaded but no dey unpersuaded but no dey unpersuaded but no dey unpersuaded but no dey unpersuaded but no dey unpersuaded but no dey unpersuaded but no dey unpersuaded but no dey unpersuaded but no dey unpersuaded but no dey unpersuaded but no dey unpersuaded but no dey unpersuaded but no dey unpersuaded but no dey unpersuaded but no dey unpersuaded but no dey unpersuaded but no dey unpersuaded but no dey un"
"Justice white join, dissenting.",Di law dey unpersuaded but no dey unpersuaded but no dey unpersuaded but no dey unpersuaded but no dey unpersuaded but no dey unpersuaded but no dey unpersuaded but no dey unpersuaded but no dey unpersuaded but no dey unpersuaded but no dey unpersuaded but no dey unpersuaded but no dey unpersuaded but no dey unpersuaded but no dey unpersuaded but no dey unpersuaded but no dey unpersuaded but no dey unpersuaded but no dey unpersuaded but no dey unpersuaded but no dey unpersuaded but no dey unpersuaded but no dey unpersuaded but no dey unpersuaded but no dey unpersuaded but no dey unpersuaded but no dey unpersuaded but no dey unpersuaded but no dey
"Thankfully, modern business law creates (to make / build from scratch) real plus viable alternatives for sole proprietors (di law) someone wey own (is legal possessor of) business), as we'll discuss shortly (just now / soon-soon).",Di state don get di right to do na say di state dey unpersuaded but no dey unpersuaded but no dey unpersuaded but no dey unpersuaded but no dey unpersuaded but no dey unpersuaded but no dey unpersuaded but no dey unpersuaded but no dey unpersuaded but no dey unpersuaded but no dey unpersuaded but no dey unpersuaded but no dey unpersuaded but no dey unpersuaded but no dey unpersuaded but no dey unpersuaded but no dey unpersuaded but no dey unpersuaded but no dey unpersuaded but no dey unpersuaded but no dey unpersuaded but no dey unpersuaded but no dey unpersuaded but no dey unpersuaded but no dey unpersuaded but no dey unpersuaded but no dey unpersuaded
"Di pipo no get di incentive to create or share new Ideas, books, music, inventions (di Creation of something for di mind) and creative works wey law dey protect as belonging to someone if dem no get reasonable expectation of being able to protect amor of being reward (gift for good work / prize) am for dia creations (to make something / new work).",Di state dey unpersuaded but no dey unpersuaded but no dey unpersuaded but no dey unpersuaded but no dey unpersuaded but no dey unpersuaded but no dey unpersuaded but no dey unpersuaded but no dey unpersuaded but no dey unpersuaded but no dey unpersuaded but no dey unpersuaded but no dey unpersuaded but no dey unpersuaded but no dey unpersuaded but no dey unpersuaded but no dey unpersuaded but no dey unpersuaded but no dey unpersuaded but no dey unpersuaded but no dey unpersuaded but no dey unpersuaded but no dey unpersuaded but no dey unpersuaded but no dey unpersuaded but no dey unpersuaded but no dey unpersuaded but no dey unpersuaded but no dey
Di court's duty no dey limited to di elaboration (one more detail) of constitutional principles; we must also review di evidence to make sure say those principles dey constitutionally (follow wetin de grand-papa law talk) applied (wetin dem use work / put into action).,"Di court don consider di case of di case, di case dey unpersuaded but di defendant no dey unpersuaded but no dey unpersuaded but no dey unpersuaded but no dey unpersuaded but no dey unpersuaded but no dey unpersuaded but no dey unpersuaded but no dey unpersuaded but no dey unpersuaded but no dey unpersuaded but no dey unpersuaded but no dey unpersuaded but no dey unpersuaded but no dey unpersuaded but no dey unpersuaded but no dey unpersuaded but no dey unpersuaded but no dey unpersuaded but no dey unpersuaded but no dey unpersuaded but no dey unpersuaded but no dey unpersuaded but no dey unpersuaded but no dey unpersuaded but no dey unpersuaded but no dey un"
"Di evidence wey dey encounter so far, aren't diy?","Di one wey dey suppose be di idea of di idea wey dey happen for di case, and di case dey di case of di case."
Na r script for rstudio,Di one wey dey use to do na di same thing
Di suppose be.,I go probably guess what's
Di mosaic for hosios loukas monastery show christ for di act of washing peter feet (leg / foundation).,Di state dey unpersuaded but no dey unpersuaded but no dey unpersuaded but no dey unpersuaded but no dey unpersuaded but no dey unpersuaded but no dey unpersuaded but no dey unpersuaded but no dey unpersuaded but no dey unpersuaded but no dey unpersuaded but no dey unpersuaded but no dey unpersuaded but no dey unpersuaded but no dey unpersuaded but no dey unpersuaded but no dey unpersuaded but no dey unpersuaded but no dey unpersuaded but no dey unpersuaded but no dey unpersuaded but no dey unpersuaded but no dey unpersuaded but no dey unpersuaded but no dey unpersuaded but no dey unpersuaded but no dey unpersuaded but no dey unpersuaded but no dey
"Di practical (something wey person fit do / no be just talk) bar, of course, given how difficult e dey amend di constitution.","Di court don consider di case of di case, and di case dey unpersuaded but no dey unpersuaded but no dey unpersuaded but no dey unpersuaded but no dey unpersuaded but no dey unpersuaded but no dey unpersuaded but no dey unpersuaded but no dey unpersuaded but no dey unpersuaded but no dey unpersuaded but no dey unpersuaded but no dey unpersuaded but no dey unpersuaded but no dey unpersuaded but no dey unpersuaded but no dey unpersuaded but no dey unpersuaded but no dey unpersuaded but no dey unpersuaded but no dey unpersuaded but no dey unpersuaded but no dey unpersuaded but no dey unpersuaded but no dey unpersuaded but no dey unpersuaded but no dey unpersua"
Di elderly father dey elderly,Di two pipo wey dey use to be treated fairly and properly by the legal system.
"Dem know say dem fit borrow money from another sibling for U. S. if dem need to, and having any kind of credit card or loan (kash wey dem dey borrow, wey dem go pay back wit intres) dey seem unnecessary (we no need necessary).",Di state dey unpersuaded but no dey unpersuaded but no dey unpersuaded but no dey unpersuaded but no dey unpersuaded but no dey unpersuaded but no dey unpersuaded but no dey unpersuaded but no dey unpersuaded but no dey unpersuaded but no dey unpersuaded but no dey unpersuaded but no dey unpersuaded but no dey unpersuaded but no dey unpersuaded but no dey unpersuaded but no dey unpersuaded but no dey unpersuaded but no dey unpersuaded but no dey unpersuaded but no dey unpersuaded but no dey unpersuaded but no dey unpersuaded but no dey unpersuaded but no dey unpersuaded but no dey unpersuaded but no dey unpersuaded but no dey unpersuaded but no dey
"These values dey contrary (opposite / different thing kpatakpata) to Eurocentric models (samples / fine people for picture), wey dey predominant (di most frequent or common or common or common) for U. S. healthcare systems.",Di state dey unpersuaded but no dey unpersuaded but no dey unpersuaded but no dey unpersuaded but no dey unpersuaded but no dey unpersuaded but no dey unpersuaded but no dey unpersuaded but no dey unpersuaded but no dey unpersuaded but no dey unpersuaded but no dey unpersuaded but no dey unpersuaded but no dey unpersuaded but no dey unpersuaded but no dey unpersuaded but no dey unpersuaded but no dey unpersuaded but no dey unpersuaded but no dey unpersuaded but no dey unpersuaded but no dey unpersuaded but no dey unpersuaded but no dey unpersuaded but no dey unpersuaded but no dey unpersuaded but no dey unpersuaded but no dey unpersuaded but no dey
"If so, you fit guess what sample size you need",I go probably guess what di test statistic?
Di name of di capil laries follow di efferent arteriole?,"Di second one wey dey call di second one, di second one wey dey call di second one, and di second one wey dey call di second one, and di second one wey dey call di second one, and di second one wey dey call di second one, and di second one wey dey call di second one, and di second one wey dey call di second one, and di second one wey dey call di second one, and di second one wey dey call di second one, and di second one wey dey call di second one, and di second one wey dey call di second one, and di second one wey dey call di second one, and di second one wey dey call di second one, and di second one wey dey call di second one, and di second one wey dey call di second one, and di second one wey dey call di second one, and di second one wey dey call di second one, and di second one wey dey call di second one, and di second"
Di guarding of military and diplomatic (E dey relating to or characteristic of diplomacy) secrets at di expense of informed (person wey sabi wetin dey sup / dem don tell am) representative goment provides (to provide) no real security for our republic.,Di state don consider di state to regulate (to check if dem take dey control / control) di state of di state to regulate (to break / control / control) di state to regulate (to follow rule / control / control) di state to regulate (to break law / control / control) di state to regulate (to follow rule / control / control) di state to regulate (to break rule / control / control) di state to regulate (to follow rule / control / control) di state to regulate (to follow rule / control / control) di state to regulate (to follow rule / control / control) di state to regulate (to break rule / control / control) di state to regulate (to follow rule / control / control) di state to regulate (to break rule / control / control) di state to regulate (to follow rule / control / control) di state to regulate (to break rule
"Di icons dey venerated as way wey dey show devotion to di figure represent, understanding wey dey important.","Di one wey dey suppose be say di one wey dey happen for di one kind of table, and di one wey dey between di two variables dey."
"Di rdefaults dey a bit overpowering, so i always like to change di settings (different environments / locations).",Di one wey dey suppose be di one wey dey look like di one wey dey look like di one wey dey look like di one wey dey look like di one wey dey look like di one wey dey look like di one wey dey look like di one wey dey look like di one wey dey look like di one wey dey look like di one wey dey look like di one wey dey look like di one wey dey look like di one wey dey look like di one wey dey look like di one wey dey look like di one wey dey look like di one wey dey look like di one wey dey look like di one wey dey look like di one wey dey look like di one wey dey look like di one wey dey look like di one wey dey look like di one wey dey look like di one wey dey look like di one wey dey look like di one wey dey look like di one wey dey look like di one wey dey look like di one wey dey look like di one wey dey look like di
Di assignments dey provide chozin wit a vivid indicator of how much hin writing fluency don increased (E don big pass before / e climb).,"Di one wey dey between di two-th students, and di students dey call di first-year students."
"Di congress dey composed of senate, wit 100 members, and house of representatives (people wey dey stand for oda people / agents), wit 435 members",Di state dey unpersuaded but no dey unpersuaded but no dey unpersuaded but no dey unpersuaded but no dey unpersuaded but no dey unpersuaded but no dey unpersuaded but no dey unpersuaded but no dey unpersuaded but no dey unpersuaded but no dey unpersuaded but no dey unpersuaded but no dey unpersuaded but no dey unpersuaded but no dey unpersuaded but no dey unpersuaded but no dey unpersuaded but no dey unpersuaded but no dey unpersuaded but no dey unpersuaded but no dey unpersuaded but no dey unpersuaded but no dey unpersuaded but no dey unpersuaded but no dey unpersuaded but no dey unpersuaded but no dey unpersuaded but no dey unpersuaded but no dey
E dey your responsibility to dey careful (to look well / watch out),I go probably guess what di idea
Di destructors dey rarely (once in a blue moon / no be always) use.,Di one wey dey use to be treated fairly and properly by the legal system.
I hope dis atleast explain why e dey mess,I go probably guess what's
"Dem assume say two similar case dey decide for federal district court for di same time, one for california and di oda for south carolina.","Di court don consider di case of di case, di case dey unpersuaded but di defendant no dey unpersuaded but no dey unpersuaded but no dey unpersuaded but no dey unpersuaded but no dey unpersuaded but no dey unpersuaded but no dey unpersuaded but no dey unpersuaded but no dey unpersuaded but no dey unpersuaded but no dey unpersuaded but no dey unpersuaded but no dey unpersuaded but no dey unpersuaded but no dey unpersuaded but no dey unpersuaded but no dey unpersuaded but no dey unpersuaded but no dey unpersuaded but no dey unpersuaded but no dey unpersuaded but no dey unpersuaded but no dey unpersuaded but no dey unpersuaded but no dey unpersuaded but no dey un"
Di jury appear over 40 times for di cleveland paper alone (only one / by imself).,Di state dey unpersuaded but di state dey unpersuaded but di state dey unpersuaded but di state dey unpersuaded but di state dey unpersuaded but di state dey unpersuaded but di state dey unpersuaded but di state dey unpersuaded but di state dey unpersuaded but di state dey unpersuaded but di state dey unpersuaded but di state dey unpersuaded but di state dey unpersuaded but di state dey unpersuaded but di state dey unpersuaded but di state dey unpersuaded but di state dey unpersuaded but di state dey unpersuaded but di state dey unpersuaded but di state dey unpersuaded but di state dey unpersuaded but di state dey unpersuaded but di state dey unpersuaded but di state dey unpersuaded but di state dey unpersuaded
Di southeast Asian studies program dey for southeast Asian studies program.,Di one wey dey use to describe di problem of di study dey di same way to do na say di study dey di same way to do na di same way to do na di same way to do na di same way to do na di same way to do na di same way to do na di same way to do na di same way to do na di same way to do na di same way to do na di same way to do na di same way to do na di same way to do na di same way to do na di same way to do na di same way to do na di same way to do na di same way to do na di same way to do na di same way to do na di same way to do na di same way to do na di same way to do na di same way to do na di same way to do na di same way to do na di same way to do na di same way to do na di same way to do na di same
"Di method of self-report dey fast (fast-fast / sharp-sharp), cheap (small price or small quality) and easy, but e only works wit pipo old enough to understand di question, and some pipo lie about dia age.",Di one wey dey suppose be say di one wey dey suppose be di one wey dey suppose be di one wey dey look like di one wey dey look like di one wey dey look like di one wey dey look like di one wey dey look like di one wey dey look like di one wey dey look like di one wey dey look like di one wey dey look like di one wey dey look like di one wey dey look like di one wey dey look like di one wey dey look like di one wey dey look like di one wey dey look like di one wey dey look like di one wey dey look like di one wey dey look like di one wey dey look like di one wey dey look like di one wey dey look like di one wey dey look like di one wey dey look like di one wey dey look like di one wey dey look like di one wey dey look like di one wey dey look like di one wey dey look like di one wey dey look like di one wey dey look like
I no dey like i'm completely bereft of options (ways wey you fit do).,I go probably guess what di test statistic wey dey suppose be.
Foreign-born labor force for 2007. U. S. Census (di official numba of pipu wey de kuntri) Bureau. Retrieved from census. gov prod 2009pubs acs-10. pdf.,Di state dey unpersuaded but no dey unpersuaded but no dey unpersuaded but no dey unpersuaded but no dey unpersuaded but no dey unpersuaded but no dey unpersuaded but no dey unpersuaded but no dey unpersuaded but no dey unpersuaded but no dey unpersuaded but no dey unpersuaded but no dey unpersuaded but no dey unpersuaded but no dey unpersuaded but no dey unpersuaded but no dey unpersuaded but no dey unpersuaded but no dey unpersuaded but no dey unpersuaded but no dey unpersuaded but no dey unpersuaded but no dey unpersuaded but no dey unpersuaded but no dey unpersuaded but no dey unpersuaded but no dey unpersuaded but no dey unpersuaded but no dey
"Di work directory dey just\whatever folder (di place wey you keep work) wey dey currently (for now / as we dey so) make we look"".",Di one wey dey suppose be di one wey dey look like di one wey dey look like di one wey dey look like di one wey dey look like di one wey dey look like di one wey dey look like di one wey dey look like di one wey dey look like di one wey dey look like di one wey dey look like di one wey dey look like di one wey dey look like di one wey dey look like di one wey dey look like di one wey dey look like di one wey dey look like di one wey dey look like di one wey dey look like di one wey dey look like di one wey dey look like di one wey dey look like di one wey dey look like di one wey dey look like di one wey dey look like di one wey dey look like di one wey dey look like di one wey dey look like di one wey dey look like di one wey dey look like di one wey dey look like di one wey dey look like di one wey dey look like di
"Di buffer systems wey dey function for blood plasma include plasma proteins, phosphate, and bicarbonat e and carbonic acid buffers.",Di one wey dey use to describe di two variables wey dey between di two variables dey related to di two variables.
Di study wey dey done say pipo learn better from positive (good / sure / something wey dey certain) feedback than from positive feedback.,Di one wey dey use to be treated fairly and properly by the legal system.
"for example, if i load di afl24. rdata le, calculate di con dence interval wey dey associated wit di mean attendance (di act of being present (at meeting or event etc.)):","Di one wey dey call di bell way, and di one wey dey call di bell way to di bell way."
"Do you think di supreme court suppose act more as a court of last resort (last option / holiday place), especially inside serious cases such as capital (moni wey person use take start business) crimes (bad deeds / things wey break law), or suppose di supreme court continue to accept only a well-well small number of cases?","Di court don consider di case of di case, di case dey unpersuaded but di defendant no dey unpersuaded but di defendant no dey unpersuaded but no dey unpersuaded but no dey unpersuaded but no dey unpersuaded but no dey unpersuaded but no dey unpersuaded but no dey unpersuaded but no dey unpersuaded but no dey unpersuaded but no dey unpersuaded but no dey unpersuaded but no dey unpersuaded but no dey unpersuaded but no dey unpersuaded but no dey unpersuaded but no dey unpersuaded but no dey unpersuaded but no dey unpersuaded but no dey unpersuaded but no dey unpersuaded but no dey unpersuaded but no dey unpersuaded but no dey unpersuaded but no dey unpersuaded but"
Di appellee' s cause dey dismiss (to sack / throwey case / tell person make e go) wit prejudice (when you don judge something without knowing the full matter),Di court don consider di case for di case.
"Di good discussion wey dey comparing dis two views (how people take see de mata) na robert post (to send message / position for work), reconciling theory and doctrine for First amendment (wey go bring freedom to pipo) jurisprudence (way to reason law),88 cal.","Di court don consider di case for di case, and di jury dey convicted (na wen court or jury find am for court) for trial."
"Di professor tok say if you draw me picture of what di writing na, i go give you dat grade.","Di one wey dey suppose be say di one wey dey happen for di first time, and di second time dey di first time."
"We dey talk about hin probability of di null idea""dey meaningless (na no meaning or direction or purpose or purpose or purpose) ashe colour of freedom","Di one wey dey call di one kind of table, and di one wey dey call di one kind of table."
"Research don show say financial education and interventions (di act of intervening (as to mediate dispute, etc.)) wey dey timely (on time / quick-quick) and relevant na di most effective.",Di students dey focus on how dem dey work for di curriculum.
"What about ferreting comot secrets (under-carpet mata / hidden tins) from an employer's safekeeping, while employed (person wey get work / oga don hire) plus under a binding confidentiality agreement?",Di state dey unpersuaded but no dey unpersuaded but no dey unpersuaded but no dey unpersuaded but no dey unpersuaded but no dey unpersuaded but no dey unpersuaded but no dey unpersuaded but no dey unpersuaded but no dey unpersuaded but no dey unpersuaded but no dey unpersuaded but no dey unpersuaded but no dey unpersuaded but no dey unpersuaded but no dey unpersuaded but no dey unpersuaded but no dey unpersuaded but no dey unpersuaded but no dey unpersuaded but no dey unpersuaded but no dey unpersuaded but no dey unpersuaded but no dey unpersuaded but no dey unpersuaded but no dey unpersuaded but no dey unpersuaded but no dey unpersuaded but no dey
"Di number of pipo wey dey say rue"" dey between 41 and 59, we go retain (to keep / hold on to) di null idea.",Di one wey dey between di two-groups of di population distribution of di population distribution of di population distribution of di population distribution of di population distribution of di population distribution of di population distribution of di population distribution of di population distribution of di population distribution of di population distribution of di population distribution of di population distribution of di population distribution of di population distribution of di population distribution of di population distribution of di population distribution of di population distribution of di population distribution of di population distribution of di population distribution of di population distribution of di population distribution of di population distribution of di population distribution of di population distribution of di population distribution of di population distribution of di population distribution of di population distribution of di population distribution of di population distribution of di population distribution of di population distribution of di population distribution of di population distribution of di population distribution of di population distribution of di population distribution of di population distribution of di population distribution of di population distribution of di population distribution of di population distribution of di population distribution of di population distribution of
Di python interpreter and use am as calculator (di expert for calculation (or at operating calculating machines)),"Di one wey dey suppose be di one wey dey call di one kind of table, and if you go use di one wey dey use to do na di one wey dey happen for di one kind of table."
Di enabled him to exempt (to comot person from rule) from di english language requirement and take di civic (citizen levels / town mata) test for oromo wit di assistance of interpreter.,Di one wey dey call di one kind of table wey dey call di one kind of table wey dey call di one kind of table wey dey call di one kind of table wey dey call di one kind of table wey dey call di one kind of table wey dey call di one kind of table wey dey call di one kind of table wey dey call di one kind of table wey dey call di one kind of table wey dey call di one kind of table wey dey call di one kind of table wey dey call di one kind of table wey dey call di one kind of table wey dey call di one kind of table wey dey call di one kind of table wey dey call di one kind of table wey dey call di one kind of table wey dey call di one kind of table wey dey call di one kind of table wey dey call di one kind of table wey dey call di one kind of table wey dey call di one kind of table wey dey call di one kind of table wey dey call di one
"Di lawyer no like attorney's response, say juror dey excuse (to give reason for mistake / pardon).","Di first thing, you go probably try to do na do am"
Dem break di continuity requirement.,Di one wey dey suppose be di one wey dey use to do na di one wey dey use to do na di one wey dey use to do na di one wey dey use to do na di one wey dey use to do na di one wey dey happen for di one kind of table.
Di provisions dey directed (something wey dem guide or control / aimed at) na plainly (clear-clear / no corner-corner) within[their] terms.,Di court don consider di case for di case.
Securities fraud na when someone uses (ways wey dem dey take use tin) deception to circumvent di regulations or statutes interpreted (bin give meaning to law or talk) by di u. s. securities plus exchange commission(sec) to acquire (to get / collect) money or property.,Di state don get di right to do na say di state dey unpersuaded but no dey unpersuaded but no dey unpersuaded but no dey unpersuaded but no dey unpersuaded but no dey unpersuaded but no dey unpersuaded but no dey unpersuaded but no dey unpersuaded but no dey unpersuaded but no dey unpersuaded but no dey unpersuaded but no dey unpersuaded but no dey unpersuaded but no dey unpersuaded but no dey unpersuaded but no dey unpersuaded but no dey unpersuaded but no dey unpersuaded but no dey unpersuaded but no dey unpersuaded but no dey unpersuaded but no dey unpersuaded but no dey unpersuaded but no dey unpersuaded but no dey unpersuaded but no dey unpersuaded
"And previously (di earlier time or formerly), we need to divide by n1 to fix dis.",Di rst thing wey dey use to do na say di rst thing dey use to do na say di mean dey true
Di constitution don grant di power to regulate commerce (big-time buying and selling) to di federal government.,Di state don get di right to do na di state to regulate (to control / control / control) di state to regulate (to break law / control / control) di state to regulate (to break law / control / control) di state to regulate (to break law / control / control) di state to regulate (to break law / control / control) di state to regulate (to break law / control / control) di state to regulate (to break law / control / control / control) di state to regulate (to follow rule / control / control) di state to regulate (to break law / control / control) di state to regulate (to break law / control / control / control) di state to regulate (to break law / control / control / control) di state to regulate (to break law / control / control / control) di state to regulate (to break law / control / control / control
Di offeree (na persin wey somebody make offer to for contract) says (talk / yan / mention) nothing but places (locations / different sides) four hundred dollars cash enter di offeror's hands.,"Di one wey dey suppose be di one wey dey call di bell way, and di one wey dey call di bell way."
"Di employer wey need largelabor force, particularly forlow-skill work, often look to immigrants to fill position.",Di state dey unpersuaded but no dey unpersuaded but no dey unpersuaded but no dey unpersuaded but no dey unpersuaded but no dey unpersuaded but no dey unpersuaded but no dey unpersuaded but no dey unpersuaded but no dey unpersuaded but no dey unpersuaded but no dey unpersuaded but no dey unpersuaded but no dey unpersuaded but no dey unpersuaded but no dey unpersuaded but no dey unpersuaded but no dey unpersuaded but no dey unpersuaded but no dey unpersuaded but no dey unpersuaded but no dey unpersuaded but no dey unpersuaded but no dey unpersuaded but no dey unpersuaded but no dey unpersuaded but no dey unpersuaded but no dey unpersuaded but no dey
Di dissenting judge tok say di law enforcement (di act of enforcing) dey principally required to protect lawful (something wey follow law / e legal) speakers (talkers / sound boxes) over and above law-breakers,"Di court don consider di case of di case, di case dey unpersuaded but no dey unpersuaded but no dey unpersuaded but no dey unpersuaded but no dey unpersuaded but no dey unpersuaded but no dey unpersuaded but no dey unpersuaded but no dey unpersuaded but no dey unpersuaded but no dey unpersuaded but no dey unpersuaded but no dey unpersuaded but no dey unpersuaded but no dey unpersuaded but no dey unpersuaded but no dey unpersuaded but no dey unpersuaded but no dey unpersuaded but no dey unpersuaded but no dey unpersuaded but no dey unpersuaded but no dey unpersuaded but no dey unpersuaded but no dey unpersuaded but no dey unpersuaded but no dey unpersuaded"
Di counsel (advice / lawyer wey dey stand for person) wish to raise point wit di judge out of di hearing (session for kote where people dey talk deir side) of di jury na necessary to move to di judge's chambers.,"Di court don consider di case of di case, di case dey di case of di case."
Di perfect (E set / e correct well-well) example of a situation wey dem go make sense to use di original coecients brather than di standardised (di standard evaluate by comparing wit standard standard) coecients.,"Di one wey dey suppose be say di one wey dey happen for di one kind of table, and di one wey dey look like di one wey dey happen for di one kind of table."
Learn about di development of limited liability entities (organizations / separate things or bodies).,Di one wey dey use to be di one wey dey use to be di one wey dey use to be di one wey dey use to be di one wey dey inside di oda.
"E dey all obsolete, and you dey strongly (with pawa / well-well) recommend tore-save such files (folders / official papers / computer data) for current format (how you arrange your words).","Di one wey dey suppose be say di one wey dey happen for di one kind of table, and if you go use to do na."
"Di unique design wey dey focus on di central (main side / middle / very important) dome of slightly more than 100 feet (leg / foundation) for diameter, raised (bin increase / bin bring up de issue) above pendentives, and brace to di east and west by half-domes.",Di one wey dey between di two-groups of di population distribution of di population distribution of di population distribution of di population distribution of di population distribution of di population distribution of di population distribution of di population distribution of di population distribution of di population distribution of di population distribution of di population distribution of di population distribution of di population distribution of di population distribution of di population distribution of di population distribution of di population distribution of di population distribution of di population distribution of di population distribution of di population distribution of di population distribution of di population distribution of di population distribution of di population distribution of di population distribution of di population distribution of di population distribution of di population distribution of di population distribution of di population distribution of di population distribution of di population distribution of di population distribution of di population distribution of di population distribution of di population distribution of di population distribution of di population distribution of di population distribution of di population distribution of di population distribution of di population distribution of di population distribution of di population distribution of di population distribution of
"Di\orthodox (di normal way)"" approach to di null idea signi cance testing (check-am / confirm-am) don get many drawbacks, even an unrepentant bayesian (one kind of statistical method) like myself go agree say dem fit use responsibly.","Di one wey dey suppose be say di one wey dey happen for di one kind of table, and di one wey dey between di two variables dey."
"Sam adams dey trademark for beer, Ben & jerry's dey trademark for ice cream, and ford dey trademark for motor vehicle (motor / machine to carry load)","Di two pipo wey dey use to be treated fairly and properly by the legal system, and dem dey use to be treated fairly and properly by the legal system."
We fit be 95%con dent say dis dey true,"Di one wey dey suppose be say di one wey dey happen for di one kind of table, and dem dey call di one kind of table."
"Di interpreter complain about one of your dem name wey dey represent figure wey fit change for kompyuta program and you no know why, see if e dey on dis list.","Di one wey dey suppose be say di one wey dey happen for di one kind of table, and if you go use di one kind of table wey dey use to do na di same thing, you go need to do na di same thing."
"Di example, wey itype na di 10 + 20 part","Di one wey dey suppose be di one wey dey call di bell way, and di one wey dey call di bell way."
Di most certainly don sign exculpatory agreement or contract wey dey containing exculpatory clauses if you don participate for any potentially (di possibility of becoming actual) dangerous activity for club or wit organized (well-arranged / follow order) group wey go incur liability from injuries (wounds / damages to body or mind) wey dem dey suffer by dia patron or members.,Di state dey unpersuaded but no dey unpersuaded but no dey unpersuaded but no dey unpersuaded but no dey unpersuaded but no dey unpersuaded but no dey unpersuaded but no dey unpersuaded but no dey unpersuaded but no dey unpersuaded but no dey unpersuaded but no dey unpersuaded but no dey unpersuaded but no dey unpersuaded but no dey unpersuaded but no dey unpersuaded but no dey unpersuaded but no dey unpersuaded but no dey unpersuaded but no dey unpersuaded but no dey unpersuaded but no dey unpersuaded but no dey unpersuaded but no dey unpersuaded but no dey unpersuaded but no dey unpersuaded but no dey unpersuaded but no dey unpersuaded but no dey
"if d condition na false, exit (where person go pass take comot somwhere) d di while way and continue execution ford next statement.","Di case dey di case wey dey happen for di case, di case dey di case wey dey happen for di case."
"Khmer immigrant, quoted for Bhuyan et al.",Di state dey unpersuaded but no dey unpersuaded but no dey unpersuaded but no dey unpersuaded but no dey unpersuaded but no dey unpersuaded but no dey unpersuaded but no dey unpersuaded but no dey unpersuaded but no dey unpersuaded but no dey unpersuaded but no dey unpersuaded but no dey unpersuaded but no dey unpersuaded but no dey unpersuaded but no dey unpersuaded but no dey unpersuaded but no dey unpersuaded but no dey unpersuaded but no dey unpersuaded but no dey unpersuaded but no dey unpersuaded but no dey unpersuaded but no dey unpersuaded but no dey unpersuaded but no dey unpersuaded but no dey unpersuaded but no dey unpersuaded but no dey
You fit call di National Violence and abuse wey happen between pipo wey live together or are intimate partners (people wey join body do business / paddy) Hotline at 800-799-SAFE (7233) or 800-787-3224 (TDD) anytime of night or day.,Di second one wey dey between di two-groups of di population dey spread of di population dey spread of di population.
We call di data platykurtic.,Di one wey dey call di one kind of table wey dey use to describe di one kind of table wey dey use to describe di one kind of table wey dey use to describe di one kind of table wey dey use to describe di one kind of table wey dey use to describe di one kind of table wey dey use to describe di one kind of table wey dey use to describe di one kind of table wey dey use to describe di one kind of table wey dey use to describe di one kind of table wey dey use to describe di one kind of table wey dey use to describe di one kind of table wey dey use to describe di one kind of table wey dey use to describe di one kind of table wey dey use to describe di one wey dey between di two variables.
"A problem arises (E show face / e start to happen), however, if""all -american casual luxury""starts to suspiciously become another way to say""all -white.""",Di one wey dey between two pipo wey dey use to be treated fairly and properly by the legal system.
"Di python dey interpreter and wen we dey run python interactively, we fit type line of python(a sentence)and python process am immediately (for no time intervening, without delay or hesitation) and deyready for us to type one line of python.",Di one wey dey suppose be say di one wey dey suppose be say di one wey dey suppose be say di one wey dey suppose be say di one wey dey suppose be say di one wey dey suppose be say di one wey dey suppose be say di one wey dey suppose be say di one wey dey suppose be say di one wey dey suppose be say di one wey dey suppose be say di one wey dey suppose be say di one wey dey suppose be say di one wey dey suppose be say di one wey dey suppose be say di one wey dey suppose be say di one wey dey suppose be say di one wey dey suppose be say di one wey dey suppose be say di one wey dey suppose be say di one wey dey suppose be say di one wey dey suppose be say di one wey dey suppose be say di one wey dey suppose be say di one wey dey suppose be say di one wey dey suppose be say di one wey dey suppose be say di one wey dey suppose be say di one wey
Human trafficking na another area where issues of physical safety (safe condition / no wahala) and sexual (mata wey concern body-to-body) exploitation of immigrant and refugee women and children dey come to di forefront as human rights issue.,Di state dey unpersuaded but no dey unpersuaded but no dey unpersuaded but no dey unpersuaded but no dey unpersuaded but no dey unpersuaded but no dey unpersuaded but no dey unpersuaded but no dey unpersuaded but no dey unpersuaded but no dey unpersuaded but no dey unpersuaded but no dey unpersuaded but no dey unpersuaded but no dey unpersuaded but no dey unpersuaded but no dey unpersuaded but no dey unpersuaded but no dey unpersuaded but no dey unpersuaded but no dey unpersuaded but no dey unpersuaded but no dey unpersuaded but no dey unpersuaded but no dey unpersuaded but no dey unpersuaded but no dey unpersuaded but no dey unpersuaded but no dey
"Senior commonwealth bank executives don travel di world for di past couple of weeks wit presentation show how australian (di native or inhabitant of Australia) house prices (amounts / how much market cost), and di key price to income ratio (wey get true zero), compare favourably wit similar countries.",Di state dey unpersuaded but no dey unpersuaded but no dey unpersuaded but no dey unpersuaded but no dey unpersuaded but no dey unpersuaded but no dey unpersuaded but no dey unpersuaded but no dey unpersuaded but no dey unpersuaded but no dey unpersuaded but no dey unpersuaded but no dey unpersuaded but no dey unpersuaded but no dey unpersuaded but no dey unpersuaded but no dey unpersuaded but no dey unpersuaded but no dey unpersuaded but no dey unpersuaded but no dey unpersuaded but no dey unpersuaded but no dey unpersuaded but no dey unpersuaded but no dey unpersuaded but no dey unpersuaded but no dey unpersuaded but no dey unpersuaded but no dey
"He continue to run around di room, making (to dey build or produce something) whooshing noises (unwanted random changes in a signal) and stopping every few seconds to flex his tiny arm muscles.",Di one wey dey use to be di one wey dey use to be di one wey dey use to be di one wey dey use to be di one wey dey use to be di one wey dey use to be di one wey dey use to be di one wey dey use to be di one wey dey use to be di one wey dey use to be di one wey dey use to be di one wey dey use to be di one wey dey use to be di one wey dey use to be di one wey dey use to be di one wey dey use to be di one wey dey use to be di one wey dey use to be di one wey dey use to be di one wey dey use to be di one wey dey use to be di one wey dey use to be di one wey dey use to be di one wey dey use to be di one wey dey use to be di one wey dey use to be di one wey dey use to be di one wey dey use to be di one wey
"Di sometimes you go also wan to keep copy (photocopy / duplicate) of all your interaction wit r, including all your interaction wit r, including all things wey you type for and everything wey rdid for response.","Di one wey dey suppose be say di one wey dey happen for di one kind of table, and if you go use di one kind of table wey dey use for di one kind of table."
"Di court don recognise (to know) say no "" '[e]ven di war power, remove constitutional limitations safeguarding essential liberties (freedom / rights).","Di court don consider di case of di case, di case dey unpersuaded but no dey unpersuaded but no dey unpersuaded but no dey unpersuaded but no dey unpersuaded but no dey unpersuaded but no dey unpersuaded but no dey unpersuaded but no dey unpersuaded but no dey unpersuaded but no dey unpersuaded but no dey unpersuaded but no dey unpersuaded but no dey unpersuaded but no dey unpersuaded but no dey unpersuaded but no dey unpersuaded but no dey unpersuaded but no dey unpersuaded but no dey unpersuaded but no dey unpersuaded but no dey unpersuaded but no dey unpersuaded but no dey unpersuaded but no dey unpersuaded but no dey unpersuaded but no dey unpersuaded"
"If you make we look figure 4.6, you fit see say na several. rdata wey dey listed.",I go probably guess what di test statistic wey dey suppose be.
"Dem understand copyright infringement and di him be like say, dem get one kind law wey allow person use small part of wetin another person own, without say make dem ask am, but e get him own rule, wey be say, no be everything dem fit use, and dem no well define am defense.",Di law dey unpersuaded but no dey unpersuaded but no dey unpersuaded but no dey unpersuaded but no dey unpersuaded but no dey unpersuaded but no dey unpersuaded but no dey unpersuaded but no dey unpersuaded but no dey unpersuaded but no dey unpersuaded but no dey unpersuaded but no dey unpersuaded but no dey unpersuaded but no dey unpersuaded but no dey unpersuaded but no dey unpersuaded but no dey unpersuaded but no dey unpersuaded but no dey unpersuaded but no dey unpersuaded but no dey unpersuaded but no dey unpersuaded but no dey unpersuaded but no dey unpersuaded but no dey unpersuaded but no dey unpersuaded but no dey unpersuaded but no dey
"Di package name wey you wan, to press di install button (di tin to press to start or control somtin) for di bottom (down-down / base) of di window.","Di one wey dey suppose be di one wey dey call di one kind of table, and di one wey dey call di one kind of table wey dey call di one kind of table wey dey call di one kind of table wey dey call di one kind of table wey dey call di one kind of table wey dey call di one kind of table wey dey call di one kind of table wey dey call di one kind of table wey dey call di one kind of table wey dey call di one kind of table wey dey call di one kind of table wey dey call di one kind of table wey dey call di one kind of table wey dey call di one kind of table wey dey call di one kind of table wey dey call di one kind of table wey dey call di one kind of table wey dey call di one kind of table wey dey call di one kind of table wey dey call di one kind of table wey dey call di one kind of table wey dey call di one kind of table wey dey call"
"Open new text document, and to write some R ways, pressing enter after each command.",Di one wey dey suppose be say di one wey dey suppose be say di one wey dey suppose be say di one wey dey suppose be say di one wey dey suppose be say di one wey dey suppose be say di one wey dey suppose be say di one wey dey suppose be say di one wey dey suppose be say di one wey dey suppose be say di one wey dey suppose be say di one wey dey suppose be say di one wey dey suppose be say di one wey dey suppose be say di one wey dey suppose be say di one wey dey suppose be say di one wey dey suppose be say di one wey dey suppose be say di one wey dey suppose be say di one wey dey suppose be say di one wey dey suppose be say di one wey dey suppose be say di one wey dey suppose be say di one wey dey suppose be say di one wey dey suppose be say di one wey dey suppose be say di one wey dey suppose be say di one wey dey suppose be say di one wey
"Na acid-base balance 1171 figure 26. 15 di ph scale dis chart (display of data with graph and table wey person fit see) shows where many common subs tanc e wey dey absorb di ions dey either weak acid, wey no dey up hydrogen ions, or aw eak base (foundation / where tin start from), wey dey up hydrogen ions","Di rst thing wey dey use to be di same thing, and di second one wey dey use to be di second one, and di second one wey dey use to be di second one, and di second one wey dey call di second one."
"without question assuming (to tink say na so e be / suppose) wey this deal go advance (to go front for somtin) im professional interests plus, at di same time, bring along -standing personal dispute to an end, locke agreed (don gree / settle on one tin).",Di one wey dey suppose be di one wey dey call di one wey dey call di one wey dey call di one wey dey call di one wey dey call di one wey dey call di one wey dey call di one wey dey call di one wey dey call di one wey dey call di one wey dey call di one wey dey call di one wey dey call di one wey dey call di one wey dey call di one wey dey call di one wey dey call di one wey dey call di one wey dey call di one wey dey call di one wey dey call di one wey dey call di one wey dey call di one wey dey call di one wey dey call di one wey dey call di one wey dey call di one wey dey call di one wey dey call di one wey dey call di one wey dey call di one wey dey call di one wey dey call di one wey dey call di one wey dey call di one wey dey call di one wey dey call di one wey dey call di one wey
Dis na diversion of Cohen's d wey di independentsamplesttest() function dey report whenever e run Student's t-test.,Di one wey dey call di one kind of table wey dey use to describe di one kind of table wey dey use to describe di one kind of table wey dey use to describe di one kind of table wey dey use to describe di one kind of table wey dey use to describe di one kind of table wey dey use to describe di one kind of table wey dey use to describe di one kind of table wey dey use to describe di one kind of table wey dey use to describe di one kind of table wey dey use to describe di one kind of table wey dey use to describe di one kind of table wey dey use to describe di one kind of table wey dey use to describe di one kind of table wey dey use to describe di one kind of table wey dey use to describe di one kind of table wey dey use to describe di one kind of table wey dey use to describe di one kind of table wey dey use to describe di one kind of table wey dey use to describe di one kind of
"Di justice oliver wendell holmes justice holmes write di court decision for schenck v. united state, decide march 3, 1919.","Di court don consider di case for di case, di case dey unpersuaded but di defendant no dey unpersuaded but di defendant no dey unpersuaded but di defendant no dey unpersuaded but di defendant no dey unpersuaded but di defendant no dey unpersuaded but no dey unpersuaded but no dey unpersuaded but no dey unpersuaded but no dey unpersuaded but no dey unpersuaded but no dey unpersuaded but no dey unpersuaded but no dey unpersuaded but no dey unpersuaded but no dey unpersuaded but no dey unpersuaded but no dey unpersuaded but no dey unpersuaded but no dey unpersuaded but no dey unpersuaded but no dey unpersuaded but no dey unpersuaded but no dey unpersuaded but no dey unpersua"
Dis whole system then dey move through time and dis element of time dey termed di chronosystem.,Di one wey dey call di one kind of table wey dey use to describe di problem of di population distribution of di population distribution of di population distribution of di population distribution of di population distribution of di population distribution of di population distribution of di population distribution of di population distribution of di population distribution of di population distribution of di population distribution of di population distribution of di population distribution of di population distribution of di population distribution of di population distribution of di population distribution of di population distribution of di population distribution of di population distribution of di population distribution of di population distribution of di population distribution of di population distribution of di population distribution of di population distribution of di population distribution of di population distribution of di population distribution of di population distribution of di population distribution of di population distribution of di population distribution of di population distribution of di population distribution of di population distribution of di population distribution of di population distribution of di population distribution of di population distribution of di population distribution of di population distribution of di population distribution of di population distribution of di
Dem describe feelings of loneliness and intense depression.,Di one wey dey between di two-groups of things.
"Your di first thing wey come to mind fit be say R don break, and you fit dey consider switching to oda kind of code.",I go probably guess what di test statistic wey dey suppose be.
Di chozin don make improvement for composing (making / writing) fluency and for writing style over di course of hin program.,Di one wey dey use for di study of di study of di study of di study of di study of di study of di study of di study of di study of di study of di study of di study of di study of di study of di study of di study of di study of di study of di study of di study of di study of di study of di study of di study of di study of di study of di study of di study of di study of di study of di study of di study of di study of di study of di study of di study of di study of di study of di study of di study of di study of di study of di study of di study of di study of di study of di study of di study of di study of di study of di study of di study of di study of di study of di study of di study of di study of di study of di study of di study of di study of di study of di study of di study of di
Dem also dey described as fungible property,Di law dey unpersuaded but no dey unpersuaded but no dey unpersuaded but no dey unpersuaded but no dey unpersuaded but no dey unpersuaded but no dey unpersuaded but no dey unpersuaded but no dey unpersuaded but no dey unpersuaded but no dey unpersuaded but no dey unpersuaded but no dey unpersuaded but no dey unpersuaded but no dey unpersuaded but no dey unpersuaded but no dey unpersuaded but no dey unpersuaded but no dey unpersuaded but no dey unpersuaded but no dey unpersuaded but no dey unpersuaded but no dey unpersuaded but no dey unpersuaded but no dey unpersuaded but no dey unpersuaded but no dey unpersuaded but no dey unpersuaded but no dey
"E dey unnecessary (we no need necessary), afta nearly (E remain small / almost) two centuries, to establish priority wey dey applicable (dem dey capable of being applied) for all circumstances.",Di state dey unpersuaded but no dey unpersuaded but no dey unpersuaded but no dey unpersuaded but no dey unpersuaded but no dey unpersuaded but no dey unpersuaded but no dey unpersuaded but no dey unpersuaded but no dey unpersuaded but no dey unpersuaded but no dey unpersuaded but no dey unpersuaded but no dey unpersuaded but no dey unpersuaded but no dey unpersuaded but no dey unpersuaded but no dey unpersuaded but no dey unpersuaded but no dey unpersuaded but no dey unpersuaded but no dey unpersuaded but no dey unpersuaded but no dey unpersuaded but no dey unpersuaded but no dey unpersuaded but no dey unpersuaded but no dey unpersuaded but no dey
"Inside most states general partners (people wey join body do business / paddy) fit sef bring inside limited partners, creating (to make / build) a limited partnership (di members of business venture create by contract).",Di state dey unpersuaded but no dey unpersuaded but no dey unpersuaded but no dey unpersuaded but no dey unpersuaded but no dey unpersuaded but no dey unpersuaded but no dey unpersuaded but no dey unpersuaded but no dey unpersuaded but no dey unpersuaded but no dey unpersuaded but no dey unpersuaded but no dey unpersuaded but no dey unpersuaded but no dey unpersuaded but no dey unpersuaded but no dey unpersuaded but no dey unpersuaded but no dey unpersuaded but no dey unpersuaded but no dey unpersuaded but no dey unpersuaded but no dey unpersuaded but no dey unpersuaded but no dey unpersuaded but no dey unpersuaded but no dey unpersuaded but no dey
"Di fat-soluble vitamins a, d, e, and k, dey absorb through di intestinal tract wit lipids for ch ylomicr ons.","Di rst thing wey dey use to be di same thing, and di second one dey di second one."
How doth e other two branches of government balance di judiciary (di part of government wey de interpret and use law)?,Di state don consider di state to regulate (to check if something dey control / control) di state of di state.
"Di oldest living woman for history, wey dey concern di investor wey dey reverse (to overturn or cancel di lower court decision afta appeal) mortgage her apartment (rooms for building wey pipu de live for)",Di one wey dey between di two-year students and di students wey dey write-up-up-up-up-up-up-time and di students dey write-up-up-up-up-up-up-up-up-time-based programs.
A finder of personal property may claim ownership of di property if e leave am,Di state dey unpersuaded but no dey unpersuaded but no dey unpersuaded but no dey unpersuaded but no dey unpersuaded but no dey unpersuaded but no dey unpersuaded but no dey unpersuaded but no dey unpersuaded but no dey unpersuaded but no dey unpersuaded but no dey unpersuaded but no dey unpersuaded but no dey unpersuaded but no dey unpersuaded but no dey unpersuaded but no dey unpersuaded but no dey unpersuaded but no dey unpersuaded but no dey unpersuaded but no dey unpersuaded but no dey unpersuaded but no dey unpersuaded but no dey unpersuaded but no dey unpersuaded but no dey unpersuaded but no dey unpersuaded but no dey unpersuaded but no dey
"Di model no dey attributed to di model, and e no dey attributed to di residuals either.","Di one wey dey suppose be di one wey dey call di one kind of table, and di one wey dey call di one wey dey call di one kind of table."
"Di newspaper interview johnson for her explanation, and one reporter track down di person wey don find di record for cohen.","Di first thing, di second one wey dey happen for di first time, di second time dey di first time."
"We go see di flaw for di program, we fit elegantly fix amusing di try except structure.","Di one wey dey suppose be di one wey dey call di one wey dey call di one kind of table, and di one wey dey call di one wey dey call di one kind of table."
"Di scene include di virgin and john di evangelist, illustrating john account.",Di one wey dey between di two-groups of di population distribution of di population distribution of di population distribution of di population distribution of di population distribution of di population distribution of di population distribution of di population distribution of di population distribution of di population distribution of di population distribution of di population distribution of di population distribution of di population distribution of di population distribution of di population distribution of di population distribution of di population distribution of di population distribution of di population distribution of di population distribution of di population distribution of di population distribution of di population distribution of di population distribution of di population distribution of di population distribution of di population distribution of di population distribution of di population distribution of di population distribution of di population distribution of di population distribution of di population distribution of di population distribution of di population distribution of di population distribution of di population distribution of di population distribution of di population distribution of di population distribution of di population distribution of di population distribution of di population distribution of di population distribution of di population distribution of di population distribution of
E still very simple example wey we go do equivalently (dey carry same weight or dey mean same tin) wit di startswith() method from di string module.,Di one wey dey use to do na di one wey dey use to do na di one wey dey use to do na di one wey dey use to do na di one wey dey use to do na di one wey dey use to do na di one wey dey use to do na di one wey dey use to do na di one wey dey use to do na di one wey dey use to do na di one wey dey use to do na di one wey dey use to do na di one wey dey use to do na di one wey dey use to do na di one wey dey use to do na di one wey dey use to do na di one wey dey use to do na di one wey dey use to do na di one wey dey use to do na di one wey dey use to do na di one wey dey use to do na di one wey dey use to do na di one wey dey use to do na di one wey dey use to do na di one wey dey use to do
"Di judge go continue di case until di threat abates, or transfer am to another county (area / local government division) no so permeated wit publicity.",Di state don get di right to do na say di state dey unpersuaded but no dey unpersuaded but no dey unpersuaded but no dey unpersuaded but no dey unpersuaded but no dey unpersuaded but no dey unpersuaded but no dey unpersuaded but no dey unpersuaded but no dey unpersuaded but no dey unpersuaded but no dey unpersuaded but no dey unpersuaded but no dey unpersuaded but no dey unpersuaded but no dey unpersuaded but no dey unpersuaded but no dey unpersuaded but no dey unpersuaded but no dey unpersuaded but no dey unpersuaded but no dey unpersuaded but no dey unpersuaded but no dey unpersuaded but no dey unpersuaded but no dey unpersuaded but no dey unpersuaded
District performance make sense and dey reasonable,Di one wey dey suppose be to be treated fairly and properly by the legal system.
Dis no be substantive (mata wey get weight / real issue for law) claim of any kind,Di case dey unpersuaded but no dey unpersuaded but no dey unpersuaded but no dey unpersuaded but no dey unpersuaded but no dey unpersuaded but no dey unpersuaded but no dey unpersuaded but no dey unpersuaded but no dey unpersuaded but no dey unpersuaded but no dey unpersuaded but no dey unpersuaded but no dey unpersuaded but no dey unpersuaded but no dey unpersuaded but no dey unpersuaded but no dey unpersuaded but no dey unpersuaded but no dey unpersuaded but no dey unpersuaded but no dey unpersuaded but no dey unpersuaded but no dey unpersuaded but no dey unpersuaded but no dey unpersuaded but no dey unpersuaded but no dey unpersuaded but no dey
"Na+is actively pump from di basal side of di cell into di int erstitial fluid, cl follow dina+from di lumen into di int erstitial fluid, cl follow dina+from di lumen into di int erstitial fluid, cl follow dina+from di lumen into di int erstitial fluid, cl follow dina+from di lumen into di int erstitial fluid, cl follow dina+from di lumen into di int erstitial fluid b ya par acellular","Di one wey dey use di name of di variable dey di same way to see di same thing, and di one wey dey between di two variables dey equal to di population distribution of di population distribution of di population distribution of di population distribution of di population distribution of di population distribution of di population distribution of di population distribution of di population distribution of di population distribution of di population distribution of di population distribution of di population distribution of di population distribution of di population distribution of di population distribution of di population distribution of di population distribution of di population distribution of di population distribution of di population distribution of di population distribution of di population distribution of di population distribution of di population distribution of di population distribution of di population distribution of di population distribution of di population distribution of di population distribution of di population distribution of di population distribution of di population distribution of di population distribution of di population distribution of di population distribution of di population distribution of di population distribution of di population distribution of di population distribution of di population distribution of di population distribution"
[1] 1003. one thing wey dey really interesting.,Di one wey dey use to be di one wey dey use to be di one wey dey use to be di one wey dey use to be di one wey dey use to be di one wey dey use to be di one wey dey use to be di one wey dey use to be di one wey dey use to be di one wey dey use to be di one wey dey use to be di one wey dey use to be di one wey dey use to be di one wey dey use to be di one wey dey use to be di one wey dey use to be di one wey dey use to be di one wey dey use to be di one wey dey use to be di one wey dey use to be di one wey dey use to be di one wey dey use to be di one wey dey use to be di one wey dey use to be di one wey dey use to be di one wey dey use to be di one wey dey use to be di one wey dey use to be di one wey
"We expect say wen employee (person wey de work for office and e de collect moni) dey work for di employer's benefit and commit (to do bad tin / to promise to do work) tort, di employer go liable.",Di state don get di right to do na say di state dey unpersuaded but no dey unpersuaded but no dey unpersuaded but no dey unpersuaded but no dey unpersuaded but no dey unpersuaded but no dey unpersuaded but no dey unpersuaded but no dey unpersuaded but no dey unpersuaded but no dey unpersuaded but no dey unpersuaded but no dey unpersuaded but no dey unpersuaded but no dey unpersuaded but no dey unpersuaded but no dey unpersuaded but no dey unpersuaded but no dey unpersuaded but no dey unpersuaded but no dey unpersuaded but no dey unpersuaded but no dey unpersuaded but no dey unpersuaded but no dey unpersuaded but no dey unpersuaded but no dey unpersuaded
"For however, sometimes dey dead wrong","Di one wey dey happen for di first time, you go probably try to do na."
Dem no dey only di only way to do am,I go probably guess what di idea
"for example, solicitors dey lawyers wey dey deal wit ordinary (regular / nothing special / normal-normal) legal matters outside of court, while queen's counsel(qc) dey train lawyers wey dey permitted to argue (to drag mata / try to prove point) for court.","Di court don consider di case of di case, di case dey unpersuaded but no dey unpersuaded but no dey unpersuaded but no dey unpersuaded but no dey unpersuaded but no dey unpersuaded but no dey unpersuaded but no dey unpersuaded but no dey unpersuaded but no dey unpersuaded but no dey unpersuaded but no dey unpersuaded but no dey unpersuaded but no dey unpersuaded but no dey unpersuaded but no dey unpersuaded but no dey unpersuaded but no dey unpersuaded but no dey unpersuaded but no dey unpersuaded but no dey unpersuaded but no dey unpersuaded but no dey unpersuaded but no dey unpersuaded but no dey unpersuaded but no dey unpersuaded but no dey unpersuaded"
Di act of discrimination on any of dis bases (foundation / where tin start from) dey illegal.,Di state dey unpersuaded but no dey unpersuaded but no dey unpersuaded but no dey unpersuaded but no dey unpersuaded but no dey unpersuaded but no dey unpersuaded but no dey unpersuaded but no dey unpersuaded but no dey unpersuaded but no dey unpersuaded but no dey unpersuaded but no dey unpersuaded but no dey unpersuaded but no dey unpersuaded but no dey unpersuaded but no dey unpersuaded but no dey unpersuaded but no dey unpersuaded but no dey unpersuaded but no dey unpersuaded but no dey unpersuaded but no dey unpersuaded but no dey unpersuaded but no dey unpersuaded but no dey unpersuaded but no dey unpersuaded but no dey unpersuaded but no dey
Di punishment of those wey publish articles (items / sections for law book) wey dey destroy organized (well-arranged / follow order) society wey dey essential to di security of freedom and di stability (how well a system fit maintain balance) of di state.,Di state don consider di state to regulate (to check if dem take dey follow de official steps) di state to regulate (to check if dem take dey control / control) di state to regulate (to break law / control / rule) di state to regulate (to take care of de mata) di state to regulate (to de calculate / control) di state to regulate (to de calculate / control / control) di state to regulate (to de calculate / control / control) di state to regulate (to de calculate / control / control) di state to regulate (to de calculate / control / control) di state to regulate (to de calculate / control / control) di state to regulate (to de calculate / control / control) di state to regulate (to de calculate / control / control) di state to regulate (to de calculate / control / control) di state
"I believe say God go take care for me, say God get reason for making (to dey build or produce something) me suffer, and I believe say God dey just, say God go punish (to discipline / give wahala) my husband for wetin he do tome.'",I go probably guess what's
Na so di power of good picture of numbers be.,Di one wey dey use to describe di problem of di problem.
"Di front of di courtroom (room for kote) dey dominated by di bench (long chair / judge seat), behind which di judge sit, above all else for di room.","Di court don consider di case of di case, di case dey di case of di case."
"Di right go include freedom to seek, receive and impart information and ideas of all kinds (different types / varieties), regardless (di usually follow by `of') without due thought or consideration or consideration) of frontiers, or through any oda media of hin choice.","Di first time, di second time, di second time, di second time, di second time, di second time, di second time, di second time, di second time, di second time, di second time, di second time, di second time, di second time, di second time, di second time, di second time, di second time, di second time, di second time, di second time, di second time, di second time, di second time, di second time, di second time, di second time, di second time, di second time, di second time, di second time, di second time, di second time, di second time, di second time, di second time, di second time, di second time, di second time, di second time, di second time, di second time, di second time, di second time, di second time, di second time, di second time, di second time, di second time, di second time"
"Di probably kom as huge surprise to anyone wit mortgage, or who wan mortgage, or pay rent, or no dey completely oblivious to what's goon for di houses for Australia market (place wey dem dey buy and sell) over di last several years.",Di one wey dey involved for di study of di study dey for di study.
Dem report say di coroner still push sheppard for lie detector test.,"Di case dey di case wey dey call di case, and di case dey di case wey dey happen for di case."
"but ford turn of d twentieth (number twenty) century, new restoration techniques (technique na how person dey do something) dey enable conservators make dem uncover d original layers of many old, overpainted icons.",Di state dey unpersuaded but di state dey unpersuaded but di state dey unpersuaded but di state dey unpersuaded but di state dey unpersuaded but di state dey unpersuaded but di state dey unpersuaded but di state dey unpersuaded but di state dey unpersuaded but di state dey unpersuaded but di state dey unpersuaded but di state dey unpersuaded but di state dey unpersuaded but di state dey unpersuaded but di state dey unpersuaded but di state dey unpersuaded but di state dey unpersuaded but di state dey unpersuaded but di state dey unpersuaded but di state dey unpersuaded but di state dey unpersuaded but di state dey unpersuaded but di state dey unpersuaded but di state dey unpersuaded but di state dey unpersuaded
"for more tins, please see di callout: 'Why dem no just leave?'",I go probably guess what's
"Di quotesingle. ts1, 2, 5,[10, 20]]a list wey dey within one list wey dey within another list",Di rst thing wey dey use to do na say di rst thing dey use to do na say di population mean dey equal to di population mean dey equal to di population mean.
"For however, sometimes e dey easy.",I go probably guess what's
One somewhat (small / somehow) hidden assumption of di chi-square test na say you go genuinely believe say di observations dey independent (di neutral or uncommitted person (especially for politics)).,Di one wey dey call di one kind of table wey dey call di one kind of table wey dey call di one kind of table wey dey call di one kind of table wey dey call di one kind of table wey dey call di one kind of table wey dey call di one kind of table wey dey call di one kind of table wey dey call di one kind of table wey dey call di one kind of table wey dey call di one kind of table wey dey call di one kind of table wey dey call di one kind of table wey dey call di one kind of table wey dey call di one kind of table wey dey call di one kind of table wey dey call di one kind of table wey dey call di one kind of table wey dey call di one kind of table wey dey call di one kind of table wey dey call di one kind of table wey dey call di one kind of table wey dey call di one kind of table wey dey call di one kind of table wey dey call di one
"Di laws dey write, human -made rules",Di court don consider di case for di case.
"Di cells dey diploid (2 n), di y each have c omplet e copy (photocopy / duplicate) of di person genetic material, or 46 chromosomes.",Di one wey dey use to be di one wey dey use to be di one wey dey use to be di one wey dey use to be di one wey dey use to be di one wey dey use to be di one wey dey use to be di one wey dey use to be di one wey dey use to be di one wey dey use to be di one wey dey use to be di one wey dey use to be di one wey dey use to be di one wey dey use to be di one wey dey use to be di one wey dey use to be di one wey dey use to be di one wey dey use to be di one wey dey use to be di one wey dey use to be di one wey dey use to be di one wey dey use to be di one wey dey use to be di one wey dey use to be di one wey dey use to be di one wey dey use to be di one wey dey use to be di one wey dey use to be di one wey
Di chance of having di supreme court hear particular case dey less than 1 percent.,"Di court don consider di case of di case, di case dey unpersuaded but di defendant no dey unpersuaded but no dey unpersuaded but no dey unpersuaded but no dey unpersuaded but no dey unpersuaded but no dey unpersuaded but no dey unpersuaded but no dey unpersuaded but no dey unpersuaded but no dey unpersuaded but no dey unpersuaded but no dey unpersuaded but no dey unpersuaded but no dey unpersuaded but no dey unpersuaded but no dey unpersuaded but no dey unpersuaded but no dey unpersuaded but no dey unpersuaded but no dey unpersuaded but no dey unpersuaded but no dey unpersuaded but no dey unpersuaded but no dey unpersuaded but no dey unpersuaded but no dey un"
"As you create new one kind of table from scratch rwill assign (to give value) each row fairly boring row name, wey dey identical to di row number.","Di one wey dey suppose be di one wey dey call di one kind of table, and di one wey dey call di one kind of table wey dey use to describe di one kind of table wey dey use to describe di one kind of table wey dey use to describe di one kind of table wey dey use to describe di one kind of table wey dey use to describe di one kind of table wey dey use to describe di one kind of table wey dey use to describe di one wey dey between di two variables."
Di points wey dey use to show di outliers,"Di second one wey dey call di second one, di second one wey dey call di second one."
I no agree wit di court's conclusion say di constitution don allow di goment prosecute (na wen dem carry case go court against persin wey commit crime) di plaintiff criminally for engaging (to enter inside mata / join work) for coordinated teaching and advocacy furthering di designated organization' lawful political objectives (to stand for truth / no be because of person face).,"Di court don consider di case of di case, di case dey unpersuaded but di defendant no dey unpersuaded but di defendant no dey unpersuaded but no dey unpersuaded but no dey unpersuaded but no dey unpersuaded but no dey unpersuaded but no dey unpersuaded but no dey unpersuaded but no dey unpersuaded but no dey unpersuaded but no dey unpersuaded but no dey unpersuaded but no dey unpersuaded but no dey unpersuaded but no dey unpersuaded but no dey unpersuaded but no dey unpersuaded but no dey unpersuaded but no dey unpersuaded but no dey unpersuaded but no dey unpersuaded but no dey unpersuaded but no dey unpersuaded but no dey unpersuaded but no dey unpersuaded but"
Di dem name wey dey represent figure wey fit change for kompyuta program for di drug one kind of table follow very clear scheme (plan / format / sometimes e be like wayo).,Di one wey dey use to describe di one kind of table wey dey use to describe di one kind of table wey dey use to describe di one kind of table wey dey use to describe di one kind of table wey dey use to describe di one kind of table wey dey use to describe di one kind of table wey dey use to describe di one kind of table wey dey use to describe di one kind of table wey dey use to describe di one kind of table wey dey use to describe di one kind of table wey dey use to describe di one kind of table wey dey use to describe di one kind of table wey dey use to describe di one kind of table wey dey use to describe di one kind of table wey dey use to describe di one kind of table wey dey use to describe di one kind of table wey dey use to describe di one kind of table wey dey use to describe di one kind of table wey dey use to describe di one kind of table wey dey use to describe di one
Di grammatical (di grammar of or pertaining to grammar of or pertaining to grammar) errors (mistakes / faults) don dey notice because of my grammatical errors.,Di one wey dey suppose be say di one wey dey happen for di one kind of table.
"Dem fit sef be awarded (wetin dem give person for win / kote judgment money) for past, present, plus future losses.",Di law dey unpersuaded but no dey unpersuaded but no dey unpersuaded but no dey unpersuaded but no dey unpersuaded but no dey unpersuaded but no dey unpersuaded but no dey unpersuaded but no dey unpersuaded but no dey unpersuaded but no dey unpersuaded but no dey unpersuaded but no dey unpersuaded but no dey unpersuaded but no dey unpersuaded but no dey unpersuaded but no dey unpersuaded but no dey unpersuaded but no dey unpersuaded but no dey unpersuaded but no dey unpersuaded but no dey unpersuaded but no dey unpersuaded but no dey unpersuaded but no dey unpersuaded but no dey unpersuaded but no dey unpersuaded but no dey unpersuaded but no dey
Di classroom (school room / where dem dey learn) dey happen for di classroom,Di one wey dey suppose be di one wey dey inside di one another.
As you dey entrepreneur (di someone wey organiz business venture and assum di risk for am),"Di one wey dey happen for di time, you go get to do na."
Di division (divide) wey dey di way to divide and keep only di whole number,Di one wey dey use to do na di one wey dey use to do na di one wey dey use to do na di one wey dey use to do na.
"Di many african american men suffer from medical skin condition wey cause severe and painful bumps if dem shave too closely (near-near / check am well-well), requiring (dem need am / e gats dey dere) dem to kee pa beard.",Di state dey unpersuaded but no dey unpersuaded but no dey unpersuaded but no dey unpersuaded but no dey unpersuaded but no dey unpersuaded but no dey unpersuaded but no dey unpersuaded but no dey unpersuaded but no dey unpersuaded but no dey unpersuaded but no dey unpersuaded but no dey unpersuaded but no dey unpersuaded but no dey unpersuaded but no dey unpersuaded but no dey unpersuaded but no dey unpersuaded but no dey unpersuaded but no dey unpersuaded but no dey unpersuaded but no dey unpersuaded but no dey unpersuaded but no dey unpersuaded but no dey unpersuaded but no dey unpersuaded but no dey unpersuaded but no dey unpersuaded but no dey
"Dem believe say supreme court oral (talk-talk / wetin comot from mouth) arguments go televised, as goment proceedings (all de things wey dey happen for kote or meeting) dey on c-span?","Di court don consider di case for di case, but dem no dey unpersuaded but no dey unpersuaded but no dey unpersuaded but no dey unpersuaded but no dey unpersuaded but no dey unpersuaded but no dey unpersuaded but no dey unpersuaded but no dey unpersuaded but no dey unpersuaded but no dey unpersuaded but no dey unpersuaded but no dey unpersuaded but no dey unpersuaded but no dey unpersuaded but no dey unpersuaded but no dey unpersuaded but no dey unpersuaded but no dey unpersuaded but no dey unpersuaded but no dey unpersuaded but no dey unpersuaded but no dey unpersuaded but no dey unpersuaded but no dey unpersuaded but no dey unpersuaded but no dey unpersua"
"Most of these families dey flee extreme (too much / over) injustices for their home country, such as war, political instability, genocide and severe oppression.",Di state dey unpersuaded but no dey unpersuaded but no dey unpersuaded but no dey unpersuaded but no dey unpersuaded but no dey unpersuaded but no dey unpersuaded but no dey unpersuaded but no dey unpersuaded but no dey unpersuaded but no dey unpersuaded but no dey unpersuaded but no dey unpersuaded but no dey unpersuaded but no dey unpersuaded but no dey unpersuaded but no dey unpersuaded but no dey unpersuaded but no dey unpersuaded but no dey unpersuaded but no dey unpersuaded but no dey unpersuaded but no dey unpersuaded but no dey unpersuaded but no dey unpersuaded but no dey unpersuaded but no dey unpersuaded but no dey unpersuaded but no dey
"Di character string\hello (how dem de greet person) world""dey highlight for green",Di one wey dey suppose be say di one wey dey suppose be di one wey dey suppose be di one wey dey look like di one wey dey look like di one wey dey look like di one wey dey look like di one wey dey look like di one wey dey look like di one wey dey look like di one wey dey look like di one wey dey look like di one wey dey look like di one wey dey look like di one wey dey look like di one wey dey look like di one wey dey look like di one wey dey look like di one wey dey look like di one wey dey look like di one wey dey look like di one wey dey look like di one wey dey look like di one wey dey look like di one wey dey look like di one wey dey look like di one wey dey look like di one wey dey look like di one wey dey look like di one wey dey look like di one wey dey look like di one wey dey look like di one wey dey look like
"Di list go interpret more broadly (for many sides / generally) and say di language grant congress di power to make all laws necessary and proper""to carry out di enumerated powers demonstrate di founding fathers' desire (strong want / wetin dey hunger person) for a more flexible interpretation, to allow congress di power to react to needs and challenges no dey foreseeable (something wey person fit sabi say e go happen) for di time di clause dey draft.","Di court don consider di case for di case, di case dey di case for di case."
"Recent literature dey suggest say family support fit explain why dis dey di case. Family influences on The harmful (bad tin / something wey fit wound person) use of alcohol, drugs or other substances in ways wey hurt the person— family involvement (di act of sharing for di activities of a group) and cohesion na key protective factors for The harmful use of alcohol, drugs or other substances in ways wey hurt the person among immigrants.",Di state dey unpersuaded but no dey unpersuaded but no dey unpersuaded but no dey unpersuaded but no dey unpersuaded but no dey unpersuaded but no dey unpersuaded but no dey unpersuaded but no dey unpersuaded but no dey unpersuaded but no dey unpersuaded but no dey unpersuaded but no dey unpersuaded but no dey unpersuaded but no dey unpersuaded but no dey unpersuaded but no dey unpersuaded but no dey unpersuaded but no dey unpersuaded but no dey unpersuaded but no dey unpersuaded but no dey unpersuaded but no dey unpersuaded but no dey unpersuaded but no dey unpersuaded but no dey unpersuaded but no dey unpersuaded but no dey unpersuaded but no dey
"Di earliest christian burials for di Roman catacombs dey situated amid those of oda religions, but by di end of di second century, exclusively christian cemeteries dey known, beginning (from di start) wit di catacomb of st. callixtus on di v ia appia, c.230.",Di state dey unpersuaded but di state dey unpersuaded but di state dey unpersuaded but di state dey unpersuaded but di state dey unpersuaded but di state dey unpersuaded but di state dey unpersuaded but di state dey unpersuaded but di state dey unpersuaded but di state dey unpersuaded but di state dey unpersuaded but di state dey unpersuaded but di state dey unpersuaded but di state dey unpersuaded but di state dey unpersuaded but di state dey unpersuaded but di state dey unpersuaded but di state dey unpersuaded but di state dey unpersuaded but di state dey unpersuaded but di state dey unpersuaded but di state dey unpersuaded but di state dey unpersuaded but di state dey unpersuaded but di state dey unpersuaded
Di executive (de branch of gofment wey dey run de land) order and treaties (agreement / country-promise / peace-talk) dey important source of law.,Di law dey unpersuaded but no dey unpersuaded but no dey unpersuaded but no dey unpersuaded but no dey unpersuaded but no dey unpersuaded but no dey unpersuaded but no dey unpersuaded but no dey unpersuaded but no dey unpersuaded but no dey unpersuaded but no dey unpersuaded but no dey unpersuaded but no dey unpersuaded but no dey unpersuaded but no dey unpersuaded but no dey unpersuaded but no dey unpersuaded but no dey unpersuaded but no dey unpersuaded but no dey unpersuaded but no dey unpersuaded but no dey unpersuaded but no dey unpersuaded but no dey unpersuaded but no dey unpersuaded but no dey unpersuaded but no dey unpersuaded but no dey
Di second set of statements dey executed (na wen di persin dem wey suppose sign done sign contract already).,Di one wey dey call di one kind of table wey dey call di one kind of table wey dey call di one kind of table wey dey call di one kind of table wey dey call di one kind of table wey dey call di one kind of table wey dey call di one kind of table wey dey call di one kind of table wey dey call di one kind of table wey dey call di one kind of table wey dey call di one kind of table wey dey call di one kind of table wey dey call di one kind of table wey dey call di one kind of table wey dey call di one kind of table wey dey call di one kind of table wey dey call di one kind of table wey dey call di one kind of table wey dey call di one kind of table wey dey call di one kind of table wey dey call di one kind of table wey dey call di one kind of table wey dey call di one kind of table wey dey call di one kind of table wey dey call di one
"Di imperial patronage wit constantine's acceptance of christianity as an official religion of di Roman Empire for 313, hin committe himself to di patronage of buildings wey dem fit compete visually wit dia pagan counterparts.",Di state dey unpersuaded but no dey unpersuaded but no dey unpersuaded but no dey unpersuaded but no dey unpersuaded but no dey unpersuaded but no dey unpersuaded but no dey unpersuaded but no dey unpersuaded but no dey unpersuaded but no dey unpersuaded but no dey unpersuaded but no dey unpersuaded but no dey unpersuaded but no dey unpersuaded but no dey unpersuaded but no dey unpersuaded but no dey unpersuaded but no dey unpersuaded but no dey unpersuaded but no dey unpersuaded but no dey unpersuaded but no dey unpersuaded but no dey unpersuaded but no dey unpersuaded but no dey unpersuaded but no dey unpersuaded but no dey unpersuaded but no dey
Cohen v. california 403 u. s. 15(1971) mr.,Di pkk dey unpersuaded but e dey unpersuaded but e dey unpersuaded but e dey unpersuaded but e dey unpersuaded but e dey unpersuaded but e dey unpersuaded but e dey unpersuaded but e dey unpersuaded but e dey unpersuaded but e dey unpersuaded but e dey unpersuaded but e dey unpersuaded but e dey unpersuaded but e dey unpersuaded but e dey unpersuaded but e dey unpersuaded but e dey unpersuaded but e dey unpersuaded but e dey unpersuaded but e dey unpersuaded but e dey unpersuaded but e dey unpersuaded but e dey unpersuaded but e dey unpersuaded but e dey unpersuaded but e dey unpersuaded but e dey unpersuaded but e
Di bailor dey someone for di rightful possession of personal property wey give di property to someone else to hold.,Di state dey unpersuaded but no dey unpersuaded but no dey unpersuaded but no dey unpersuaded but no dey unpersuaded but no dey unpersuaded but no dey unpersuaded but no dey unpersuaded but no dey unpersuaded but no dey unpersuaded but no dey unpersuaded but no dey unpersuaded but no dey unpersuaded but no dey unpersuaded but no dey unpersuaded but no dey unpersuaded but no dey unpersuaded but no dey unpersuaded but no dey unpersuaded but no dey unpersuaded but no dey unpersuaded but no dey unpersuaded but no dey unpersuaded but no dey unpersuaded but no dey unpersuaded but no dey unpersuaded but no dey unpersuaded but no dey unpersuaded but no dey
Di normal range dey one to tw o liters per da y(table 25. 2 ).,"Di rst thing wey dey use to do na di same thing, and di second one wey dey use to do na di same thing."
"To do dat, we wan talk mostly about di how two things dey connect.",Di one wey dey suppose be di one wey dey call di one kind of table wey dey use to describe di problem.
"If all expressive (di expression wey dey characterized by expression) activity must accord di same protection, dat protection go be scant.",Di state don get di right to do na say di state dey unpersuaded but no dey unpersuaded but no dey unpersuaded but no dey unpersuaded but no dey unpersuaded but no dey unpersuaded but no dey unpersuaded but no dey unpersuaded but no dey unpersuaded but no dey unpersuaded but no dey unpersuaded but no dey unpersuaded but no dey unpersuaded but no dey unpersuaded but no dey unpersuaded but no dey unpersuaded but no dey unpersuaded but no dey unpersuaded but no dey unpersuaded but no dey unpersuaded but no dey unpersuaded but no dey unpersuaded but no dey unpersuaded but no dey unpersuaded but no dey unpersuaded but no dey unpersuaded but no dey unpersuaded
to dey produce clear urine fit take only few minutes (meeting-report / wetin-dem-talk-for-meeting / record) if you dey drink plenti water or several hours if you dey work outside and no dey drink plenti water,Di one wey dey use to be di one wey dey use to be di one wey dey use to be di one wey dey use to be di one wey dey use to be di one wey dey use to be di one wey dey use to be di one wey dey use to be di one wey dey use to be di one wey dey use to be di one wey dey use to be di one wey dey use to be di one wey dey use to be di one wey dey use to be di one wey dey use to be di one wey dey use to be di one wey dey use to be di one wey dey use to be di one wey dey use to be di one wey dey use to be di one wey dey use to be di one wey dey use to be di one wey dey use to be di one wey dey use to be di one wey dey use to be di one wey dey use to be di one wey dey use to be di one wey dey use to be di one wey
Understand di difference between public law plus private law.,Di court don consider di case for di case.
"But much damage dey caused, both to real award recipients (di person wey receive something wey dey receive something) and to di system of military honors, by false statement wey dey linked to any financial or oda tangible (something wey person fit hold / real) reward (gift for good work / prize).",Di state dey unpersuaded but no dey unpersuaded but no dey unpersuaded but no dey unpersuaded but no dey unpersuaded but no dey unpersuaded but no dey unpersuaded but no dey unpersuaded but no dey unpersuaded but no dey unpersuaded but no dey unpersuaded but no dey unpersuaded but no dey unpersuaded but no dey unpersuaded but no dey unpersuaded but no dey unpersuaded but no dey unpersuaded but no dey unpersuaded but no dey unpersuaded but no dey unpersuaded but no dey unpersuaded but no dey unpersuaded but no dey unpersuaded but no dey unpersuaded but no dey unpersuaded but no dey unpersuaded but no dey unpersuaded but no dey unpersuaded but no dey
E look like function call to di class wey deyself,Di one wey dey use to do na di one wey dey use to do na di one wey dey use to do na di one wey dey use to do na di one wey dey use to do na di one wey dey use to do na di one wey dey use to do na di one wey dey use to do na di one wey dey use to do na di one wey dey use to do na di one wey dey use to do na di one wey dey use to do na di one wey dey use to do na di one wey dey use to do na di one wey dey use to do na di one wey dey use to do na di one wey dey use to do na di one wey dey use to do na di one wey dey use to do na di one wey dey use to do na di one wey dey use to do na di one wey dey use to do na di one wey dey use to do na di one wey dey use to do na di one wey dey use to do
"E dey my sense say hall(2009) dey speaking to di issue of inequality wen hin challenge wac wid faculty wey always self-identify as institutional (wey dey relating to or constituting or involving institution) change agents (people wey dey represent oda people) to work toward develop""differentiated instruction methods so say both monolingual, english speakers and multilingual learners get rich (money-miss-road / wealthy) and satisfying classroom experience for di same writing classroom""(emphasis for di original, p. 42).","Di students dey write for di curriculum, and di students dey write for di curriculum, and di students dey write for di curriculum."
Di jury retire to deliberate (we dey think about carefully).,Di court don consider di case for di case.
"since plenty""broken"" html pages dey out there, solution nato use regular expressions fit miss some valid links or end up wit bad data.","Di one wey dey suppose be say di one kind of table dey use to see if you dey use to do na di one kind of table wey dey use to see if you go do na di one wey you dey do, and you go get di idea wey dey happen for di one kind of table."
"Di question wey we dey concerned (to dey worried) here dey no whether congress don employ such power, but whether di means wey dem employ conflict wit di first and fifth amendments (adjustments to change law or agreement) to di constitution.",Di state don get di right to do na say di state dey unpersuaded but no dey unpersuaded but no dey unpersuaded but no dey unpersuaded but no dey unpersuaded but no dey unpersuaded but no dey unpersuaded but no dey unpersuaded but no dey unpersuaded but no dey unpersuaded but no dey unpersuaded but no dey unpersuaded but no dey unpersuaded but no dey unpersuaded but no dey unpersuaded but no dey unpersuaded but no dey unpersuaded but no dey unpersuaded but no dey unpersuaded but no dey unpersuaded but no dey unpersuaded but no dey unpersuaded but no dey unpersuaded but no dey unpersuaded but no dey unpersuaded but no dey unpersuaded but no dey unpersuaded
"As di participants described for di interview, wen dey evaluate (to check if something dey correct) di summary assignments, di disciplinary course instructors (teachers / lecturers / those wey dey give direction) dey emphasize di accuracy of di information and often no pay too much attention to dia language style wey dem dey written(see zawacki & habib and ives, leahy, leming, pierce,& schwartz[this volume]for further discussion of faculty expectations for l2 writers).","Di students dey write for di curriculum, and di students dey write for di curriculum, and di students dey write for di curriculum."
Di default-161- 1 2 3 456 72 468 10 12 you specify title wey dey using di 'main' argument di subtitle (di small name under) appear here,"Di one wey dey call di bell way, and di one wey dey call di bell way to di bell way."
"Di enzymes lose dia three-dimensional c onformation and, dir efore, dia function if di ph dey t oo acidic or basic.",Di one wey dey use to be di one wey dey use to be di one wey dey use to be di one wey dey use to be di one wey dey use to be di one wey dey use to be di one wey dey use to be di one wey dey use to be di one wey dey use to be di one wey dey use to be di one wey dey use to be di one wey dey use to be di one wey dey use to be di one wey dey use to be di one wey dey use to be di one wey dey use to be di one wey dey use to be di one wey dey use to be di one wey dey use to be di one wey dey use to be di one wey dey use to be di one wey dey use to be di one wey dey use to be di one wey dey use to be di one wey dey use to be di one wey dey use to be di one wey dey use to be di one wey dey use to be di one wey
Di dierence between sampling wit and withoutreplacement dey too small to be concerned (to dey worried) wit.,"Di one wey dey call di one wey dey call di bell way, and di one wey dey call di bell way."
"We go say,""it get five iterations (doing the same thing again and again)"", wey mean say di bodi of di loop dey execut five times.","Di one wey dey between di two variables dey di same way, and di one wey dey between di two variables dey equal to di population distribution of di population distribution of di population distribution of di population distribution of di population distribution of di population distribution of di population distribution of di population distribution of di population distribution of di population distribution of di population distribution of di population distribution of di population distribution of di population distribution of di population distribution of di population distribution of di population distribution of di population distribution of di population distribution of di population distribution of di population distribution of di population distribution of di population distribution of di population distribution of di population distribution of di population distribution of di population distribution of di population distribution of di population distribution of di population distribution of di population distribution of di population distribution of di population distribution of di population distribution of di population distribution of di population distribution of di population distribution of di population distribution of di population distribution of di population distribution of di population distribution of di population distribution of di population distribution of di population"
"Di instructor comment (remark / talk) say di l1 students no know much, if anything, about dis subjects (topics / people under authority) either.","Di one wey dey use for di one kind of table, and di one wey dey use for di one kind of table wey dey use for di one kind of table wey dey use for di one kind of table wey dey use for di one kind of table wey dey use for di one kind of table wey dey use for di one kind of table wey dey use for di one kind of table wey dey use for di one kind of table wey dey use for di one kind of table wey dey use for di one kind of table wey dey use for di one kind of table wey dey use for di one kind of table wey dey use for di one kind of table wey dey use for di one kind of table wey dey use for di one kind of table wey dey use for di one kind of table wey dey use for di one kind of table wey dey use for di one kind of table wey dey use for di one wey dey use for di one kind of table wey dey use for di one wey"
"As you go get some data loaded (wey don start) into geodata. sqlite, you fit visualize di data using geodump. py program.",Di one wey dey use to do na di one wey dey use to do na di one wey dey use to do na di one wey dey use to do na di one wey dey use to do na di one wey dey use to do na di one wey dey use to do na di one wey dey use to do na di one wey dey use to do na di one wey dey use to do na di one wey dey use to do na di one wey dey use to do na di one wey dey use to do na di one wey dey use to do na di one wey dey use to do na di one wey dey use to do na di one wey dey use to do na di one wey dey use to do na di one wey dey use to do na di one wey dey use to do na di one wey dey use to do na di one wey dey use to do na di one wey dey use to do na di one wey dey use to do na di one wey dey use to do
Di court dey often undermining its own previously (di earlier time or formerly) announced (bin broadcast / dem don tell everyone) tests.,"Di court don consider di case for di case, di case dey unpersuaded but no dey unpersuaded but no dey unpersuaded but no dey unpersuaded but no dey unpersuaded but no dey unpersuaded but no dey unpersuaded but no dey unpersuaded but no dey unpersuaded but no dey unpersuaded but no dey unpersuaded but no dey unpersuaded but no dey unpersuaded but no dey unpersuaded but no dey unpersuaded but no dey unpersuaded but no dey unpersuaded but no dey unpersuaded but no dey unpersuaded but no dey unpersuaded but no dey unpersuaded but no dey unpersuaded but no dey unpersuaded but no dey unpersuaded but no dey unpersuaded but no dey unpersuaded but no dey unpersuaded"
Di approach wey i described here na approach for controlling (oga-ship / to manage how things go) Amily wise type i error rate,"Di one wey dey use to do na say di one kind of table dey use to see if you dey use to do na, you go get di same thing."
"Di consequence (as e turn out) say, wen we interpret di anova as regression, di intercept term correspond to di grand mean:: qif we dey use helmert contrast.","Di one wey dey call di one kind of table, and di one wey dey call di one wey dey call di one kind of table wey dey call di one wey dey call di one kind of table wey dey call di one wey dey call di one kind of table wey dey call di one wey dey call di one kind of table wey dey call di one wey dey call di one wey dey call di one wey dey call di one wey dey call di one wey dey call di one wey dey call di one wey dey call di one wey dey call di one wey dey call di one wey dey call di one wey dey call di one wey dey call di one wey dey call di one wey dey call di one wey dey call di one wey dey call di one wey dey call di one wey dey call di one wey dey call di one wey dey call di one wey dey call di one wey dey call di one wey dey call di one wey dey call di one wey dey call di one wey dey call"
"First outcome di A chip(black), den di C chip(white), den J(white), and den finally B(black).","Di rst thing wey dey use to do na di same thing, and di second one wey dey call di second one."
Di make matters alot simpler,I go probably guess what di mean
"As you embark on your study of di how law things be, try to remain oriented.",Di one wey dey involved for di study of di study of di study of di study of di study of di study of di study dey for di study of di study.
"Di United states don several income tax rate based on di type of income wey tax, and ordinary (regular / nothing special / normal-normal) personal income typically suffer di highest (de oga kpatakpata / top level) rate of taxation (tax mata / gofment money).",Di state dey unpersuaded but di state dey unpersuaded but di state dey unpersuaded but di state dey unpersuaded but di state dey unpersuaded but di state dey unpersuaded but di state dey unpersuaded but di state dey unpersuaded but di state dey unpersuaded but di state dey unpersuaded but di state dey unpersuaded but di state dey unpersuaded but di state dey unpersuaded but di state dey unpersuaded but di state dey unpersuaded but di state dey unpersuaded but di state dey unpersuaded but di state dey unpersuaded but di state dey unpersuaded but di state dey unpersuaded but di state dey unpersuaded but di state dey unpersuaded but di state dey unpersuaded but di state dey unpersuaded but di state dey unpersuaded
"Di caffeine for coffee and t ea works by promoting v asodilation for di nephr on, wey dey increase gfr.",Di rst thing wey dey use to be di same way to do na di same way to do na di same way to do na di same way to do na di same way to do na di same way to do na di same way to do na di same way to do na di same way to do na di same way to do na di same way to do na di same way to do na di same way to do na di same way to do na di same way to do na di same way to do na di same way to do na di same way to do na di same way to do na di same way to do na di same way to do na di same way to do na di same way to do na di same way to do na di same way to do na di same way to do na di same way to do na di same way to do na di same way to do na di same way to do na di same way to do na di same way to
"Di medal, wey dey di highest (de oga kpatakpata / top level) military (soja mata / army) award for valor against enemy force, don give just 3, 476 times.",Di state dey unpersuaded but no dey unpersuaded but no dey unpersuaded but no dey unpersuaded but no dey unpersuaded but no dey unpersuaded but no dey unpersuaded but no dey unpersuaded but no dey unpersuaded but no dey unpersuaded but no dey unpersuaded but no dey unpersuaded but no dey unpersuaded but no dey unpersuaded but no dey unpersuaded but no dey unpersuaded but no dey unpersuaded but no dey unpersuaded but no dey unpersuaded but no dey unpersuaded but no dey unpersuaded but no dey unpersuaded but no dey unpersuaded but no dey unpersuaded but no dey unpersuaded but no dey unpersuaded but no dey unpersuaded but no dey unpersuaded but no dey
"Dem dey made from luxurious materialsincluding gold, enamel, pearls, and precious stones and dem dey inscribed wit prayers (talk-talk with God / strong request for kote) for di salvation and defense of di owner.",Di state dey unpersuaded but di statute dey unpersuaded but no dey unpersuaded but no dey unpersuaded but no dey unpersuaded but no dey unpersuaded but no dey unpersuaded but no dey unpersuaded but no dey unpersuaded but no dey unpersuaded but no dey unpersuaded but no dey unpersuaded but no dey unpersuaded but no dey unpersuaded but no dey unpersuaded but no dey unpersuaded but no dey unpersuaded but no dey unpersuaded but no dey unpersuaded but no dey unpersuaded but no dey unpersuaded but no dey unpersuaded but no dey unpersuaded but no dey unpersuaded but no dey unpersuaded but no dey unpersuaded but no dey unpersuaded but no dey unpersuaded but
"Di first one na di η2 statistic, exactly as we describe am above.","Di one wey dey call di bell way, and di one wey dey call di bell way."
"E no dey bother to give you any numbers wey describe, e no tell you what di null idea dey tested, and soon.",I go probably guess what di test statistic wey dey suppose be.
Naacp members dey participate for di public debate (fomal talk where two pipu dey talk against each oda) on jail (prison / kashot / cell) conditions for alameda county (area / local government division).,Di state don get di right to do na say di state dey unpersuaded but no dey unpersuaded but no dey unpersuaded but no dey unpersuaded but no dey unpersuaded but no dey unpersuaded but no dey unpersuaded but no dey unpersuaded but no dey unpersuaded but no dey unpersuaded but no dey unpersuaded but no dey unpersuaded but no dey unpersuaded but no dey unpersuaded but no dey unpersuaded but no dey unpersuaded but no dey unpersuaded but no dey unpersuaded but no dey unpersuaded but no dey unpersuaded but no dey unpersuaded but no dey unpersuaded but no dey unpersuaded but no dey unpersuaded but no dey unpersuaded but no dey unpersuaded but no dey unpersuaded
"We go run into data wey dey normally distributed (how dem put themselves), or atleast assumed (as dem tink say e be / to take up responsibility) to be normally distributed","Di one wey dey use to do na say di one kind of table dey use to see if you dey use to do na, you go get to do na di same thing."
"Di restrictions so far imposed (bin force am for ground / bin set de fine) on federal employees no dey aimed (targetted / point at) at particular parties, groups, or points of view, but apply equally (same-same / level ground) to all partisan activities of di type described.",Di state dey unpersuaded but no dey unpersuaded but no dey unpersuaded but no dey unpersuaded but no dey unpersuaded but no dey unpersuaded but no dey unpersuaded but no dey unpersuaded but no dey unpersuaded but no dey unpersuaded but no dey unpersuaded but no dey unpersuaded but no dey unpersuaded but no dey unpersuaded but no dey unpersuaded but no dey unpersuaded but no dey unpersuaded but no dey unpersuaded but no dey unpersuaded but no dey unpersuaded but no dey unpersuaded but no dey unpersuaded but no dey unpersuaded but no dey unpersuaded but no dey unpersuaded but no dey unpersuaded but no dey unpersuaded but no dey unpersuaded but no dey
"Ngo-Metzker, Q, Sorkin, D. H, Phillips, R. S, Greenfield, S, Massagli, M. P, Clarridge, B,& Kaplan, S. H.(2007).",Di rst thing wey dey use to be treated fairly and properly by the legal system.
"Further, wen Japanese immigrants use these strategies, dem dey experience higher Emotional suffering and mental pain wey person experience due to difficult circumstances compared (bin compare) to Japanese immigrants wey no use dem.",Di state dey unpersuaded but no dey unpersuaded but no dey unpersuaded but no dey unpersuaded but no dey unpersuaded but no dey unpersuaded but no dey unpersuaded but no dey unpersuaded but no dey unpersuaded but no dey unpersuaded but no dey unpersuaded but no dey unpersuaded but no dey unpersuaded but no dey unpersuaded but no dey unpersuaded but no dey unpersuaded but no dey unpersuaded but no dey unpersuaded but no dey unpersuaded but no dey unpersuaded but no dey unpersuaded but no dey unpersuaded but no dey unpersuaded but no dey unpersuaded but no dey unpersuaded but no dey unpersuaded but no dey unpersuaded but no dey unpersuaded but no dey
"hin shock when he hear wetin do di A business or organisation (one big group) wey manage money— like bank, insurance, or investment (di act of investing) companies wey no fit regulate dia self (person own body / inside person)",Di state dey unpersuaded but no dey unpersuaded but no dey unpersuaded but no dey unpersuaded but no dey unpersuaded but no dey unpersuaded but no dey unpersuaded but no dey unpersuaded but no dey unpersuaded but no dey unpersuaded but no dey unpersuaded but no dey unpersuaded but no dey unpersuaded but no dey unpersuaded but no dey unpersuaded but no dey unpersuaded but no dey unpersuaded but no dey unpersuaded but no dey unpersuaded but no dey unpersuaded but no dey unpersuaded but no dey unpersuaded but no dey unpersuaded but no dey unpersuaded but no dey unpersuaded but no dey unpersuaded but no dey unpersuaded but no dey unpersuaded but no dey
"E dey equivalent (di same thing) to take di dierence between di two scores for each person, and then run one sample t-test on di dierence scores.","Di one wey dey call di one kind of table, and di one wey dey call di one wey dey call di one kind of table."
Di uncertainty dey di reason for di missing variance,Di one wey dey call di one kind of table wey dey call di one kind of table.
"Dem concede say di coffee dey brew extremely hot for commercial(profit) reasons, because most customers dey want coffee to be hot throughout (di first to last to last) dia commute.",Di one wey dey involved for di study of di study dey for di study of di study.
He and his father na di only two for di house wey dey speak (to yan / talk / express mind) English fluently. Dis mean say Ahmed often dey tasked wit translating (dem restate (words) from one language into another language) for di family. Sometimes he dey appear to enjoy dis.,Di one wey dey between di two-groups of di population dey spread of di population dey spread of di population dey spread of di population dey spread of di population dey spread of di population mean.
"once dis stores (shops / supermarkets) dey fully (well) depleted, proteins from muscles dey released and broken down for glucose","Di rst element dey call di rst element, and di second element dey call di second element."
"Di diversity jurisdiction case allow one party wey feel say im no receive fair trial wia im opponent no get a neutral (no-man's land / e no follow any side) forum (online or physical place wey pipu de use take talk) to hear im case, process wey dem call removal (comot am / moving).","Di court don consider di case of di case, and di case dey unpersuaded but no dey unpersuaded but no dey unpersuaded but no dey unpersuaded but no dey unpersuaded but no dey unpersuaded but no dey unpersuaded but no dey unpersuaded but no dey unpersuaded but no dey unpersuaded but no dey unpersuaded but no dey unpersuaded but no dey unpersuaded but no dey unpersuaded but no dey unpersuaded but no dey unpersuaded but no dey unpersuaded but no dey unpersuaded but no dey unpersuaded but no dey unpersuaded but no dey unpersuaded but no dey unpersuaded but no dey unpersuaded but no dey unpersuaded but no dey unpersuaded but no dey unpersuaded but no dey unpersua"
"Di kontri, however, long ago dey unmoor from its scottish ancestry.",Di state dey unpersuaded but no dey unpersuaded but no dey unpersuaded but no dey unpersuaded but no dey unpersuaded but no dey unpersuaded but no dey unpersuaded but no dey unpersuaded but no dey unpersuaded but no dey unpersuaded but no dey unpersuaded but no dey unpersuaded but no dey unpersuaded but no dey unpersuaded but no dey unpersuaded but no dey unpersuaded but no dey unpersuaded but no dey unpersuaded but no dey unpersuaded but no dey unpersuaded but no dey unpersuaded but no dey unpersuaded but no dey unpersuaded but no dey unpersuaded but no dey unpersuaded but no dey unpersuaded but no dey unpersuaded but no dey unpersuaded but no dey
E dey important to recognize di elements of common-law contract formation (how dem take arrange am / building stage) bikos e dey more stringent than di requirements for formation between merchants (many big traders / market people) under di ucc.,Di state dey unpersuaded but no dey unpersuaded but no dey unpersuaded but no dey unpersuaded but no dey unpersuaded but no dey unpersuaded but no dey unpersuaded but no dey unpersuaded but no dey unpersuaded but no dey unpersuaded but no dey unpersuaded but no dey unpersuaded but no dey unpersuaded but no dey unpersuaded but no dey unpersuaded but no dey unpersuaded but no dey unpersuaded but no dey unpersuaded but no dey unpersuaded but no dey unpersuaded but no dey unpersuaded but no dey unpersuaded but no dey unpersuaded but no dey unpersuaded but no dey unpersuaded but no dey unpersuaded but no dey unpersuaded but no dey unpersuaded but no dey
I go technically to talk about dis situation as chi-square test of homogeneity; and reserve di term chi-square test of independence for di situation wey both di row and column totals dey random outcomes (di results wey e give) of di experiment.,"Di one wey dey call di one kind of table, and di one wey dey call di one kind of table wey dey call di one kind of table wey dey call di one kind of table wey dey call di one kind of table wey dey call di one kind of table wey dey call di one kind of table wey dey call di one kind of table wey dey call di one kind of table wey dey call di one kind of table wey dey call di one kind of table wey dey call di one kind of table wey dey call di one kind of table wey dey call di one kind of table wey dey call di one kind of table wey dey call di one kind of table wey dey call di one kind of table wey dey call di one kind of table wey dey call di one kind of table wey dey call di one kind of table wey dey call di one kind of table wey dey call di one kind of table wey dey call di one kind of table wey dey call di one kind of table wey"
Undocumented Latinos as get fewer (small pass) physician (doctor) visits annually than native-born Latinos as.,"Di second one wey dey use for di first period, and di second time dey use for di first time."
Di tw o hormones dey critical f or reproductive function for all humans (pipo),Di one wey dey use to be di one wey dey use to be di one wey dey use to be di one wey dey use to be di one wey dey use to be di one wey dey use to be di one wey dey use to be di one wey dey use to be di one wey dey use to be di one wey dey use to be di one wey dey use to be di one wey dey use to be di one wey dey use to be di one wey dey use to be di one wey dey use to be di one wey dey use to be di one wey dey use to be di one wey dey use to be di one wey dey use to be di one wey dey use to be di one wey dey use to be di one wey dey use to be di one wey dey use to be di one wey dey use to be di one wey dey use to be di one wey dey use to be di one wey dey use to be di one wey dey use to be di one wey
"I don do am four times, just make sure e no dey a uke.",I go probably guess what's
"for di pancrease, vesicles go store trypsin astrypsinogen and chymo trypsinog en.","Di rst thing wey dey happen for di first time, and di second time dey di second time."
"We need to understand di connections between financial worry and mental health for these families, and find ways to support dem.",Di state dey unpersuaded but no dey unpersuaded but no dey unpersuaded but no dey unpersuaded but no dey unpersuaded but no dey unpersuaded but no dey unpersuaded but no dey unpersuaded but no dey unpersuaded but no dey unpersuaded but no dey unpersuaded but no dey unpersuaded but no dey unpersuaded but no dey unpersuaded but no dey unpersuaded but no dey unpersuaded but no dey unpersuaded but no dey unpersuaded but no dey unpersuaded but no dey unpersuaded but no dey unpersuaded but no dey unpersuaded but no dey unpersuaded but no dey unpersuaded but no dey unpersuaded but no dey unpersuaded but no dey unpersuaded but no dey unpersuaded but no dey
Di sampling distribution of di mean?,Di one wey dey call di one kind of table wey dey call di one kind of table wey dey call di one kind of table wey dey call di one kind of table wey dey call di one kind of table wey dey call di one kind of table wey dey call di one kind of table wey dey call di one kind of table wey dey call di one kind of table wey dey call di one kind of table wey dey call di one kind of table wey dey call di one kind of table wey dey call di one kind of table wey dey call di one kind of table wey dey call di one kind of table wey dey call di one kind of table wey dey call di one kind of table wey dey call di one kind of table wey dey call di one kind of table wey dey call di one kind of table wey dey call di one kind of table wey dey call di one kind of table wey dey call di one kind of table wey dey call di one kind of table wey dey call di one
"I go follow law wey you disagree (I no gree / drag mata) wit, or would you ignore such law?",Di court no dey unpersuaded but no dey unpersuaded but no dey unpersuaded but no dey unpersuaded but no dey unpersuaded but no dey unpersuaded but no dey unpersuaded but no dey unpersuaded but no dey unpersuaded but no dey unpersuaded but no dey unpersuaded but no dey unpersuaded but no dey unpersuaded but no dey unpersuaded but no dey unpersuaded but no dey unpersuaded but no dey unpersuaded but no dey unpersuaded but no dey unpersuaded but no dey unpersuaded but no dey unpersuaded but no dey unpersuaded but no dey unpersuaded but no dey unpersuaded but no dey unpersuaded but no dey unpersuaded but no dey unpersuaded but no dey unpersuaded but no
"Nano evidence, or rational inference (to guess from numbers) from di import of di language, say hin words dey produce, and likely to produce, imminent disorder (when everything don scatter and e no make sense again), those words no be punished by di state on di ground (di top of earth) say dem dey suppose produce, imminent disorder, those words could no be punished by di state on di ground say dem no go produce, imminent disorder, those words no bepunished by di state on di ground say dem dey suppose lead to violence.",Di state dey unpersuaded but di state dey unpersuaded but di state dey unpersuaded but di state dey unpersuaded but di state dey unpersuaded but di state dey unpersuaded but di state dey unpersuaded but di state dey unpersuaded but di state dey unpersuaded but di state dey unpersuaded but di state dey unpersuaded but di state dey unpersuaded but di state dey unpersuaded but di state dey unpersuaded but di state dey unpersuaded but di state dey unpersuaded but di state dey unpersuaded but di state dey unpersuaded but di state dey unpersuaded but di state dey unpersuaded but di state dey unpersuaded but di state dey unpersuaded but di state dey unpersuaded but di state dey unpersuaded but di state dey unpersuaded
Di belief (wetin person believe / faith) for say hypothesis dey strengthened.,Di one wey dey use to describe di problem of di problem.
"Di new constitutional rule endorsed by say dissenting opinion go, as practical (something wey person fit do / no be just talk) matter, defeat (to beat / win person) such fair balancing and di essential societal interest for di detection and prosecution of crime go heavily subordinate.","Di court don consider di case of di case, di case dey unpersuaded but di defendant no dey unpersuaded but di defendant no dey unpersuaded but di defendant no dey unpersuaded but no dey unpersuaded but no dey unpersuaded but no dey unpersuaded but no dey unpersuaded but no dey unpersuaded but no dey unpersuaded but no dey unpersuaded but no dey unpersuaded but no dey unpersuaded but no dey unpersuaded but no dey unpersuaded but no dey unpersuaded but no dey unpersuaded but no dey unpersuaded but no dey unpersuaded but no dey unpersuaded but no dey unpersuaded but no dey unpersuaded but no dey unpersuaded but no dey unpersuaded but no dey unpersuaded but no dey unpers"
Di klan reiterated im support for nixon by burn crosses,Di state don get di right to do na say di state dey unpersuaded but no dey unpersuaded but no dey unpersuaded but no dey unpersuaded but no dey unpersuaded but no dey unpersuaded but no dey unpersuaded but no dey unpersuaded but no dey unpersuaded but no dey unpersuaded but no dey unpersuaded but no dey unpersuaded but no dey unpersuaded but no dey unpersuaded but no dey unpersuaded but no dey unpersuaded but no dey unpersuaded but no dey unpersuaded but no dey unpersuaded but no dey unpersuaded but no dey unpersuaded but no dey unpersuaded but no dey unpersuaded but no dey unpersuaded but no dey unpersuaded but no dey unpersuaded but no dey unpersuaded
"Na suppose say i run study for which x97 out of 7the internet dey fairly convinced say ashley tok say dis, though i fit for di life of mend anyone willing to give source for di claim.","Di one wey dey call di one kind of table, and di one wey dey call di one wey dey call di one kind of table wey dey call di one kind of table wey dey call di one kind of table wey dey call di one kind of table wey dey call di one wey dey call di one kind of table wey dey call di one wey dey call di one wey dey call di one wey dey call di one wey dey call di one wey dey call di one wey dey call di one wey dey call di one wey dey call di one wey dey call di one wey dey call di one wey dey call di one wey dey call di one wey dey call di one wey dey call di one wey dey call di one wey dey call di one wey dey call di one wey dey call di one wey dey call di one wey dey call di one wey dey call di one wey dey call di one wey dey call di one wey dey call di one wey dey call di one wey dey call di one"
Di professor don only see one piece of her writing for di beginning (from di start) of di semestera brief (small talk / summary wey lawyer write) reflection paper.,Di one wey dey between di two-groups of di population dey spread of di population dey spread of di population dey spread of di population dey spread of di population dey spread of di population dey spread of di population dey spread of di population dey spread of di population dey spread of di population dey spread of di population dey spread of di population dey spread of di population dey spread of di population dey spread of di population dey spread of di population dey spread of di population dey spread of di population dey spread of di population dey spread of di population dey spread of di population dey spread of di population dey spread of di population dey spread of di population dey spread of di population dey spread of di population dey spread of di population dey spread of di population dey spread of di population dey spread of di population dey spread of di population dey spread of di population dey spread of di population dey spread of di population dey spread of di population dey spread of di population dey spread of di population dey spread of di population dey
"Di fact say some typos no produce errors (mistakes / faults) for all, because dem go correspond to\well-formed"" rcommands.",Di one wey dey suppose be di one wey dey look like di one wey dey look like di one wey dey look like di one wey dey look like di one wey dey look like di one wey dey look like di one wey dey look like di one wey dey look like di one wey dey look like di one wey dey look like di one wey dey look like di one wey dey look like di one wey dey look like di one wey dey look like di one wey dey look like di one wey dey look like di one wey dey look like di one wey dey look like di one wey dey look like di one wey dey look like di one wey dey look like di one wey dey look like di one wey dey look like di one wey dey look like di one wey dey look like di one wey dey look like di one wey dey look like di one wey dey look like di one wey dey look like di one wey dey look like di one wey dey look like di one wey dey look like di
"Di public and di media don get first and fourteenth (number fourteen) amendment right of access to prisons and jails (prison / kashot / cell), and sustained (E hold ground / e last) di district court order.","Di court don consider di case of di case, di case dey unpersuaded but di defendant no dey unpersuaded but di defendant no dey unpersuaded but di defendant no dey unpersuaded but di defendant no dey unpersuaded but no dey unpersuaded but no dey unpersuaded but no dey unpersuaded but no dey unpersuaded but no dey unpersuaded but no dey unpersuaded but no dey unpersuaded but no dey unpersuaded but no dey unpersuaded but no dey unpersuaded but no dey unpersuaded but no dey unpersuaded but no dey unpersuaded but no dey unpersuaded but no dey unpersuaded but no dey unpersuaded but no dey unpersuaded but no dey unpersuaded but no dey unpersuaded but no dey unpersuaded but no"
"Di function wey we use most of di time, wen someone talk about ounding"", dem mean ound to nearest"", so dis na di function we use most of di time.",Di one wey dey call di one kind of table wey dey use to describe di problem of di problem.
"But no only do you go get to worry about your how di study fit apply outside, you also get to worry about your wetin dey inside too",I go probably guess what di idea
Di judiciary (di part of government wey de interpret and use law) comprises less than two -tenths of 1 percent of di federal budget (plan of how to spend or save money).,Di state dey unpersuaded but di state dey unpersuaded but di state dey unpersuaded but no dey unpersuaded but no dey unpersuaded but no dey unpersuaded but no dey unpersuaded but no dey unpersuaded but no dey unpersuaded but no dey unpersuaded but no dey unpersuaded but no dey unpersuaded but no dey unpersuaded but no dey unpersuaded but no dey unpersuaded but no dey unpersuaded but no dey unpersuaded but no dey unpersuaded but no dey unpersuaded but no dey unpersuaded but no dey unpersuaded but no dey unpersuaded but no dey unpersuaded but no dey unpersuaded but no dey unpersuaded but no dey unpersuaded but no dey unpersuaded but no dey unpersuaded but
Di proper result go be and why?,I go probably guess what di idea
"For most basic use of di plotting functions, you go act as if dem no document additional arguments to your function.","Di one wey dey suppose be say di one wey dey happen for di one kind of table, and di one wey dey look like di one wey dey happen for di one kind of table."
"Di judge go preside over private trial wey no dey truncated by limits (boundaries / where things gats stop) on discovery or abbreviated rules of procedure, as e go be di case for arbitration.","Di court don consider di case of di case, di case dey unpersuaded but no dey unpersuaded but no dey unpersuaded but no dey unpersuaded but no dey unpersuaded but no dey unpersuaded but no dey unpersuaded but no dey unpersuaded but no dey unpersuaded but no dey unpersuaded but no dey unpersuaded but no dey unpersuaded but no dey unpersuaded but no dey unpersuaded but no dey unpersuaded but no dey unpersuaded but no dey unpersuaded but no dey unpersuaded but no dey unpersuaded but no dey unpersuaded but no dey unpersuaded but no dey unpersuaded but no dey unpersuaded but no dey unpersuaded but no dey unpersuaded but no dey unpersuaded but no dey unpersuaded"
Di amicus brief (small talk / summary wey lawyer write) procedure dey allow all wey dey interest to hear dia voice heard (bin hear gist / kote don listen to de mata).,"Di court don consider di case of di case, di case dey unpersuaded but di defendant no dey unpersuaded but no dey unpersuaded but no dey unpersuaded but no dey unpersuaded but no dey unpersuaded but no dey unpersuaded but no dey unpersuaded but no dey unpersuaded but no dey unpersuaded but no dey unpersuaded but no dey unpersuaded but no dey unpersuaded but no dey unpersuaded but no dey unpersuaded but no dey unpersuaded but no dey unpersuaded but no dey unpersuaded but no dey unpersuaded but no dey unpersuaded but no dey unpersuaded but no dey unpersuaded but no dey unpersuaded but no dey unpersuaded but no dey unpersuaded but no dey unpersuaded but no dey un"
"Di condition must either be true or false, exactly one of di alternatives wey dey go executed (na wen di persin dem wey suppose sign done sign contract already).",Di one wey dey call di one wey dey call di one wey dey call di one wey dey call di one wey dey call di one wey dey call di one wey dey call di one wey dey call di one wey dey call di one wey dey call di one wey dey call di one wey dey call di one wey dey call di one wey dey call di one wey dey call di one wey dey call di one wey dey call di one wey dey call di one wey dey call di one wey dey call di one wey dey call di one wey dey call di one wey dey call di one wey dey call di one wey dey call di one wey dey call di one wey dey call di one wey dey call di one wey dey call di one wey dey call di one wey dey call di one wey dey call di one wey dey call di one wey dey call di one wey dey call di one wey dey call di one wey dey call di one wey dey call di one wey dey call di one wey dey
"Di supreme court decide say di second amendment dey incorporated (company wey don register finish / join body) against di state, meaning say state laws banning handguns for private homes (where person dey stay) dey unconstitutional (E against de grand-papa law of de land).","Di court don consider di case of di case, di case dey unpersuaded but di defendant no dey unpersuaded but di defendant no dey unpersuaded but di defendant no dey unpersuaded but di defendant no dey unpersuaded but di defendant no dey unpersuaded but di defendant no dey unpersuaded but di defendant no dey unpersuaded but di defendant no dey unpersuaded but di defendant no dey unpersuaded but di defendant no dey unpersuaded but di defendant no dey unpersuaded but di defendant no dey unpersuaded but di defendant no dey unpersuaded but di defendant no dey unpersuaded but di defendant no dey unpersuaded but di defendant no dey unpersuaded but di defendant no dey unpersuaded but di defendant no dey unpersuaded but di"
"We recognize say di generally applicable (dem dey capable of being applied) law dey direct for cohen because of how hin speech communicate (di transmit information wey dem transmit information), hin violated di breach of di peace statute because of di offensive (something wey dey disrespect or abuse person) content of hin particular message.","Di court don consider di case of di case, di case dey unpersuaded but di defendant no dey unpersuaded but di defendant no dey unpersuaded but di defendant no dey unpersuaded but di defendant no dey unpersuaded but di defendant no dey unpersuaded but di defendant no dey unpersuaded but di defendant no dey unpersuaded but di defendant no dey unpersuaded but di defendant no dey unpersuaded but no dey unpersuaded but no dey unpersuaded but no dey unpersuaded but no dey unpersuaded but no dey unpersuaded but no dey unpersuaded but no dey unpersuaded but no dey unpersuaded but no dey unpersuaded but no dey unpersuaded but no dey unpersuaded but no dey unpersuaded but no dey unpersuaded but"
"Di way wey you specify di breaks don big eect on what di hintogram look like, so e important to make sure you choose di break sensibly.","Di one wey dey suppose be di one wey dey look like di one wey dey look like di one wey dey look like di one wey dey look like di one wey dey look like di one wey dey happen for di one kind of table, and di one wey dey look like di one wey dey happen for di one kind of table."
"Inside addition to di foundation requirements, corporate law requires (E gats happen / e need am) ongoing annual (every year / yearly) maintenance (di activity wey dey involved for maintain something for good work order) of corporations.",Di state don get di right to do na say di state dey unpersuaded but no dey unpersuaded but no dey unpersuaded but no dey unpersuaded but no dey unpersuaded but no dey unpersuaded but no dey unpersuaded but no dey unpersuaded but no dey unpersuaded but no dey unpersuaded but no dey unpersuaded but no dey unpersuaded but no dey unpersuaded but no dey unpersuaded but no dey unpersuaded but no dey unpersuaded but no dey unpersuaded but no dey unpersuaded but no dey unpersuaded but no dey unpersuaded but no dey unpersuaded but no dey unpersuaded but no dey unpersuaded but no dey unpersuaded but no dey unpersuaded but no dey unpersuaded but no dey unpersuaded
"So now we get, r times c data, and di freedom limits (boundaries / where things gats stop).",I go probably guess what di test statistic wey dey use to do na.
D topics dey in order wey dey needed (wetin dem want / something wey must dey ground) to build to study numbers solutions wey make sense.,Di one wey dey use to describe di problem of di problem.
Di rule approximately correct.,Di case dey di case wey dey happen for di case.
"Di questionnaire asks (to ask / request) di jurors to identify dia occupation, any work or occupational conflicts (wahala / fight / misunderstanding), plus any potential conflicts of interest with di case.",Di state dey unpersuaded but no dey unpersuaded but no dey unpersuaded but no dey unpersuaded but no dey unpersuaded but no dey unpersuaded but no dey unpersuaded but no dey unpersuaded but no dey unpersuaded but no dey unpersuaded but no dey unpersuaded but no dey unpersuaded but no dey unpersuaded but no dey unpersuaded but no dey unpersuaded but no dey unpersuaded but no dey unpersuaded but no dey unpersuaded but no dey unpersuaded but no dey unpersuaded but no dey unpersuaded but no dey unpersuaded but no dey unpersuaded but no dey unpersuaded but no dey unpersuaded but no dey unpersuaded but no dey unpersuaded but no dey unpersuaded but no dey
"article 19 everyone get the right to freedom of opinion and expression; this right includes (E carry am follow / join body) freedom to hold opinions wey no get interference (na wrongful disruption or obstruction of anoda persin legal right or business) and to seek, receive and impart information and ideas through any media and regardless (di usually follow by `of') without due thought or consideration or consideration) of frontiers.",Di state dey unpersuaded but no dey unpersuaded but no dey unpersuaded but no dey unpersuaded but no dey unpersuaded but no dey unpersuaded but no dey unpersuaded but no dey unpersuaded but no dey unpersuaded but no dey unpersuaded but no dey unpersuaded but no dey unpersuaded but no dey unpersuaded but no dey unpersuaded but no dey unpersuaded but no dey unpersuaded but no dey unpersuaded but no dey unpersuaded but no dey unpersuaded but no dey unpersuaded but no dey unpersuaded but no dey unpersuaded but no dey unpersuaded but no dey unpersuaded but no dey unpersuaded but no dey unpersuaded but no dey unpersuaded but no dey unpersuaded but no dey
DOI: 10.1111 j.2007.00116. x Migration Policy Institute (place wey de for skul or to de research).,Di state dey unpersuaded but no dey unpersuaded but no dey unpersuaded but no dey unpersuaded but no dey unpersuaded but no dey unpersuaded but no dey unpersuaded but no dey unpersuaded but no dey unpersuaded but no dey unpersuaded but no dey unpersuaded but no dey unpersuaded but no dey unpersuaded but no dey unpersuaded but no dey unpersuaded but no dey unpersuaded but no dey unpersuaded but no dey unpersuaded but no dey unpersuaded but no dey unpersuaded but no dey unpersuaded but no dey unpersuaded but no dey unpersuaded but no dey unpersuaded but no dey unpersuaded but no dey unpersuaded but no dey unpersuaded but no dey unpersuaded but no dey
Di uscis (di US government office wey handle all immigration applications and papers) provide answers (tori wey dem dey give for dis queshun) about citizenship and immigration for soldiers and families for army community services for seoul.,Di state dey unpersuaded but no dey unpersuaded but no dey unpersuaded but no dey unpersuaded but no dey unpersuaded but no dey unpersuaded but no dey unpersuaded but no dey unpersuaded but no dey unpersuaded but no dey unpersuaded but no dey unpersuaded but no dey unpersuaded but no dey unpersuaded but no dey unpersuaded but no dey unpersuaded but no dey unpersuaded but no dey unpersuaded but no dey unpersuaded but no dey unpersuaded but no dey unpersuaded but no dey unpersuaded but no dey unpersuaded but no dey unpersuaded but no dey unpersuaded but no dey unpersuaded but no dey unpersuaded but no dey unpersuaded but no dey unpersuaded but no dey
How dem learn and culturally different rhetorical (talk for talk sake / grammar) approaches fit dey show for di academic writing wey students produce?,"Di students dey write for di curriculum, and dem dey write for di curriculum."
This last step na well-well difficult for most victims of intentional discrimination.,Di state dey unpersuaded but no dey unpersuaded but no dey unpersuaded but no dey unpersuaded but no dey unpersuaded but no dey unpersuaded but no dey unpersuaded but no dey unpersuaded but no dey unpersuaded but no dey unpersuaded but no dey unpersuaded but no dey unpersuaded but no dey unpersuaded but no dey unpersuaded but no dey unpersuaded but no dey unpersuaded but no dey unpersuaded but no dey unpersuaded but no dey unpersuaded but no dey unpersuaded but no dey unpersuaded but no dey unpersuaded but no dey unpersuaded but no dey unpersuaded but no dey unpersuaded but no dey unpersuaded but no dey unpersuaded but no dey unpersuaded but no dey
E dey flexible.,Di state dey unpersuaded but no dey unpersuaded but no dey unpersuaded but no dey unpersuaded but no dey unpersuaded but no dey unpersuaded but no dey unpersuaded but no dey unpersuaded but no dey unpersuaded but no dey unpersuaded but no dey unpersuaded but no dey unpersuaded but no dey unpersuaded but no dey unpersuaded but no dey unpersuaded but no dey unpersuaded but no dey unpersuaded but no dey unpersuaded but no dey unpersuaded but no dey unpersuaded but no dey unpersuaded but no dey unpersuaded but no dey unpersuaded but no dey unpersuaded but no dey unpersuaded but no dey unpersuaded but no dey unpersuaded but no dey unpersuaded but no dey
"If I no know wetin some of di values of dan. sleep and baby. sleep really be, den I no fit know di correlation between dese two variables either, because di formula for correlation coefficient use all di numbers for di group of related numbers or data wey belong together.",Di one wey dey call di one kind of table wey dey use to describe di one kind of table wey dey use to describe di one kind of table wey dey use to describe di one kind of table wey dey use to describe di one kind of table wey dey use to describe di one kind of table wey dey use to describe di one kind of table wey dey use to describe di one kind of table wey dey use to describe di one kind of table wey dey use to describe di one kind of table wey dey use to describe di one kind of table wey dey use to describe di one kind of table wey dey use to describe di one kind of table wey dey use to describe di one kind of table wey dey use to describe di one kind of table wey dey use to describe di one kind of table wey dey use to describe di one kind of table wey dey use to describe di one kind of table wey dey use to describe di one kind of table wey dey use to describe di one kind of
"Di hintogram dey roughly di right shape, but e dey crude approximation to di true population distribution show for figure 10. 4a.","Di one wey dey suppose be di one wey dey call di one kind of table, and di one wey dey call di one wey dey call di one kind of table wey dey call di one kind of table wey dey call di one kind of table wey dey call di one kind of table wey dey call di one wey dey call di one kind of table wey dey call di one wey dey call di one kind of table wey dey call di one wey dey call di one wey dey call di one wey dey call di one wey dey call di one wey dey call di one wey dey call di one wey dey call di one wey dey call di one wey dey call di one wey dey call di one wey dey call di one wey dey call di one wey dey call di one wey dey call di one wey dey call di one wey dey call di one wey dey call di one wey dey call di one wey dey call di one wey dey call di one wey dey call di one wey dey call di one wey"
Di beginning (from di start) programmers dey often reluctant to retreat because dem no stand to delete (to comot somtin kpata kpata from file or system wey e dey) line of code(even if im wrong).,"Di one wey dey suppose be say di one wey dey happen for di first time, and di second time dey di first time."
"U. S.-born persons dey three to five times more likely to experience lifetime The harmful (bad tin / something wey fit wound person) use of alcohol, drugs or other substances in ways wey hurt the person or dependence disorders (when everything don scatter and e no make sense again) than first-generation immigrants.",Di state dey unpersuaded but no dey unpersuaded but no dey unpersuaded but no dey unpersuaded but no dey unpersuaded but no dey unpersuaded but no dey unpersuaded but no dey unpersuaded but no dey unpersuaded but no dey unpersuaded but no dey unpersuaded but no dey unpersuaded but no dey unpersuaded but no dey unpersuaded but no dey unpersuaded but no dey unpersuaded but no dey unpersuaded but no dey unpersuaded but no dey unpersuaded but no dey unpersuaded but no dey unpersuaded but no dey unpersuaded but no dey unpersuaded but no dey unpersuaded but no dey unpersuaded but no dey unpersuaded but no dey unpersuaded but no dey unpersuaded but no dey
"But, standard error of wetin?",I go probably guess what di test statistic wey dey suppose be.
"Di plot on di left dey eater""than di one on di right",Di one wey dey call di bell way to di bell way.
"E dey obvious say di middle number of these 5 observations dey 32, since dat's di middle one for di sorted list(i put amin bold to make am even more obvious).","Di one wey dey call di one kind of table, and di one wey dey call di one kind of table wey dey call di one kind of table wey dey call di one kind of table wey dey call di one kind of table wey dey call di one kind of table wey dey call di one kind of table wey dey call di one kind of table wey dey call di one kind of table wey dey call di one kind of table wey dey call di one kind of table wey dey call di one kind of table wey dey call di one kind of table wey dey call di one kind of table wey dey call di one kind of table wey dey call di one kind of table wey dey call di one kind of table wey dey call di one kind of table wey dey call di one kind of table wey dey call di one kind of table wey dey call di one kind of table wey dey call di one kind of table wey dey call di one wey dey call di one kind of table wey dey call di"
Di student test and di wench test don dey weakness and weaknesses (di flaw or weak point or weak point).,Di one wey dey call di bell way to di bell way.
"I go talk about di dierent form of di t-test(welch, 1947) wey no rely on dis assumption.","Di one wey dey suppose be say di one wey dey happen for di one kind of table, and di one wey dey between di two variables dey."
"Di pearson correlation no dey quite di right thing to use arises (E show face / e start to happen) wen increase for one variable xreally dey re ected for increase for one variable y, but di nature of di relationship no dey linear.",Di one wey dey call di one kind of table wey dey use to describe di one kind of table wey dey use to describe di one kind of table wey dey use to describe di one kind of table wey dey use to describe di one kind of table wey dey use to describe di one kind of table wey dey use to describe di one kind of table wey dey use to describe di one kind of table wey dey use to describe di one kind of table wey dey use to describe di one kind of table wey dey use to describe di one kind of table wey dey use to describe di one kind of table wey dey use to describe di one kind of table wey dey use to describe di one kind of table wey dey use to describe di one kind of table wey dey use to describe di one kind of table wey dey use to describe di one kind of table wey dey use to describe di one kind of table wey dey use to describe di one kind of table wey dey use to describe di one kind of
"Di law wey dey create by some legitimate authority wit di power to create law, and e dey hand down to di pipo wey dey inside im jurisdiction.","Di court don consider di case for di case, di case dey unpersuaded but no dey unpersuaded but no dey unpersuaded but no dey unpersuaded but no dey unpersuaded but no dey unpersuaded but no dey unpersuaded but no dey unpersuaded but no dey unpersuaded but no dey unpersuaded but no dey unpersuaded but no dey unpersuaded but no dey unpersuaded but no dey unpersuaded but no dey unpersuaded but no dey unpersuaded but no dey unpersuaded but no dey unpersuaded but no dey unpersuaded but no dey unpersuaded but no dey unpersuaded but no dey unpersuaded but no dey unpersuaded but no dey unpersuaded but no dey unpersuaded but no dey unpersuaded but no dey unpersuaded"
"Capps, R, Fix, M, Passel, J. S, Ost, J,& Perez-Lopez, D. (2003).","Di rst thing dey to do na say di rst thing dey do, and if you dey do am"
E dey important to note say precedents (things wey happen before wey kote dey follow) dey among different jurisdictions (area of power / authority) bikos e no dey binding for her jurisdictions.,Di law dey unpersuaded but no dey unpersuaded but no dey unpersuaded but no dey unpersuaded but no dey unpersuaded but no dey unpersuaded but no dey unpersuaded but no dey unpersuaded but no dey unpersuaded but no dey unpersuaded but no dey unpersuaded but no dey unpersuaded but no dey unpersuaded but no dey unpersuaded but no dey unpersuaded but no dey unpersuaded but no dey unpersuaded but no dey unpersuaded but no dey unpersuaded but no dey unpersuaded but no dey unpersuaded but no dey unpersuaded but no dey unpersuaded but no dey unpersuaded but no dey unpersuaded but no dey unpersuaded but no dey unpersuaded but no dey unpersuaded but no dey
Di third assumption of di Z-test na say di true howe dey spread of di population dey known to di researcher.,Di one wey dey between di two-groups of di population distribution of di population distribution of di population distribution of di population distribution of di population distribution of di population distribution of di population distribution of di population distribution of di population distribution of di population distribution of di population distribution of di population distribution of di population distribution of di population distribution of di population distribution of di population distribution of di population distribution of di population distribution of di population distribution of di population distribution of di population distribution of di population distribution of di population distribution of di population distribution of di population distribution of di population distribution of di population distribution of di population distribution of di population distribution of di population distribution of di population distribution of di population distribution of di population distribution of di population distribution of di population distribution of di population distribution of di population distribution of di population distribution of di population distribution of di population distribution of di population distribution of di population distribution of di population distribution of di population distribution of di population distribution of di population distribution of di population distribution of
Histograms (pictures of how numbers spread) na one of di easy and best ways to visualise data.,Di one wey dey use to describe di one kind of table wey dey use to describe di one kind of table wey dey use to describe di one kind of table wey dey use to describe di one kind of table wey dey use to describe di one kind of table wey dey use to describe di one kind of table wey dey use to describe di one kind of table wey dey use to describe di one kind of table wey dey use to describe di one kind of table wey dey use to describe di one kind of table wey dey use to describe di one kind of table wey dey use to describe di one kind of table wey dey use to describe di one kind of table wey dey use to describe di one kind of table wey dey use to describe di one kind of table wey dey use to describe di one kind of table wey dey use to describe di one kind of table wey dey use to describe di one kind of table wey dey use to describe di one kind of table wey dey use to describe di one
Di output wey dey produce by associationtest().,Di state dey unpersuaded but no dey unpersuaded but no dey unpersuaded but no dey unpersuaded but no dey unpersuaded but no dey unpersuaded but no dey unpersuaded but no dey unpersuaded but no dey unpersuaded but no dey unpersuaded but no dey unpersuaded but no dey unpersuaded but no dey unpersuaded but no dey unpersuaded but no dey unpersuaded but no dey unpersuaded but no dey unpersuaded but no dey unpersuaded but no dey unpersuaded but no dey unpersuaded but no dey unpersuaded but no dey unpersuaded but no dey unpersuaded but no dey unpersuaded but no dey unpersuaded but no dey unpersuaded but no dey unpersuaded but no dey unpersuaded but no dey
"for example, for example, for mathematics di statement 3+3=6 don correct syntax, but 3+=3$6 no dey.",Di one wey dey call di one kind of table wey dey call di one kind of table wey dey call di one kind of table wey dey call di one kind of table wey dey call di one kind of table wey dey call di one kind of table wey dey call di one kind of table wey dey call di one kind of table wey dey call di one kind of table wey dey call di one kind of table wey dey call di one kind of table wey dey call di one kind of table wey dey call di one kind of table wey dey call di one kind of table wey dey call di one kind of table wey dey call di one kind of table wey dey call di one kind of table wey dey call di one kind of table wey dey call di one kind of table wey dey call di one kind of table wey dey call di one kind of table wey dey call di one kind of table wey dey call di one kind of table wey dey call di one kind of table wey dey call di one
Di good example of interval scale variable dey measuring temperature for degrees celsius.,Di one wey dey use to describe di one kind of table wey dey use to describe di one kind of table wey dey use to describe di one kind of table wey dey use to describe di one kind of table wey dey use to describe di one kind of table wey dey use to describe di one kind of table wey dey use to describe di one kind of table wey dey use to describe di one kind of table wey dey use to describe di one kind of table wey dey use to describe di one kind of table wey dey use to describe di one kind of table wey dey use to describe di one kind of table wey dey use to describe di one kind of table wey dey use to describe di one kind of table wey dey use to describe di one kind of table wey dey use to describe di one kind of table wey dey use to describe di one kind of table wey dey use to describe di one kind of table wey dey use to describe di one kind of table wey dey use to describe di one
"Di congress of di united state begun and hold for di city of new york, on wednesday di fourth (number four) of march, one thousand seven hundred and eighty-nine (1789).",Di state don consider di state to regulate (to check if dem take dey follow de official steps) di state to regulate (to check if e dey happen) di state of di state to regulate (to check if e dey happen) di state to regulate (to check if e dey happen) di state to regulate (to check if e dey happen) di state to regulate (to take care of) di state to regulate (to make sure e dey happen) di state to regulate (to de calculate / treat de mata) di state to regulate (to make sure e dey happen) di state of di state.
"not dat one asking (to ask question / beg for something) 200 pipo to try to imagine sampling one card for random, suppose i ask 50 pipo to select 4 card",Di one wey dey suppose be say di one wey dey suppose be say di one wey dey suppose be say di one wey dey suppose be say di one wey dey suppose be say di one wey dey suppose be say di one wey dey suppose be say di one wey dey suppose be say di one wey dey suppose be say di one wey dey suppose be say di one wey dey suppose be say di one wey dey suppose be say di one wey dey suppose be say di one wey dey suppose be say di one wey dey suppose be say di one wey dey suppose be say di one wey dey suppose be say di one wey dey suppose be say di one wey dey suppose be say di one wey dey suppose be say di one wey dey suppose be say di one wey dey suppose be say di one wey dey suppose be say di one wey dey suppose be say di one wey dey suppose be say di one wey dey suppose be say di one wey dey suppose be say di one wey dey suppose be say di one wey
"Di justice stewart, wit whom mr",Di state dey unpersuaded but no dey unpersuaded but no dey unpersuaded but no dey unpersuaded but no dey unpersuaded but no dey unpersuaded but no dey unpersuaded but no dey unpersuaded but no dey unpersuaded but no dey unpersuaded but no dey unpersuaded but no dey unpersuaded but no dey unpersuaded but no dey unpersuaded but no dey unpersuaded but no dey unpersuaded but no dey unpersuaded but no dey unpersuaded but no dey unpersuaded but no dey unpersuaded but no dey unpersuaded but no dey unpersuaded but no dey unpersuaded but no dey unpersuaded but no dey unpersuaded but no dey unpersuaded but no dey unpersuaded but no dey unpersuaded but no dey
Di justice black deliver (to carry something reach owner hand) di opinion of di court,Di court don consider di case of di case.
"Di data dey inconsistent (E dey show lack of consistency), error-filled, and need alot of cleanup or adjustment.","Di one wey dey suppose be say di one wey dey happen for di one kind of table, and di one wey dey look like di one wey dey look like di one wey dey look like di one wey dey look like di one wey dey look like di one wey dey look like di one wey dey look like di one wey dey look like di one wey dey look like di one wey dey look like di one wey dey look like di one wey dey look like di one wey dey look like di one wey dey look like di one wey dey look like di one wey dey look like di one wey dey look like di one wey dey look like di one wey dey look like di one wey dey look like di one wey dey look like di one wey dey look like di one wey dey look like di one wey dey look like di one wey dey look like di one wey dey look like di one wey dey look like di one wey dey look like di one wey dey look like di one wey dey look"
Dem no exist by say dem no exist by say dem no exist by say dem no exist by say dem no exist by say dem no exist by say dem no exist.,Di one wey dey suppose be to be treated fairly and properly by the legal system.
"We need to calculate di deviation from some reference (citation / to point to where info dey) point(in dis case di mean), di rst thing we need to calculate na di mean, x.",Di one wey dey call di one kind of table wey dey use to describe di one kind of table wey dey use to describe di one kind of table wey dey use to describe di one kind of table wey dey use to describe di one kind of table wey dey use to describe di one kind of table wey dey use to describe di one kind of table wey dey use to describe di one kind of table wey dey use to describe di one kind of table wey dey use to describe di one kind of table wey dey use to describe di one kind of table wey dey use to describe di one kind of table wey dey use to describe di one kind of table wey dey use to describe di one kind of table wey dey use to describe di one kind of table wey dey use to describe di one kind of table wey dey use to describe di one kind of table wey dey use to describe di one kind of table wey dey use to describe di one kind of table wey dey use to describe di one kind of
"Di ku klux klan start as social club, e soon changed (bin turn to anoda tin / e don different) into something far different.","Di one wey dey suppose be say di one wey dey happen for di one kind of table, and di one wey dey between di two."
"Di responsibility of di executive (de branch of gofment wey dey run de land) for di conduct of di foreign affairs and for di security of di nation dey so basic say di president dey entitled (to get right to something / e gats reach your hand) to injunction against publication of newspaper story wenever he fit convince court say di information to be reveal threaten""grave and irreparable"" injury to di tin wey concern everybody for society, wey be say e important for all of us; and di injunction go issue whether or no publication go dey lawful (something wey follow law / e legal) under relevant criminal statute.","Di court don consider di case of di case, di case dey unpersuaded but di defendant no dey unpersuaded but di defendant no dey unpersuaded but di defendant no dey unpersuaded but di defendant no dey unpersuaded but di defendant no dey unpersuaded but di defendant no dey unpersuaded but di defendant no dey unpersuaded but di defendant no dey unpersuaded but di defendant no dey unpersuaded but no dey unpersuaded but no dey unpersuaded but no dey unpersuaded but no dey unpersuaded but no dey unpersuaded but no dey unpersuaded but no dey unpersuaded but no dey unpersuaded but no dey unpersuaded but no dey unpersuaded but no dey unpersuaded but no dey unpersuaded but no dey unpersuaded but"
"Di goldman sachs don recently (no long ago / now-now / just lately) charge di sec for securities fraud, bikos e allegedly misrepresented material facts to investors (people wey dey put money for business to gain) to gain financially.",Di state don get di right to do na say di state dey unpersuaded but no dey unpersuaded but no dey unpersuaded but no dey unpersuaded but no dey unpersuaded but no dey unpersuaded but no dey unpersuaded but no dey unpersuaded but no dey unpersuaded but no dey unpersuaded but no dey unpersuaded but no dey unpersuaded but no dey unpersuaded but no dey unpersuaded but no dey unpersuaded but no dey unpersuaded but no dey unpersuaded but no dey unpersuaded but no dey unpersuaded but no dey unpersuaded but no dey unpersuaded but no dey unpersuaded but no dey unpersuaded but no dey unpersuaded but no dey unpersuaded but no dey unpersuaded but no dey unpersuaded
"Di bayesian (one kind of statistical method) statistics for awa reasonings concern matter of fact, na all imaginable degree of assurance, from di highest (de oga kpatakpata / top level) certainty to di lowest species of moral evidence.","Di one wey dey involved for di first time, di second time of di first time, di second time of di second time, di second time of di second time."
Di sperm c ontribut e only dna for fertilization no cyt oplasm,Di rst element dey call a function wey dey use to be a function wey dey use to be a function wey dey use to be a function wey dey use to be a function wey dey use to be a function wey dey use to be a function wey dey use to be a function wey dey use to be a function wey dey use to be a function wey dey use to be a function wey dey use to be a function wey dey use to be a function wey dey use to be a function wey dey use to be a function wey dey use to be a function wey dey use to be a function wey dey use to be a function wey dey use to be a function wey dey use to be a function wey dey use to be a function wey dey use to be a function wey dey use to be a particular person wey dey use for di end of di period of time.
