reference,prediction
"I tok say if e no dey for my accent, i think i'd be okay",Di book dey provide simple way to do am
We need ask awaselves: how fit wac wid programs more effectively (sharp sharp) encourage (to ginger / support) multilingual learning across di curriculum?,Di researcher don get some research on di oda language wey you learn writing.
Na one student leki (1995)discuss adaptive transfer.,Di researcher don get two different ways to do research.
"For colours: col, border",Di kidneys dey also converted into di filtration (di process wey fluid pass through filter or filtering medium)
"for example, more comprehensive infrastructure for promoting successful refugee resettlement go involve screening and assessing (checking levels) for mental health, for addition to di required physical health examinations conducted (bin do de work / bin manage de event) within months of arrival, and building provider capacity across resettlement states for treating individual and relational (dem having relation or being related) levels of mental health functioning.",Di family dey reunited wit their parents for U. S.
"Di server send us di headers, e add blank (empty / nothing dey) line to indicate di end of di headers, and then send di actual data of di file romeo. txt",Di rst thing wey dey tok na say di rst thing wey dey tok na say di rst thing wey dey tok na say di rst thing wey dey tok na say di rst thing wey dey tok na say di rst thing wey dey tok na say di rst thing wey dey tok na say di rst thing wey dey tok na say di rst thing wey dey tok na say di rst thing wey dey tok na say di rst thing wey dey tok na say di rst thing wey dey tok na say di rst thing wey dey tok na say di rst thing wey dey tok na say di rst thing wey dey tok na say di rst thing wey dey tok na say di rst thing wey dey tok na say di rst thing wey dey tok na say di rst thing wey dey tok na say di rst thing wey dey tok na say di rst thing wey dey tok na say di rst thing wey dey tok na say di
We see if you fit construct text file wey dey cause di program to fail and then modify (change am small) di program so say di line dey properly guard (security / watchman) and test am make sure im handle your new text file.,Di only dierence here na say you go get di dierent answer to di question wey you ask for.
"We fit goto single website (a page wey dey on internet) and book air travel, hotels, and automobiles (di motor vehicle wit four wheels) all from single site (building ground / location).",Di family dey reunited wither
Di purpose of such measures go expand wac researchers' conceptions (time wey pikin start for belly) of what dey happen wen students write across contexts by identifying (finding out / sabi) depalma and ringer56the diverse way wey nes and multilingual students dey navigate (find your way through something or control am) unfamiliar writing situation.,Di students go learn how to write programs and to write programs wey dey provide support for dia own programs.
"for example, noncontroversial claims by di plaintiff such as di defendant name, address, and di nature of di defendant relationship wit di plaintiff.","Di jury dey call di witnesses, and di witnesses dey call di witnesses"
we go start from artist because we need artist id to insert d album and we go need d album id to inseert d track.,"Di rst row for di rst row for di rst column for di rst column, and soon."
"Di t esticular r eproduc tive system 1195 testosterone wey fit l bind (tie / hold together) to andr ogen receptors on both di h ypothalamus and di anterior pituitar y, inhibit di s synthesis and secretion of gnrh and lh, r espectiv ely.",Di blood glucose level dey high and di blood glucose level dey high and di blood glucose level dey high and di blood glucose level dey high and di blood glucose level dey high
Di defendants (people wey dem carry go court to answer mata) know say litigation go hold up while service dey attempt and therefore choose to avoid being served (bin do de work / dem don give am kote paper) for all costs.,Di jury dey call to decide whether or no di witnesses dey call to witness and no di witnesses
"For di same way say xaxt, yaxt dey just fancier version of di frame, di boxtype parameter dey just fancier version of di frame. plot argument, allow you to specify exactly which out of di four borders you wan to keep",Di rst thing wey i goto show na say di rst thing wey i goto show na say di rst thing wey i goto show na say di rst thing wey i goto show na say di rst thing wey i goto show na say di rst thing wey i goto show na say di rst thing wey i goto show na say di rst thing wey i goto show na say di rst thing wey i goto show na say di rst thing wey i goto show na say di rst thing wey i goto show na say di rst thing wey i goto show na say di rst thing wey i goto show na say di rst thing wey i goto show na say di rst thing wey i goto show na say di rst thing wey i goto show na say di rst thing wey i goto show na say di rst thing wey i goto show na say di rst thing wey i goto show na say di rst thing wey i goto show na
"Na make we suppose you round to xed number of decimal place, say 2 decimal place",Di type of test wey you wan to test na:
"Asect omy and physiology wey dey f di testicular (di testes of or involvin di testes of or involvin di test) r eproduc tive system 1191 interactive link interactive link feature watch dis video( omy)to learn about e apun, clinicians consider di pr ocedur e permanent (something wey no go change / follow-come), and advise pipo to reverse (to overturn or cancel di lower court decision afta appeal) av asect omy, clinicians consider di pr ocedur e permanent, and advise pipo to reverse av asect omy, clinicians consider",Di rst two lines wey dey use to calculate di variance of di group means and di median.
"Under those circumstances, you fit safely run(limited) number of hypothesis tests without making (to dey build or produce something) adjustment for multiple testing (check-am / confirm-am).","Di book dey provide simple way of describing (di description wey dey give a description wey dey give) di book, but e dey provide simple way of describing di book"
"I hand 5 sandwiches (bread wey get meat inside) over to di shop (place of hustle / where market dey) for order to pay o my debt (na money wey persin suppose pay to anoda persin or entity) of$42, then dem now owe me$8",Di case of di utterance (wetin person talk) dey more or less di same as di case of di utterance
"I actually get di ability to pick by luck from all human beings currently (for now / as we dey so) alive, wit one exception: i fit only sample pipo born on monday.",Di study dey show say di population mean dey dierent to di population mean.
She dey see how dem work,Di suppose mean?
"Di second circuit, for church of am","Di family dey call di 'Wetin wey dey happen for middle, wey be say one number dey represent all di numbers wey dey inside, e be like say di whole family dey represent all di numbers wey dey inside, e be like say di whole family dey represent all di numbers wey dey inside, e be like say di whole family dey represent all di numbers wey dey inside, e be like say di whole family dey represent all di numbers wey dey inside, e be like say di whole family dey represent all di numbers wey dey inside, e be like say di whole family dey represent all di numbers wey dey inside, e be like say di whole family dey represent all di numbers wey dey inside, e be like say di whole family dey represent all di numbers wey dey inside, e be like say di whole family dey represent all di numbers wey dey inside, e be like say di whole family dey represent all di numbers wey dey inside, e be like say di whole family dey represent all di"
Di course of dis time you create lots of new variables and run lots of analysis.,Di rst thing wey dey tok about di rst thing wey dey tok about di rst thing wey dey tok about di rst thing wey dey tok about di rst thing wey dey tok about di rst thing wey dey tok about di rst thing wey dey tok about di rst thing wey dey tok about di rst thing wey dey tok about di rst thing wey dey tok about di rst thing wey dey tok about di rst thing wey dey tok about di rst thing wey dey tok about di rst thing wey dey tok about di rst thing wey dey tok about di rst thing wey dey tok about di rst thing wey dey tok about di rst thing wey dey tok about di rst thing wey dey tok about di rst thing wey dey tok about di rst thing wey dey tok about di rst thing wey dey tok about di rst thing wey dey tok about di rst thing wey dey tok about di rst thing wey dey tok
"When a lawyer personally (in my own thinking) attacks opposing parties plus disrespects (di expression of lack of respect) di integrity of di judiciary (di part of government wey de interpret and use law), wey lawyer abuses im privilege to practice law.","Di state don get di authority to regulate commerce (big-time buying and selling) clause, but e no get di authority to regulate commerce (big-time buying and selling) clause."
"Di contract dey something for which approval (go-ahead / when oga gree) dey depend on someone's subjective (di mind and modified by individual bias) opinion, like personal taste, then assessment go make on subjective standard wey dey provide di standard wey dey clearly specified (dem mention am clear-clear) for di contract","Di jury dey call di jury to decide di case for di case, and di jury dey call di judge to decide di case for di case."
"Today, public policy discourages (but show opposition to prevent) di treatment of human body as personal property, rendering ""gifts""of body parts to specific individuals largely (mostly / for de most part) suspect.",Di state don get di ability to regulate commerce (big-time buying and selling) of goods
We go read through di web page data and parse am,Di rst thing wey dey tok about di rst thing wey dey tok about di rst thing
"Di print statement dey different; e no dey function, so e no use parentheses (for two punctuation marks (or) wey dey use to enclose textual material)",Di second part dey di second part
Di first quarter chozin began (bin start / how e take take off) seeking (to look for / desire) out native-english-speaking(nes) students for hin course and ask dem for help,Di students dey expect to read and understand di textbook for dia own course.
Di composition of bodi fluids di compositions of di tw o component of di ecfplasma and ifar e more similar to each oda than either dey to di icf (figure 26. 5 ).,"Di rst row for di rst row for di rst column for di rst column for di rst column, and soon."
"following d rise (to go up / increase) of islam for arabia and subsequent attacks by arab invaders, byzantium lost substantial territories (di region marked off for administrative or oda purposes), including syria and egypt, as well as d symbolically important city of jerusalem with hin sacred pilgrimage sites (building ground / location).",Di klan burn crosses for front of union (join-body / workers' group) leaders and members of di public.
E fit be big problem.,Di rst thing wey dey tok
"Di first-year seminar, one introductory (di serving to open or begin) history course wey aya and rina take together, teddy's introductory legal studies course, and rina's psychology course, di only 200 level course wey dem identified (di identity of someone or something).","Di students dey expect to get more confidence (di freedom from doubt) for dia own reading, and dem no get more confidence for dia own reading, and dem no get more confidence for dia own reading."
"n, where σ̂ d na di howe dey spread of di difference scores.",Di type of drug wey dey associated wit di type of therapy?
Comorbidity fit make am difficult to measure and separate one symptom cluster (gathering of tins or pipu wey resemble eachoda) from di other but di two dey comprise different psychological diagnoses.,Di r esul ting for disruption and obesity dey cause problems.
Di abuse no dey limited to matters of delay and expense; discovery also dey implicate privacy interest of litigants (na persin wey involved for lawsuit as plaintiff or defendant) and third parties.,"Di case dey filed for di u. s. district of columbia, and di case dey filed for di u. s. district of columbia."
I go make note of di fact say pipo sometimes to use di within()function to do di same thing,Di rst thing wey i goto show na say di rst thing wey i goto show na say di rst thing wey i goto show na say di rst thing wey i goto show na say di rst thing wey i goto show na say di rst thing wey i goto show na say di rst thing wey i goto show na say di rst thing wey i goto show na say di rst thing wey i goto show na say di rst thing wey i goto show na say di rst thing wey i goto show na say di rst thing wey i goto show na say di rst thing wey i goto show na say di rst thing wey i goto show na say di rst thing wey i goto show na say di rst thing wey i goto show na say di rst thing wey i goto show na say di rst thing wey i goto show na say di rst thing wey i goto show na say di rst thing wey i goto show na
"Di most recently (no long ago / now-now / just lately), bruce horner, min-zhan lu, jackie royster, and john t rimbur (2011)don argu say""difference for language no be seen 21 introduction (di act of beginning something new) as barrier to overcome or as a problem to manage, but as resource (one thing wey fit help) for producing meaning for writing, speaking, reading, and listening""(p. 303-304).","Di book dey provide simple way to illustrate (to show how e be) how two things dey related di two approaches dey to talk about di dierent way wey dem dey work, and dem dey provide simple way to illustrate (to show how e be) how dem dey work"
"E dey concurrin opinion of blackmun, j, and di separate dissent (to no gree / judge wey get different mind) opinions (wetin people tink / how judge see de mata) of burger, c. j, brennan, and white dey omitted (bin forget or comot am / e no dey inside)","Di case dey filed for di u. s. district of columbia, and di case dey filed for di u. s. district of columbia."
"Di proses of puttin down tori for paper, from wen you dey plan am, draft (na written order to bank or persin to pay specified money) am, edit am, till you finish am well for general, watson and al.",Di researcher don get two different ways to do research.
"Di more observation wey you go get available, di more likely e dey say you fit discriminate (na recognize or perceive di difference) between two hypotheses (di proposal wey dey suppose explain certain facts or observations)",Di book dey provide simple way to do dis
"Di most common version of cohen's dwhen apply to di outcome of student t-test, and dey sometimes dem dey call hedges' gstatistic (hedges,1981).","Di study of chance na di study of chance, and di study of chance na di study of chance."
Di full picture help to add di total for one line and column totals.,Di rst thing wey dey tok na say di rst thing wey dey tok na say di rst thing wey dey tok na say di rst thing wey dey tok
"Di suggest say we go make we look di improvement wey each student from one test to di next, and treat say as awa di first numbers.",Di study dey show say di students wey dey take class for class dey more likely to get di same grades (results for school / level) than di students wey dey take class for class.
"We go treat""who"" and""who"" as different words wit different counts.","Di rst thing wey dey tok na say, for di moment, you go get to do something like dat."
Di table show say dan na di four so we go say p4,Di rst thing wey dey tok about di rst thing wey dey tok about di rst thing
Di complexities (di quality of being intricate and compounded) of dis particular reading-based writing task don draw 115 bridging di gapfocused attention from researchers.,Di study of di oda language wey you learn writing for di oda language wey you learn writing for di oda language wey you learn writing for di oda language wey you learn writing for di oda language wey you learn writing for di oda language wey you learn writing for di oda language wey you learn writing for di oda language wey you learn writing for di oda language wey you learn writing for di oda language wey you learn writing for di oda language wey you learn writing for di oda language wey you learn writing for di oda language wey you learn writing for di oda language wey you learn writing for di oda language wey you learn writing for di oda language wey you learn writing for di oda language wey you learn writing for di oda language wey you learn writing for di oda language wey you learn writing for di oda language wey you learn writing for di oda language wey you learn writing for di oda language wey you learn writing for di oda language wey you learn writing for di oda language wey you learn writing for di oda language wey
Most of di probability mass (plenti / crowd) dey lie between 40 and 60.,"Di type of error messages dey call""hello (how dem de greet person), world!"""
E dey good idea to add notes (small-small write-up / observations) to your programs to explain in natural language what di program dey do.,"Di book dey provide simple way to do dis, but e dey provide simple way to do dis"
Understand di concept of real property.,Di case of di case of di casebook.
"As you anticipate (E dey regard something as probable or likely) di band performance, you discover say another band one you no hear of don play forstead of di original contracting (to sign agreement / join hand for work) band.",Di only dierence here na say you go get di dierent answer of di question.
Another common excuse (to give reason for mistake / pardon) for kot arises (E show face / e start to happen) under di exclusionary (na wen persin challenge or object court decision during di case) rule regarding confessions.,Di statute dey unconstitutional (E against de grand-papa law of de land) because e dey unconstitutional (E against de grand-papa law of de land).
How does dat differ from situation wey you no blow di whistle?,Di one kind of table wey you wan to subset.
"Di 3 lipid metabolism 1077 figure 24. 13 breakdown of fatty acids during fatty acid oxidation, trigl ycerides dey use to produce e atp for di same w ay as acetyl coa derived from p yruv ate.",Di blood glucose level dey high and di blood glucose level dey high and di blood glucose level dey high and di blood glucose level dey high
Di legal system ensure di ability to own property to all wey di system recognize go own property.,Di state don get di state's interest for preserving (di cause to remain or last) di flag as symbol of nationhood and national unity.
"Di best of di three moves, so dey top of di table.",Di one kind of table wey dey containing (wey get) di data
Di biased sampling scheme (plan / format / sometimes e be like wayo) depict for figure 10.,Di rst thing wey dey tok
wetin e mean to do business fairly sef,Di business go dey able to pay you for your work?
wetin be di law?,Di jury dey call di judge
"El students, wey dey still develop, go naturally confront major difficulties (di effort wey dey inconvenient, na effort wey dey inconvenient) for trying to understand di terminology-heavy lectures aswell as finding di most effective language to note down important information.",Di researcher don get di following questions: how di researcher go assess di student's writing skills?
E details t he processor rules wey dey legally (inside law / wetin law gree make person do) required,Di law dey important to business
Di united state dey divide into civil and criminal attorneys; few lawyers excel for both areas (different sides / locations).,Di state don get di state's interest for preserving (di cause to remain or last) di flag as symbol of nationhood and national unity.
D sentence (prison time / group of words) dey start wit print function wey dey followed by string of text wey we like wey dey inside single quotes (the exact words wey dem write or talk somewhere).,Di second part of di output dey show for figure 15. 2b.
Nano question about di nature of di publicity wey dey surround sheppard trial.,Di state don get di authority to regulate commerce (big-time buying and selling) clause.
"Di firstly (first), you dey wan to know how many elements wey dey for vector(usually because you dey forgotten).",Di book dey provide simple way to do am
"Di congress don give fiscal responsibility over di armed (get weapon / gun-dey) forces (pawa / soldiers) and navy(note, ofcourse, no mention of air force)and di power to provide oversight to di militia.","Di state don get di authority to regulate commerce (big-time buying and selling) clause, and di state don get di power to regulate commerce (big-time buying and selling) clause."
"Di marshall of di court begin wit di invocation (di prayer wey dey ask God help as part of religious service) for note 2. 58 ""hyperlink: oyez. org""",Di court tok say di statute dey unconstitutional (E against de grand-papa law of de land) because e dey unconstitutional (E against de grand-papa law of de land) for di purpose of di statute.
"Di labelling dey only skin deep however, dis labelling dey only skin deep",Di rst thing wey dey tok
E dey consider only di possible benefits (better-better tins wey person gain) of plaintiffs' proposed (to suggest / plan wey dem bring out for discussion) activities for di abstract.,Di company don get di corporate (tin wey concern big business join-body) name of di company name of di company name.
E dey useful to report con dence intervals wey dey capture awa uncertainty about di true value of b.,"Di one kind of table wey dey containing (wey get) di data, but e no dey contains di dierent variables."
"Di ducts descend through di medul la, di osmolarity surrounding (for all sides of simultaneously) dem increases (due to di c ornt ercurr ent mechanism wey described above).",Di kidneys dey di major constituent of di fil trate.
Depression dey known to cause long-term When mental health problems affect person's ability to function socially and emotionally for refugees wey don experience violence and loss.,"Di family dey reunited wither kids, and dem dey reunited wither kids"
"However, di resettlement process dey add additional complexities (di quality of being intricate and compounded) to sabi how immigrant and refugee communities (neighborhood / groups of people) dey impacted by The harmful (bad tin / something wey fit wound person) use of alcohol, drugs or other substances in ways wey hurt the person.","Di family dey reunited wither kids, and dem dey reunited wither kids"
"If we add role column to di member (one person inside join-body) table- we fit represent wide range of roles, rolecombinations, etc.",Di second part of di output wey we see for figure 11. 2b.
Di name of di variable wey pass as argument( michael) don no do wit di name of di parameter( bruce) don no do wit di name of di parameter( bruce).,Di rst thing wey dey tok about di dierence between di two means na say di rst thing wey dey tok about di dierence between di two means.
I plot standard di bell way as di line wey dey break.,Di rst row for di table dey di rst column
"Wondering whether certain family members dey alive or dead fit cause individuals and families to become stuck wit mixed feelings of hope, loss, guilt and grief.","Di family dey reunited wither kids, and dem dey reunited wither kids"
Di researchers get by wit basic work knowledge of anova wey no go any further than dis book does.,Di study of chance na di study of chance.
"E compare to limited partnerships (business join-body / two or more people wey dey work), llc members go participate for day-to-day management (di act of managing something) of di business.","Di business owner dey business owner, but e dey business owner."
"Di few things wey dey worth talking about, even wit such simple example.",Di rst thing wey dey tok about dis
Di grand jury don deny (to say no / no gree say you do am) temporary delay to secure (to make sure e safe / tie down) di presence of counsel- and bound (something wey must happen / person wey law tie down) over to di grand jury.,Di jury dey call di jury to decide di case for di case and decide di case for di case.
Small thought go make e clear to you say e fit matter if your data no be simple random sample: just think of di difference between Figures 10.1 and 10.2.,"Di rst thing wey i goto show you na say you go get rto calculate di variance of di group means(i. e, di rst thing wey i goto show you na say i dey calculat am as di rst thing), but e no dey actually di rst thing wey i goto show you"
Di mean wey di mean of xis compare(di normal number na mu=0 ).,Di second part of di output dey show for figure 15.
"Di redundant discourse before us, na no chance of start present conflagration.","Di company don get strong relationship wit odas for its own, but e no dey."
"Di laws of addition, and di dey change di de nition of di number 2.",Di law dey important to business
Di problem dey whether under our constitution compulsion as here employ na permissible means for its achievement (somtin wey sup after hardwork),Di court tok say di statute dey unconstitutional (E against de grand-papa law of de land) because e dey unconstitutional (E against de grand-papa law of de land) for di purpose of di statute.
I dey confident say dia disclosure (to open de secret / tell de whole truth) go get dat result,Di contract dey enforce (to force people make dem follow law) because e dey enforce
A less common way to acquire (to get / collect) real property na through di doctrine of adverse (bad / against progress) possession.,Di statute dey unconstitutional (E against de grand-papa law of de land) because e dey unconstitutional (E against de grand-papa law of de land).
"di massive influx of immigrants and refugee families dey challenge social and health services inside the United States. Many communities (neighborhood / groups of people) dey struggle to provide enough care, housing (shelter mata / buildings), and support for the rising number of pipo looking for help",Di family dey reunited wit di family and dey reunited wit di family.
"Di evaluation of logical expression stop because di overall (everything join together / de whole tin) value dey already (E don happen / since / before-before) known, na short-circuiting di evaluation.",Di book dey provide simple way to illustrate (to show how e be) di concept of di book as a whole.
"Na now say we get foundation for di study of chance, we dey good position to think about di problem of statistical inference (to guess from numbers).",Di researcher go get di idea of how to construct test statistic wey dey associated wit di null idea.
"Dem form di whitehouse taskforce onnew americans wey dey primary purpose isto""create wencoming communities (neighborhood / groups of people) andfully integrating (di action of incorporating racial or religious group into a community) immigrants andrefugees"" (whitehouse, 2014).",Di family dey reunited wit their parents for di country where person was born or originally come from and fit live for U. S.
"Di legal positivist go feel no need to obey di illegitimately created (something wey dem build or make)""law""",Di state don get jurisdiction over di state.
Di conclusion necessarily (di essential manner wey dey essential for di essential manner) dispos of appellant's contention (dragging / wetin person talk for argument) say di statute dey so vague and indefinite (nague or no clearly defined or stated) as to render conviction wey dey violation of Di right wey every person get to be treated fairly and properly by the legal system.,"Di jury dey call di jury to decide di case for di case, and di jury dey call di judge to decide di case for di case."
"Dis shared (dem share am / common) experience fit easily (soft work / e no hard at all) translate into same kind thoughts about how to""take a test"", shared assumption about how psychological experimentation (di testing of an idea) dey work, and soon.",Di book dey provide simple way to illustrate (to show how e be) how two things dey related di two approaches dey to talk about di two approaches.
"If you grant quitclaim dey to your friend for di empire state building, then dat means say you don transfer your interest for title to dat building to your friend.",Di state don get di duty to protect di press from harmful (bad tin / something wey fit wound person) use of di press.
Dis mean say increased (E don big pass before / e climb) globalization and interdependence don get di effect of strengthening di influence of international human rights standards for U. S.,Di state don get di ability to regulate commerce (big-time buying and selling) and trademark infringement.
Di participant described one way say hin (wi)math instructor work to individualize reflective writing assignment:,Di researcher go get some specific reasons to prefer to use di data.
"Di book dey rallows lists (groups of things) to contain functions, wey dey really neat for advanced (high-level / front) purposes (reasons why things dey happen), but no something wey matters for dis book.",Di case wey dey involvin First amendment (wey go bring freedom to pipo) no dey allow for dis case.
E provide very easy way to look and move your computer using R. Check main text for more small tins.,"Di rst thing wey dey tok na say, for rstudio, you go get rto nd out"
"Di Bill of Rights, as codified for di U. S. Constitution, dey layout specific human rights wey dey parallel those to which di majority of international human rights regimes dey adhere.",Di state don get di ability to regulate commerce (big-time buying and selling) clause of di state.
Dem tok say focus group participants go need to be selected (picked / de one wey dem choose) carefully (small-small / with caution),Di researcher no dey able to get any experience wit writing
E dey fairly straightforward (di ambiguity dey free from ambiguity) relationship here,Di book dey provide simple way to illustrate (to show how e be).
"Formal (official way / follow-follow rule) method of discovery, na stipulation forstead.","Di case of di case of di case of di casebook, wey dey consider di case of di case of di case."
"E no dey watch di footy, so e lack di broader (more wide / general pass) context to make decision",Di only dierence here na say di only dierence here na say di only dierence here na say di only dierence here na say di only dierence here na say di only dierence here na say di only dierence here na say di only dierence here na say di only dierence here na say di only dierence here na say di only dierence here na say di only dierence here na say di only dierence here na say di only dierence here na say di only dierence here na say di only dierence here na say di only dierence here na say di only dierence here na say di only dierence here na say di only dierence here na say di only dierence here na say di only dierence here na say di only dierence here na say di only dierence here na say di only dierence here na say di only dierence here na say di only dierence here na say di only dierence here na say di only dier
Di general nature of di.,Di second part of di output dey di same as di last part of di output
Di fact turnout to be useful.,Di one wey dey show you na di one wey dey show you
Leki's discussion of julie offers helpful way to understand di difference between di kinds (different types / varieties) of question wey traditional transfer go prompt versus (against / vs) di questions wey adaptive transfer go raise.,Di study of di oda language wey you learn writing for di oda language wey you learn writing for di oda language wey you learn writing for di oda language wey you learn writing for di oda language wey you learn writing for di oda language wey you learn writing for di oda language wey you learn writing for di oda language wey you learn writing for di oda language wey you learn writing for di oda language wey you learn writing for di oda language wey you learn writing for di oda language wey you learn writing for di oda language wey you learn writing for di oda language wey you learn writing for di oda language wey you learn writing for di oda language wey you learn writing for di oda language wey you learn writing for di oda language wey you learn writing for di oda language wey you learn writing for di oda language wey you learn writing for di oda language wey you learn writing for di oda language wey you learn writing for di oda language wey you learn writing for di oda language wey you learn writing for di oda language wey
"Di u. s. department of justice, wey act as di prosecutor (di goment official wey conduct criminal prosecutions on behalf of di state) represent di federal government for both civil and criminal case, divide dia attorneys among di ninety-four judicial districts, wit each district led byu. s. attorneys among di ninety-four judicial districts, wit each district led byu. s. attorney wey dey appointed (picked / dem don choose person) by di president without any senate confirmation.","Di state don get di authority to regulate commerce (big-time buying and selling) clause, and di state don get di power to regulate commerce (big-time buying and selling) clause."
"For dis doctrine, several elements must be met.",Di case dey filed for di same instant (somtin wey de happen sharp sharp)
"E dey true say wit greater (E big pass / more-more) information, di public fit more intelligently (di intelligent manner wey dey intelligent manner for intelligent manner) form opinions (wetin people tink / how judge see de mata) about prison conditions",Di statute dey unconstitutional (E against de grand-papa law of de land) because e dey unconstitutional (E against de grand-papa law of de land) for di purpose of di statute.
Di failure (when tin no work out / disappointment) to protect rule and its consequences (wetin follow de action / outcome of wahala) for undocumented parents and dia children.,Di family dey reunited wit di family and dey reunited wit di family.
Discuss how di right wey every person get to be treated fairly and properly by the legal system clause protects (E dey cover person / e no allow wahala reach) companies from arbitrary government action.,Di state don get di state's highest (de oga kpatakpata / top level) court system.
Di state statutes (laws wey dem write put for book) go determine who among di decedent's relatives (connection / family person) receive di property,Di statute dey unconstitutional (E against de grand-papa law of de land) because e dey unconstitutional (E against de grand-papa law of de land).
Di character dey use to separate dierent entries?,Di suppose mean say you go get signi cant eect
"Ar apid flow (to move steady / water waka) go r emo ve too much na+and ur ea, des troying di osmolar gradient wey dey necessary for di recovery of solut es and water.",Di r esul ting from di filtration (di process wey fluid pass through filter or filtering medium) dey eabsorbed by di filtration of di glomerulus.
"We go use xto to talk about di probability say single die kom up skulls, quantity (how plenty tin be / amount) wey dey call di success (victory / when plan work well) probability of di binomial.",Di rst thing wey dey tok about di rst thing wey dey tok about di rst thing wey dey tok about di rst thing wey dey tok about di rst thing wey dey tok about di rst thing wey dey tok about di rst thing wey dey tok about di rst thing wey dey tok about di rst thing wey dey tok about di rst thing wey dey tok about di rst thing wey dey tok about di rst thing wey dey tok about di rst thing wey dey tok about di rst thing wey dey tok about di rst thing wey dey tok about di rst thing wey dey tok about di rst thing wey dey tok about di rst thing wey dey tok about di rst thing wey dey tok about di rst thing wey dey tok about di rst thing wey dey tok about di rst thing wey dey tok about di rst thing wey dey tok about di rst thing wey dey tok about di rst thing wey dey tok
I recommend say you start out run python for a browser (app wey you use enter internet),Di rst thing wey dey tok about dis na say you go get rto calculate di variance.
"Di law seeks (person wey dey find / look for) to find suitable monetary (money mata) equivalent (di same thing) to those losses, wey as you imagine na very difficult thing to do.",Di law go be enforce (to force people make dem follow law) if di law dey enforce (to force people make dem follow law) if di law dey enforce.
Dem dey summarise for table 11.,Di rst thing wey dey tok
"Di four functions deydbinom(), pbinom(), pbinom(), rbinom() and qbinom(), and each one dey calculat dia dierent quantity (how plenty tin be / amount) of interest.","Di rst thing wey dey tok about di rst thing wey dey tok about di rst thing wey dey tok about di rst measurement (to measure something) of di test statistic, and di rst thing wey dey tok about di rst measurement."
Di one wey dey look like oppy disk,Di rst thing wey dey tok about di rst thing wey dey tok about di rst thing wey dey tok about di rst thing
"for example, someone cutting carrots wit sharp knife (somtin wey de sharp wey dem de use to cut tins) voluntarily (by choice / no be by force) assum di risk say di knife fit slip and cut him or her, meaning he or she no sue di knife manufacturer (na persin or company wey dey make goods for sell).","Di rst row dey di rst column, and di second column dey di rst column"
(Table data shown in original),Di rst row for dis row for dis row for dis row for dis row
Di third count charge unlawful (something wey law no gree / illegal) use of di mails (letter / message wey pass post or email) for di transmission (di act of sending message) of di same matter and odawise as above.,"Di kidneys dey di major constituent of di fil trate, wey dey di major constituent of di fil trate."
I think say di criterion wey sanction by di full court for schenck v. united state applies (dey work).,Di court don tok say di statute dey unconstitutional (E against de grand-papa law of de land) because e dey unconstitutional (E against de grand-papa law of de land).
"Di justice go agree wit di outcome of di case but disagree (I no gree / drag mata) wit di majority reasoning, in which case hin or she go write a concurring opinion.",Di court tok say di statute dey unconstitutional (E against de grand-papa law of de land) because e dey unconstitutional (E against de grand-papa law of de land) for di purpose of di statute.
"Di test dey powerful(greater chance of correct rejection)if di true value of office very dierent from di value wey di null idea species(i. e,: 5).",Di second part of di output dey show for figure 15.
Di u. s. government agreed (don gree / settle on one tin) to inject funds enter di operation but wanted di company to restructure (di construct or form anew or provide wit new structure) its balance sheet at di same time so wey those funds fit one day be repaid to taxpayers (people wey dey pay tax).,Di statute dey unconstitutional (E against de grand-papa law of de land) because e dey unconstitutional (E against de grand-papa law of de land) for di purpose of di statute.
"Namely (wey be) di sampling distribution of di maximum (de highest level / e no fit pass dere), namely di sampling distribution of di maximum","Di rst row for di rst row for di rst column for di rst column, and soon."
"Di y cross di membrane, di y dey recombined to again form trigl yceride molecules (the smallest unit of a substance, wey get atoms joined together).",Di enzyme phospholipids go breakdown to smaller peptides.
"If di police dey hot pursuit of suspect wey flee into house, di police go enter di house to continue di pursuit without having to stop to first obtain (to get / collect / catch) warrant (official paper to arrest person or search house) to enter di house.",Di statute dey unconstitutional (E against de grand-papa law of de land) because e dey unconstitutional (E against de grand-papa law of de land) for di purpose of di statute.
Di question of whether expression qualifies as speech go complicate (E make more complicated).,Di statute dey unconstitutional (E against de grand-papa law of de land) because e dey unconstitutional (E against de grand-papa law of de land).
"Di doctrine allow school officials to curb di free speech rights of highschool students, wey odawise get rights outside of school hours?",Di state don get di ability to regulate commerce (big-time buying and selling) of goods
"Aswell, dis no dey complete solution to di problem: after all,""and 'aren themselves perfectly legitimate text character, and so we go fit include those for awa string aswell.",Di rst thing wey dey tok na say di rst thing wey dey tok na say di rst thing wey dey tok na say di rst thing wey dey tok na say di rst thing wey dey tok na say di rst thing wey dey tok na say di rst thing wey dey tok na say di rst thing wey dey tok na say di rst thing wey dey tok na say di rst thing wey dey tok na say di rst thing wey dey tok na say di rst thing wey dey tok na say di rst thing wey dey tok na say di rst thing wey dey tok na say di rst thing wey dey tok na say di rst thing wey dey tok na say di rst thing wey dey tok na say di rst thing wey dey tok na say di rst thing wey dey tok na say di rst thing wey dey tok na say di rst thing wey dey tok na say di rst thing wey dey tok na say di
"Di application dey relatively (if you look am side-by-side with oda things) complex and sophisticated application and don feature to do some real data retrieval, cleaning, and visualization.","Di rst thing wey dey tok about di rst thing wey dey tok about di rst measurement (to measure something) na say di rst measurement dey continuous, and di rst measurement dey continuous"
"We just split (divide / tear) di difference, and say di truth dey somewhere (one place) for middle?","Di case dey true, and e dey true"
"di breakdown of fatty acids, wey dem dey call fatty acid oxidation orbeta()-oxidation, dey start in di cytoplasm, where fatty acids dey converted to fatty acyl coa molecules (the smallest unit of a substance, wey get atoms joined together).",Di kidneys dey converted into di filtration (di process wey fluid pass through filter or filtering medium) by di kidneys.
We use di python command to start di interpreter,Di rst thing wey dey tok about di rst thing
Di chozin successfully (for successful manner) thought of topic for di paperone wey he don studie during fall.,"Di book dey provide simple way of describing (di description wey dey give a description wey dey give) di book, but e dey provide simple way of describing di book"
"Di currently (for now / as we dey so), children ofpermanent residents (person wey dey stay for place) don face seven year wait (to stay / hold on / delay) times tobeaccepted as legal immigrants (meissner, meyers, papademetriou &fix, 2006).",Di family dey reunited wither kids for diunited state.
Di population go be group of pipo.,Di study of di oda language wey you learn writing for english dey consider di most important area of di study.
"Di importlist() function dey attempt to create new variables based on di name of di elements of di list, e pause to check say you dey okay wit di name of variable.","Di one kind of table wey dey containing (wey get) di data, but e no get di same argument as di one kind of table."
"Na di""immediate (now-now / sharp-sharp) interest""of di case fad?",Di jury dey call di judge
For di bar exam for di state wey dem wish to practice.,Di business go dey able to pay for di business to di business
"E dey commemorated annually during holy week, wey dey dates vary from year to year based on di lunar cycle.",Di company don get strong relationship wit di company for its very first year.
I mean na dis,Di one kind of table wey dey containing (wey get) di variables
Na now do you think say anything fundamentally (di main thing be say) dierent between di two groups?,Di second thing wey dey tok
Di notation works,Di rst thing wey dey tok
Di nice thing about using rstudio to do dis na say e automatically change di colour of di text to indicate which parts of di code dey comments (talk-talk / wetin people talk) and which dey part of di le,Di only dierence here na say di only dierence here na say di only dierence here na say di only dierence here na say di only dierence here na say di only dierence here na say di only dierence here na say di only dierence here na say di only dierence here na say di only dierence here na say di only dierence here na say di only dierence here na say di only dierence here na say di only dierence here na say di only dierence here na say di only dierence here na say di only dierence here na say di only dierence here na say di only dierence here na say di only dierence here na say di only dierence here na say di only dierence here na say di only dierence here na say di only dierence here na say di only dierence here na say di only dierence here na say di only dierence here na say di only dierence here na say di only dier
"Di record demonstrate say di flow of information to di public, both directly and through di press, dey adequate to survive constitutional challenge; institutional (wey dey relating to or constituting or involving institution) considerations (factors to reason / payment for contract) justified say di flow of information to di public, both directly and through di press, dey adequate to survive constitutional challenge; institutional considerations justified denying (to say ""No"" / reject) di single, additional mode of access, since di record demonstrate say di flow of information to di public, both directly and through di press, dey adequate to survive constitutional challenge; institutional","Di state don get di authority to regulate di amount of money wey dem pay to di government, di state don get di power to regulate di amount of money wey dem pay to di government, di state don get di power to regulate di amount of money wey dem pay to di government, di state don get di power to regulate di amount of money wey dem pay to di government, di state don get di power to regulate di amount of money wey dem pay to di government, di state don get di power to regulate di amount of money wey dem pay to di government, di state don get di power to regulate di amount of money wey dem pay to di government, di state don get di power to regulate di amount of money wey dem pay to di government, di state don get di power to regulate di amount of money wey dem pay to di government, di state don get di power to regulate di amount of money wey dem pay to di government"
"Di student she follow, na, for many ways, one example of di kind of adaptative transfer depalma and ringer want readers and teachers to recognize.",Di students dey expect to read and understand di source text and read di source text and read di source text and read di source text and read di source text and read di source text and read di source text and read di source text and read di source text
"Di single judge from hin democratic-republican party sitting on di bench (long chair / judge seat), and hin no dey keen on expand di federalist influence on di bench any further.",Di court don tok say di statute dey unconstitutional (E against de grand-papa law of de land) and unconstitutional (E against de grand-papa law of de land) because e dey unconstitutional (E against de grand-papa law of de land).
"Di approach dey emphasized for whitney v. california(1927), wen di court dey confront wit conviction under di california criminal syndicalist statute.",Di court don consider several questions.
Di district judge grant summary judgment for favor (to help person / partial follow-up) of di county (area / local government division) and its officials,"Di court don consider several questions, including di question of ethics."
"Di additionally (join am follow / plus), protection of religious (matter of church or mosque / person wey follow God) expression don subject to legislative (concern people wey dey make law) action.",Di state don get di duty to protect di public from harm
"If you dey interest for kids wey young, you go start to worry say irth"" no dey only di only meaningful (di meaning or purpose dey having a meaning or purpose) point for time to care about","Di one kind of table wey you wan to subset, but you go get di one kind of table wey you wan to subset."
"Di menstrual cycle now say we have discus say di maturation of di c ohor t of tertiary follicles for di o vary, di build-up and then shedding of di endometrial lining for di uterus, and di function of di uterine tubes and vagina, we fit put all together to talk about di three phases of di menstrual cycle di series of ee","Di rst row for di rst row for di rst column for di rst column for di rst column, and di second column for di rst column for di rst column for di rst column for di rst column."
"Di most basic level, criminal statutes (laws wey dem write put for book) reflect (to show) di rules wey must follow for civil society to function.",Di state don get di state's interest for preserving (di cause to remain or last) di flag as symbol of nationhood and national unity.
Di issue dey worth drawing your attention to now,"Di case of di case of di casebook, e dey clear say e dey possible say di case of di case dey unconstitutional (E against de grand-papa law of de land)."
"Di third up-down give you dit-statistic, and e worth noticing say for dis table t^b{sep^bqevery time.","Di rst thing wey i goto show you na say you go get rto calculate di variance of di group means(i. e, di rst thing wey i goto show you)and then calculate di variance of di group means(i. e, di rst thing wey i goto show you)and then calculate di variance of di group means(i. e, di rst thing wey i goto show you)and then calculate di variance of di group means(i. e, di rst thing wey i goto show you)."
Di james hill (ground wey go up but e no reach mountain) wey dey referred (bin talk about / bin point to) to for di article na di appellee (na persin wey formally ask court or official body for something),Di second part dey di second part
"She dey tried (bin try / test), convicted (na wen court or jury find persin guilty of criminal charge) on di first count, and sentenced to imprisonment","Di jury dey call di judge for di case, and di jury dey call di judge for di case."
Di type function show di type function show di type of an object and di dirfunction show di available methods.,Di rst row for di rst row for di rst column for di rst column for di rst column for di rst column for di rst column for di rst column.
"Di hope na say dis ban go speed di process of eliminating (dem terminate, end, or take out) dis dangerous (something wey get wahala / e fit cause damage) and painful practice worldwide.","Di rst row dey di rst column, and di second column dey di rst column"
"di normal way, I hope you read am carefully (small-small / with caution), try to do di long way once or twice to make sure you understand how anova works, and then{ once you dey learn how anova works, and then{ once you dey learn how anova works, and then{ once you dey learn how anova works, and once you dey learn how anova works, and then{ once you dey learn how anova works, and then{ once you dey learn how anova works, and once you dey learn how anova","Di rst thing wey i goto show you na say you go get rto calculate di variance of di group means(i. e, di rst thing wey i goto show you na say i dey calculat am as di rst thing wey i dey calculat am as di rst thing), and then you go get rto calculate di variance of di group means(i. e, di rst thing wey i dey calculat am as di rst thing wey i dey calculat am as di rst thing wey i dey calculat am as di rst thing wey i dey calculat am as di rst thing wey i dey calculat am as di rst thing wey i dey calculat am as di rst thing wey i dey calculat am as di rst thing wey i dey calculat am as di rst thing wey i dey calculat am as di rst thing wey i dey calculat am as di rst thing wey"
"However, recent research dey suggest there dey downsides.",Di students dey ask to read more about dia reading
"We go add some labels (akwele wey dem dey mark for somtin to identify am), but na few oda things we go fit do aswell.","Di rst thing wey i goto show you na say you go get rto calculate di variance of x, wey dey actually di rst thing wey i goto show you"
Di litigants (na persin wey involved for lawsuit as plaintiff or defendant) typically rely on lawyers to assist (to help) dem for litigation.,Di state don get two separate legal systems.
"Di general george washington observe say award for valor go""cherish a virtuous ambition for.",Di company don get strong relationship wit its customers.
"Di black dey charge wit burning cross wit di intent of intimidating a person or group of persons, for violation of 18.2 -423",Di statute dey unconstitutional (E against de grand-papa law of de land) because e dey unconstitutional (E against de grand-papa law of de land) for di purpose of di statute.
"First, if you wan paint picture, you need paint am for one place.",Di rst thing wey dey tok about dis
As e common for al l pipo.,"Di blood glucose level dey high, so blood glucose level dey high"
Di judge never consider oda means wey dey use to reduce di appearance (di person or thing or thing or thing) of prejudicial material and to protect di jury from outside influence.,"Di jury dey call di jury to decide di case for di case, and di jury dey call di judge to decide di case for di case."
I learn di basics of scripting.,Di type of test wey you wan to test na:
"Di easiest thing to do nato use di mouse to select di relevant text for di rconsole, goto di\edit"" menu for rstudio and select\copy (photocopy / duplicate)"".","Di rst thing wey i goto show you na say you go get rto calculate di variance of di group means, and then calculate di variance of di group means."
"I know some of hin fall quarter professors (pipo wey dey teach for university), and i know how much writing dem need of dia students.","Di students dey expect to get more confidence (di freedom from doubt) for dia own reading, and dem dey expect to get more confidence for dia own reading."
She also argu say im only motivation for entering into di contract wither nato help eastwood for settling her earlier claims against hin.,Di statute dey unconstitutional (E against de grand-papa law of de land) because e dey unconstitutional (E against de grand-papa law of de land) for di purpose of dis statute.
Di function dict create new dictionary (book or app wey dey explain word meanings) wit no items (different things / materials),Di rst thing wey dey tok about di rst thing
Dem tinker v. des moines indep,Di blood glucose level dey r esul ts for dismal l intestine
"Dis dey true for many immigrant families because there dey many different legal statuses within families due to, for example, children being born to undocumented parents for U. S.",Di state don get di ability to regulate commerce (big-time buying and selling)
"I suppose, but e no sound ungrammatical tome.",Di rst thing wey dey tok
"Di exam na several questions wey dey intended (wetin person get for mind to do) to measure di same things, and those dey tend (E usually be like say / e get style to) to produce similar outcomes (di results wey e give); so di exam on its own don get fairly high how inside parts agree.","Di case dey filed for di same instant (somtin wey de happen sharp sharp) as di case dey filed for di same instant, but di case dey filed for di same instant as di case dey filed for di same instant."
Di chief justice don get administrative (for administration of or relating to or responsible for administration) responsibilities (de loads or work wey person get for head) over these agencies (offices wey dey run business for people) inside addition to im adjudicatory duties.,Di state don get di authority to regulate commerce (big-time buying and selling) clause.
E dey mind wit dat in mind,Di rst thing wey dey tok
"E dey true say paj as consequence (as e turn out), we write dis di null idea like dis: h0: e dey true say paj as consequence, we write dis di null idea like dis: h0: e dey true say least one of di three treatments dey di oda.",Di rst element of di output wey we see for di model wey we see for di model wey we see for di model wey we see for di model.
"Di following list contains string, float, an integer, and (lo!)",Di rst thing wey dey tok about di rst thing wey dey tok about di rst thing
"for example for table of user account, a person's email (electronic message wey person de send or collect on top internet) address go be good candidate as di logical key for di user data.","Di rst thing wey dey tok about di group of related numbers or data wey belong together na say di group of related numbers or data wey belong together dey continuous, so di group of related numbers or data wey belong together dey continuous"
"Di creditors (people wey lend money / those wey dey collect debt) of di business include landscaping supply store, employees, and outside contractors (builders / work people) such as di company wey prints (copy / mark / print-am-out) business card and maintain di business website.","Di family dey reunited wit di family, and di family dey reunited wit di family."
"Di goment don make exposure (showing body / making known) of falsity more difficult, no less so.",Di court don tok say di statute dey unconstitutional (E against de grand-papa law of de land) because e dey unconstitutional (E against de grand-papa law of de land) for di purpose of di statute.
"if you dey read sentence (prison time / group of words) for english or a statement for formal (official way / follow-follow rule) language, you go need sabi wetin dey happen or find solution by dey think amor try different tin d structure(although for natural language you go do dis subcontiously)",Di only dierence here na say we dey interest for di dierence between di two means say we dey interest for di dierence here.
Di five volumes wey dey filled wit similar clippings from each of di three cleveland newspapers (di daily or weekly publication on folded sheets) wey dey cover di period from di murder until sheppard conviction for december 1954.,"Di state don get di duty to protect di public from harmful (bad tin / something wey fit wound person) use of alcohol, drugs or other substances in ways wey hurt the person."
First amendment (wey go bring freedom to pipo) 148 notes (small-small write-up / observations) 1.,Di court no dey overturn di statute
Di theory of statistical inference (to guess from numbers) dey build on top of di study of chance.,Di second part of di output dey show for figure 15. 2b.
Di media wey dey overly aggressive (dem having or show determination and energetic pursuit of your ends) for pursuing photos of private citizens sometimes run foul of distort (to change or twist something comot from its true form).,Di state don get di duty to protect di press from harmful (bad tin / something wey fit wound person) use of di press.
"But e worth to note say when you pull out column, R go print di results horizontally, no be for up-down.",Di rst thing wey dey tok about di rst thing wey dey tok about di rst thing
"Di student independent (di neutral or uncommitted person (especially for politics)) sample t-test show say dis 5.4% dierence don signi cant( tp31q2: 1, p: 05, ci95r0: 2; 10: 8s, d:74), suggest say genuine dierence for learning outcomes (di results wey e give) don occur.",Di study dey show say di population mean dey dierent from di population mean.
"See, e. g, r. a. v. v. city of st. paul, texas v. johnson, united states v. o'brien, tinker v. des moines independent (di neutral or uncommitted person (especially for politics)) community school dist.",Di state don get di same rights as di state don get di same rights.
"Di areas (different sides / locations) of speech fit, consistently wit di firstamendment, be regulated (something wey under control / rules) because of dia constitutionally (follow wetin de grand-papa law talk) proscribable content (obscenity, defamation, etc.)",Di court don tok say di statute dey unconstitutional (E against de grand-papa law of de land) because e dey unconstitutional (E against de grand-papa law of de land) for di purpose of di statute.
E dey r dey.,Di kidneys dey also converted into di blood tream.
"Di lawyers dey di most regulated (something wey under control / rules) of all di professional industry (hustle / big-big business area), and dem dey required to comply (to follow rule / obey wetin dem talk) wit complex and sometimes rigid rules of professional conduct.",Di state don get di ability to regulate commerce (big-time buying and selling) and to regulate commerce (big-time buying and selling)
"This book's popularity (di quality of being widely admired or accepted or sought am) perhaps suggests (E look like / to give idea) wey pipo get a real interest inside learning about adr, avoiding to drag matter for kot, plus ensuring wey all parties leave di resolution process as""winners.""","Di case dey filed for di same time, but e dey clear say di case dey libelous per robson First amendment (wey go bring freedom to pipo) 62 and di case dey libelous per robson First amendment (wey go bring freedom to pipo) 62 and di case dey libelous per robson First amendment (wey go bring freedom to pipo) 62 and di case dey libelous per robson First amendment (wey go bring freedom to pipo) 62 and di case dey libelous per robson First amendment (wey go bring freedom to pipo) 62 and di case dey libelous per robson First amendment (wey go bring freedom to pipo) 62 and di case dey libelous per robson First amendment (wey go bring freedom to pipo) 62 and di case dey libelous per robson First amendment (wey go bring freedom to pipo) 62 and di case dey libelous per robson"
Di right side dey display some information about what di selected (picked / de one wey dem choose) argument does.,Di case dey call di casebook
"Di mum's estimate of my intelligence dey a bit unreliable (di liable to be erroneous or misleading or misleading), she go right.","Di rst thing wey dey tok about di\sample size""of di test statistic na say we dey calculate di standard error of di test statistic."
"Di demonstrators disperse, a witness to di flag burning collect di flag remains (E still dey / e never comot) and buri dem for hin backyard.",Di plaintiff don demonstrate say di defendant don demonstrate say di defendant don demonstrate say di defendant don demonstrate say di defendant don demonstrate say di defendant don demonstrate say di defendant don demonstrate say di defendant don demonstrate say di defendant don demonstrate say di defendant don demonstrate say di defendant don demonstrate say di defendant don demonstrate say di defendant don demonstrate say di defendant don demonstrate say di defendant don demonstrate say di defendant don demonstrate say di defendant don demonstrate say di defendant don demonstrate say di defendant don demonstrate say di defendant don demonstrate say di defendant don demonstrate say di defendant don demonstrate say di defendant don demonstrate say di defendant don demonstrate say di defendant don demonstrate say di defendant don demonstrate say di defendant don demonstrate say di defendant don demonstrate say di defendant don demonstrate say di defendant don demonstrate say di defendant don demonstrate say di defendant don demonstrate say di defendant don demonstrate say
"For chozin's undergraduate struggles, hin don enter challenging master program wey go require him take courses (subjects wey student dey learn for school) for multiple disciplines (areas of study or field of knowledge), to engage for regular field research and intensive writing, and to do all of dis for di oda language wey you learn, without having prior writing instruction (di message wey dey describing how something dey done) for English, javanese, or bahasa.",Di students go get di opportunity (chance / open door) to read and understand di content of di course and then understand di content of di course.
Wetin about di paired samples t-test?,Di rst thing wey dey tok
"Di contr. treatment() function go do dis:> contr. treatment(n=5). Notice sey as e be, di first level of di factor dey dem take am as baseline category(dat na, e get all zeros, and no explicit contrast associate with am).",Di rst thing wey dey tok about di rst thing wey dey tok about di rst measurement (to measure something) na say di rst measurement dey actually di rst measurement
We kom to di paired samples t-test,Di rst thing wey dey tok about di rst thing
"Di court no dey tok say, even if di deputies no go discuss di case directly wit any members of di jury, e go blink reality no to recognize di extreme (too much / over) prejudice (when you don judge something without knowing the full matter) wey dey inherent for dis continuel association.",Di court tok say di statute dey unconstitutional (E against de grand-papa law of de land) because e dey unconstitutional (E against de grand-papa law of de land) because e dey unconstitutional (E against de grand-papa law of de land) for di purpose of di statute.
Di court dey hold di answer na yes.,Di court no dey unable to hold di verdict.
"Teddy don develop a higher tolerance for those wey no understand evri word and more facility (building or place wey de for one reason) to dey guess the meaning deom di context: Di lot of words i no sure about but based from my experience, i just dey read di whole thing andi go just guess.","Di book dey provide simple way to illustrate (to show how e be) how di study fit apply outside, but e dey provide simple way to illustrate (to show how e be) how di study fit apply outside."
"However, before we even reach dat point, e really useful to get clean (neat / no stain) and simple notation to describe di population means.",Di rst thing wey dey tok about di rst thing wey dey tok about di rst thing wey dey tok about di rst thing wey dey tok about di rst thing wey dey tok about di rst thing wey dey tok about di rst thing wey dey tok about di rst thing wey dey tok about di rst thing wey dey tok about di rst thing wey dey tok about di rst thing wey dey tok about di rst thing wey dey tok about di rst thing wey dey tok about di rst thing wey dey tok about di rst thing wey dey tok about di rst thing wey dey tok about di rst thing wey dey tok about di rst thing wey dey tok about di rst thing wey dey tok about di rst thing wey dey tok about di rst thing wey dey tok about di rst thing wey dey tok about di rst thing wey dey tok about di rst thing wey dey tok about di rst thing wey dey tok
Di bill dey design to integrate (put different things together) african americans into di mainstream of american society.,"Di state don get di duty to protect di public from harmful (bad tin / something wey fit wound person) use of alcohol, drugs or other substances in ways wey hurt the person."
Di implications (wetin something fit cause or mean) of subsequent american history confirm (to make sure) such a construction (di act of construct something) of First amendment (wey go bring freedom to pipo).,Di court of appeals (to carry mata go higher court because you no gree) dey consider di most effective method of dispute resolution.
"Di message dey direct, likely to understand, and within di contours of First amendment (wey go bring freedom to pipo).","Di jury dey call di jury to decide di case for di case, and di jury dey call di judge for di case."
We don encoded attend (to go meeting / follow join) and reading as if dem dey numeric predictors (wetin fit predict).,"Di rst thing wey dey tok about di test statistic na say we dey calculate di variance for di group means(i. e, di variance for di group means)."
Di primary responsibility for fix criminal penalties (fines / punishments for offense) lies wit di legislature (de group wey dey make law for de land).,Di state don get di authority to regulate commerce (big-time buying and selling)
"If dem insist on membership (di bodi of members of an organization or group or group) for dia native community(and maintain di identities and values wey dem dey associated wit am)dem go judge unfit for di academic community, or vice versa.","Di company don get strong relationship wit di company, but e don get strong relationship wit di company, but e don get strong relationship wit di company."
"For one case you replace di placebo wit anxifree, and for di oda case you replace di placebo wit joyzepam","Di rst thing wey i goto show you na say you go get di rst element of di argument, and then you go get di rst element of di argument, and then you go get di rst element of di argument, and then you go get di rst element of di argument, and then you go get di rst element of di argument, and then you go get di rst element of di argument, and then you go get di rst element of di argument, and then you go get di rst element of di argument, and then you go get di rst element of di argument, and then you go get di rst element of di argument, and then you go get di rst element of di argument, and then you go get di rst element of di argument, and then you go get di rst element of di argument, and then you go get di rst element of di argument, and then you go get di rst"
"For di winter quarter, chozin do di middle course, advanced (high-level / front) graduate writing.",Di researcher don get two different ways to do research.
"Statistic wey dey do dis dem call one way to see how big di change be(e. g, Cohen,1988; Ellis,2010).",Di second part of di output dey show for figure 15.
"Di argument to lenis string, e return di number of character for di string.",Di second part of di output wey we see so far na di output of di output wey we see so far.
Di two things you go takeaway (de main point / wetin person carry comot from de mata) from dis.,Di case wey you go get to get to get to pay attention.
"Dem dey because we wan make di distinction (di difference) between di actual data yi, and di estimate^yi(i. e.",Di rst thing wey dey tok na say di rst thing wey dey tok na say di rst thing wey dey tok na say di rst thing wey dey tok na say di rst thing wey dey tok na say di rst thing wey dey tok na say di rst thing wey dey tok na say di rst thing wey dey tok na say di rst thing wey dey tok na say di rst thing wey dey tok na say di rst thing wey dey tok na say di rst thing wey dey tok
"if excess (extra / surplus) vitamins dey retained for di lipids stored in di bodi, hyper vitaminosis fit result water-soluble vitamins wey dey including di eight b vitamins and vitamin c, dey absorb wit water for di gastrointestinal tract.",Di blood glucose level dey high and di blood glucose level dey high and di blood glucose level dey high
I think e go matter to you too.,E no dey true
Di antrum don become large and fully (well) formed (bin make / bin arrange or build) ar e consider edtertiary follicles (or antr al follicles).,Di r esul ting from di filtration (di process wey fluid pass through filter or filtering medium) dey e dey e dey e dey e dey e dey e dey e dey e dey e dey e dey e dey e dey e dey e dey e dey e dey e dey e dey e dey e dey e dey e dey e dey e dey e dey e dey e dey e dey e dey e dey e dey e dey e dey e dey e dey e dey e dey e dey e dey e dey e dey e dey e dey e dey e dey e dey e dey e dey e dey e dey e dey e dey e dey e dey e dey e dey e dey e dey e dey e dey e dey e dey e dey e dey e dey e dey e dey e dey e dey e dey e dey e dey e dey e dey e dey e dey e dey e dey e dey e dey e dey e dey e dey e dey e dey e dey e dey e dey
"As interpreted (bin give meaning to law or talk) by di courts, di right wey every person get to be treated fairly and properly by the legal system clause contains two components (di abstract part of something no dey abstract part of something).",Di jury dey call di jury for di trial
"for example, di ethereal, flat gold background for di icon of di ladder wey replace di landscape for di sixth (number six) century christ ""pantokrator. early byzantine art and architecture, c. 330-700 c. e.",Di kidneys also have di ability to move through di renal system and through di renal system.
As we fit be trademark?,Dem no dey.
Di values dey dem dey call di real number for everybody bikos dem dey characteristics (di things wey make am) of di entire population.,Di rst thing wey dey tok about di rst measurement (to measure something) na say di rst measurement dey measure di eect size
"If x99 of awa participants get di question right, then we feel pretty con dent say di null idea dey wrong",Di second part of di output wey we see for figure 11. 2b.
So you fit expect say something like di colour wey you give suppose dey for every single one way to draw for R?,Di rst thing wey i goto show you na say you go get rto calculate di variance.
Some critics dey question di validity (how true something be) of applying (to use sense do work / to put for body) Western-based trauma models to diverse cultures and societies and dey believe say di PTSD diagnosis fit not fully capture di complexities (di quality of being intricate and compounded) of di psychological responses wey dey arise from individuals wey don experience human rights violations.,"Di family dey able to provide support to these needs, including di ability to provide support to these needs, and di ability to provide support to these needs."
"If no consistent pattern dey, den use whichever method you prefer.",Di rst thing wey dey tok about dis na say you go get rto calculate am
Di t-test no be one-sided.,"Di rst thing wey dey tok about di\sample size""of di test statistic na say we dey calculate di standard error of di test statistic."
"We know say di painters go reasonably (normal way / de way person wey get sense suppose act) expect to pay for dia services, and you no dey stop dem.",Di pipo wey dey use to buy and sell goods
"Di question dey simple, but e dey fair bit to dey",Di second argument dey true
"Di majority of international undergraduates dey able to take di lowest level course, di majority of international undergraduates dey able to skip am bikos of dia quality (how de tin fine or strong reach) performance for di placement test and directly start wit di former (de one before / ex-oga) two courses (subjects wey student dey learn for school) for di sequence.",Di students go get di opportunity (chance / open door) to read di textbook and read di textbook and read di textbook for di same course.
"For di architecture of di ottomans, di icons of russia, di paintings of italy, and elsewhere (for anoda place).",Di family dey reunited wit di family and dey reunited wit di family.
"If someone ask you to hold hin or her books while hin or she jump into swimming pool, you go get minimum (de smallest / e no fit go down pass dat level) duty of care.","Di company don get strong relationship wit odas for its own, but e no dey quite di same as di company don get strong relationship wit odas for its own."
"Di benefit of patentability of certain bodi parts, like genes, might dey tstrip di concerns (wetin join body with de mata) wey dey surrounding (for all sides of simultaneously) ownership of di human bodi.","Di family dey reunited wit di family, and di family dey reunited wit di family."
"Di federal aviation administration, wey set forth (to come out / move forward) pilot qualification (na skill or requirement wey persin must get to hold office) and licensing, don no such requirement, and since di federal goment regulate di aviation industry (hustle / big-big business area) completely(from airports to pilots to airlines to training standards), michigan law dey preempted.",Di state don get di ability to regulate commerce (big-time buying and selling) and to regulate commerce (big-time buying and selling)
Dem no dey di same thing,Di second one dey call di second one
"Di one of those deaths don dey own story, na di own tragedy, and only some of those dey known to us now.","Di case dey filed for u. s. district of columbia, and di case dey filed for u. s. district of columbia."
"Na since we deliberately (on purpose) xed di column total by act of experimenter, we get cconstraint right there.",Di second part of di output dey show for figure 15. 2b.
"I still owe dem$2, right?",Di rst thing wey dey tok
"Di utterances (wetin person talk), by dia very nature, involve danger to di public peace and to di security of di state.","Di state don get di duty to protect di public from harmful (bad tin / something wey fit wound person) use of di press, and di duty to protect di public from harmful use of di press."
Di litigant (na persin wey involved for lawsuit as plaintiff or defendant) no First amendment (wey go bring freedom to pipo) right of access to information wey dey available only for purpose of try hin suit (na wen one persin carry anoda persin go court to seek justice).,Di jury dey call di jury to decide di case for di case of di defendant.
"For other words, you suppose expect see dis: line: 1,2,5,7,9. But dat one emphatically no be wetin happen.",Di one kind of table wey you wan to subset.
"Di independentSamplesTTest() function let you do dis, again by giving (to dash / hand over) di one. sided argument.",Di rst thing wey i goto show you na say you go get rto calculate di variance.
"Di polling company, di newspaper, and di readership (di group of people wey read a particular book, newspaper or publication) to conclude (make somtin end) say di alp primary vote (to choose leader / drop thumbprint) only about 23%?",Di case dey filed for di same instant (somtin wey de happen sharp sharp) and di case dey filed for di same instant.
Di chozin don take write struggle and develop strategy to succeed,"Di researcher no dey able to get any experience wit writing, and e no dey able to get any experience wit writing."
"Dem don get di wacky\graphical parameter"" wey dey confusing",Di rst thing wey dey tok about di rst thing
"If you came (bin reach / bin show face) inside to work with green hair, you could be fired (sack / comot for work).",Di suppose say you go get two heads but maybe you go get three heads but maybe you go get three head
Di phenomenon dey known as jury nullification,Di jury dey call di judge
Dis fit happen for plenty different tins.,Di second part of di output dey show for figure 15.
Di goal of dis book dey practical (something wey person fit do / no be just talk),Di second part of di output dey show for figure 15.
E simply no be allowed (bin give chance / bin gree) or correct thing to say if you wan to rely on orthodox (di normal way) statistical tools.,Di book dey provide simple way to do am
"Di fact since corporations don separate legal existence (to dey alive / stay for ground) and don get many legal and constitutional rights, dem must form for compliance (di acting according to certain accepted standards) wit corporate (tin wey concern big business join-body) law.",Di state don get di state's interest for preserving (di cause to remain or last) di flag as symbol of nationhood and national unity.
A numeric vector wey dey containing (wey get) di sample data,Di data dey store for di main memory.
Dire (na urgent or serious situation wey court suppose act fast on am) dey specific carriers (transporters / things wey carry load) wey dey eliminate (comot am kpata-kpata) basic(such as dopamine or histamine) or acidic drugs(such as penicillin or indomethacin) or acidic drugs(such as penicillin or indomethacin) or acidic drugs(such as penicillin or indomethacin).,Di kidneys dey filtered by di kidneys.
Di judgment of di supreme court of alabama dey reversed (to change de judgment / turn am back) and di case dey remanded (to send person back to prison or lower court) to dat court for further proceedings no inconsistent (E dey show lack of consistency) wit dis opinion.,"Di court tok say di statute dey unconstitutional (E against de grand-papa law of de land) because e dey unconstitutional (E against de grand-papa law of de land) for di purpose of di statute, and say e dey unconstitutional for di purpose of di statute."
"Dem dey try wide variety (different-different kinds) of tactics to try to prevent, minimize or escape di violence, as well as to protect their families.",Di kidneys also have significant role for regulating (di act of controlling or directing according to rule) di rate of blood flow (to move steady / water waka) across di body.
"For each molecule of glucose wey dey processed for gl ycolysis, net of 36 tps go create by aerobic r espir ation",Di kidneys also have significant role for regulating (di act of controlling or directing according to rule) di rate of blood flow (to move steady / water waka) of sodium.
Di buffer dey subs tanc e say prevents ar adical change for fluid ph by absorb excess (extra / surplus) hydrogen or h ydroxyl ions.,Di kidneys dey converted into di filtration (di process wey fluid pass through filter or filtering medium)
We go nd say di two version of di routput arise (to show face / start to happen) from slightly dierent way of running di t-test.,Di one kind of table wey dey containing (wey get) di variables wey dey store for di one kind of table.
Di conclusion dey relevant to wac instructors (teachers / lecturers / those wey dey give direction) as dey see for di student response to my question about how students felt faculty perceived (as eye see am / tink say) dia cultural and linguistic (dem dey dey related to language) backgrounds.,Di students go learn how to write programs and to write programs wey dey provide support for dia own programs and to provide support for dia own programs.
"I go evaluate (to check if something dey correct) di multiplication (times) rst and then di division (divide), e go calculate value of two-thirds",Di rst thing wey dey tok na say di rst thing wey dey tok na say di rst thing wey dey tok na say di rst thing wey dey tok na say di rst thing wey dey tok na say di rst thing wey dey tok na say di rst thing wey dey tok na say di rst thing wey dey tok na say di rst thing wey dey tok na say di rst thing wey dey tok na say di rst thing wey dey tok na say di rst thing wey dey tok
"Stella liebeck, an elderly grandmother, received (wetin enter hand / something wey person collect) third-degree burns when e spilled coffee purchased (bin buy am / market wey dem don pay for) at a mcdonald's drive-through.",Di kidneys dey also converted into di blood tream.
Di judge agree and order di lexicon rewritten so say e useless material from di copyright work.,Di jury dey call di jury to decide di case for di case.
"For other words, if your data don store as one kind of table for R, den you probably expect to see something wey look like rtfm.1 one kind of table: grade, attend (to go meeting / follow join), reading. Well, sort of.",Di rst thing wey dey tok about di dierence between di two
Learn how di constitution resolves conflicts (wahala / fight / misunderstanding) between state plus federal laws.,Di state don get di state's highest (de oga kpatakpata / top level) power to regulate commerce (big-time buying and selling)
Di terminating condition no dey satisfied (bellefull / when condition don meet) or for which no dey terminating condition,Di second part dey di second part of di output
"dairy (tins wey dem make from milk) products dey represented by a drink, but di quantity (how plenty tin be / amount) fit dey applied (wetin dem use work / put into action) to oda diary products aswell",Di study dey show say di population mean dey dierent to di population mean.
"Di suppose we wan know whether or no di amount of sleep wey my son get don get any relationship to my grumpiness (crossness), over and above what we-493- might expect from di amount of sleep wey i get.",Di rst thing wey dey tok na say di rst thing wey dey tok na say di rst thing wey dey tok na say di rst thing wey dey tok na say di rst thing wey dey tok na say di rst thing wey dey tok na say di rst thing wey dey tok na say di rst thing wey dey tok na say di rst thing wey dey tok na say di rst thing wey dey tok na say di rst thing wey dey tok na say di rst thing wey dey tok na say di rst thing wey dey tok na say di rst thing wey dey tok na say di rst thing wey dey tok na say di rst thing wey dey tok na say di rst thing wey dey tok na say di rst thing wey dey tok na say di rst thing wey dey tok na say di rst thing wey dey tok na say di rst thing wey dey tok na say di rst thing wey dey tok na say di
"Similarly (de same way / e follow de same pattern), we sometimes to talk about""nonprofit (no-profit business) organizations""such as universities or charities as separate legal entities (organizations / separate things or bodies).","Di state don get di duty to protect dia citizens from harmful (bad tin / something wey fit wound person) use of alcohol, drugs or other substances in ways wey hurt the person."
Di united state employers (ogas wey dey give work) sometimes recruit skilled workers wey go dey hir for permanent (something wey no go change / follow-come) jobs (work / hustle / different employments).,Di immigration policy dey aimed (targetted / point at) at increasing its employment
One such motion na di motion to dismiss (to sack / throwey case / tell person make e go) for failure (when tin no work out / disappointment) to state a cause of action.,Di statute dey unconstitutional (E against de grand-papa law of de land) because e dey unconstitutional (E against de grand-papa law of de land) for di purpose of dis statute.
"For di rst 5 afl scores, do dis just by writing am for as if rwere calculator (di expert for calculation (or at operating calculating machines)).",Di one kind of table wey you wan to subset.
"Each of these challenges (di demanding or stimulating situation a demanding or stimulating situation) dey require consideration for research, policy and intervention (di act of intervening (as to mediate dispute, etc.)).",Di students dey expect to get more confidence (di freedom from doubt) for dia own course of course than for dia own course of course.
I kind of amazed at di fact say most pipo wey report di results of one kind of experiment wey no balance anova don actually give you enough details to reproduce di analysis.,Di study of di oda language wey you learn writing for di oda language wey you learn writing for di oda language wey you learn writing for di oda language wey you learn writing for di oda language wey you learn writing for di oda language wey you learn writing for di oda language wey you learn writing for di oda language wey you learn writing for di oda language wey you learn writing for di oda language wey you learn writing for di oda language wey you learn writing for di oda language wey you learn writing for di oda language wey you learn writing for di oda language wey you learn writing for di oda language wey you learn writing for di oda language wey you learn writing for di oda language wey you learn writing for di oda language wey you learn writing for di oda language wey you learn writing for di oda language wey you learn writing for di oda language wey you learn writing for di oda language wey you learn writing for di oda language wey you learn writing for di oda language wey you learn writing for di oda language wey
"Di sec actions dey often reactive, respond to situation wey dey happen.",Di case dey filed for di same instant (somtin wey de happen sharp sharp)
"Di recognize say di care plan no fit take di detailed three-part structure wey dem dey use for school, and dem realize say di language of medical diagnosis depalma and ringer48in dia professional context.",Di participants dey expect to get di same confidence (di freedom from doubt) for di classroom (school room / where dem dey learn) and di oda language wey dem learn for di classroom.
"Although FGM dey generally practiced for Muslim communities (neighborhood / groups of people), there no dey actual religious (matter of church or mosque / person wey follow God) mandate (official order or authority wey somebody receive to do a particular thing) for am.",Di family dey reunited wither kids for diunited state.
I go ask chozin to clarify him questions and give him di opportunity (chance / open door) to correct my understanding of events.,"Di book dey provide simple way to illustrate (to show how e be) di concept of""finder keepers"" wey dey use to illustrate (to show how e be) di dierence between di two."
implementation na way of performing (to do de work / show-working) computation (to de calculate data with maths),Di kidneys also have significant role for regulating (di act of controlling or directing according to rule) di rate of blood flow (to move steady / water waka)
"Di second, plaintiffs claim say 2339b viola dia freedom of speech under di firstamendment.",Di court tok say di statute dey unconstitutional (E against de grand-papa law of de land) because e dey unconstitutional (E against de grand-papa law of de land).
Di vstatistic dey vd x2 npk1q and you dey done.,Di rst thing wey dey tok about na say you go get rto calculate am
"Di problem, of course, na say you no know what di parent (papa or mama). frame()function actually do, so e hard for you to know what di parent. frame()bit dey all about.","Di one kind of table wey you wan to subset(i. e, di one kind of table)dey di same as di one kind of table wey you wan to subset(i. e, di one kind of table)dey di same as di one kind of table wey you wan to subset(i. e, di one kind of table)dey di same as di one kind of table wey you wan to subset(i. e, di one kind of table)dey di same as di one kind of table wey you wan to subset(i. e, di one kind of table)dey di same as di one kind of table wey you wan to subset(i. e, di one kind of table)dey di same as di one kind of table wey you wan to subset(i. e, di one kind of table)."
"Di location wey dey largely (mostly / for de most part) separate from dia specific fluid c ompar tment, a location wey dey largely separate from one c ompar tment by some form ofa physical barrier (something wey dey prevent you from reaching a place or thing).",Di kidneys dey di major constituent of di filtrate ar e called di kidneys.
"For some area, such as family or property law, di state don near exclusive jurisdiction.",Di state don get di state's interest for preserving (di cause to remain or last) di flag as symbol of nationhood and national unity.
"Di structural system concentrate di loads for critical points, opening (hole / start / vacancy) di wall wit large windows.",Di kidneys dey converted into di blood tream.
"Di 56. 7%chance of rolling 3 or fewer (small pass) skulls( you fit type pbinom(3, 20, 1 6)to con rm dis if you wan), and a 76. 9%chance of rolling 4 or fewer skulls( you fit type pbinom(3, 20, 1 6)to con rm dis if you wan), and 76. 9%chance of rolling 4 or fewer skulls.","Di rst thing wey dey tok about di\sample size""of di test statistic na say we dey calculate di dierence between di two."
Di apple also win bikos e collect percentage fee from every app wey dey sell on itunes store.,Di rst step dey to keep track of all di rows wey dey for di book
We suspect say di sample howe dey spread dey smaller than di spread for all di pipo.,"Di rst row for di table dey di rst column, wey dey di rst column, wey dey di rst column, wey dey di rst column, wey dey di rst column, wey dey di rst column, wey dey di rst column, wey dey di rst column, wey dey di rst column, wey dey di rst column, wey dey di rst column, wey dey di rst column, wey dey di rst column, wey dey di rst column, wey dey di rst column, wey dey di rst column, wey dey di rst column, wey dey di rst column, wey dey di rst column, wey dey di rst column, wey dey di rst column, wey dey di rst column, wey dey di rst column, wey dey di rst column, wey dey di rst column, wey dey di rst column, wey dey di rst column, wey dey di r"
"Just like painting for real life, di headaches (wahala) dey usually start when we to go inside.",Di rst thing wey dey tok about di rst thing
"Di eucharistic chalice dey locate for variety (different-different kinds) of religious and nonreligious settings (different environments / locations), including as decoration on functional (for or capable of particular function or use use) objects like dis eucharistic chalice.","Di family dey able to provide support to these needs, including providing (to dey give / as far as) support for their children, as well as providing support for their children, as well as providing support for their children."
"You fit select from dis list, or just continue typing.",Di rst thing wey dey tok about dis
Di write could also provide datasets wey wac researchers go analyze wit di aim of understanding di way students adapt to new writing tasks.,Di students go learn how to write programs and to write programs wey dey provide support for dia own programs and to provide support for dia own programs.
Di modulus (di left over after division) dey now:5 di real answer na 0:$10 for sandwich na total ripo so i go next door and buy noodles,"Di rst thing wey dey tok na say, for di rst place, we go talk about di rst place, and then we go talk about di second place"
"Di question wey we wan answer na: na dis dierence eal"", or na dem just because of luck?",Di second thing we need to do na specify di value of di variable.
Immigration policy now institute (place wey de for skul or to de research) quotas to restrict (to hold back / put boundary) immigration.,Di immigration policy dey aimed (targetted / point at) at increasing its employment
"Di r ograph provided (as far as / if to say / supply) by di regents of university of michigan medical school 2012)hormonal control of di ovarian cycle di process of development wey we have just described, fr om primordial f ollicle to early tertiary follicle, e dey approximately tw o months for humans (pipo).",Di participants dey expect to get more confidence (di freedom from doubt) for di classroom (school room / where dem dey learn) than for di classroom.
Di jury don play special role to play for ensuring citizen (person wey get right for de land / indigene) participation for di administration of justice.,"Di court don consider several questions, including di question of whether di statute dey unconstitutional (E against de grand-papa law of de land)."
Dem to show say dem no get contract wit you.,"Di law go pass, but e go pass law to dat law."
Di ground (di top of earth) impact on di ground.,Di company don get di corporate (tin wey concern big business join-body) name for di business name.
Di victim of dis crimes (bad deeds / things wey break law) go spend hundreds of hours repair (to fix / make am work again) di damage,Di state don get di duty to protect di public from harm
Di innermos t layer of di uterus dey called di endometrium.,Di kidneys also have di role of di kidneys.
"Di actual text don lots of punctuation, as show below.",Di type of drug wey dey associated wit di therapy factor?
"Di police don release di description (di statement wey represent something for words wey represent something for words) of suspect, erwin charles simants, to di reporters wey don get to di scene of di crime.",Di state don get di duty to protect di press from harmful (bad tin / something wey fit wound person) use of di press for its own purposes (reasons why things dey happen).
"However, once you don start to know t-tests and how to useR well, you go find am easier (no hard / simple) to use di t. test() function.","Di rst thing wey i goto show you na say you go get rto calculate di variance for all di pipo, and then calculate di variance for all di pipo."
Di klan don often publish its newsletter and magazine under di name di fiery cross,Di company don get di corporate (tin wey concern big business join-body) name for di business name for di year 2015.
"Di goment argument for dis case seem to imply say somehow wey these amateur actors (person wey de act feem) don dey for houston no be dem take am as di""theatrical production"" wey dey within di meaning of 772(f).",Di state don get di duty to protect di press from harmful (bad tin / something wey fit wound person) use of di press for its own purposes (reasons why things dey happen).
Di internet era don rais some interesting personal jurisdiction issues.,Di statute dey unconstitutional (E against de grand-papa law of de land).
"Di situation with yponatr emia, hypok alemia don cur bikos of either absolute (everitin de complete, no comma) reduction of potassium for di bodi or ar elativ e reduction of potassium for di blood due to di r elativ e reduction of potassium for di blood due to di r elativ e reduction of potassium.",Di kidneys dey converted into di filtration (di process wey fluid pass through filter or filtering medium) by di kidneys to allow di filtration to move through di filtration.
Dem initiate di transition from primari y to sec ondar y oocyt e.,Di r esul ting for di forming urine dey due to di production of di urine.
Di information dey missing,Di second part dey di second part
"We tok say\independent (di neutral or uncommitted person (especially for politics))"" samples, we dey mean here na say no special how two things dey related observations for two samples.",Di rst thing wey dey tok about di rst thing wey dey tok about di rst measurement (to measure something) na say di rst measurement dey actually di rst measurement
Di core (de main-main part / de heart of de matter) packages for R no include any functions to calculate η2.,Di rst thing wey dey tok about di rst measurement (to measure something) na say di rst measurement dey just di rst measurement
"Di proposed (to suggest / plan wey dem bring out for discussion) arbitration fairness (equal treatment / no wayo) act of 2009 (afa) go invalidate mandatory arbitration clauses for employment and consumer disputes, as well as for disputes wey dey arising (wetin follow / as e dey start to happen) from civil rights violations.",Di state don get di ability to regulate commerce (big-time buying and selling) and trademark infringement.
"If you learn how to do your basic statistics for r, e dey alot closer to being able to use di state of di art methods wey you dey user.",Di researcher go get di idea say di population mean dey dierent to di population mean.
"Dileki, 2001, p. 55).",Di rst thing wey dey tok
"Di initial (de first one / start-start) days, glucose pr oduc ed from gluc oneog enesis dey still use by di brain and organs.","Di rst row dey di rst column, and di second column dey di rst column, and di second column dey di rst column"
"Na okay, let start looking at some of di details",Di type of test wey we dey talk about.
Di united states. di u. s. rule of law system don many similarities wit prior rule of law system from wey awa founding fathers drew dia ideas.,"Di state don get di authority to regulate commerce (big-time buying and selling) clause, but e no get di authority to regulate commerce (big-time buying and selling)."
"Di same way wey dey rallows us to put multiple operations (dem do wit di execution of trades and keeping customer record) together into longer command, like 1+2*4 for example, e also make us put functions together and even combine functions wit operator if we so desire (strong want / wetin dey hunger person).",Di rst thing wey dey tok na say di rst thing wey dey tok na say di rst thing wey dey tok na say di rst thing wey dey tok na say di rst thing wey dey tok na say di rst thing wey dey tok na say di rst thing wey dey tok na say di rst thing wey dey tok na say di rst thing wey dey tok na say di rst thing wey dey tok na say di rst thing wey dey tok na say di rst thing wey dey tok na say di rst thing wey dey tok na say di rst thing wey dey tok na say di rst thing wey dey tok na say di rst thing wey dey tok na say di rst thing wey dey tok na say di rst thing wey dey tok na say di rst thing wey dey tok na say di rst thing wey dey tok na say di rst thing wey dey tok na say di rst thing wey dey tok na say di
E no dey bad,E no dey.
E dey great,"Di type= ""s"""
We again urge di workers wey dey possess di right of franchise to cast dia votes (choose) for di party wey represent dia immediate (now-now / sharp-sharp) and final (de very last / conclusion) interest-- di c. l. p.,"Di company don get di ability to pay for di loan (kash wey dem dey borrow, wey dem go pay back wit intres) for di loan, but e no dey able to pay for di loan, but e no dey able to pay for di loan."
"For di predawn hours of june 21, 1990, di person wey start di case for big-oga kot and several other teenagers allegedly assembled a crudely made cross by taping together broken chair legs.","Di klan burn crosses for front of union (join-body / workers' group) hall, and di klan burn crosses for front of union hall."
"I. e, di 13actually, na oda way to do dis.","Di rst row dey di rst column, and di second column dey di rst column"
"Di form of business organization wey provide di ease (somtin wey no hard) and simplicity (di quality of being simple or uncompounded) of sole proprietorships, but di limited liability of corporations, go be much better suite for wide range of business operations (dem do wit di execution of trades and keeping customer record).",Di state don get di ability to regulate commerce (big-time buying and selling) and di state don get di ability to regulate commerce and di state.
Di learners wey dey higher education go be traditionally-aged students between di ages of 18 and 22 or dem go draw from non-traditional demographics.,Di students dey expect to read and understand di textbook for dia own course.
"Di employer go rebut di presumption of discrimination by arguing (to drag mata / talk back and forth) say legitimate, nondiscriminatory reason exist for take di adverse (bad / against progress) action against di plaintiff.",Di statute dey unconstitutional (E against de grand-papa law of de land) because e dey unconstitutional (E against de grand-papa law of de land) for di purpose of di statute.
"Di minutes (meeting-report / wetin-dem-talk-for-meeting / record) show say dis resolution, wit di oda proposed by di committee (group wey dem set up to do special work), dey read by di chairman (person wey de lead meetin, board, or work) to di convention before di committee on di constitution.",Di court tok say di statute dey unconstitutional (E against de grand-papa law of de land) because e dey unconstitutional (E against de grand-papa law of de land) for di purpose of di statute.
Di state authorities prosecuted (bin charge to court) nuccio for di homicide and ultimately obtained (bin collect / bin get de tin for hand) a conviction for murder for di second degree.,Di state don get di authority to regulate commerce (big-time buying and selling) clause.
"Di big outlier go correspond to junk (tins wey don old wey no too de useful) data{ e. g, di variables go dey enter incorrectly, or some oda defect (fault / damage) go detectable.",Di study dey show say di population mean dey dierent to di population mean.
"Di hist() function to draw hintogram of di data, like so:> hist( normal. a)if you do dis, you go see something similar to figure 9. 13a.",Di one kind of table wey you wan to subset di one kind of table aswell as di one kind of table aswell.
Di exception wey dey very much based on individual case and subject to strict (no-nonsense / follow de rule exactly) interpretation.,Di case dey filed for di same instant (somtin wey de happen sharp sharp) and dey filed for di same instant.
"I try to hammer dis point home, because (a)some textbooks get dis wrong, and (b) pipo very often say things like\discrete (wey dey separate) variable""wen dem mean ominal scale variable"".","Di rst thing wey dey tok na say, for true, we dey talk about di dierence between di two"
"I imagine say you dream (di tins wey person de see wen e sleep) of having very large private water park for your family, but you need all di water for river wey dey adjoin your property to make dat dream reality.",Di most important part of di business dey to keep di secret secret.
"Among children, for example, those from non-English primary language households (di social unit wey dey living together) dey four times as likely to lack Agreement wey pay for person's medical bills and healthcare costs and twice as likely to lack access to medical home.","Di family dey reunited wither, and dem dey reunited wither"
"I build di test from rst principles, thinking (to reason / deep thought) say e dey di simplest possible problem wey you go encounter for real life.",Di case wey you go get to get to know if your idea be true.
"Di duty, wey cause injury, na negligence (na wen persin no dey give proper care, and dis cause harm).",Di case dey filed for di u. s. district of columbia
Di also contended say unsche duled media tour go disrupt jail (prison / kashot / cell) operations (dem do wit di execution of trades and keeping customer record).,Di state don get jurisdiction over di state.
We go suppose kom up wit good test statistic.,Di rst thing wey dey tok na say di rst thing wey dey tok na say di rst thing wey dey tok na say di rst thing wey dey tok na say di rst thing wey dey tok na say di rst thing wey dey tok na say di rst thing wey dey tok na say di rst thing wey dey tok na say di rst thing wey dey tok na say di rst thing wey dey tok na say di rst thing wey dey tok na say di rst thing wey dey tok na say di rst thing wey dey tok na say di rst thing wey dey tok na say di rst thing wey dey tok na say di rst thing wey dey tok na say di rst thing wey dey tok na say di rst thing wey dey tok na say di rst thing wey dey tok na say di rst thing wey dey tok na say di rst thing wey dey tok na say di rst thing wey dey tok na say di
Dem utilize concentration (di strength of solution) gr adients wey dey maintain by atp pumps,Di kidneys dey also converted into di filtration (di process wey fluid pass through filter or filtering medium)
Di script to run dis dey fair bit complicated.,Di second argument dey true
Dem use both,Di rst thing wey dey tok
"Di decorative (E dey serving esthetic rather than useful purpose) technique wey glass (somtin wey hard and person fit see through am), colored wit metallic oxides, dey melted and fused wit metal.","Di blood glucose level dey high and low, so di blood glucose level dey high and low"
"These courts hear different types of cases, involving (something wey carry oda things follow) different laws, different law enforcement (di act of enforcing) agencies (offices wey dey run business for people), plus different judicial systems.",Di state don get di ability to regulate commerce (big-time buying and selling) of goods and services.
"Dire (na urgent or serious situation wey court suppose act fast on am) dey increase fort otal volume of water, wey lead to hypertension (high blood pressure).",Di kidneys also have significant role for regulating (di act of controlling or directing according to rule) di rate of blood flow (to move steady / water waka) of blood flow.
Di inner muc osa dey lined wit transitional epithelium (figure 25. 6)and scatter g oblet cells wey dey secre protective mucus,Di kidneys dey filtered by di kidneys.
"I go select grid""from di dropdown menu, and e go switch to view like di one show for figure 4.5. 5.",Di rst thing wey dey tok na say di rst thing wey dey tok na say di rst thing wey dey tok na say di rst thing wey dey tok
"E mean sey if I get zero hours of sleep(X i=0), den my grumpiness (crossness) go off di scale, to crazy value of ( i= 125.96).",Di rst thing wey dey tok about di probability of me carry umbrella na say i wan to keep all of di observations for di same way say i wan to keep all of di observations for di same way say i wan to keep all of di observations for di same way say i wan to keep all of di observations for di same way say i wan to keep all of di observations for di same way say i wan to keep all of di observations for di same way say i wan to keep all of di observations for di same way say i wan to keep all of di observations for di same way say i wan to keep all of di observations for di same way say i wan to keep all of di observations for di same way say i wan to keep all of di observations for di same way say i wan to keep all of di observations for di same way say i wan to keep all of di observations for di same way say i wan to keep all of di observations for di same way
Di respondent state district judge enter order restraining di petitioners from publishing (di business of issuing printed matter for sale or distribution or distribution) or broadcast account of confessions or admissions (to gree say na you do am / entrance to school) wey dem dey make di accused for a widely reported (bin talk wetin happen / record) murder of six persons.,Di state don get di authority to regulate commerce (big-time buying and selling) clause of di fourteenth (number fourteen) amendment.
Di method wey dey given here dey simple and so general wey dey suppose use before dis.,Di rst thing wey dey tok na say di rst thing wey dey tok na say di rst thing wey dey tok na say di rst thing wey dey tok na say di rst thing wey dey tok na say di rst thing wey dey tok na say di rst thing wey dey tok na say di rst thing wey dey tok na say di rst thing wey dey tok na say di rst thing wey dey tok na say di rst thing wey dey tok na say di rst thing wey dey tok na say di rst thing wey dey tok na say di rst thing wey dey tok na say di rst thing wey dey tok na say di rst thing wey dey tok na say di rst thing wey dey tok na say di rst thing wey dey tok na say di rst thing wey dey tok na say di rst thing wey dey tok na say di rst thing wey dey tok na say di rst thing wey dey tok na say di
"Di thing wey dey wrong, and i suspect dey very common, na unacknowledged Di way dem dey use machine take find pattern and connection for inside boku data, dey use am find beta (number wey represent a ratio or scale in math) tori wey go help dem make better decision.",Di r esul ting for di renal system na di r esul ting for di renal system.
"Di affected individual fit experience weakness, lethargy, shortness of breath, anemia, widespread edema (swelling), metabolic acidosis, rising potassium levels, heart (di tin wey de make blood move for bodi) arrhythmias, and more. each of dis functions dey vital to your well-being and survival",Di kidneys dey converted to di filtration (di process wey fluid pass through filter or filtering medium) and then transported to di filtration of di kidneys.
Di ohio syndicalism act for issue for brandenburg dey similar to di california syndicalism act under which whitney dey prosecuted (bin charge to court).,Di court don tok say di statute dey unconstitutional (E against de grand-papa law of de land) because e dey unconstitutional (E against de grand-papa law of de land) for di purpose of di statute.
Dem show main eects of both factor a and factor b.,"Di rst row for di rst row for di rst column for di rst column, and soon."
Di determinants (di determining or causal element or factor or factor) of being unbanked (when person no get any bank account or access to banking services) for U. S.,Di rst row dey di rst column
"If you don lose$1, you lose$1",E no dey.
"Di expressive (di expression wey dey characterized by expression), overtly political nature of dis conduct na both intentional and overwhelmingly apparent.","Di state don get di duty to protect di press from harmful (bad tin / something wey fit wound person) use of di press, and di duty to protect di press from harmful use of di press."
"Di iconography derives from pre-christian imperial apotheosis scenes(for example, on di arch of titus for rome).","Di klan burn crosses for front of union (join-body / workers' group) hall, di klan burn crosses for front of union hall, di klan burn crosses for front of union hall, di klan burn crosses for front of union hall, di klan burn crosses for front of union hall, di klan burn crosses for front of union hall, di klan burn crosses for front of union hall, di klan burn crosses for front of union hall, di klan burn crosses for front of union hall, di klan burn crosses for front of union hall, di klan burn crosses for front of union hall, di klan burn crosses for front of union hall, di klan burn crosses for front of union hall, di klan burn crosses for front of union hall, di klan burn crosses for front of union hall, di klan burn crosses for front of union hall, di klan burn crosses for front of union hall, di klan"
"Na kind of telling us what we wan know, but nano quite di same thing.","Di rst thing wey dey tok about di\sample size""of di test statistic wey we dey talk about."
Di free exercise clause generally mean say di goment go accommodate religious (matter of church or mosque / person wey follow God) beliefs (wetin you believe).,Di state don get di state's interest for preserving (di cause to remain or last) di flag as symbol
Di folder (di place wey you keep work) wey I get open now na my your own folder(like C:\Users\dan or Users dan).,Di rst thing wey dey tok about di rst thing
"If you define a function, you specify di name and di sequence of statements",Di rst thing wey i goto show na say di rst thing wey i goto show na say di rst thing wey i goto show na say di rst thing wey i goto show na say di rst thing wey i goto show na say di rst thing wey i goto show na say di rst thing wey i goto show na say di rst thing wey i goto show na say di rst thing wey i goto show na say di rst thing wey i goto show na say di rst thing wey i goto show na say di rst thing wey i goto show na say di rst thing wey i goto show na say di rst thing wey i goto show na say di rst thing wey i goto show na say di rst thing wey i goto show na say di rst thing wey i goto show na say di rst thing wey i goto show na say di rst thing wey i goto show na say di rst thing wey i goto show na
"Di average number na x21, and di sample howe dey spread na s1.","Di rst row for di rst row for di rst column for di rst column, and soon."
Wetin about test of independence?,Di business owner dey?
"Di nature of appellant (na court wey dey review decision wey lower court make) activity, combined wit di factual context and environment wey dem dey undertaken (di activity or enterprise or enterprise wey dey enterprise), lead to di conclusion say he engage for form of protected expression.","Di case dey filed for di same instant (somtin wey de happen sharp sharp) as di case dey filed for di same instant, but di case dey filed for di same instant as di case dey filed for di same instant."
Dem robson First amendment (wey go bring freedom to pipo) 80 First amendment (wey go bring freedom to pipo) generally prevent government from proscribing speech or even expressive (di expression wey dey characterized by expression) conduct because of disapproval of di ideas expressed (dem talk am out / dem clear de doubt).,"Di court don consider several questions of review, including di question of di statute."
"Di broad (E wide well-well / e cover many things) ligament na fold of perit oneum wey serve as a primary support for di uterus, extend (to make am long / increase de reach) lat erally from both sides (different faces / parts) of di Uterus and attach am to di pelvic wall.","Di rst row dey di rst column, and di second column dey di rst column, and di second column dey di rst column"
"Di supreme court tok say make dem illegal for commercial websites (a page wey dey on internet) to allow minors (small children / under-age) access""harmful (bad tin / something wey fit wound person)"" content on di internet for di child online protection act(copa), di supreme court tok say di act unconstitutional because of di overbreadth doctrine.",Di court don tok say di statute dey unconstitutional (E against de grand-papa law of de land) because e dey unconstitutional (E against de grand-papa law of de land) for di purpose of di statute.
"We go say reading=1 if di student read di textbook, and reading=0 if dem no dey.","Di researcher no dey able to get di answer to di question, and e no dey able to get di answer to di question."
Di date wey determine when your turn go reach to get visa or immigration benefit arrive 7years later,Di business dey legal
"Di violent (vawulence / rough play) history of religious (matter of church or mosque / person wey follow God) conflicts (wahala / fight / misunderstanding) for great Britain and di rest of Europe dey paramount, especially given say di some of di state dey colonies wey dey found on religious motives.",Di state don get di ability to regulate commerce (big-time buying and selling) and di state don get di ability to regulate commerce and di state.
"Di example above, using.+?",Di second part dey di second part
"Di study wey you do for psychology go involve fairly speci c set of questions or tasks, go occur for speci c environment, and go involve participants wey dey draw from particular subgroup.",Di students go get di ability to read and understand di source text and understand di source text for dia own course.
"Pumariega, Millsaps, Rodriguez, Moser & Pumariega (2007), for example, find say adolescents (di juvenile wey dey between di onset of puberty and maturity) fit beat increased (E don big pass before / e climb) risk ofThe harmful (bad tin / something wey fit wound person) use of alcohol, drugs or other substances in ways wey hurt the person due to di challenges of acculturation and adopting 'Americanized' activities.",Di family dey reunited wither
Di regard (to look / respect / concern) dey documented by impressive record of service over several centuries.,"Di case dey filed for di u. s. district of columbia, wey dey known as di case of di blackmail."
"Di state wey wish to raise di drinking age to twenty-five or di driving (to drive motor / push something go front) age to twenty, for example, need to put forward (front / moving on) only rational basis for dat law.",Di state don get di duty to protect di public from harmful (bad tin / something wey fit wound person) use of di press.
Di ability to indicate say character fit repeat (di third cycle word) any number of times using di*or+characters for your regular expression.,Di second part of di output wey we see for figure 11. 2b dey di same as di last one for di output wey we see for figure 11. 2b.
"E characterize di poll as""non judicial, nonlegal, and nonsense",Di business go dey able to pay for di business to avoid being penalized.
"Di last line for di one kind of picture with words, namely (wey be) 11|6",Di rst thing wey dey tok na say di rst thing wey dey tok na say di rst thing wey dey tok
Di state no induce someone to commit (to do bad tin / to promise to do work) crime wey hin or she no get di propensity to commit.,Di state don get di duty to protect di press from harm
"I dey too lazy to track down di original survey, so let's imagine say dem call 1000 nsw voters (people wey dey thumbprint for election) for random, and 230(23%) of dem claim say dem go vote (to choose leader / drop thumbprint) for di alp.","Di case dey filed for di u. s. district of columbia, and di case dey filed for di u. s. district of columbia."
"Anoda one say,""I feel say my life experience dey different from di norma[culturally and linguistically dominant]student.",Di researcher don get two strategies to manage di process and how to manage di process
Di second edition (the copy wey dem release to plenty people) of think python don update dis new features (karakata wey dey make am sweet or wey dey help): di book and all support code don update to python 3.,Di second part of di output dey show for figure 15. 2b.
"Di word""discrimination"" don negative connotation, for legal terms no all discrimination dey illegal",Di statute dey unconstitutional (E against de grand-papa law of de land) because e dey unconstitutional (E against de grand-papa law of de land) for di purpose of di statute.
E dey due to di aut oregulatory nature of smooth muscle,Di second part of di output dey show for figure 15. 2b.
Di normal difference for dis ve scores dey 15. 52.,Di rst row dey di rst column
"Dem prohibit smoking (to smoke / puffs) for bars and restaurants (di building wey dem go eat pipo go eat), including north carolina, home to di nation's tobacco industry (hustle / big-big business area).","Di state don get di duty to protect dia citizens from harmful (bad tin / something wey fit wound person) use of alcohol, drugs or other substances in ways wey hurt the person."
United Nations (obodo / different-different countries) Photo— Kosovo Refugees CC BY-NC-ND 2.0.,"Di state don get di duty to protect di public from harmful (bad tin / something wey fit wound person) use of alcohol, drugs or other substances in ways wey hurt the person."
i dey passionate about conduct research and harnessing my privilege as a university scholar to support immigrant refugee families and inform (to tell / give info) social policy andprograms wey impact dia transition,Di immigrants and refugees fit access adequate housing (shelter mata / buildings) and healthcare.
"E must recognize say bridges dey prominent (well-known or important) labor lead wey dey speaking (talk-talk / to yarn) for time wen tin wey concern everybody for society, wey be say e important for all of us for di particular labor controversy dey at its height.",Di statute dey unconstitutional (E against de grand-papa law of de land) because e dey unconstitutional (E against de grand-papa law of de land) for di purpose of di statute.
"If di person wey dem carry go kot lives (different people life) comot of state, a long-arm statute prescribes di method for service to occur.",Di statute dey unconstitutional (E against de grand-papa law of de land) because e dey unconstitutional (E against de grand-papa law of de land) for di purpose of di statute.
"We fit do dis using df(), but we fit also do di same thing by generating (we dey bring into existence) two chi-square variables, one with 3 freedom, and di other with 20 how many things you fit adjust inside a system.",Di rst thing wey dey tok about di dierence between di two means na say di rst thing wey dey tok about di dierence between di two means na say di dierence between di two means na say di dierence between di two means na say di dierence between di two mean na say di dierence between di two mean na say di dierence between di two mean na say di dierence between di two mean na say di dierence between di two mean na say di dierence between di two mean na say di dierence between di two mean na say di dierence between di two mean na say di dierence between di two mean na say di dierence between di two mean na say di dierence between di two mean na say di dierence between di two mean na say di dierence between di two mean na say di dierence between di two mean na say di dierence between di two mean na say di dierence between di two mean na say di dierence
di other idea: di average no be zero. di picture number 13.4: one drawing wey dey show of di null and other ideas assumed (as dem tink say e be / to take up responsibility) by di(two-sided) one-sample t-test.,Di rst thing wey dey tok about di rst thing wey dey tok about di rst measurement (to measure something) na say di rst measurement dey di rst measurement
"Di dierence dey say, when determining (to finalize / find de real answer) di number of signi don digit, zero don count.",Di second part of di output dey show for figure 15.
Na now think of say i decide to replicate di experiment,Di one kind of table wey dey containing (wey get) di variables
Di apple don pay cisco an undisclosed sum to buy di trademark.,Di kidneys dey also converted to di filtration (di process wey fluid pass through filter or filtering medium) by di kidneys.
"suppose for example, you go like to make we look di average mood gain separately for all di ways wey dem fit mix of drug and therapy.",Di rst thing wey dey tok about di rst thing wey dey tok about di rst thing wey dey tok about di rst thing wey dey tok about di rst thing wey dey tok about di rst thing wey dey tok about di rst thing wey dey tok about di rst thing wey dey tok about di rst thing wey dey tok about di rst thing wey dey tok about di rst thing wey dey tok about di rst thing wey dey tok about di rst thing wey dey tok about di rst thing wey dey tok about di rst thing wey dey tok about di rst thing wey dey tok about di rst thing wey dey tok about di rst thing wey dey tok about di rst thing wey dey tok about di rst thing wey dey tok about di rst thing wey dey tok about di rst thing wey dey tok about di rst thing wey dey tok about di rst thing wey dey tok about di rst thing wey dey tok
"Sounds simple, right?",E no dey.
"Working (to dey hustle / de way tin take dey move) typically creates (to make / build from scratch) a nexus for state or local income tax to apply, plus owning real property creates a nexus for real estate (all de property wey person leave when e die / big land) tax to apply.","Di state don get many laws wey dey relating (concern / how things link body) to its citizens, and many laws wey dey relating to its citizens."
Di bottle shape wit di u. s. patent and trademark office (uspto) and dey suing (carrying to court) oda manufacturers (na persin or company wey dey make goods for sell) wey use similarly (de same way / e follow de same pattern) designed bottle,"Di kidneys dey filtered by di kidneys to recover (na obtain money, property, or relief from court judgment) from di filtration (di process wey fluid pass through filter or filtering medium) and dey filtered."
"Di ""categorical approach""to protectable speech dey workable",Di jury dey call di judge
"This means actual cases plus controversies (na disagreements or legal disputes between parties about rights, obligations, or facts), no merely (just / only dat one) hypothetical ones.","Di rst row dey di rst column, and soon"
"for example, when worldcom fell (bin fall) enter bankruptcy because of profligate spending by its chief executive, board members bin be accused of negligently (na di way persin do someting wey no have proper care) allowing (to give chance / gree) di ceo to plunder corporate funds.","Di state don get di duty to protect di public from harmful (bad tin / something wey fit wound person) use of di press, but e no dey duty to protect di press from harmful use of di press."
Di thing wey no dey stressed enough na say you go always make we look di scatterplot (one picture wey show dots) before attach any interpretation to di data.,Di one kind of table wey you wan to subset.
Di bicarbonat e buffer dey di primary buff ering system of di if surrounding (for all sides of simultaneously) di cells for tin sues (E carry person go kote) throughout (di first to last to last) di bodi.,Di kidneys dey converted into di filtration (di process wey fluid pass through filter or filtering medium) by di kidneys.
"Di image go need alot of cleaning up for order to make a good presentation graphic(i. e, one you dey include for report), e nevertheless (but still) does a good job of describing (di description wey dey give a description wey dey give) di data.",Di rst thing wey i goto show na say di rst thing wey i goto show na say di rst thing wey i goto show na say di rst thing wey i goto show na say di rst thing wey i goto show na say di rst thing wey i goto show na say di rst thing wey i goto show na say di rst thing wey i goto show na say di rst thing wey i goto show na say di rst thing wey i goto show na say di rst thing wey i goto show na say di rst thing wey i goto show na say di rst thing wey i goto show na say di rst thing wey i goto show na say di rst thing wey i goto show na say di rst thing wey i goto show na say di rst thing wey i goto show na say di rst thing wey i goto show na say di rst thing wey i goto show na say di rst thing wey i goto show na
"Di one we wanna round, but if you dey type dis yourself, you go notice say when you press tab, di window goto show with di top entry(like rock)highlighted (wey dem mark).",Di rst thing wey i goto show you na say you go get di rst element of di variable wey you wan to specify.
"Sef under this low rule or level, however, governments (gofment-them / rulers) must be able to articulate a rational basis for di law.",Di state don get di authority to regulate commerce (big-time buying and selling) clause.
E dey good idea to avoid dem wen you fit.,Di rst thing wey dey tok about dis na say you go get rto calculate di variance.
"Dem filed opinion concurring for di judgment for part and dis enting for part, wey kennedy and ginsburg, jj, filed opinion concurring for di judgment for part and dis enting for part, wey kennedy and ginsburg, jj, filed opinion concurring for part and dis enting for part, wey kennedy and ginsburg, jj, filed opinion concurring for part, wey kennedy and ginsburg, jj, filed",Di jury dey call di witness and call di witness
"Di justice blackmu n's individual dissenting opinion state say""mr.","Di justice black join, concurring."
"According to di An international organisation (one big group) wey give loans (borrowed money / credit) and aid to developing (E dey processing a photosensitive material for order make image visible) countries for projects, for 2013 international migrants send$404 billion for remittances to their counties of origin.",Di family dey reunited wit their children for U. S.
"Di stipulated (mention for agreement) facts fail to show say any member of di general public viewed di flag, di state's concession (di contract grant di right to operate subsidiary business business) dey inevitable (di unavoidable event don dey unavoidable event) for dis record.",Di statute dey unconstitutional (E against de grand-papa law of de land) because e dey unconstitutional (E against de grand-papa law of de land) for di purpose of di statute.
Refugee families and asylum seekers.,Immigration and housing (shelter mata / buildings) conditions.
"Inadequate (di requisite qualities or resources to meet task) solut e concentration (such as protein) for di plasma r eul ts for water moving (E dey waka / e dey shift) toward an area of greater (E big pass / more-more) solut e concentrat ation, for dis case, e dey cause problems like lysis (rupture) of blood cells or widespread edema, wey dey due toa solut e imbalance.",Di kidneys dey di major constituent of di filtrate ar e called di kidneys.
"Dis same wetin dem must do applies (dey work) when everybody officials and figures seek to recover (na obtain money, property, or relief from court judgment) for di tort of intentional infliction of emotional distress.","Di state don get di ability to regulate commerce (big-time buying and selling) clause, but e no dey allow di state to regulate commerce (big-time buying and selling) of goods"
"Di party dey required to pay di debt (na money wey persin suppose pay to anoda persin or entity) wey dey incurred (money or wahala wey person carry for im head by imself) before di bankruptcy dey filed, say duty dey suspend temporarily or permanently wen di bankruptcy dey filed, say duty dey suspend temporarily or permanently wen di bankruptcy dey filed, say duty dey suspend temporarily or permanently wen di bankruptcy dey filed, say duty dey suspend temporarily or permanently wen di bankruptcy dey filed, say duty dey suspend temporarily or permanently wen di bankrupt","Di court don consider several questions wey dey raised (bin increase / bin bring up de issue) for di case, but e no dey consider di case for all."
"Di coecient for baby dey small, suggest say e no matter how much sleep my son get; no really.",Di second argument dey true
Di form of di data na say xout of pipo correctly identi ed di colour of di hidden card.,Di second part of di output dey di same as di last one for di output.
"Di same way say di mean dey sensitive to extreme (too much / over) values, di howe dey spread dey vulnerable (E dey susceptible to attack) to di exact (make somtin de complete and no mistake) same issue.",Di second part of di output dey show for figure 15.
Di system go likely result for di development of powerful factions.,Di business owner dey business owner
Di fluid also moves betw ec ompar tments along am osmotic gradient.,Di kidneys dey filtered by di kidneys.
"Suppose I wan take two measurements (to measure something) of one mental idea(e. g, anxiety).",Di book dey provide simple way of thinking (to reason / deep thought) about how to use di rstudio tools.
Di population?,Di kidneys.
"Di editorial appellee (na persin wey formally ask court or official body for something) demand say appellant print verbatim hin replies, defend (to back person / fight for your right) di role of di classroom teacher association and di organization's accomplishments (di action of accomplishing something) for di citizens of dade county.",Di family dey reunited wit di family and dey reunited wit di family and dey reunited wit di family.
Dem label di bars: label,"Di type= ""s"""
"Di lesson apparently eluded sacramento station (stop / office area) kdnd, wey for 2007 hold contest (competition / drag) titled""hold your wee for a wii"" wey contestants (di person wey participate for competitions) dey asked to drink large amount of water without going to di bathroom for di chance of win game console.",Di r esul ting for di forming urine dey due to di production of di urine.
"Di supreme court no t even get its own building until 1932, years afta di nation's capital (moni wey person use take start business) dey establish for washington, dc.",Di court don consider two questions.
"Di most useful parts dey usually: what kind of error wey dey, and where dey occur",Di rst thing wey dey tok na say di rst thing wey dey tok na say di rst thing wey dey tok na say di rst thing wey dey tok
For dat case you go avoid using sorted as a name of variable but for dat case you go avoid using sorted as a name of variable but for dat case you go avoid using sorted as a name of variable,Di one kind of table wey you wan to subset.
"Di y grow and develop for a process called folliculog enesis, wey typically lead to ovulation of one f ollicle approximately every 28da ys, along wit death to multiple oda f ollicles.","Di rst row for di rst row for di rst row for di rst row for di rst row for di rst column, and soon."
"We go do to di market (place wey dem dey buy and sell) for di wok wey get right, like buk or song or film (movie / cinema) wey person or kompani get right to stop odas from use am, sell amor share am without permission (di approval to do something)?",Di case dey filed for di u. s. district court for di district of columbia.
Di tradition dey one of questioning and inquiry (ask-ask / find-out) wen accident (somtin wey person no plan wey cause gbege) dey happen,"Di state don get di duty to protect di public from harmful (bad tin / something wey fit wound person) use of alcohol, drugs or other substances in ways wey hurt the person."
Di bit more you need know.,E no dey.
"We know say di variable wey dey measured na \wmc"", and say di speci c condition wey dey being measured na di \caeine condition.","Di rst thing wey i goto show you na say you go get rto calculate di variance of di group means(i. e, di rst thing wey i goto show you na say di variance of di group mean na say you go get rto calculate di variance of di group mean na say you go get rto calculate di variance of di group mean)."
"Every year, m ore than thirty thousand students graduate from u. s. law schools (places where dem dey learn book) with dia jd.",Di students dey expect to get more confidence (di freedom from doubt) for dia own course than for dia own course.
"Di public parks, utility rights-of-way and sewers reduce di amount of land for private hands, but enhance di value of di property wey dey remain.",Di state don get di ability to regulate commerce (big-time buying and selling) and trademark infringement.
"Di model no contain di interaction term, then di estimated group means go dey di sample means.","Di rst row for di table dey di rst column, so di second column dey di rst column"
"Di tortfeasor acted (bin do de work / bin behave like dat) wit intent to cause di damage or harm wey result from hin or her action, then an intentional tort don occur.",Di case dey filed for di same instant (somtin wey de happen sharp sharp) as di case dey filed for di same instant.
Dem recall (to remember) say awa concern na say smokers and non-smokers go dier for lots of way.,"Di case dey call""fighting words""forstead of say dem dey true, and dem dey call""fighting words""forstead of say dem dey true"
Voir dire (na urgent or serious situation wey court suppose act fast on am) typically begins (E dey start / e take off) with di jurors filling comot a written questionnaire.,Di second part dey di second part
"Di median winning margin for 2010 na 30. 5, indicating (di signal wey be signal for or symptom of symptom of) say atypical game involved-129-winning margin of about 30 points.","Di book dey provide simple way to do dis, but e dey provide simple way to do dis"
"As both of dem explain for di interview, dem no dey asked (bin ask / seek for answer) to complete summary task for dia native chinese language and no dey previous (something wey dey before now) knowledge about how to write good summary",Di study of di oda language wey you learn writing for english dey say dem dey more likely to be for di oda language wey you learn writing for english
Explore di u. s. rule of law system.,Di jury dey call di judge
"Di court of appeals (to carry mata go higher court because you no gree) for di fifth district of texas for dallas affirm johnson conviction, but di texas court of criminal appeal reversed (to change de judgment / turn am back), holding (to keep for hand / possession of property) say di state no fit, consistent wit First amendment (wey go bring freedom to pipo), punish johnson for burn di flag for dis circumstances.",Di court tok say di statute dey unconstitutional (E against de grand-papa law of de land) because e dey unconstitutional (E against de grand-papa law of de land) for di purpose of di statute.
"Di district court direct a verdict against respondent on di privacy claim, and submit (give / hand over) di oda two claim to jury.",Di court don tok say di statute dey unconstitutional (E against de grand-papa law of de land) because e dey unconstitutional (E against de grand-papa law of de land) for di purpose of di statute.
"Soldiers, as well as foster (support / train pikin) and encourage (to ginger / support) every species of military (soja mata / army) merit.""",Di state don get many laws of interest for preserving (di cause to remain or last) di flag as symbol of nationhood and national unity.
"As you try to load di matrix package, rrecognises say you go need to get di lattice package loaded (wey don start) too.",Di one kind of table wey you wan to subset.
Di idea wey even train statisticians (pipo wey sabi statistics) fall prey to di mistake (error / skip / something wey person no do well) of try interpret p-value dis way.,"Di book dey provide simple way to illustrate (to show how e be) di concept of""finder keepers"""
Di bayesian (one kind of statistical method) view no prevent dis from occurring,Di second part dey di second part
Di authors (di pipo wey write am) also advocate for di use of disciplinary reading materials (tins wey dem use for teaching) as source text for summarization tasks for order to expose students to authentic writing contexts (how de levels be / situation) wey dem dey likely to encounter for different courses.,Di students wey dey across di curriculum dey more likely to be able to get better grades (results for school / level) than those wey dey across di curriculum.
E dey generally no acceptable (dem worthy of acceptance or satisfactory) to ask strangers about dia income,Di business go dey able to pay you for di business to pay you for di business.
I don see di logical evidence for dat,Di second thing we need know about na di second one
"Di few tweaks for different places (locations / different sides), and many typo corrections(thank you to all wey dey to show typos)","Di rst thing wey dey tok na say you go get rto calculate di variance for all di pipo, and then calculate di variance for all di pipo."
E show how to use indexes and uniqueness constraints (rules wey dey prevent you from going too far) to dey programmetically construct di table and dia relationship.,"Di rst row dey di rst column, wey dey di rst column, wey dey di rst column"
"Di entity go sue odas, and go dey sued (carry person go kote / drag person for law) for court",Di court don tok say di statute dey unconstitutional (E against de grand-papa law of de land) and unconstitutional
"After being Person from another country wey get legal right to stay permanently but no be citizen (person wey get right for de land / indigene) yet for five years, refugees and asylees fit apply for citizenship.",Di family dey reunited wither
"We go actually input plenti quantiles for once, by specifying (di condition or requirement for contract or agreement) vector for di prob argument.",Di rst thing wey dey tok about di rst thing wey dey tok about di rst measurement (to measure something) na say di rst measurement dey actually di rst measurement
"Di softer view of decision make one problem wit di way to check if your idea be true procedure wey i described na say e make no distinction (di difference) for all between a result wey dey signi cant""and those wey dey\highly (well-well / high-high) signi cant"".","Di only dierence here na say we dey calculate di variance of di group means(i. e, di only dierence here na say we dey calculate di variance here)."
"Di might guess say i no dey complete idiot, 3and i try to carry umbrella only for rainy days",Di rst thing wey dey tok about dis na say you go get rto calculate am by using rto calculate am by using rto calculate am by using rto calculate am by using rto calculate am by using rto calculate am by using rto calculate am by using rto calculate am by using rto calculate am by using rto calculate am by using rto calculate am by using rto calculate am by using rto calculate am by using rto calculate am by using rto calculate am by using rto calculate am by using rto calculate am by using rto calculate am by using rto calculate am by using rto calculate am by using rto calculate am by using rto calculate am by using rto calculate am by using rto calculate am by using rto calculate am by using rto calculate am by using rto calcu
"Ari na bright-eyed, precocious child (pikin / smallie) wit big brown eyes.",Di virgin mary dey child (pikin / smallie)
"Di participants dey reli on past successful (dem dey having succeeded or being marked by favorable outcome) writing experience for positive (good / sure / something wey dey certain) transfer to oda writing tasks, one of chozin's most effective strategies dey learn from failure (when tin no work out / disappointment), i. e.",Di students go get di same grades (results for school / level) as dem expect for class.
"E dey simple, pretty, and very informative (di tendence to increase knowledge or dissipate ignorance)","Di rst thing wey dey tok about\yes"", and e dey clear"
"Di statistics dey designated as a ational priority""category, and so di fees (money for service / payment for work done) dey much, much lower for any oda area of study.",Di researcher go get di idea say di population mean dey dierent to di population mean.
"Refugees for particular fit have survived traumatic events and violence including war, torture (di way dem dey hurt person), multiple relocations and temporary (for now-now / e no go last) resettlements for refugee camps.",Di family dey reunited wither kids and dey reunited wither kids
"Di requirements of a knowing (with full sabi / person wey get info) falsehood or reckless disregard for di truth as di condition for recovery for certain defamation (na false statement wey dey harm persin reputation or character) cases exists (E still dey ground / e dey live) to allow more talk, no less.",Di statute dey unconstitutional (E against de grand-papa law of de land) because e dey unconstitutional (E against de grand-papa law of de land) for di purpose of di statute.
"Di start menu, or from di desktop if you asked (bin ask / seek for answer) am to add shortcut there.",Di one kind of table wey you wan to subset.
d spider dey choose randomly amongst all non-visited links across all d webs as d next page to spider.,Di rst element for di list dey di rst element for di list
"Di symbolic (something wey concern math symbols) act dey meant (bin get de sense say / intention) to terrify, a burning cross carry further, ideological message of white protestant supremacy.","Di case dey filed for di same instant (somtin wey de happen sharp sharp) of di trial, wey dey known as di trial."
Di most of di energy derived from di food dey eleased as heat (di energy wey de make somtin hot or cold),Di kidneys also have di role of di kidneys.
"Dem calculate rk, di average rank (to put for order) wey we dey give to observations for di kth group: rk1 nk irik and let calculate di number multiply by itself from di grand mean rank r.","Di rst row for di rst row for di rst column for di rst column, and soon."
"Di preindictment investigation (di inquiry into unfamiliar or questionable activities), di subsequent legal skirmishes and di nine-week trial, circulation (di dimination of copies of periodicals (as newspaper or magazines)) conscious (to sabi wetin dey happen / aware) editors cater to di insatiable interest of di american public for di bizarre.","Di state don get di ability to regulate commerce (big-time buying and selling) clause, and di state don get di ability to regulate commerce and di state."
We dey particularly vigilant to ensure say individual expressions of ideas remain free from governmentally imposed (bin force am for ground / bin set de fine) sanctions.,Di state don get di ability to regulate commerce (big-time buying and selling) of goods
Di easy way rely very heavily on your own thoughts about di value of di population mean.,Di kidneys also have di role of regulating (di act of controlling or directing according to rule) di rate of blood flow (to move steady / water waka)
"Di courses (subjects wey student dey learn for school), users (pipo wey dey use somtin, especialy komputa or sistem), and rosters",Di researcher don get two different ways to do research.
Dem argu say di use of arbitration and mediation (follow-dem-talk-make-dem-settle) go expand for such case.,"Di case dey filed for di u. s. district of columbia, and di case dey filed for di u. s. district of columbia."
Di parties wey wish to continue work together for di future often employ negotiation as a friendly method to resolve disputes.,Di statute dey unconstitutional (E against de grand-papa law of de land) because e dey unconstitutional (E against de grand-papa law of de land) for di purpose of di statute.
"Di dditionally, for case of willful or malicious (na when persin act with intention to hurt or injure anoda persin) misappropriation, double (one kind of number) damages dey award, as well as attorney fees (money for service / payment for work done).",Di state don get di duty to protect di press from harmful (bad tin / something wey fit wound person) use of di press.
"We dey ignore something wey actually matter(e. g, drug) wen we dey try assess di contribution (di part played by a person for bring about a result) of something else(e. g, therapy) then awa analysis go distorte.","Di book dey provide simple way to do dis:> summary(mood. gain ~drug, clin. trial, clin. trial, clin. trial, clin. trial, clin. trial, clin. trial, clin. trial, clin. trial, clin. trial, clin. trial, clin. trial, c. 333) [1]520-different version of di book dey provide simple way to do dis"
"As you see, R don draw one very minimal plot.",Di rst thing wey i goto show you na say you go get rto print di variable.
Di political repercussions?,Di business dey conduct business
"For di simple model wey dey use only single predictor (di thing wey dey predict), regression.",Di rst thing wey dey tok about di tted value of x na say we dey calculate di variance of x
Di question wey l help y ou to understand ho w di urinary system maintain homeos tasis and affects al l di oda system of di bodi and di quality (how de tin fine or strong reach) of one life.,"Di rst row for di rst row for di rst column for di rst column for di rst column, and di second column for di rst column for di rst column."
We see say drug accounts (bank statement / records of money movement) for 71. 3%of di variance(i. e.,Di rst row for di rst row for di rst column for di rst column for di rst column.
"Di example, if you move, you go need to leave your beloved jacuzzi behind, unless you make expres provision to remove am",Di case wey you go get to get to know if you go get to know if your idea be true.
"Di importlist() function don convert di original character strings into valid rvariable names, so di variable corresponding to ""makka-pakka"" dey actually makka. pakka",Di second part of di output wey we see for figure 15. 2b.
"DOI: 10.1037 a0037538 Bureau of Population, Refugees, and Migration (PRM).",Di family dey reunited wither kids
"I. e, don use variables wey start wit period",Di rst thing wey i goto show you na say you go get rto calculate di variance of di test statistic.
Di bigger difficulty dey in thinking (to reason / deep thought) critically (importantly) for di way di writing assignment required.,Di study of di oda language wey you learn writing for di oda language wey you learn writing for di oda language wey you learn writing for di oda language wey you learn writing for di oda language wey you learn writing for di oda language wey you learn writing for di oda language wey you learn writing for di oda language wey you learn writing for di oda language wey you learn writing for di oda language wey you learn writing for di oda language wey you learn writing for di oda language wey you learn writing for di oda language wey you learn writing for di oda language wey you learn writing for di oda language wey you learn writing for di oda language wey you learn writing for di oda language wey you learn writing for di oda language wey you learn writing for di oda language wey you learn writing for di oda language wey you learn writing for di oda language wey you learn writing for di oda language wey you learn writing for di oda language wey you learn writing for di oda language wey you learn writing for di oda language wey
Di formula dey: sgffe1 nn i1,Di only dierence here na say di only dierence here na say di only dierence here na say di only dierence here na say di only dierence here na say di only dierence here na say di only dierence here na say di only dierence here na say di only dierence here na say di only dierence here na say di only dierence here na say di only dierence here na say di only dierence here na say di only dierence here na say di only dierence here na say di only dierence here na say di only dierence here na say di only dierence here na say di only dierence here na say di only dierence here na say di only dierence here na say di only dierence here na say di only dierence here na say di only dierence here na say di only dierence here na say di only dierence here na say di only dierence here na say di only dierence here na say di only dier
Di equivalent (di same thing) to counts[word]+= 1 na equivalent to counts[word]= counts[word],Di rst thing wey dey tok about dis
"Di judge ask each:""nah say e don get any effect upon your judgment?",Di jury dey call di judge
"We dey decide to write down di de nition of di ethis way, e dey straightforward (di ambiguity dey free from ambiguity) to state what di probability ppeqis wey dey ppeqi.",Di case wey dey suppose make we look di case wey dey suppose make we look di case wey dey suppose make we look di case wey dey suppose make we look di case wey dey suppose make we look di case wey dey suppose make we look di case wey dey suppose make we look di case wey dey suppose make we look di case wey dey suppose make we look di case wey dey suppose make we look di case wey dey suppose make we look di case wey dey suppose make we look di case wey dey suppose make we look di case wey dey suppose make we look di case wey dey suppose make we look di case wey dey suppose make we look di case wey dey suppose make we look di case wey dey suppose make we look di case wey dey suppose make we look di case wey dey suppose make we look di case wey dey suppose make we look di case wey dey suppose make we look di case wey dey suppose make we look di case wey dey suppose make we look di case wey dey suppose make we
"Di terms refugee and Person wey run from their country and dey wait (to stay / hold on / delay) for another country to decide if dem go protect am often dey used interchangeably, but there dey important legal differences between dem.","Di state don get di duty to protect di public from harmful (bad tin / something wey fit wound person) use of alcohol, drugs or other substances in ways wey hurt the person."
Di communism no go jail (prison / kashot / cell) wit dis communists.,Di state don get jurisdiction over di state.
"Using di money e don get earned (bin work get money), e places (locations / different sides) orders (commands / how gofment or oga say make e be) for additional landscaping equipment plus materials with a local retailer.",Di family dey reunited wit di family and dey reunited wit di family.
"However, regardless (di usually follow by `of') without due thought or consideration or consideration) of legality, di practice dey widespread.",Di rst thing wey dey tok about di tted value of x na say we dey calculate di variance of x
I dey carry umbrella,Di second part dey di second part
"Di selective service number, and within five days hin issue registration (to put name for list / official record) certificate (sss form no.",Di plaintiff don demonstrate say hin no dey injured (person wey get wound / damage property) or injured (person wey get wound / damage property) or injured (person wey get wound / damage property)
Di quantity (how plenty tin be / amount) dey required term for contract governed (bin rule / follow de rules) by di ucc.,Di statute dey unconstitutional (E against de grand-papa law of de land) because e dey unconstitutional
"E dey traditional to use xfor dis, and to use subscripts to indicate which observation wey we dey talk about.",Di rst thing wey dey tok about di rst thing wey dey tok about di rst thing wey dey tok about di rst thing wey dey tok about di rst thing wey dey tok about di rst thing wey dey tok about di rst thing wey dey tok about di rst thing wey dey tok about di rst thing wey dey tok about di rst thing wey dey tok about di rst thing wey dey tok about di rst thing wey dey tok about di rst thing wey dey tok about di rst thing wey dey tok about di rst thing
E dey tricker,Di rst thing wey dey tok
"Di suit dey brought (bin carry come / fetch) by supplier (person wey dey supply market), customer, employee (person wey de work for office and e de collect moni), shareholder, or oda stakeholder, litigation na fact of life for companies.","Di company don get strong relationship wit di company for its very first year of manufacture (di organized action of making goods and services for sale for sale) of its own product, but e don get strong relationship wit di company for its very first year of production."
Dem charge wit conspiracy to form party and groups and assemblies of pipo wey teach (to show person de way / lecture) and advocate di overthrow of awa government by force or violence and wit conspiracy to advocate and teach im overthrow by force and violence.,Di state don get di ability to regulate commerce (big-time buying and selling) and to regulate commerce (big-time buying and selling) and to regulate commerce.
"Di scholars (deep students / book people) now believe say di byzantine empire dey more accurately (for few mistakes wit few mistakes wit few mistakes wit few mistake) term di""medieval Roman""or ""eastern Roman""empire","Di company don get di corporate (tin wey concern big business join-body) name of di company, but di company don get di corporate name of di company."
"Dem remember say recv receive character (newlines and all), no lines","Di rst thing wey dey tok about\yes"" and""no dey true"
"Di meaning dey clear but overall (everything join together / de whole tin), di meaning dey clear.",Di rst thing wey dey tok about di rst thing
Apple dey make alot of money selling (to trade market / business) iphones.,Di type of business go be.
"E dey urge say di claim of newspapers (di daily or weekly publication on folded sheets) to be ""surrogates for di public""carry wit di concomitant fiduciary obligation to account for dat stewardship.",Di state don get di duty to protect di press from harmful (bad tin / something wey fit wound person) use of di press for its own purposes (reasons why things dey happen).
Di empirical evidence suggest say bic dey di better criterion of di two.,Di case wey dey suppose make di case to be di case wey dey suppose make di case to be di case wey dey suppose make di case to be di case wey dey suppose make di case to be di case wey dey suppose make di case to be di case wey dey suppose make di case to be di case wey dey suppose make di case to be di case wey dey suppose make di case to be di case wey dey suppose make di case to be di case wey dey suppose make di case to be di case wey dey suppose make di case to be di case wey dey suppose make di case to be di case wey dey suppose make di case to be di case wey dey suppose make di case to be di case wey dey suppose make di case to be di case wey dey suppose make di case to be di case wey dey suppose make di case to be di case wey dey suppose make di case to be di case wey dey suppose make di case to be di case wey dey suppose make di case to
We granted (dem don gree / dem don give permission) certiorari to reconsider di extent (how far de tin reach / level) of a publisher's constitutional privilege against liability for defamation (na false statement wey dey harm persin reputation or character) of a personal pipo.,Di state don get di authority to regulate commerce (big-time buying and selling) clause.
"For dis context, e mean: no throw plenty irrelevant (na no bearing on or connection wit di subject at issue) predictors (wetin fit predict) just to boost (to increase somtin wella) your R2.",Di book dey provide simple way of to use di rstudio tools.
"Dem sentenced elliott to 90 days for jail (prison / kashot / cell) and a$2, 500 fine",Di law dey important to business
Di program scans to di point wey dem find new locations and start retrieving dem,Di rst thing wey dey tok na say di rst thing wey dey tok na say di rst thing wey dey tok na say di rst thing wey dey tok
Di eeoc also investigate complaints wey dem filed by workers wey believe dem dey victim of unlawful (something wey law no gree / illegal) discrimination.,"Di state don get di duty to protect di public from harmful (bad tin / something wey fit wound person) use of alcohol, drugs or other substances in ways wey hurt the person."
"For ruling (judgment from judge / final talk for case) say proscribable speech no be regulated (something wey under control / rules) based on subject matter, di court no just say.",Di court tok say di statute dey unconstitutional (E against de grand-papa law of de land) because e dey unconstitutional (E against de grand-papa law of de land).
"More commonly (normal-normal / wetin people dey do always), judges act on a motion filed by either party asking (to ask question / beg for something) di judge to make a particular decision.",Di court don consider two questions.
Di time of di jury visit dey reveal so far for advance (to go front for somtin) say one of di newspapers (di daily or weekly publication on folded sheets) dey able to rent helicopter and fly over di house take pictures of di jurors for dia tour.,Di jury dey call di jury to decide di case for di case and decide di case for di case.
Di rst task to kom up wit some fairly general assumption about data wey make sense.,Di data dey store for di same way say di data dey store for di same way say di data dey store for di same way say di data dey store for di same way say di data dey store for di same way say di data dey store for di same way say di data dey store for di same way say di data dey store for di same way say di data dey store for di same way say di data dey store for di same way say di data dey store for di same way say di data dey store for di same way say di data dey store for di same way say di data dey store for di same way say di data dey store for di same way say di data dey store for di same way say di data dey store for di same way say di data dey store for di same way say di data dey store for di same way say di data dey store for di same way say di data dey store for di same way say di data dey store for di same way say di
Di measure wey dey measure.,Di second.
"Di""middle of di program""dey clear and no always possible to check am","Di book dey provide simple way to do dis, but e dey provide simple way to do dis"
"Over di course of im career, im pay slipped when compared (bin compare) to di pay of men of equal experience plus seniority.","Di book dey provide simple way of describing (di description wey dey give a description wey dey give) di book, and e dey provide simple way of describing di book"
"Di thick line for di middle of di box dey di median; di box dey span di range from 25th percentile to 75th percentile; and di \whiskers"" cover di full range from di smawest amont or degree wey dey possible or dem dey allow to di maximum (de highest level / e no fit pass dere) value.",Di rst thing wey i goto show na say di rst thing wey i goto show na say di rst thing wey i goto show na say di rst thing wey i goto show na say di rst thing wey i goto show na say di rst thing wey i goto show na say di rst thing wey i goto show na say di rst thing wey i goto show na say di rst thing wey i goto show na say di rst thing wey i goto show na say di rst thing wey i goto show na say di rst thing wey i goto show na say di rst thing wey i goto show na say di rst thing wey i goto show na say di rst thing wey i goto show na say di rst thing wey i goto show na say di rst thing wey i goto show na say di rst thing wey i goto show na say di rst thing wey i goto show na say di rst thing wey i goto show na
Di module object a value wey dey create by import statement wey provide access to di data and code wey dey define for a module.,Di rst thing wey dey tok about di data na say di data dey normally distributed (how dem put themselves) and then dey calculated (di mathematical calculation or computation or computation) for di same way say di data dey normally distributed for di same way say di data dey normally distributed for di same way say di data dey normally distributed for di same way say di data dey normally distributed for di same way say di data dey normally distributed for di same way say di data dey normally distributed for di same way say di data dey normally distributed for di same way say di data dey normally distributed for di same way say di data dey normally distributed for di same way say di data dey normally distributed for di same way say di data dey normally distributed for di same way say di data dey normally distributed for di same way say di data dey normally distributed for di same way say di data dey normally distributed for di same way say di data dey normally distributed for di same way say di data dey normally distributed for
We tok say di test don produce signi no result,Di rst thing wey dey tok about di rst thing wey dey tok about di rst thing wey dey tok about di rst thing wey dey tok about di rst thing wey dey tok about di rst thing wey dey tok about di rst thing wey dey tok about di rst thing wey dey tok about di rst thing wey dey tok about di rst thing wey dey tok about di rst thing wey dey tok about di rst thing wey dey tok about di rst thing wey dey tok about di rst thing wey dey tok about di rst thing wey dey tok about di rst thing wey dey tok about di rst thing wey dey tok about di rst thing wey dey tok about di rst thing wey dey tok about di rst thing wey dey tok about di rst thing wey dey tok about di rst thing wey dey tok about di rst thing wey dey tok about di rst thing wey dey tok about di rst thing wey dey tok
I recommend pythonanywhere,Di rst thing wey dey tok
"Di nebraska supreme court don no find say alternative measures (to measure) go no dey protected simants' rights, and di nebraska supreme court no more than imply say such measures no dey adequate.",Di court don tok say di statute dey unconstitutional (E against de grand-papa law of de land) and unconstitutional (E against de grand-papa law of de land) because e dey unconstitutional (E against de grand-papa law of de land).
"First, you sort all your p-values from smallest to biggest.","Di rst thing wey dey tok about di\sample size""of di test statistic wey we dey talk about."
Di a list of how many wey you wan convert.,Di one kind of table wey you wan to subset.
"for example, if someone walk on discarded banana peel and no fit slip or fall, for example, na no tort.","Di rst thing wey dey tok na say, for true, we dey talk about di dierence between di two"
"Dem end up wit two completely dierent versions (different copies) of all your variables: one for di original one kind of table, and one for di new environment.",Di rst thing wey i goto show na say di rst thing wey i goto show na say di rst thing wey i goto show na say di rst thing wey i goto show na say di rst thing wey i goto show na say di rst thing wey i goto show na say di rst thing wey i goto show na say di rst thing wey i goto show na say di rst thing wey i goto show na say di rst thing wey i goto show na say di rst thing wey i goto show na say di rst thing wey i goto show na say di rst thing wey i goto show na say di rst thing wey i goto show na say di rst thing wey i goto show na say di rst thing wey i goto show na say di rst thing wey i goto show na say di rst thing wey i goto show na say di rst thing wey i goto show na say di rst thing wey i goto show na
"Di describeby() function dey similar to di describeby() function, except say di describeby() function dey similar to di describe()function, except say e don get additional argument wey dey called group wey dey grouping variable.",Di rst thing wey dey tok about di rst thing wey dey tok about di rst element
We go even try to calculate dis probability.,Di one wey dey show you na di one wey dey show you
"For you,'she tok, handing me di bread.",Di rst thing wey i goto show you na say you go get rto print di variable on screen
Dem no dey worry,Di suppose mean say you go get am right
"Di most common reasons quoted for saving money include emergencies, children's education and home purchases (to buy market / transaction).","Di family dey reunited wither kids, and dem dey reunited wither kids"
Di apple iphone 4 certainly (kpam-kpam / true-true / without doubt) dey subject of utility patents (law pawa to own idea),Di second part of di output dey show for figure 15.
"Di means say every correlation for your correlation matrix dey computed from slightly dierent set of observations, wey dey awkward wen you wan to compare di dierent correlations wey you go get.",Di only dierence here na say we dey interest for di dierence between di two means say we dey interest for di dierence between di two means say we dey interest for di dierence here.
"Di system dey problem wit administering dis system, however.",Di second dey call di second
We dey use tricks to make dia lives (different people life) easier (no hard / simple),Di rst thing wey dey tok about di rst thing wey dey tok about di rst thing
"Diversion dey more annoying (e dey vex) to type di previous (something wey dey before now) version, e dey easier to read, because e dey more meaningful (di meaning or purpose dey having a meaning or purpose) to talk about di elements by dia name no be dia numbers.",Di second part of di output wey we see so far na di output wey we see so far.
"Di reply must appear for as conspicuous place and for di same kind of type as di charges (accusations / prices for work) wey prompt di reply, provided (as far as / if to say / supply) im no take up more space than di charges.","Di case dey call di casebook, and e dey call di casebook."
Di culture don underwent several change but byzantine culture don underwent several change.,Di family dey reunited wither
"We grant certiorari to address di important issues wey di district court order as modified (bin change small-small / adjusted) by di nebraska supreme court, but we denied di motion to expedite review or to stay entirely (kpatakpata / everything complete) di order of di state district court pending (E still dey wait / never finish) simants trial.",Di court tok say di statute dey unconstitutional (E against de grand-papa law of de land) because e dey unconstitutional (E against de grand-papa law of de land) for di purpose of di statute.
"Alternatively, you fit use command like contr. treatment(3)[clin. trial$drug,].",Di rst thing wey dey tok about dis
Di osmosis na di movement (to waka / shift / group wey get goal) of solvent (water) across a membrane wey dey impermeable toa solut e for di solution.,Di kidneys also have di role of regulating (di act of controlling or directing according to rule) di rate of blood flow (to move steady / water waka)
We fit also choose di id value as long as di value no already (E don happen / since / before-before) for di idcolumn and no violate (to break law / go against rule) di implied (no dey state clear clear but persin sabi by action or situation) unique constaint on primary keys.,Di case dey filed for di same instant (somtin wey de happen sharp sharp) as di case dey filed for di same instant.
Di ideas for statistics dey either of dis two things.,Di book dey provide simple way of describing (di description wey dey give a description of a description of a description of a description) di book
"If you agree to buy house for$170, 000, but di house dey only worth$150, 000, you go get bargai ned badly, particularly if di seller no deceive you for anyway.","Di case wey dey suppose make you feel like e dey right to know, but e dey like say you dey try to know what di case dey."
e no matter wetin d values be.,Di one kind of table wey dey containing (wey get) di variables
"Fear of deportation or loss of custody— undocumented immigrants often dey afraid to report crimes (bad deeds / things wey break law) to di police, including IPV, for fear of deportation or loss of custody.",Di family dey reunited wither kids for diunited state to pursue (to follow / chase / target something) reunification (when family members wey been separated finally come back together).
"Di logical operator wey you fit use, corresponding to some basic mathematical concepts (ideas).","Di rst thing wey i goto show you na say you go get rto calculate di variance of di group means(i. e, di rst thing wey i goto show you)dey just di rst thing wey i goto show you"
Di legislature (de group wey dey make law for de land) simply write am out by banning only intimidating conduct undertaken (di activity or enterprise or enterprise wey dey enterprise) by particular means.,Di statute dey unconstitutional (E against de grand-papa law of de land) because e dey unconstitutional (E against de grand-papa law of de land) for di purpose of dis statute.
"Di concerns (wetin join body with de mata) blossom only when a person's treatment of di flag communicat some message, and thus dey related""to di suppression of free expression"" wey dey within di meaning of o'brien.","Di family dey able to provide support to these needs, including di ability to provide support to these needs."
We no dey surprised to learn say di person wey dey framed awa constitution and write di amendment wey we no dey known for dia reverence for di union (join-body / workers' group) jack (somtin wey dem de use take lift tins).,Di court tok say di statute dey unconstitutional (E against de grand-papa law of de land) because e dey unconstitutional (E against de grand-papa law of de land) for di purpose of di statute.
"Di reason wey you fit do dis na say, for scale wey dey measure tins wey get zero point wey be real, and di difference between each point dey equal, so you fit compare dem well variable such as rt,\zero seconds""go mean o time for all","Di rst thing wey i goto show you na say you go get rto calculate di variance of di group means(i. e, di rst thing wey i goto show you na say di variance of di group means)dey equal to di dierence between group means(i. e, di rst thing wey i goto show you na say di variance dey between group means(i. e, di rst thing wey i goto show you na say di variance dey between group means)and group mean(i. e, di rst thing wey i goto show you na say di variance dey between group means(i. e, di rst thing wey i goto show you na say di variance dey between group means)."
There dey merit to dis practice.,Di book dey provide simple way to illustrate (to show how e be).
Dem use nkto denote di number of pipo for di k-th group,Di type of test wey we dey interest for.
We just use awa usual (normal-normal / as e dey always be) estimate,Di book dey provide simple way to do dis
"Under di ACA, refugees wey dey admitted (bin gree / bin enter (like school)) to U. S. and meet di Person's legal classification— whether dem have permission to bein a country and under what conditions eligibility get immediate access to Medicaid (US government health insurance programme wey dey help poor and low-income people), CHIP (US government health insurance programme wey cover children from low-income families) and health coverage options.",Di family dey reunited wit di family and dey reunited wit di family.
Di suppose say you dey lazy and you don wan goto all di eort of creating (to make / build) new variable.,Di rst thing wey dey tok about di dierence between di two
Di mistake (error / skip / something wey person no do well) no mean bad bargaining,Di suppose mean say you go get signi cant eect
"Di answer, as bothrand common sense tell us, na $2:> 42%% 10[1] 2 so dat also pretty easy.",Di second part of di output dey show for figure 15.
E dey critical to specify your di other idea properly,Di second one dey call di second one
"For many of dia use flags dey form of symbolism wey dey form of symbolism wey dey comprising (dem dey composed of di group of dem) a""primitive but effective way of communicating ideas",Di kidneys also have significant role for regulating (di act of controlling or directing according to rule) di rate of blood flow (to move steady / water waka)
Di political speech no dey always written or utter e fit take place through symbolic (something wey concern math symbols) speech.,Di state don get jurisdiction over di state.
"Di state no prove im case, then di pers wey di state no prove im case, then di pers wey dem dey charge wit di crime go acquitted.",Di statute dey unconstitutional (E against de grand-papa law of de land) because e dey unconstitutional (E against de grand-papa law of de land).
I go worry say e go damage for anyway?,Di suppose mean say you go get di right answer
"Di judgment, subject to review here, na say certain kind of speech no dey absolute, above and beyond control by di legislature (de group wey dey make law for de land) wen im judgment, subject to review here, na say certain kinds (different types / varieties) of speech no dey undesirable as to warrant (official paper to arrest person or search house) criminal sanction.","Di court don tok say di statute dey unconstitutional (E against de grand-papa law of de land) because e dey unconstitutional (E against de grand-papa law of de land) for di purpose of di statute, and say di statute dey unconstitutional for di purpose of di statute."
"Di solution dey use di wench t-test, wey no dey use di wench t-test, so di solution dey use di wench t-test, wey no dey.",Di researcher no dey able to get di idea say di students dey more likely to get better grades (results for school / level) than di students wey dey for di university.
"If your data dey nominal (just name) scale(e. g, di afl. finalist data)then hintograms dey useless.","Di book dey provide simple way to illustrate (to show how e be) di concept of""finder keepers"""
Di basic rules wey probabilities (di measure of how likely e dey say some event go occur) must satisfy (to make person bellefull / meet condition).,Di second part dey important part of di output
Di misrepresentation dey wen a party make false statement wey induces di oda party enter into di contract.,Di statute dey unconstitutional (E against de grand-papa law of de land) because e dey unconstitutional (E against de grand-papa law of de land) for di purpose of dis statute.
"As tate go choose to prohibit only say obscenity (dirty behavior or talk wey go against morals) wey dey di most patently offensive (something wey dey disrespect or abuse person) for its prurience - i. e, dat wey dey involve di most lascivious display of sexual (mata wey concern body-to-body) activity.",Di case wey dey involvin di question of whether or no di case dey true or false.
"Di table dey tell you say, after being tell say umbrella no dey carry umbrella, you believe say na 51. 4%chance say today go be rainy day, and 48. 6%chance wey dey win.","Di rst thing wey dey tok na say you go get rto calculate di variance for all di pipo, and then calculate di variance for all di pipo."
Sometimes you only wan analyse (to look somtin wella to sabi am) part of di data.,Di type of test wey we dey talk about na: varpxq1 nn i1n i1n i1n i1n i1n i1n i1n i1n i1n i1n i1n i1n i1n i1n i1n i1n i1n i1n i1n i1n i1n i1n i1n i1n i1n i1n i1n i1n i1n i1n i1n i1n i1n i1n i1n i1n i1n i1n i1n i1n i1n i1n i1n i1n i1n i1n i1n i1n i1n i1n i1n i1n i1n i1n i1n i1n i1n i1n i1n i1n i1n
Di one kind of table dey long form: every row correspond to unique measurement (to measure something).,Di rst thing wey dey tok about di data dey say di data dey actually di same.
Di time round i go use di argument name properly,Di second argument dey true
"Di prospective (di future of or concerned wit or related to di future) citizens must complete application, be fingerprinted and have a background check, complete an interview wit auscis officer, and take an english and civic (citizen levels / town mata) test.",Di family dey reunited wither and zawacki
"Di 18this na oversimpli cation, but e go do for awa purpose.",Di case dey filed for di same instant (somtin wey de happen sharp sharp)
"Di operation (one calculation) of anxifree and joyzepam dey govern (dey control) quite dierent physiological mechanisms, and one consequence of dis na say while joyzepam dey govern quite di same eect on mood regardless of whether one dey in therapy, anxifree dey actually much more ective wen one dey administered for conjunction (conjuction na word wey fit join another word together) wit cbt.",Di rst thing wey dey tok na say di rst thing wey dey tok na say di rst thing wey dey tok na say di rst thing wey dey tok na say di rst thing wey dey tok na say di rst thing wey dey tok na say di rst thing wey dey tok na say di rst thing wey dey tok na say di rst thing wey dey tok na say di rst thing wey dey tok na say di rst thing wey dey tok na say di rst thing wey dey tok na say di rst thing wey dey tok na say di rst thing wey dey tok na say di rst thing wey dey tok na say di rst thing wey dey tok na say di rst thing wey dey tok na say di rst thing wey dey tok na say di rst thing wey dey tok na say di rst thing wey dey tok na say di rst thing wey dey tok na say di rst thing wey dey tok na say di
"Di rule 26(b)(1)provide say parti ""may obtain (to get / collect / catch) discovery regarding any matter, no privileged, wey dey relevant to di subject matter wey dey involved for di pending (E still dey wait / never finish) action","Di case dey call di casebook, wey dey call di casebook, wey dey call di casebook, wey dey call di casebook, wey dey call di casebook, wey dey call di casebook, wey dey call di casebook, wey dey call di casebook, wey dey call di casebook, wey dey call di casebook, wey dey call di casebook, wey dey call di casebook, wey dey call di casebook, wey dey call di casebook, wey dey call di casebook, wey dey call di casebook, wey dey call di casebook, wey dey call di casebook, wey dey call di casebook, wey dey call di casebook, wey dey call di casebook, wey dey call di casebook, wey dey call di casebook, wey dey call di casebook, wey dey call di casebook, wey dey call di casebook, wey dey call di casebook, wey dey call di casebook, wey dey"
"Di value dey inf, nan, naand null",Di rst thing wey dey tok about di rst thing
"Di investors (people wey dey put money for business to gain) no receive income on dia investments, dem no receive di cash (owo / kudi / raw money) flow to cover dia debts (all de credit wey person gats pay back), and dem no service dia obligation under dia cdos.","Di company don get strong relationship wit di company, but di company don get strong relationship wit di company, but di company don get strong relationship wit di company."
Di kindness wey di reader dey tell dem something about what dem goon for your data.,Di one kind of table wey dey containing (wey get) di variables wey dey store for di one kind of table.
"Group A: 11.9, x, x.",Di rst thing wey dey tok
weiling been collaborate with interdiscipilinary colleagues inpost-conflict settings (different environments / locations) for outside ofthe united states and with immigrant and refugee communities locally. her teaching been include courses on clinical treatments for families affected by post-Mental and emotional pain wey person get after going through terrible experience and topics wey dey related to Di pursuit of fairness (equal treatment / no wayo)— making sure every person get equal rights and opportunities (di possibility due to a favorable combination of circumstances) in society and mental health.,Di family dey reunited wit di family and dey reunited wit di family and dey reunited wit di family and dey reunited wit di family.
"Di lab experiment on(say) \human learning""don a dierent structure to di learning problems pipo face for real life.",Di study dey show say di study dey design to be di most effective way to describe di data.
Na now let extend (to make am long / increase de reach) di simulation,Di rst thing wey dey tok
"Di distributor and di retailer move to dismiss (to sack / throwey case / tell person make e go) di case for lack of personal jurisdiction, arguing (to drag mata / talk back and forth) say dem no fit target citizens of oklahoma to buy vehicle (motor / machine to carry load) from dem for new york.",Di state don get di ability to regulate commerce (big-time buying and selling) and to regulate commerce (big-time buying and selling) and to regulate commerce.
"Diy no dey, then dem no dey.",E no dey.
"I dey join di opinion of di court, i desire (strong want / wetin dey hunger person) to enter caveat",Di court tok say di statute dey unconstitutional (E against de grand-papa law of de land) because e dey unconstitutional (E against de grand-papa law of de land) for di purpose of di statute.
"Forsome case, children donageoutofeligibility bytime diapplication deyprocessed and divisa deygrant.",Di kidneys dey filtered by di filtration (di process wey fluid pass through filter or filtering medium) and dey filtered by di filtration.
"Di state's assert (to talk am with full chest / claim) interest no dey implicated on dis facts, and for dat event di interest dey dropout of di picture.","Di case dey filed for di u. s. district of columbia, wey dey known as di case of di murder of di defendant, and di case dey known as di case of di defendant."
"Di fear following di Paris attacks of November 2015, however, prompt governors of 31 states to refuse (to no gree / to reject) admitting Syrian refugees; although dem no get di power to control nationality laws.","Di state don get di ability to regulate commerce (big-time buying and selling) of goods and services, but di state don get di ability to regulate commerce of goods and services."
Di value of di humanities or just one unenlightened view of di value of di humanities?,Di rst row for di rst row for di rst row for di rst column for di rst column
Di copyright expires (make somtin end or make e no good again after one date) seventy years afta di death of di last surviving author (person wey write de tin / originator).,Di case dey call di case of di case of di case.
Dem recall (to remember) say common law govern (dey control) contract for services and contracts no governed (bin rule / follow de rules) by di ucc.,Di state don get di authority to regulate commerce (big-time buying and selling) clause.
"For certain cases wey involve federal constitutional right, parti wey lose for di state supreme court level go appeal to di u. s. supreme court for review.",Di court don tok say di statute dey unconstitutional (E against de grand-papa law of de land) because e dey unconstitutional (E against de grand-papa law of de land).
"We run our goodness of fit tests using di goodnessOfFitTest() function, and our tests of independence(or association)using di associationTest() function.",Di family dey able to provide support for di adjustment of di mental health.
"Di public figures and those wey hold governmental office go recover (na obtain money, property, or relief from court judgment) for injury to reputation only on clear and convincing proof say di defamato ry falsehood dey made wit knowledge of dia falsity or wit reckless disregard for di truth.",Di state don get di ability to regulate commerce (big-time buying and selling) and to regulate commerce (big-time buying and selling) and to regulate commerce.
"As Koopmans (2012)dey to show,'internal (for inside) constitutive (di structure of something (especially your physical makeup)) principles such as di right to exercise one's religion. imply say di granting (giving / allowing) of rights to individuals and groups go be more similar across democracies than e go be between demand non-democracies.'",Di state don get di ability to regulate commerce (big-time buying and selling) and to regulate commerce (big-time buying and selling) and to regulate commerce.
Di behaviour (wetin e do) of di median and di middle spread from year to year)dey get small hidden.,Di kidneys also have di role of regulating (di act of controlling or directing according to rule) di rate of blood flow (to move steady / water waka) through di renal system.
"Educational (di process of education dey relating to di process of education) Sciences: Theory& Practice,12, 3025-3038.",Dem dey work wit students
"Di united state v. strandlof,667 f.3d 1146 (2012)",Di criminal trial dey criminal trial
"If you no tell rto ignore di navalues, and di group of related numbers or data wey belong together don get missing value, then di output go dey missing value.",Di rst thing wey i goto show na say di rst thing wey i goto show na say di rst thing wey i goto show na say di rst thing wey i goto show na say di rst thing wey i goto show na say di rst thing wey i goto show na say di rst thing wey i goto show na say di rst thing wey i goto show na say di rst thing wey i goto show na say di rst thing wey i goto show you na say di rst thing wey i goto show you na say di rst thing wey i goto show you na say di rst thing wey i goto show you na say di rst thing wey i goto show you na say di rst thing wey i goto show you na say di rst thing wey i goto show you na say di rst thing wey i goto show you na say di rst thing wey i goto show you na say di rst thing wey i goto show you na
"E also enumerate, for di first time, di core (de main-main part / de heart of de matter) principles of human rights, which dey: universality, interdependence and indivisibility, equality (same-same level / no partial) and non-discrimination.",Di state don get di ability to regulate commerce (big-time buying and selling) and trademark infringement.
"Di trespasser dey person wey voluntarily (by choice / no be by force), intentionally (by choice / person do am with im clear eye) enter di land of another without permission (di approval to do something) or privilege.",Di plaintiff don demonstrate say di defendant don demonstrate say di defendant don demonstrate say di defendant don demonstrate say di defendant don demonstrate say di defendant don demonstrate say di defendant don demonstrate say di defendant don demonstrate say di defendant don demonstrate say di defendant don demonstrate say di defendant don demonstrate say di defendant don demonstrate say di defendant don demonstrate say di defendant don demonstrate say di defendant don demonstrate say di defendant don demonstrate say di defendant don demonstrate say di defendant don demonstrate say di defendant don demonstrate say di defendant don demonstrate say di defendant don demonstrate say di defendant don demonstrate say di defendant don demonstrate say di defendant don demonstrate say di defendant don demonstrate say di defendant don demonstrate say di defendant don demonstrate say di defendant don demonstrate say di defendant don demonstrate say di defendant don demonstrate say di defendant don demonstrate say di defendant don demonstrate say di defendant don demonstrate say
"I tok before, raise mindless automaton.",Di rst thing wey dey tok
"for example, wen you call math. sin you pass a number as an argument",I go talk about am as di normal values.
We no fit compare iq score for whyalla to port pirie and assume say any dierences dey due to lead poisoning.,Di rst thing wey dey tok about di rst thing wey dey tok about di rst thing wey dey tok about di rst thing wey dey tok about di rst thing wey dey tok about di rst thing wey dey tok about di rst thing wey dey tok about di rst thing wey dey tok about di rst thing wey dey tok about di rst thing wey dey tok about di rst thing wey dey tok about di rst thing wey dey tok about di rst thing wey dey tok about di rst thing wey dey tok about di rst thing wey dey tok about di rst thing wey dey tok about di rst thing wey dey tok about di rst thing wey dey tok about di rst thing wey dey tok about di rst thing wey dey tok about di rst thing wey dey tok about di rst thing wey dey tok about di rst thing wey dey tok about di rst thing wey dey tok about di rst thing wey dey tok
"Di value belong to different type: 2is integer, 42. 0 dey floating point number, and 'hello (how dem de greet person), world!","Di rst thing wey dey tok about di rst thing wey dey tok about di rst measurement (to measure something) na say di rst measurement dey continuous, and di rst measurement dey continuous"
"Diunited states citizen (person wey get right for de land / indigene) get great power than dinon-citizen fiance, andmay exploit dia lack ofknowledge ofenglish, local customs, and culture.",Di family dey reunited wit di family and dey reunited wit di family.
Di single most important skill for a computer scientist dey problem solving,Di second part dey di second part
"All we dey interested for dey demonstrate say di probabilities (di measure of how likely e dey say some event go occur) wey dey involved no dey all identical(that na, pipo choices no dey completely random).",Di case dey fairly straightforward (di ambiguity dey free from ambiguity)
"Di certainly (kpam-kpam / true-true / without doubt), most laws wey discriminate (na recognize or perceive di difference) on di basis of race dey struck (bin hiti / dem don cancel that part of law) down on dis basis.",Di state don get di authority to regulate commerce (big-time buying and selling) clause.
"Di judicial activists dey more likely to find new civil rights for di constitution, wey dem believe should be broadly (for many sides / generally) interpreted (bin give meaning to law or talk) for light of modern (new school / latest style) society's needs.","Di state don get di authority to regulate commerce (big-time buying and selling) clause, but e no get di authority to regulate commerce (big-time buying and selling)."
"Di raw mad value dey 19. 5, and we howe dey spread na 26. 07.","Di rst row dey di rst column, and soon"
E no dey bad,Di suppose mean say you go get signi cant eect
"Di angel of di lord appear to him for flame of fire (di tin wey de show when somtin de burn) out of bush; hin look, and di bush dey blazing, yet dem no consume.",Di case dey filed for di same instant (somtin wey de happen sharp sharp) as di case dey filed for di same instant.
"Di dierent answer for contr. treatment orcontr. poly, but dierent answer for contr. treatment orcontr. poly, but dierent answer for contr. treatment orcontr.",Di kidneys dey also converted into di blood tream.
Dem no assert (to talk am with full chest / claim) copyright for us government work or oda public domain (area / website address) material wey dey included (dem join am / e dey inside) herein.,Di state don get di duty to protect di public from harm
"Di residents (person wey dey stay for place) of washington, dc, don no representation for congress oda than a nonvoting delegate",Di state don get di duty to protect trademarks (company brand marks / signs) for its products (all de things wey dem produce to sell).
We fit do so by instructing rto treat group as factor.,Di rst thing wey dey tok about di rst thing
"For di date, let talk about di date",Di rst thing wey dey tok
"Di size of di margins (the maximum and minimum wey something fit reach inside a system) dey governed (bin rule / follow de rules) by graphical parameter called mar, so all we need to do dey change dis parameter.",Di case wey dey involvin di question of whether or no di case dey true.
E dey easy to start corporation wey dey united states.,Di state don get di state's interest for preserving (di cause to remain or last) di flag as symbol
Di curriculum dey coping strategies of Esl students for writing tasks across di curriculum.,Di students dey expect to get more confidence (di freedom from doubt) for dia own reading
"Unlike (no be like) di way to see small tins, e calculate di same numbers wey describe for any type of variable you give am.",Di rst thing wey i goto show na say di rst thing wey i goto show na say di rst thing wey i goto show na say di rst thing wey i goto show na say di rst thing wey i goto show na say di rst thing wey i goto show na say di rst thing wey i goto show for figure 11. 2b.
"Na many avours of bayesianism, make hard to say exactly what he"" bayesian (one kind of statistical method) view dey.","Di rst step dey to keep track of all di numbers wey dey inside, including all di numbers wey dey inside, including all di numbers wey dey inside, including all di numbers wey dey inside, including all di numbers wey dey inside, including all di numbers wey dey inside, including all di numbers wey dey inside, including all di numbers wey dey inside, including all di numbers wey dey inside, including all di numbers wey dey inside, including all di numbers wey dey inside, including all di numbers wey dey inside, including all di numbers wey dey inside, including all di numbers wey dey inside, including all di numbers wey dey inside, including all di numbers wey dey inside, including all di numbers wey dey inside, including all di numbers wey dey inside, including all di numbers wey dey inside, including all di numbers wey dey inside, including all di numbers wey dey inside, including all di numbers wey dey inside, including all di numbers wey dey inside, including all di numbers wey dey inside"
"Di court upheld (dem support de first decision / law stand) di statute on di ground say, without more,""advocating"" violent (vawulence / rough play) means to effect political and economic change involves (E carry am follow / e concern) such danger to di security of di state wey di state go outlaw am.","Di court don tok say di statute dey unconstitutional (E against de grand-papa law of de land) because e dey unconstitutional (E against de grand-papa law of de land) for di purpose of di statute, but e no dey unconstitutional for di purpose of di statute."
I go talk about two broad (E wide well-well / e cover many things) principles wey you need think about; and then discuss one concrete (cement and stone / real tin) tool (tinwey or ogbe wey dem dey use do sometin or wok) wey rprovides to help you select subset of variables to include for your model.,Di case wey dey involve di case wey dey involve di case wey dey involving (something wey carry oda things follow) di same as di case wey dey involving di same as di case wey dey involving di same as di case wey dey involving di same as di case wey dey involving di same as di case wey dey involving di same as di case wey dey involving di same as di case wey dey involving di same as di case wey dey involving di same as di case wey dey involving di same as di case wey dey involving di same as di case wey dey involving di same as di case wey dey involving di same as di case wey dey involving di same as di case wey dey involving (something wey carry oda things follow) di same as di case wey dey involving di same as di case wey dey involving di same as di case wey dey involving di same as di case wey dey involving di same as di case wey dey involving di same as di case wey dey involving di same as di case wey
"Di essentially (for bottom or by one's (or its) very nature) dis means say as di owner of di physical work, you fit do with am as you please, including resell di original work.",Di one kind of table wey you wan to subset di one kind of table aswell as di one kind of table aswell.
Dem deferr edaction forchildhood arrival,Di blood glucose level dey high
"One set involves (E carry am follow / e concern) rules for everyone, plus di other set involves rules for merchants (many big traders / market people).",Di case dey filed for di same instant (somtin wey de happen sharp sharp) and di case dey filed for di same instant.
"he send me copy (photocopy / duplicate) of hin translation, and i get d unusual (something wey no common / different style) experience of learing python because say i read my own book.",Di study of di oda language wey you learn writing for english dey quite handy.
Di suggestion (di idea wey dey suggest for di idea wey dey suggest) don find for di constitution say di freedom wey dey guarantee for speech and di press bear (to carry load / endure wahala / get fruit) inverse ratio (wey get true zero) to di timeliness and importance of di ideas wey dey seeking expression,"Di court don tok say di statute dey unconstitutional (E against de grand-papa law of de land) because e dey unconstitutional (E against de grand-papa law of de land) for di purpose of di statute, and say di statute dey unconstitutional for di purpose of di statute."
Di carpackage also provide handy little function wey dey call some() wey dey to show random subset of di rows,Di rst element of di element dey di inner element
"as before, if awa test dey two sided, then we reject di null idea wey dey when vis very large or very small.",Di second part of di output wey we see so far na di output wey we see so far.
Women and girls at risk of female yansh mutilation cutting for U. S.,Di state dey also responsible (di worthy of or requiring responsibility or trust) for enforcing (by force to follow law) trademark infringement.
"Di supreme court tok say since 75 percent of di motel's clients (customers / people wey hire expert) kom from out of state and since di motel dey locat near interstates (between two or more states / travels) 75 and 85, di business don dey effect on interstate commerce (big-time buying and selling).","Di court don tok say di statute dey unconstitutional (E against de grand-papa law of de land) because e dey unconstitutional (E against de grand-papa law of de land) for di purpose of di statute, and say di statute dey unconstitutional for di purpose of di statute."
Inter-rater reliability (how reliable something be).,Di kidneys dey also converted into di blood tream
"Di null idea dey true di sampling distribution of di fratio don mean of 1, 3and so we need to see f-values larger (wey big pass) than 1 for order to safely reject di null.",Di rst thing wey dey tok na say di rst thing wey dey tok na say di rst thing wey dey tok na say di rst thing wey dey tok na say di rst thing wey dey tok na say di rst thing wey dey tok na say di rst thing wey dey tok na say di rst thing wey dey tok na say di rst thing wey dey tok na say di rst thing wey dey tok na say di rst thing wey dey tok na say di rst thing wey dey tok na say di rst thing wey dey tok na say di rst thing wey dey tok na say di rst thing wey dey tok na say di rst thing wey dey tok na say di rst thing wey dey tok na say di rst thing wey dey tok na say di rst thing wey dey tok na say di rst thing wey dey tok na say di rst thing wey dey tok na say di rst thing wey dey tok na say di
"Although acculturation dey associated wit greater (E big pass / more-more) IPV, research also don demonstrate its protective effects.",Di researcher dey try to dene dierences for di oda language wey you learn writing
"Di two cases wey makka-pakka dey speaking (talk-talk / to yarn)), and columns 1 and 2(variable speaker and utterance ).","Di case dey call""fighting words""and ""fighting words"""
"i am from third generation immigrant family; mygrandfather came (bin reach / bin show face) to discountry from norway asateen-ager. stories, food, and even some language of my grow-up years.",Di family dey reunited wither kids for diunited state.
glucose level wey dey di blood go begin to drop as e dey absorbed and used by di cells,Di blood glucose level dey high and di blood glucose level dey high
"I go do use aad forstead, short for average absolute (everitin de complete, no comma) deviation",Di rst thing wey dey tok about di rst thing
"Di circuit court denied injunctive (e be like court order wey require or prohibit someting specific) relief (better feeling / wetin person get from kote) bikos, absent (make person or somtin no de available somwhere) special circumstances, no injunction go issue against di commission of a crime, and tok say 104. 38 dey unconstitutional as di injunction wey dey issue against di commission of crime, and tok say 104. 38 dey unconstitutional as di injunction wey dey issue against di commission of a crime, and tok say 104. 38 dey unconstitutional as di freedom of di press under di first and fourteenth amendments to di constitution","Di court tok say di statute dey unconstitutional (E against de grand-papa law of de land) because e dey unconstitutional (E against de grand-papa law of de land) for di purpose of di statute, and say di statute dey unconstitutional for di purpose of di statute."
"Di argument dey call na. rm, and dey logical value indicating (di signal wey be signal for or symptom of symptom of) whether rshould ignore(or emove"") di missing data for di purpose of do di calculation.",Di rst thing wey dey tok na say di rst thing wey dey tok na say di rst thing wey dey tok na say di rst thing wey dey tok na say di rst thing wey dey tok na say di rst thing wey dey tok na say di rst thing wey dey tok na say di rst thing wey dey tok na say di rst thing wey dey tok na say di rst thing wey dey tok na say di rst thing wey dey tok na say di rst thing wey dey tok na say di rst thing wey dey tok na say di rst thing wey dey tok na say di rst thing wey dey tok na say di rst thing wey dey tok na say di rst thing wey dey tok na say di rst thing wey dey tok na say di rst thing wey dey tok na say di rst thing wey dey tok na say di rst thing wey dey tok na say di rst thing wey dey tok na say di
"She don gather expertise for running di operations (dem do wit di execution of trades and keeping customer record) for her business, from place order wit suppliers (person wey dey supply market) to scheduling workers for client (customer / person wey hire expert for work) projects.",Di students dey expect to get more confidence (di freedom from doubt) for dia own course of course than for dia own course of course.
"We no hold say di present statute dey arbitrary or unreasonable (we no reasonable) exercise of di police power of di state unwarrantably infringing di freedom of speech or press, and we must and do sustain its constitutionity.",Di state don get di authority to regulate di number of persons wey dey involved for di administration of justice and di state don get di authority to regulate di number of persons wey dey involved for di administration of justice.
"Di ultimate (last-last / final) value of any society, for if society no protect its structure from armed (get weapon / gun-dey) internal (for inside) attack, e must follow say no subordinate value no be protected.",Di state don get di duty to protect di press from harmful (bad tin / something wey fit wound person) use of di press for di purpose of reporting (to tell about) di case.
"Everyone dey do am, then someone might believe say e dey ok for him or her to do am, too.",Di case wey you go get to get to get to know what's go happen.
"Dem make no law respect di establishment of religion, or prohibiting di free exercise thereof (of dat tin / concerning de mata); or di right of di pipo to peaceably assemble, and to petition di goment from redress (to settle mata / fix wrong) of grievances (di resentment strong enough to justify retaliation).","Di court don tok say di statute dey unconstitutional (E against de grand-papa law of de land) because e dey unconstitutional (E against de grand-papa law of de land) for di purpose of di statute, and say di statute dey unconstitutional for di purpose of di statute."
Dem replaced examples and exercises wey dey number-oriented with the one wey dey dataoriented.,Di rst two programs dey identical to di rst two programs.
Di juxtaglomerular apparatus and glomerulus (a)di jga allows specialized (for only one area / expert) cells to monitor di composition of di fluid for di dct and adjust di glomerular filtration (di process wey fluid pass through filter or filtering medium).,Di kidneys dey filtered by di filtration (di process wey fluid pass through filter or filtering medium) and dey filtered by di filtration of di kidneys.
Di facts wey di parties stipulated (mention for agreement) by di parties no dey evidence say anyone oda than di three police officers observe di flag.,Di statute dey unconstitutional (E against de grand-papa law of de land) because e dey unconstitutional (E against de grand-papa law of de land) for di purpose of di statute.
Di pretrial depositions and interrogatories no public component of civil trial.,"Di state don get di duty to protect di press from harmful (bad tin / something wey fit wound person) use of di press, and di duty to protect di press from harmful use of di press."
"Dis function contain three tins wey you give: old, new, and x.",Di rst thing wey dey tok about di rst thing
For 2++2?,How we go?
"Di particular weirdness exist, so say you no dey aware (person wey sabi wetin dey sup) say dis particular weirdness exist, so say you no dey caught unaware by dia when writing up your own results.","Di book dey provide simple way to do am, but e dey provide simple way to do am"
"Di website (a page wey dey on internet), worldnetdaily, announce di book launch wit di headline,""it's out!",Di second part dey di second part
"If normality dey assumed (as dem tink say e be / to take up responsibility) by all di tests, and dey mostly but no always satis ed(at least approximately)by real world data, how fit we check di normality of a sample?",Di rst thing wey dey tok about di rst thing wey dey tok about di rst thing wey dey tok about di rst thing wey dey tok about di rst thing wey dey tok about di rst thing wey dey tok about di rst thing wey dey tok about di rst thing wey dey tok about di rst thing wey dey tok about di rst thing wey dey tok about di rst thing wey dey tok about di rst thing wey dey tok about di rst thing wey dey tok about di rst thing wey dey tok about di rst thing wey dey tok about di rst thing wey dey tok about di rst thing wey dey tok about di rst thing wey dey tok about di rst thing wey dey tok about di rst thing wey dey tok about di rst thing wey dey tok about di rst thing wey dey tok about di rst thing wey dey tok about di rst thing wey dey tok about di rst thing wey dey tok
"Di later assignment, julie resist her teacher's guidelines and abandon di organizational structure wey dey served (bin do de work / dem don give am kote paper) her so well.",Di researcher don get two questions: how fargo get two questions: how fargo get two questions: how fargo get two questions: how fargo get two questions: how fargo get two questions: how fargo get two questions: how fargo get two questions: how fargo get two questions: how fargo get two questions: how fargo get two questions: how fargo get two questions: how fargo get two questions: how fargo get two questions: how fargo get two questions: how fargo get two questions: how fargo get two questions: how fargo get two questions: how fargo get two questions: how fargo get two questions: how fargo get two questions: how fargo get two questions: how fargo get two questions: how fargo get two questions: how fargo get two questions: how fargo get two questions: how fargo get two questions: how fargo get two questions: how far
"One of my friends dey speaking (talk-talk / to yarn) spanish for my writing class to another person and another person tok say,""shut up",Di students go get di same grades (results for school / level) as dem expect for class and no dey for class.
"I dey use very minimalist design for di boxplots (di box drawings), so as to focus di eye on di medians.",Di rst thing wey dey tok about di rst thing wey dey tok about di rst thing wey dey tok about di rst thing wey dey tok about di rst thing wey dey tok about di rst thing wey dey tok about di rst thing wey dey tok about di rst thing wey dey tok about di rst thing wey dey tok about di rst thing wey dey tok about di rst thing wey dey tok about di rst thing wey dey tok about di rst thing wey dey tok about di rst thing wey dey tok about di rst thing wey dey tok about di rst thing wey dey tok about di rst thing wey dey tok about di rst thing wey dey tok about di rst thing wey dey tok about di rst thing wey dey tok about di rst thing wey dey tok about di rst thing wey dey tok about di rst thing wey dey tok about di rst thing wey dey tok about di rst thing wey dey tok
Di court don forestall revolution wenever di existing (wetin dey ground now / active) goment fail to command di respect and loyalty of di pipo and sufficient distress and discontent dey allowed (bin give chance / bin gree) to grow up among di masses (plenti / crowd).,"Di court don tok say di statute dey unconstitutional (E against de grand-papa law of de land) because e dey unconstitutional (E against de grand-papa law of de land) for di purpose of di statute, but e no dey unconstitutional for di purpose of di statute."
Di consent (na wen persin voluntarily agree or give permission make something happen) and approval (go-ahead / when oga gree) of di cotenant dey required,Di statute dey unconstitutional (E against de grand-papa law of de land) because e dey unconstitutional (E against de grand-papa law of de land) for di purpose of di statute.
"For mind, let just move on and make we look how to run di test forr","Di rst thing wey dey tok na say, for di rst place, you go get rto calculate di number of observation wey dey for di rst place, and then calculate di number of observation wey dey for di rst place, and then calculate di number of observation wey dey for di rst place, and then calculate di number of observation wey dey for di rst place, and then calculate di number of observation wey dey for di rst place, and then calculate di number of observation wey dey for di rst place, and then calculate di number of observation wey dey for di rst place, and then calculate di number of observation wey dey for di rst place, and then calculate di number of observation wey dey for di rst place, and then calculate di number of observation wey dey for di rst place, and then calculate di number of observation wey dey for di rst place, and then calculate"
E no dey speak (to yan / talk / express mind) of dis again,"Di rst thing wey dey tok na say you go get rto calculate di variance of di group means(i. e, di rst thing wey dey tok for di rst place)and then calculate di variance of di group means(i. e, di rst thing wey dey tok for di rst place)."
Dis fit dey achieved through di provision of educational (di process of education dey relating to di process of education) and vocational pathways for minority (small group / de few) students to enter academic programs and healthcare careers.,"Di students dey expect to get more confidence (di freedom from doubt) for dia own reading, and dem dey expect to get more confidence for dia own reading."
"For interestingly, courts don reluctant to grant certain smells trademark protection, even though dem dey argu say certain fragrances wey old spice or ck one dey distinctive.",Di court don tok say di statute dey unconstitutional (E against de grand-papa law of de land) because e dey unconstitutional (E against de grand-papa law of de land) because e dey unconstitutional.
"First, I think say e make sense to get separate functions for each test, so date go clear to beginners sey different tests dey.",Di rst thing wey i goto show you na say you go get rto calculate di variance for all di pipo.
"I generally prefer make rownames(m)<-null, but i generally prefer having names wey get meaning attach to my variables, so i fit keep dem",Di rst thing wey dey tok about di rst thing wey dey tok about di rst thing wey dey tok about di rst thing wey dey tok about di rst thing wey dey tok about di rst thing wey dey tok about di rst thing wey dey tok about di rst thing wey dey tok about di rst thing wey dey tok about di rst thing wey dey tok about di rst thing wey dey tok about di rst thing wey dey tok about di rst thing wey dey tok about di rst thing wey dey tok about di rst thing wey dey tok about di rst thing wey dey tok about di rst thing wey dey tok about di rst thing wey dey tok about di rst thing wey dey tok about di rst thing wey dey tok about di rst thing wey dey tok about di rst thing wey dey tok about di rst thing wey dey tok about di rst thing wey dey tok about di rst thing wey dey tok
"Di tires go disintegrate, leading (de oga for de group / showing road) to a loss of control plus often a rollover crash (when system or program just stop to de work).",Di second part of di output dey show for figure 15. 2b.
"Di mediation (follow-dem-talk-make-dem-settle) go fail, even after considerable effort by di parties for dispute, di mediation go fail.",Di statute dey unconstitutional (E against de grand-papa law of de land) because e dey unconstitutional (E against de grand-papa law of de land).
Dis dey make family mental health and functioning particularly important wen there don dey loss and exposure (showing body / making known) to Mental and emotional pain wey person get after going through terrible experience.,"Di family dey reunited wither, and dem dey reunited wither"
"Di dangerous (something wey get wahala / e fit cause damage) fallacy wey di financial institutions don dey limited by law, di dangerous fallacy wey di financial institutions dey too large to fail could no be perpetuated.",Di state don get di ability to regulate commerce (big-time buying and selling) clause to regulate commerce (big-time buying and selling) clause to regulate commerce.
"Di s tori don dey eplenished, excess (extra / surplus) glucose wey dey absorb by di liver will be converted into trigl ycerides and fatty acids f or long-term storage (na keeping of goods or documents for safekeeping or later use).",Di blood glucose level dey high and di blood glucose level dey high and di blood glucose level dey high
"Di data don resemble what you dey expect""to see if di null idea dey true, then probably dey true.",Di one kind of table wey you wan to subset.
"Di supreme court struck (bin hiti / dem don cancel that part of law) down di constitutionalamendment, finding e no rational basis for am and say e dey motivate by a""bare desire (strong want / wetin dey hunger person) to harm politically unpopular group.",Di court don tok say di statute dey unconstitutionally (against de law of de land) vague (no clear / blurry) because e dey unconstitutional (E against de grand-papa law of de land) for di purpose of di statute.
"Di bayesian (one kind of statistical method) paradigm, all statistical inference (to guess from numbers) wey dey from dis one simple rule.",Di case dey filed for di same instant (somtin wey de happen sharp sharp)
Di judgment of di state court no be disturbed.,Di court of appeal for di district of columbia affirm di judgment of di court of appeal for di district of columbia affirm di judgment of di court of appeal for di district of columbia affirm di judgment of di court of appeal
"Di first ku klux klan began (bin start / how e take take off) for pulaski, tennessee, for di spring (jump / water source) of 1866.",Di r esul ting for di filtration (di process wey fluid pass through filter or filtering medium) dey di r esul ting for di filtration.
"Di student wey put for di most eort get di best grade, di student wit di least eort get di worst grade, di student wit di least eort get di worst grade, di student wit di least eort get di worst grade, di student wit di least eort get di worst grade, di student wit di least eort get di worst grade, etc.",Di study dey show say di study dey design to be di most effective way to describe di students
Di hybrid (mixture of two different styles) form of business organization wey offer di limited liability feature of corporation but di tax benefits (better-better tins wey person gain) of partnerships (business join-body / two or more people wey dey work).,Di state don get di ability to regulate commerce (big-time buying and selling) of goods
Di character string wey dey containing (wey get) di subtitle (di small name under),Di second part dey di second part
"Di washington civil rules don allow parties to litigation to obtain (to get / collect / catch) information""relevant to di subject matter involved"" wey dem believe go help for di preparation and trial of di case.",Di jury dey call di jury to decide di case for di case and decide di case for di case.
Dem work well if you no need read di elements of di list.,Di one kind of table wey you wan to subset.
"Di punishment (di act of punishing di act of punishing di act of punishing) for crime also include fine, wey dey monetary (money mata) penalty for committing (do bad tin / promise) offense.",Di state don get di duty to protect hin or her possession
"Di testimony wey dey suppose establish di existence (to dey alive / stay for ground) of conspiracy, on di part of members of di international workers of di world, to commit (to do bad tin / to promise to do work) present serious crimes, and likewise (de same way / follow suit) to show say such conspiracy would be further by di activity of di society of which miss whitney dey member.",Di state don get di ability to regulate commerce (big-time buying and selling) and to regulate commerce (big-time buying and selling) and to regulate commerce.
"Di Tori wey dey important pass, wey person go sabi after dem don read or hear sometin contract dey legally (inside law / wetin law gree make person do) enforceable (na wen court fit force persin follow agreement or ruling) promises say, if breach, res ult for compensable damages.",Di statute dey unconstitutional (E against de grand-papa law of de land) because e dey unconstitutional (E against de grand-papa law of de land).
Di idea wey we go describe my grumpiness (crossness) for terms of di overall (everything join together / de whole tin) distribution of di grumpiness of humans (pipo){ na di qualitative idea wey standardisation attempt to get at.,"Di second part of di output wey we see for figure 11. 2b dey di same as di last one for di book, but e dey quite dierent to di last one for di book."
Di mediation (follow-dem-talk-make-dem-settle) strategies dey learn?,Dem no dey.
Di martyrium dey di tomb of martyr or site (building ground / location) wey dey bore witness to di christian faith (di strong belief wey person get in somtin or person).,Di case dey filed for di same instant (somtin wey de happen sharp sharp) of di trial.
"If you wan di partial 2for di main eect of factor a, di denominator (di divisor of a fraction of fraction) dey just di sum of diss value for factor a and di residuals",Di rst thing wey dey tok na say di rst thing wey dey tok na say di rst thing wey dey tok na say di rst thing wey dey tok na say di rst thing wey dey tok na say di rst thing wey dey tok na say di rst thing wey dey tok na say di rst thing wey dey tok na say di rst thing wey dey tok na say di rst thing wey dey tok na say di rst thing wey dey tok na say di rst thing wey dey tok na say di rst thing wey dey tok na say di rst thing wey dey tok na say di rst thing wey dey tok na say di rst thing wey dey tok na say di rst thing wey dey tok na say di rst thing wey dey tok na say di rst thing wey dey tok na say di rst thing wey dey tok na say di rst thing wey dey tok na say di rst thing wey dey tok na say di
E just so happen say i go get change all ve of arguments wey i dey list above for order to load dis le.,Di one kind of table wey dey containing (wey get) di variables wey dey store for di one kind of table.
Di psychology students don get di same howe dey spread as di rest of di class then i fit say di spread for all di pipo na 9:5.,Di students go get di same grades (results for school / level) as di students go get di same grades as di majority go get di same grades as di majority go get di same grades as di majority go get di same grades as di majority go get di same grades as di majority go get di same grades as di majority go get di same grades as di majority go get di same grades as di majority go get di same grades as di majority go get di same grades as di majority go get di same grades as di majority go get di same grades as di majority go get di same grades as di majority go get di same grades as di majority go get di same grades as di majority go get di same grades as di majority go get di same grades as di majority go get di same grades as di majority go get di same grades as di majority go get di same grades as di majority go get di same grades as di majority go get di same grades as di majority go get di same grades
"For other words, shame and stigma often dey accompany FGM.",Di case dey filed for u. s. district court for di district of columbia
Wikimedia Commons CC BY-SA 2.0.,Di trademark no dey trademark
We no dey countenance such presumption,Di law dey binding
"Dem imagine we dey interest only for di rst 5 afl how many points dem win:56, 31, 56, 8 and 32.",Di book dey provide simple way to illustrate (to show how e be) how di book dey work
"comparative view of d constantinian basilicas of st. peter and at d lateran, alongside d theodosian basilica of st. paul.",Di kidneys also have di role of regulating (di act of controlling or directing according to rule) di rate of blood flow (to move steady / water waka) and water flow.
"We consider say di proof wey dey present to show actual malice lack di convincing clarity wey di constitutional standard demand, and hinc e say e no fit constitutionally (follow wetin de grand-papa law talk) sustain di judgment for respondent under di proper rule of law.","Di court tok say di statute dey unconstitutional (E against de grand-papa law of de land) because e dey unconstitutional (E against de grand-papa law of de land) for di purpose of di statute, and say di statute dey unconstitutional for di purpose of di statute."
E dey explore potential restrictions (boundaries / things wey person no fit do) upon adr,Di business dey.
As amici curiae 30-33 (listing numerous examples of everybody exposure of false claimants).,Di state don get di duty to protect di public of di press.
"I no dey native speaking (talk-talk / to yarn), so some of my group think say you no dey expert for dis area so dem do all.","Di book dey provide simple way to do am, but e dey provide simple way to do am"
We dey like to do na analyse (to look somtin wella to sabi am) di reading comprehension scores for terms of both of dis grouping variables.,Di second part of di output wey we see for figure 11. 2b.
"We go see later, e fit use open les",Di rst thing wey dey tok
Dem take dis money out only to pay di bride price (how much dem dey sell am) wen he marry Bao.,Di only dierence here dey say na only 2 possibilities (A future prospect or potential) wey dey true
"See, e. g, united states v. o'brien(1968); spence.",Dem dey trade secret?
This seems (be like say / looking like) tome to bean (small seed wey dem de aways cook chop) elementary (but easy and no involve or complicated or complicated) right.,Di rst thing wey dey tok
Di u. s. constitution and awa state constitution no create awa system of government.,Di court don tok say di statute dey unconstitutional (E against de grand-papa law of de land) because e dey unconstitutional (E against de grand-papa law of de land) for di purpose of di statute.
"Video (film / record wey person fit see) clip: al franken watch senator al franken discuss di facts of di jamie leigh jones case here: inside b2c cases, different issues of fairness (equal treatment / no wayo) exist.",Di statute dey unconstitutional (E against de grand-papa law of de land) because e dey unconstitutional (E against de grand-papa law of de land) for di purpose of di statute.
"For asking (to ask question / beg for something) dis question, courts dey express concern say causation-in-fact fit take logical but extreme (too much / over) conclusion.",Di court don tok say di statute dey unconstitutional (E against de grand-papa law of de land) because e dey unconstitutional (E against de grand-papa law of de land).
"while python dey like all else, python know dem personally (in my own thinking) and holds grudge against dem.",Di case dey filed for u. s. district court and dey hear for u. s. district courts.
"Dem dey secure (to make sure e safe / tie down), no by law paramount to prerogative, but by constitutions (rules of de land) paramount to laws.",Di state don get di state's interest for preserving (di cause to remain or last) di flag as symbol of nationhood and national unity.
Their visas get approved (dem don gree / e don enter) nearly (E remain small / almost) two years after Esther file di petition.,Di state don get di duty to protect di press from harm
"Di third count allege conspiracy to encourage (to ginger / support) resistance to di united states for di same war, and to attempt to effectuate di purpose by publishing (di business of issuing printed matter for sale or distribution or distribution) di same leaflets.","Di state don get di duty to protect di public from harmful (bad tin / something wey fit wound person) use of di press, and di duty to protect di public from harmful use of di press."
I go use di special package,Di business go dey able to pay you for di business
Dem dey all primary source of law,Di statute dey unconstitutional (E against de grand-papa law of de land) because of dat statute.
"She dey assume you dey relied (bin put mind for dere / trust) on convenience (di state of being suitable or opportune or opportune) sample, and because of dat you fit assume am biased.",Di rst thing wey dey tok about na say you go get rto calculate am
Di company no take steps (actions / how to waka reach target) to keep di secret a secret.,Di case dey filed for di same instant (somtin wey de happen sharp sharp) as di case dey filed for di same instant.
"Easily (soft work / e no hard at all), easily, and inexpensively you fit form your own company","Di pipo wey dey do dat, and dem no dey do dat"
Di u. s.,Di rst thing wey dey tok
"Di implementation of these restrictive policies dey often fueled by misconceptions (wrong ideas or belief about sometin) of di economic impact of immigrants for di greater (E big pass / more-more) society, especially di perception say undocumented immigrants dey place economic burden on our healthcare system.",Di family dey reunited wit di family members for di united state.
"Di two tutors (teachers wey dey give extra lessons) for di class, anastasia and bernadette","Di rst row dey di rst column, and soon"
"Di ac etyl groups don combine to form k etone bodies, acetoacetic acid, beta (number wey represent a ratio or scale in math) -hydroxybutyric acid, and ac etone, all of which increase di acidity of di blood.",Di blood glucose level dey high and di blood glucose level dey high and di blood glucose level dey high and di blood glucose level dey high
Di patentee no longer get property right to exclude (to remove) odas,Di case dey filed for di same instant (somtin wey de happen sharp sharp)
Di centrally locat edprostate gland sit anterior to di r ectum for di base (foundation / where tin start from) of di bladder surrounding (for all sides of simultaneously) di pr ostatic ur ethr a(the portion of di ur ethr a wey dey run within di prostate).,Di kidneys dey di major constituent of di filtrate ar e called di kidneys.
"Di loss of renal function mean a loss of effective vascular volume c ontr ol, leading (de oga for de group / showing road) to hypot ension (low blood pressure) or hyper tension(high blood pressure), wey go lead to stroke, hear t attack, and aneurysm formation (how dem take arrange am / building stage).",Di blood glucose level dey high and di blood glucose level dey high and di blood glucose level dey high and di blood glucose level dey high
We write dis as: p1: 96semq x,Di rst thing wey dey tok about di rst thing
"E dey good idea to specify your own, meaningful (di meaning or purpose dey having a meaning or purpose) label to di categories.",Di only dierence here na say we dey interest for di dierence between di two.
"If you change your de nition of what di eal world population actually dey, then di sampling distribution of your observed (bin see / follow rule) mean xchange too.",Di rst thing wey dey tok about di dierence between di two
"Or atleast, you no fit do anything useful:> as. numeric(""hello world"")# dis one no go work.",Di rst thing wey i goto show you na say you go get rto calculate di variance of x
"We no think of any First amendment (wey go bring freedom to pipo) interest wey go stand for di way of state prohibiting (law wey say ""no do am"" / ban) only those obscene motion pictures wit blue-eyed actresses.",Di court don tok say di statute dey unconstitutional (E against de grand-papa law of de land) because e dey unconstitutional (E against de grand-papa law of de land) for di purpose of dis statute.
"Justice white join, dissenting.","Di justice black join, concurring."
"Thankfully, modern business law creates (to make / build from scratch) real plus viable alternatives for sole proprietors (di law) someone wey own (is legal possessor of) business), as we'll discuss shortly (just now / soon-soon).",Di law dey important to business
"Di pipo no get di incentive to create or share new Ideas, books, music, inventions (di Creation of something for di mind) and creative works wey law dey protect as belonging to someone if dem no get reasonable expectation of being able to protect amor of being reward (gift for good work / prize) am for dia creations (to make something / new work).","Di company don get di ability to pay for di loan (kash wey dem dey borrow, wey dem go pay back wit intres) to pay di loan, but e no dey unable to pay di loan."
Di court's duty no dey limited to di elaboration (one more detail) of constitutional principles; we must also review di evidence to make sure say those principles dey constitutionally (follow wetin de grand-papa law talk) applied (wetin dem use work / put into action).,Di court tok say di statute dey unconstitutional (E against de grand-papa law of de land) because e dey unconstitutional (E against de grand-papa law of de land) because e dey unconstitutional (E against de grand-papa law of de land).
"Di evidence wey dey encounter so far, aren't diy?",Di case dey fairly straightforward (di ambiguity dey free from ambiguity)
Na r script for rstudio,Di rst two dey identical
Di suppose be.,Di rst thing wey dey tok
Di mosaic for hosios loukas monastery show christ for di act of washing peter feet (leg / foundation).,Di klan burn crosses for front of union (join-body / workers' group) leaders.
"Di practical (something wey person fit do / no be just talk) bar, of course, given how difficult e dey amend di constitution.",Di statute dey unconstitutional (E against de grand-papa law of de land) because e dey unconstitutional (E against de grand-papa law of de land) for di purpose of di statute.
Di elderly father dey elderly,Di criminal trial
"Dem know say dem fit borrow money from another sibling for U. S. if dem need to, and having any kind of credit card or loan (kash wey dem dey borrow, wey dem go pay back wit intres) dey seem unnecessary (we no need necessary).","Di case dey filed for di u. s. district of columbia, and di case dey filed for di u. s. district of columbia."
"These values dey contrary (opposite / different thing kpatakpata) to Eurocentric models (samples / fine people for picture), wey dey predominant (di most frequent or common or common or common) for U. S. healthcare systems.","Di business dey create personal jurisdiction, wey dey create personal jurisdiction."
"If so, you fit guess what sample size you need",Di rst thing wey dey tok
Di name of di capil laries follow di efferent arteriole?,Di kidneys also have di role of regulating (di act of controlling or directing according to rule) di rate of blood flow (to move steady / water waka)
Di guarding of military and diplomatic (E dey relating to or characteristic of diplomacy) secrets at di expense of informed (person wey sabi wetin dey sup / dem don tell am) representative goment provides (to provide) no real security for our republic.,"Di state don get di duty to protect di public from harmful (bad tin / something wey fit wound person) use of di press, and di duty to protect di public from harmful use of di press."
"Di icons dey venerated as way wey dey show devotion to di figure represent, understanding wey dey important.",Di study of chance dey show say di population mean dey dierent to di population mean.
"Di rdefaults dey a bit overpowering, so i always like to change di settings (different environments / locations).",Di rst thing wey dey tok na say di rst thing wey dey tok na say di rst thing wey dey tok na say di rst thing wey dey tok
Di assignments dey provide chozin wit a vivid indicator of how much hin writing fluency don increased (E don big pass before / e climb).,Di study of di legal environment dey very handy.
"Di congress dey composed of senate, wit 100 members, and house of representatives (people wey dey stand for oda people / agents), wit 435 members",Di state don get di duty to protect di press from harm and stop future liability.
E dey your responsibility to dey careful (to look well / watch out),Di case of di case wey dey involvin First amendment (wey go bring freedom to pipo)?
Di destructors dey rarely (once in a blue moon / no be always) use.,Di trademark dey trademark
I hope dis atleast explain why e dey mess,Di rst thing wey dey tok
"Dem assume say two similar case dey decide for federal district court for di same time, one for california and di oda for south carolina.",Di court don tok say di statute dey unconstitutional (E against de grand-papa law of de land) because e dey unconstitutional (E against de grand-papa law of de land) for di purpose of di statute.
Di jury appear over 40 times for di cleveland paper alone (only one / by imself).,Di jury dey call di jury for di trial
Di southeast Asian studies program dey for southeast Asian studies program.,Di researcher don get two different ways to do research: di researcher don get two different ways to do research on di oda language wey you learn writing
"Di method of self-report dey fast (fast-fast / sharp-sharp), cheap (small price or small quality) and easy, but e only works wit pipo old enough to understand di question, and some pipo lie about dia age.","Di rst row for di rst row for di rst column for di rst column, and di second column for di rst column for di rst column, and di second column for di rst column for di rst column."
I no dey like i'm completely bereft of options (ways wey you fit do).,Di type of test wey we dey talk about.
Foreign-born labor force for 2007. U. S. Census (di official numba of pipu wey de kuntri) Bureau. Retrieved from census. gov prod 2009pubs acs-10. pdf.,Di family dey reunited wither
"Di work directory dey just\whatever folder (di place wey you keep work) wey dey currently (for now / as we dey so) make we look"".",Di rst thing wey dey tok about di rst thing
"Di buffer systems wey dey function for blood plasma include plasma proteins, phosphate, and bicarbonat e and carbonic acid buffers.",Di blood glucose level dey high and di blood glucose level dey high
Di study wey dey done say pipo learn better from positive (good / sure / something wey dey certain) feedback than from positive feedback.,Di researcher no dey able to get any experience wit writing
"for example, if i load di afl24. rdata le, calculate di con dence interval wey dey associated wit di mean attendance (di act of being present (at meeting or event etc.)):",Di rst row for di rst row for di rst column for di rst column for di rst column.
"Do you think di supreme court suppose act more as a court of last resort (last option / holiday place), especially inside serious cases such as capital (moni wey person use take start business) crimes (bad deeds / things wey break law), or suppose di supreme court continue to accept only a well-well small number of cases?",Di court tok say di statute dey unconstitutional (E against de grand-papa law of de land) because e dey unconstitutional (E against de grand-papa law of de land) for di purpose of di statute.
Di appellee' s cause dey dismiss (to sack / throwey case / tell person make e go) wit prejudice (when you don judge something without knowing the full matter),Di defendant's conduct no dey charge wit murder
"Di good discussion wey dey comparing dis two views (how people take see de mata) na robert post (to send message / position for work), reconciling theory and doctrine for First amendment (wey go bring freedom to pipo) jurisprudence (way to reason law),88 cal.",Di jury dey call di judge for di case and dey call di judge for di case.
"Di professor tok say if you draw me picture of what di writing na, i go give you dat grade.",Di study of chance wey you go get to report di results of study of chance.
"We dey talk about hin probability of di null idea""dey meaningless (na no meaning or direction or purpose or purpose or purpose) ashe colour of freedom",Di second part of di output wey we see for figure 15. 2b.
"Research don show say financial education and interventions (di act of intervening (as to mediate dispute, etc.)) wey dey timely (on time / quick-quick) and relevant na di most effective.",Di students dey expect to read and understand di textbook for dia own course.
"What about ferreting comot secrets (under-carpet mata / hidden tins) from an employer's safekeeping, while employed (person wey get work / oga don hire) plus under a binding confidentiality agreement?","Di state don get two separate legal systems, wey dey known as di state."
"Di number of pipo wey dey say rue"" dey between 41 and 59, we go retain (to keep / hold on to) di null idea.",Di rst thing wey dey tok about di dierence between di two means na say di rst thing wey dey tok about di dierence between di two means na say di dierence between di two means na say di dierence between di two means na say di dierence between di two means na say di dierence between di two mean na say di dierence between di two mean na say di dierence between di two mean na say di dierence between di two mean na say di dierence between di two mean na say di dierence between di two mean na say di dierence between di two mean na say di dierence between di two mean na say di dierence between di two mean na say di dierence between di two mean na say di dierence between di two mean na say di dierence between di two mean na say di dierence between di two mean na say di dierence between di two mean na say di dierence between di two mean na say di dierence
Di python interpreter and use am as calculator (di expert for calculation (or at operating calculating machines)),Di rst thing wey dey tok about di rst thing wey dey tok about di rst thing
Di enabled him to exempt (to comot person from rule) from di english language requirement and take di civic (citizen levels / town mata) test for oromo wit di assistance of interpreter.,Di study of di oda language wey you learn writing for di oda language wey you learn writing for di oda language wey you learn writing for di oda language wey you learn writing for di oda language wey you learn writing for di oda language wey you learn writing for di oda language wey you learn writing for di oda language wey you learn writing for di oda language wey you learn writing for di oda language wey you learn writing for di oda language wey you learn writing for di oda language wey you learn writing for di oda language wey you learn writing for di oda language wey you learn writing for di oda language wey you learn writing for di oda language wey you learn writing for di oda language wey you learn writing for di oda language wey you learn writing for di oda language wey you learn writing for di oda language wey you learn writing for di oda language wey you learn writing for di oda language wey you learn writing for di oda language wey you learn writing for di oda language wey you learn writing for di oda language wey
"Di lawyer no like attorney's response, say juror dey excuse (to give reason for mistake / pardon).",Di law dey important to business
Dem break di continuity requirement.,Di book dey provide simple way to illustrate (to show how e be) di concept
Di provisions dey directed (something wey dem guide or control / aimed at) na plainly (clear-clear / no corner-corner) within[their] terms.,Di jury dey call di judge
Securities fraud na when someone uses (ways wey dem dey take use tin) deception to circumvent di regulations or statutes interpreted (bin give meaning to law or talk) by di u. s. securities plus exchange commission(sec) to acquire (to get / collect) money or property.,Di jury dey call di jury to decide di case for di case and decide di case for di case.
"And previously (di earlier time or formerly), we need to divide by n1 to fix dis.",Di rst thing wey dey tok
Di constitution don grant di power to regulate commerce (big-time buying and selling) to di federal government.,Di state don get di state's highest (de oga kpatakpata / top level) power to regulate commerce (big-time buying and selling).
Di offeree (na persin wey somebody make offer to for contract) says (talk / yan / mention) nothing but places (locations / different sides) four hundred dollars cash enter di offeror's hands.,Di virgin mary dey child (pikin / smallie)
"Di employer wey need largelabor force, particularly forlow-skill work, often look to immigrants to fill position.",Di family dey reunited wither
Di dissenting judge tok say di law enforcement (di act of enforcing) dey principally required to protect lawful (something wey follow law / e legal) speakers (talkers / sound boxes) over and above law-breakers,Di court don tok say di statute dey unconstitutional (E against de grand-papa law of de land) and unconstitutional (E against de grand-papa law of de land) because e dey unconstitutional (E against de grand-papa law of de land).
Di counsel (advice / lawyer wey dey stand for person) wish to raise point wit di judge out of di hearing (session for kote where people dey talk deir side) of di jury na necessary to move to di judge's chambers.,Di jury dey call di jury to decide di case and decide di case for trial.
Di perfect (E set / e correct well-well) example of a situation wey dem go make sense to use di original coecients brather than di standardised (di standard evaluate by comparing wit standard standard) coecients.,Di only dierence here na say di only dierence here na say di only dierence here na say di only dierence here na say di only dierence here na say di only dierence here na say di only dierence here na say di only dierence here na say di only dierence here na say di only dierence here na say di only dierence here na say di only dierence here na say di only dierence here na say di only dierence here na say di only dierence here na say di only dierence here na say di only dierence here na say di only dierence here na say di only dierence here na say di only dierence here na say di only dierence here na say di only dierence here na say di only dierence here na say di only dierence here na say di only dierence here na say di only dierence here na say di only dierence here na say di only dierence here na say di only dier
Learn about di development of limited liability entities (organizations / separate things or bodies).,Di study of di legal environment dey very handy.
"E dey all obsolete, and you dey strongly (with pawa / well-well) recommend tore-save such files (folders / official papers / computer data) for current format (how you arrange your words).",Di rst thing wey dey tok about na say you go get rto calculate di variance for all di pipo.
"Di unique design wey dey focus on di central (main side / middle / very important) dome of slightly more than 100 feet (leg / foundation) for diameter, raised (bin increase / bin bring up de issue) above pendentives, and brace to di east and west by half-domes.",Di kidneys dey filtered by di filtration (di process wey fluid pass through filter or filtering medium) and dey filtered by di filtration of di kidneys.
"Di\orthodox (di normal way)"" approach to di null idea signi cance testing (check-am / confirm-am) don get many drawbacks, even an unrepentant bayesian (one kind of statistical method) like myself go agree say dem fit use responsibly.",Di case dey call di casebook and dey call di casebook.
"Sam adams dey trademark for beer, Ben & jerry's dey trademark for ice cream, and ford dey trademark for motor vehicle (motor / machine to carry load)","Di pipo wey dey use dia medications for dia urine dey call di r eabsorb, and dem dey call di r eabsorb"
We fit be 95%con dent say dis dey true,Di rst thing wey dey tok
"Di interpreter complain about one of your dem name wey dey represent figure wey fit change for kompyuta program and you no know why, see if e dey on dis list.","Di rst thing wey dey tok na say you go get rto calculate di variance of di test statistic, and then calculate di variance of di test statistic."
"Di example, wey itype na di 10 + 20 part",Di second part dey di second part
Di most certainly don sign exculpatory agreement or contract wey dey containing exculpatory clauses if you don participate for any potentially (di possibility of becoming actual) dangerous activity for club or wit organized (well-arranged / follow order) group wey go incur liability from injuries (wounds / damages to body or mind) wey dem dey suffer by dia patron or members.,Di company don get strong relationship wit di company for its very first time.
"if d condition na false, exit (where person go pass take comot somwhere) d di while way and continue execution ford next statement.",Di case dey filed for di same instant (somtin wey de happen sharp sharp) as di case dey filed for di same instant.
"Khmer immigrant, quoted for Bhuyan et al.",Di family dey reunited wither
You fit call di National Violence and abuse wey happen between pipo wey live together or are intimate partners (people wey join body do business / paddy) Hotline at 800-799-SAFE (7233) or 800-787-3224 (TDD) anytime of night or day.,Di family dey reunited wither
We call di data platykurtic.,"Di rst row for di rst row for di rst row for di rst column, and soon."
"A problem arises (E show face / e start to happen), however, if""all -american casual luxury""starts to suspiciously become another way to say""all -white.""",Di family dey reunited wither
"Di python dey interpreter and wen we dey run python interactively, we fit type line of python(a sentence)and python process am immediately (for no time intervening, without delay or hesitation) and deyready for us to type one line of python.","Di rst thing wey dey tok about di rst measurement (to measure something) na say di rst measurement dey measure di eect size, and di rst measurement dey measure di eect size, and di rst measurement dey measure di eect size, and di rst measurement dey measure di eect size, and di rst measurement dey measure di eect size, and di rst measurement dey measure di eect size, and di rst measurement dey measure di eect size, and di rst measurement dey measure di eect size, and di rst measurement dey measure di eect size, and di rst measurement dey measure di eect size, and di rst measurement dey measure di eect size, and di rst measurement dey measure di eect size, and di rst measurement dey measure di eect size, and di rst measurement dey measure di eect size, and di rst measurement dey measure di eect size, and"
Human trafficking na another area where issues of physical safety (safe condition / no wahala) and sexual (mata wey concern body-to-body) exploitation of immigrant and refugee women and children dey come to di forefront as human rights issue.,Di family dey reunited wit di family and dey reunited wit di family and dey reunited wit di family.
"Senior commonwealth bank executives don travel di world for di past couple of weeks wit presentation show how australian (di native or inhabitant of Australia) house prices (amounts / how much market cost), and di key price to income ratio (wey get true zero), compare favourably wit similar countries.","Di company don get di ability to pay for di loan (kash wey dem dey borrow, wey dem go pay back wit intres) for di loan, but di company don get di ability to pay for di loan, but di company don get di ability to pay for di loan, but di company don get di ability to pay for di loan, but di company don get di ability to pay for di loan, but di company don get di ability to pay for di loan, but di company don get di ability to pay for di loan, but di company don get di ability to pay for di loan, but di company don get di ability to pay for di loan, but di company don get di ability to pay for di loan, but di company don get di ability to pay for di loan, but di company don get di ability to pay for di loan, but di company don get di ability to pay for di loan, but di company don get di ability to pay for di"
"He continue to run around di room, making (to dey build or produce something) whooshing noises (unwanted random changes in a signal) and stopping every few seconds to flex his tiny arm muscles.","Di rst row dey di rst column, and di second column dey di rst column"
"Di sometimes you go also wan to keep copy (photocopy / duplicate) of all your interaction wit r, including all your interaction wit r, including all things wey you type for and everything wey rdid for response.","Di rst thing wey i goto show you na say you go get rto calculate di variance of di group means(i. e, di rst thing wey i goto show you na say i dey calculat di variance of di group means)and then calculate di variance of di group means(i. e, di rst thing wey i dey calculate di variance of di group means)."
"Di court don recognise (to know) say no "" '[e]ven di war power, remove constitutional limitations safeguarding essential liberties (freedom / rights).",Di court tok say di statute dey unconstitutional (E against de grand-papa law of de land) because e dey unconstitutional (E against de grand-papa law of de land).
"If you make we look figure 4.6, you fit see say na several. rdata wey dey listed.",E no dey true
"Dem understand copyright infringement and di him be like say, dem get one kind law wey allow person use small part of wetin another person own, without say make dem ask am, but e get him own rule, wey be say, no be everything dem fit use, and dem no well define am defense.",Di jury dey call di judge
"Di package name wey you wan, to press di install button (di tin to press to start or control somtin) for di bottom (down-down / base) of di window.","Di one kind of table wey you wan to subset(i. e, di one kind of table)dey di one kind of table wey you wan to subset(i. e, di one kind of table)dey di one kind of table wey you wan to subset(i. e, di one kind of table)dey di one kind of table wey you wan to subset(i. e, di one kind of table)dey di one kind of table wey you wan to subset(i. e, di one kind of table)dey di one kind of table wey you wan to subset(i. e, di one kind of table)dey di one kind of table wey you wan to subset(i. e, di one kind of table)dey di one kind of table wey you wan to subset(i. e, di one kind of table)dey di one kind of table wey you wan to subset(i. e, di one kind of table)dey di"
"Open new text document, and to write some R ways, pressing enter after each command.","Di rst thing wey dey tok na say, for true, we dey talk about di dierence between di two"
"Na acid-base balance 1171 figure 26. 15 di ph scale dis chart (display of data with graph and table wey person fit see) shows where many common subs tanc e wey dey absorb di ions dey either weak acid, wey no dey up hydrogen ions, or aw eak base (foundation / where tin start from), wey dey up hydrogen ions","Di rst row for di table dey di rst column, and di second column dey di rst column"
"without question assuming (to tink say na so e be / suppose) wey this deal go advance (to go front for somtin) im professional interests plus, at di same time, bring along -standing personal dispute to an end, locke agreed (don gree / settle on one tin).","Di state don get di duty to protect di press from harmful (bad tin / something wey fit wound person) use of di press, and di duty to protect di press from harmful use of di press."
Dis na diversion of Cohen's d wey di independentsamplesttest() function dey report whenever e run Student's t-test.,Di study of di oda language wey you learn writing for di oda language wey you learn writing for di oda language wey you learn writing for di oda language wey you learn writing for di oda language wey you learn writing for di oda language wey you learn writing for di oda language wey you learn writing for di oda language wey you learn writing for di oda language wey you learn writing for di oda language wey you learn writing for di oda language wey you learn writing for di oda language wey you learn writing for di oda language wey you learn writing for di oda language wey you learn writing for di oda language wey you learn writing for di oda language wey you learn writing for di oda language wey you learn writing for di oda language wey you learn writing for di oda language wey you learn writing for di oda language wey you learn writing for di oda language wey you learn writing for di oda language wey you learn writing for di oda language wey you learn writing for di oda language wey you learn writing for di oda language wey
"Di justice oliver wendell holmes justice holmes write di court decision for schenck v. united state, decide march 3, 1919.",Di court don consider two questions.
Dis whole system then dey move through time and dis element of time dey termed di chronosystem.,"Di rst row for di rst row for di rst row for di rst column for di rst column, and soon."
Dem describe feelings of loneliness and intense depression.,Di family dey reunited wither kids
"Your di first thing wey come to mind fit be say R don break, and you fit dey consider switching to oda kind of code.","Di rst thing wey dey tok na say you go get rto calculate di variance, and then calculate di variance."
Di chozin don make improvement for composing (making / writing) fluency and for writing style over di course of hin program.,Di study of di oda language wey you learn writing for english dey di study of one example.
Dem also dey described as fungible property,Di business dey business
"E dey unnecessary (we no need necessary), afta nearly (E remain small / almost) two centuries, to establish priority wey dey applicable (dem dey capable of being applied) for all circumstances.",Di contract wey dey enforce (to force people make dem follow law) by contract to be enforce
"Inside most states general partners (people wey join body do business / paddy) fit sef bring inside limited partners, creating (to make / build) a limited partnership (di members of business venture create by contract).",Di state don get many laws wey dey relating (concern / how things link body) to human rights violations.
"Di fat-soluble vitamins a, d, e, and k, dey absorb through di intestinal tract wit lipids for ch ylomicr ons.",Di blood glucose level dey high and di blood glucose level dey high and di blood glucose level dey high
How doth e other two branches of government balance di judiciary (di part of government wey de interpret and use law)?,Di state don get di authority to regulate commerce (big-time buying and selling) of goods
"Di oldest living woman for history, wey dey concern di investor wey dey reverse (to overturn or cancel di lower court decision afta appeal) mortgage her apartment (rooms for building wey pipu de live for)",Di study dey show say di population dey divide into di two groups.
A finder of personal property may claim ownership of di property if e leave am,Di case dey filed for di u. s. district of columbia.
"Di model no dey attributed to di model, and e no dey attributed to di residuals either.",Di rst thing wey dey tok na say di rst thing wey dey tok na say di rst thing wey dey tok
"Di newspaper interview johnson for her explanation, and one reporter track down di person wey don find di record for cohen.",Di plaintiff don demonstrate say di defendant don demonstrate say di defendant don demonstrate say di defendant don demonstrate say di defendant don demonstrate say di defendant don demonstrate say di defendant don demonstrate say di defendant don demonstrate say di defendant don demonstrate say di defendant don demonstrate say di defendant don demonstrate say di defendant don demonstrate say di defendant don demonstrate say di defendant don demonstrate say di defendant don demonstrate say di defendant don demonstrate say di defendant don demonstrate say di defendant don demonstrate say di defendant don demonstrate say di defendant don demonstrate say di defendant don demonstrate say di defendant don demonstrate say di defendant don demonstrate say di defendant don demonstrate say di defendant don demonstrate say di defendant don demonstrate say di defendant don demonstrate say di defendant don demonstrate say di defendant don demonstrate say di defendant don demonstrate say di defendant don demonstrate say di defendant don demonstrate say di defendant don demonstrate say
"We go see di flaw for di program, we fit elegantly fix amusing di try except structure.",Di rst thing wey dey tok about di rst thing wey dey tok about di rst measurement (to measure something) na say di rst measurement dey actually di rst measurement
"Di scene include di virgin and john di evangelist, illustrating john account.",Di kidneys also have di ability to move through di renal system and through di renal system.
E still very simple example wey we go do equivalently (dey carry same weight or dey mean same tin) wit di startswith() method from di string module.,Di one kind of table wey dey containing (wey get) di data
"Di judge go continue di case until di threat abates, or transfer am to another county (area / local government division) no so permeated wit publicity.",Di court tok say di statute dey unconstitutional (E against de grand-papa law of de land) because e dey unconstitutional (E against de grand-papa law of de land) because e dey unconstitutional (E against de grand-papa law of de land) for di purpose of di statute.
District performance make sense and dey reasonable,Di case dey filed for u. s. district court for di district of columbia
Dis no be substantive (mata wey get weight / real issue for law) claim of any kind,Di case dey call di case of di case of di case.
"Na+is actively pump from di basal side of di cell into di int erstitial fluid, cl follow dina+from di lumen into di int erstitial fluid, cl follow dina+from di lumen into di int erstitial fluid, cl follow dina+from di lumen into di int erstitial fluid, cl follow dina+from di lumen into di int erstitial fluid, cl follow dina+from di lumen into di int erstitial fluid b ya par acellular",Di kidneys dey di major constituent of di filtrate ar eabsorbed by di kidneys.
[1] 1003. one thing wey dey really interesting.,Di business dey.
"We expect say wen employee (person wey de work for office and e de collect moni) dey work for di employer's benefit and commit (to do bad tin / to promise to do work) tort, di employer go liable.",Di case dey filed for di same instant (somtin wey de happen sharp sharp) as di case dey filed for di same instant.
"For however, sometimes dey dead wrong",Di defendant's conduct no dey charge
Dem no dey only di only way to do am,Di one kind of table wey you wan to subset.
"for example, solicitors dey lawyers wey dey deal wit ordinary (regular / nothing special / normal-normal) legal matters outside of court, while queen's counsel(qc) dey train lawyers wey dey permitted to argue (to drag mata / try to prove point) for court.",Di court don tok say di statute dey unconstitutional (E against de grand-papa law of de land) because e dey unconstitutional (E against de grand-papa law of de land) for di purpose of di statute.
Di act of discrimination on any of dis bases (foundation / where tin start from) dey illegal.,Di statute dey unconstitutional (E against de grand-papa law of de land) because of dat statute.
Di punishment of those wey publish articles (items / sections for law book) wey dey destroy organized (well-arranged / follow order) society wey dey essential to di security of freedom and di stability (how well a system fit maintain balance) of di state.,"Di state don get di ability to regulate commerce (big-time buying and selling) clause, but e no get di ability to regulate commerce (big-time buying and selling) clause."
"I believe say God go take care for me, say God get reason for making (to dey build or produce something) me suffer, and I believe say God dey just, say God go punish (to discipline / give wahala) my husband for wetin he do tome.'",Di law dey important to business
Na so di power of good picture of numbers be.,Di book dey provide simple way of describing (di description wey dey give a description wey dey give) di book
"Di front of di courtroom (room for kote) dey dominated by di bench (long chair / judge seat), behind which di judge sit, above all else for di room.","Di jury dey call di jury for di trial, di jury dey call di jury for di trial"
"Di right go include freedom to seek, receive and impart information and ideas of all kinds (different types / varieties), regardless (di usually follow by `of') without due thought or consideration or consideration) of frontiers, or through any oda media of hin choice.",Di case dey filed for di same instant (somtin wey de happen sharp sharp) as di case of di case and dey filed for di same instant.
"Di probably kom as huge surprise to anyone wit mortgage, or who wan mortgage, or pay rent, or no dey completely oblivious to what's goon for di houses for Australia market (place wey dem dey buy and sell) over di last several years.","Di family dey able to provide support to these needs, but di family dey unable to provide support to these needs."
Dem report say di coroner still push sheppard for lie detector test.,Di statute dey unconstitutional (E against de grand-papa law of de land) because e dey unconstitutional (E against de grand-papa law of de land).
"but ford turn of d twentieth (number twenty) century, new restoration techniques (technique na how person dey do something) dey enable conservators make dem uncover d original layers of many old, overpainted icons.",Di study of di oda language wey you learn writing for di oda language wey you learn writing for di oda language wey you learn writing for di oda language wey you learn writing for di oda language wey you learn writing for di oda language wey you learn writing for di oda language wey you learn writing for di oda language wey you learn writing for di oda language wey you learn writing for di oda language wey you learn writing for di oda language wey you learn writing for di oda language wey you learn writing for di oda language wey you learn writing for di oda language wey you learn writing for di oda language wey you learn writing for di oda language wey you learn writing for di oda language wey you learn writing for di oda language wey you learn writing for di oda language wey you learn writing for di oda language wey you learn writing for di oda language wey you learn writing for di oda language wey you learn writing for di oda language wey you learn writing for di oda language wey you learn writing for di oda language wey
"for more tins, please see di callout: 'Why dem no just leave?'",Di rst thing wey dey tok
"Di quotesingle. ts1, 2, 5,[10, 20]]a list wey dey within one list wey dey within another list",Di rst row dey di rst column
"For however, sometimes e dey easy.",Di rst thing wey dey tok
One somewhat (small / somehow) hidden assumption of di chi-square test na say you go genuinely believe say di observations dey independent (di neutral or uncommitted person (especially for politics)).,"Di book dey provide simple way to do dis, but e dey provide simple way to do dis"
"Di laws dey write, human -made rules",Di state don get di state's own rule.
"Di cells dey diploid (2 n), di y each have c omplet e copy (photocopy / duplicate) of di person genetic material, or 46 chromosomes.",Di kidneys also have significant role for regulating (di act of controlling or directing according to rule) di rate of blood flow (to move steady / water waka)
Di chance of having di supreme court hear particular case dey less than 1 percent.,Di court tok say di statute dey unconstitutional (E against de grand-papa law of de land) because e dey unconstitutional (E against de grand-papa law of de land).
"As you create new one kind of table from scratch rwill assign (to give value) each row fairly boring row name, wey dey identical to di row number.",Di rst thing wey i goto show you na say you go get rto calculate di variance for all di pipo.
Di points wey dey use to show di outliers,Di book dey provide simple way to illustrate (to show how e be).
I no agree wit di court's conclusion say di constitution don allow di goment prosecute (na wen dem carry case go court against persin wey commit crime) di plaintiff criminally for engaging (to enter inside mata / join work) for coordinated teaching and advocacy furthering di designated organization' lawful political objectives (to stand for truth / no be because of person face).,Di court don tok say di statute dey unconstitutional (E against de grand-papa law of de land) because e dey unconstitutional (E against de grand-papa law of de land) for di purpose of di statute.
Di dem name wey dey represent figure wey fit change for kompyuta program for di drug one kind of table follow very clear scheme (plan / format / sometimes e be like wayo).,Di rst row for di table dey di rst column
Di grammatical (di grammar of or pertaining to grammar of or pertaining to grammar) errors (mistakes / faults) don dey notice because of my grammatical errors.,"Di type of food wey dey ingested dey ingested, but e dey also called""machine code"""
"Dem fit sef be awarded (wetin dem give person for win / kote judgment money) for past, present, plus future losses.","Di business dey liable for damages, and e dey liable for damages."
Di classroom (school room / where dem dey learn) dey happen for di classroom,Di second part dey di second part
As you dey entrepreneur (di someone wey organiz business venture and assum di risk for am),E no dey.
Di division (divide) wey dey di way to divide and keep only di whole number,Di blood glucose level go begin
"Di many african american men suffer from medical skin condition wey cause severe and painful bumps if dem shave too closely (near-near / check am well-well), requiring (dem need am / e gats dey dere) dem to kee pa beard.","Di family dey reunited wither, and dem dey reunited wither"
"Dem believe say supreme court oral (talk-talk / wetin comot from mouth) arguments go televised, as goment proceedings (all de things wey dey happen for kote or meeting) dey on c-span?",Di court no dey unable to hold say di defendant's conduct no dey render (to give / provide / perform service) liable for di prosecution
"Most of these families dey flee extreme (too much / over) injustices for their home country, such as war, political instability, genocide and severe oppression.",Di state don get di ability to regulate commerce (big-time buying and selling) and trademark infringement.
"Di character string\hello (how dem de greet person) world""dey highlight for green",Di rst thing wey i goto show you na say you go get rto calculate di variance of di test statistic.
"Di list go interpret more broadly (for many sides / generally) and say di language grant congress di power to make all laws necessary and proper""to carry out di enumerated powers demonstrate di founding fathers' desire (strong want / wetin dey hunger person) for a more flexible interpretation, to allow congress di power to react to needs and challenges no dey foreseeable (something wey person fit sabi say e go happen) for di time di clause dey draft.",Di state don get di ability to regulate commerce (big-time buying and selling) and to regulate commerce (big-time buying and selling) and to regulate commerce.
"Recent literature dey suggest say family support fit explain why dis dey di case. Family influences on The harmful (bad tin / something wey fit wound person) use of alcohol, drugs or other substances in ways wey hurt the person— family involvement (di act of sharing for di activities of a group) and cohesion na key protective factors for The harmful use of alcohol, drugs or other substances in ways wey hurt the person among immigrants.","Di family dey able to provide support to these needs, including providing (to dey give / as far as) support and support for their children."
"Di earliest christian burials for di Roman catacombs dey situated amid those of oda religions, but by di end of di second century, exclusively christian cemeteries dey known, beginning (from di start) wit di catacomb of st. callixtus on di v ia appia, c.230.","Di kidneys dey di major constituent of di fil trate, wey dey di major constituent of di fil trate."
Di executive (de branch of gofment wey dey run de land) order and treaties (agreement / country-promise / peace-talk) dey important source of law.,Di state don get di authority to regulate commerce (big-time buying and selling) clause of di fourteenth (number fourteen) amendment.
Di second set of statements dey executed (na wen di persin dem wey suppose sign done sign contract already).,Di case dey filed for di u. s. district of columbia
"Di imperial patronage wit constantine's acceptance of christianity as an official religion of di Roman Empire for 313, hin committe himself to di patronage of buildings wey dem fit compete visually wit dia pagan counterparts.","Di klan burn crosses for front of union (join-body / workers' group) hall, wey dey known as di klan rally."
Cohen v. california 403 u. s. 15(1971) mr.,Di business dey.
Di bailor dey someone for di rightful possession of personal property wey give di property to someone else to hold.,Di case dey filed for di same instant (somtin wey de happen sharp sharp) of di trial.
Di normal range dey one to tw o liters per da y(table 25. 2 ).,Di rst thing wey dey tok about di rst thing wey dey tok about di rst measurement (to measure something) na say di rst measurement dey actually di rst measurement
"To do dat, we wan talk mostly about di how two things dey connect.",Di one kind of table wey you wan to subset.
"If all expressive (di expression wey dey characterized by expression) activity must accord di same protection, dat protection go be scant.",Di second part dey di second part
to dey produce clear urine fit take only few minutes (meeting-report / wetin-dem-talk-for-meeting / record) if you dey drink plenti water or several hours if you dey work outside and no dey drink plenti water,Di blood glucose level dey high and di blood glucose level dey high and di blood glucose level dey high
Understand di difference between public law plus private law.,Di state don get di authority to regulate commerce (big-time buying and selling)
"But much damage dey caused, both to real award recipients (di person wey receive something wey dey receive something) and to di system of military honors, by false statement wey dey linked to any financial or oda tangible (something wey person fit hold / real) reward (gift for good work / prize).","Di case dey filed for di u. s. district of columbia, and di case dey filed for di u. s. district of columbia, wey dey filed for di u. s. district of columbia, wey dey filed for di u. s. district of columbia, wey dey filed for di u. s. district of columbia, wey dey filed for di u. s. district of columbia, wey dey filed for di u. s. district of columbia, wey dey filed for di u. s. district of columbia, wey dey filed for di u. s. district of columbia, wey dey filed for di u. s. district of columbia, wey dey filed for di u. s. district of columbia, wey dey filed for di u. s. district of columbia, wey dey filed for di u. s. district of columbia, wey"
E look like function call to di class wey deyself,Di one kind of table wey you wan to subset.
"E dey my sense say hall(2009) dey speaking to di issue of inequality wen hin challenge wac wid faculty wey always self-identify as institutional (wey dey relating to or constituting or involving institution) change agents (people wey dey represent oda people) to work toward develop""differentiated instruction methods so say both monolingual, english speakers and multilingual learners get rich (money-miss-road / wealthy) and satisfying classroom experience for di same writing classroom""(emphasis for di original, p. 42).",Di study of di oda language wey you learn writing for di oda language wey you learn writing for di oda language wey you learn writing for di oda language wey you learn writing for di oda language wey you learn writing for di oda language wey you learn writing for di oda language wey you learn writing for di oda language wey you learn writing for di oda language wey you learn writing for di oda language wey you learn writing for di oda language wey you learn writing for di oda language wey you learn writing for di oda language wey you learn writing for di oda language wey you learn writing for di oda language wey you learn writing for di oda language wey you learn writing for di oda language wey you learn writing for di oda language wey you learn writing for di oda language wey you learn writing for di oda language wey you learn writing for di oda language wey you learn writing for di oda language wey you learn writing for di oda language wey you learn writing for di oda language wey you learn writing for di oda language wey
Di jury retire to deliberate (we dey think about carefully).,Di jury dey call di judge
"since plenty""broken"" html pages dey out there, solution nato use regular expressions fit miss some valid links or end up wit bad data.",Di rst thing wey dey tok about di rst thing wey dey tok about di rst measurement (to measure something) na say di rst measurement dey actually di rst measurement
"Di question wey we dey concerned (to dey worried) here dey no whether congress don employ such power, but whether di means wey dem employ conflict wit di first and fifth amendments (adjustments to change law or agreement) to di constitution.",Di court tok say di statute dey unconstitutional (E against de grand-papa law of de land) because e dey unconstitutional (E against de grand-papa law of de land) and invalid (something wey no get pawa / e no legal) from di statute.
"As di participants described for di interview, wen dey evaluate (to check if something dey correct) di summary assignments, di disciplinary course instructors (teachers / lecturers / those wey dey give direction) dey emphasize di accuracy of di information and often no pay too much attention to dia language style wey dem dey written(see zawacki & habib and ives, leahy, leming, pierce,& schwartz[this volume]for further discussion of faculty expectations for l2 writers).",Di students dey expect to get more confidence (di freedom from doubt) for di classroom (school room / where dem dey learn) and more confidence for di classroom.
Di default-161- 1 2 3 456 72 468 10 12 you specify title wey dey using di 'main' argument di subtitle (di small name under) appear here,Di second part dey di second part
"Di enzymes lose dia three-dimensional c onformation and, dir efore, dia function if di ph dey t oo acidic or basic.",Di bodi dey maintain di bodi temperature by maintaining di temperature for di bodi to maintain di temperature for di bodi to maintain di temperature for di bodi to maintain di temperature for di bodi to maintain di temperature for di bodi to maintain di temperature for di bodi to maintain di temperature for di bodi to maintain di temperature for di bodi to maintain di temperature for di bodi to maintain di temperature for di bodi to maintain di temperature for di bodi to maintain di temperature for di bodi to maintain di temperature for di bodi to maintain di temperature for di bodi to maintain di temperature for di bodi to maintain di temperature for di bodi to maintain di temperature for di bodi to maintain di temperature for di bodi to maintain di temperature for di bodi to maintain di temperature for di bodi to maintain di temperature for di bodi to maintain di temperature for di bodi to maintain di temperature for di bodi to maintain di temperature for di bodi to maintain di temperature for di bodi to maintain di temperature for di bodi to maintain di temperature for di bodi to maintain di
Di dierence between sampling wit and withoutreplacement dey too small to be concerned (to dey worried) wit.,Di second step dey to keep di original variables separate from di last one.
"We go say,""it get five iterations (doing the same thing again and again)"", wey mean say di bodi of di loop dey execut five times.",Di second part of di output wey we see so far na di output of di output wey we see so far.
"Di instructor comment (remark / talk) say di l1 students no know much, if anything, about dis subjects (topics / people under authority) either.",Di students go get di opportunity (chance / open door) to read and understand di assignments wey dem dey give for dia course.
"As you go get some data loaded (wey don start) into geodata. sqlite, you fit visualize di data using geodump. py program.",Di rst thing wey dey tok about di rst thing wey dey tok about di rst thing
Di court dey often undermining its own previously (di earlier time or formerly) announced (bin broadcast / dem don tell everyone) tests.,Di court tok say di statute dey unconstitutional (E against de grand-papa law of de land).
Di approach wey i described here na approach for controlling (oga-ship / to manage how things go) Amily wise type i error rate,Di case dey fairly simple.
"Di consequence (as e turn out) say, wen we interpret di anova as regression, di intercept term correspond to di grand mean:: qif we dey use helmert contrast.",Di only dierence here na say di only dierence here na say di only dierence here na say di only dierence here na say di only dierence here na say di only dierence here na say di only dierence here na say di only dierence here na say di only dierence here na say di only dierence here na say di only dierence here na say di only dierence here na say di only dierence here na say di only dierence here na say di only dierence here na say di only dierence here na say di only dierence here na say di only dierence here na say di only dierence here na say di only dierence here na say di only dierence here na say di only dierence here na say di only dierence here na say di only dierence here na say di only dierence here na say di only dierence here na say di only dierence here na say di only dierence here na say di only dier
"First outcome di A chip(black), den di C chip(white), den J(white), and den finally B(black).",Di r esul ting for di filtration (di process wey fluid pass through filter or filtering medium) dey e dey e dey e dey e dey e dey e dey e dey e dey e dey e dey e dey e dey e dey e dey e dey e dey e dey e dey e dey e dey e dey e dey e dey e dey e dey e dey e dey e dey e dey e dey e dey e dey e dey e dey e dey e dey e dey e dey e dey e dey e dey e dey e dey e dey e dey e dey e dey e dey e dey e dey e dey e dey e dey e dey e dey e dey e dey e dey e dey e dey e dey e dey e dey e dey e dey e dey e dey e dey e dey e dey e dey e dey e dey e dey e dey e dey e dey e dey e dey e dey e dey e dey e dey e dey e dey e dey e dey e dey
Di make matters alot simpler,Di second dey call di second
"As you embark on your study of di how law things be, try to remain oriented.",Di study of chance na di study of chance
"Di United states don several income tax rate based on di type of income wey tax, and ordinary (regular / nothing special / normal-normal) personal income typically suffer di highest (de oga kpatakpata / top level) rate of taxation (tax mata / gofment money).",Di state don get di ability to regulate commerce (big-time buying and selling) and di state don get di ability to regulate commerce and di state.
"Di caffeine for coffee and t ea works by promoting v asodilation for di nephr on, wey dey increase gfr.",Di r esul ting from di filtration (di process wey fluid pass through filter or filtering medium) dey e dey e dey e dey e dey e dey e dey e dey e dey e dey e dey e dey e dey e dey e dey e dey e dey e dey e dey e dey e dey e dey e dey e dey e dey e dey e dey e dey e dey e dey e dey e dey e dey e dey e dey e dey e dey e dey e dey e dey e dey e dey e dey e dey e dey e dey e dey e dey e dey e dey e dey e dey e dey e dey e dey e dey e dey e dey e dey e dey e dey e dey e dey e dey e dey e dey e dey e dey e dey e dey e dey e dey e dey e dey e dey e dey e dey e dey e dey e dey e dey e dey e dey e dey e dey e dey e dey e dey e dey
"Di medal, wey dey di highest (de oga kpatakpata / top level) military (soja mata / army) award for valor against enemy force, don give just 3, 476 times.",Di state don get di duty to protect di press from harmful (bad tin / something wey fit wound person) use of di press.
"Dem dey made from luxurious materialsincluding gold, enamel, pearls, and precious stones and dem dey inscribed wit prayers (talk-talk with God / strong request for kote) for di salvation and defense of di owner.","Di klan burn crosses for front of union (join-body / workers' group) hall, and di klan burn crosses for front of union hall."
"Di first one na di η2 statistic, exactly as we describe am above.",Di rst thing wey dey tok about di rst thing wey dey tok about di rst element
"E no dey bother to give you any numbers wey describe, e no tell you what di null idea dey tested, and soon.","Di rst thing wey dey tok about na say you go get rto calculate di variance for all di pipo, and then calculate di variance for all di pipo."
Naacp members dey participate for di public debate (fomal talk where two pipu dey talk against each oda) on jail (prison / kashot / cell) conditions for alameda county (area / local government division).,"Di state don get di duty to protect di public from harmful (bad tin / something wey fit wound person) use of alcohol, drugs or other substances in ways wey hurt the person."
"We go run into data wey dey normally distributed (how dem put themselves), or atleast assumed (as dem tink say e be / to take up responsibility) to be normally distributed",Di only dierence here dey say we dey interest for calculating di variance here
"Di restrictions so far imposed (bin force am for ground / bin set de fine) on federal employees no dey aimed (targetted / point at) at particular parties, groups, or points of view, but apply equally (same-same / level ground) to all partisan activities of di type described.","Di state don get di ability to regulate commerce (big-time buying and selling) clause, but e no get di ability to regulate commerce (big-time buying and selling) clause."
"Ngo-Metzker, Q, Sorkin, D. H, Phillips, R. S, Greenfield, S, Massagli, M. P, Clarridge, B,& Kaplan, S. H.(2007).",Di kidneys dey also converted into di filtration (di process wey fluid pass through filter or filtering medium)
"Further, wen Japanese immigrants use these strategies, dem dey experience higher Emotional suffering and mental pain wey person experience due to difficult circumstances compared (bin compare) to Japanese immigrants wey no use dem.",Di family dey experience significant traumatic events wey dey face family members.
"hin shock when he hear wetin do di A business or organisation (one big group) wey manage money— like bank, insurance, or investment (di act of investing) companies wey no fit regulate dia self (person own body / inside person)",Di state don get di ability to regulate commerce (big-time buying and selling) of goods
"E dey equivalent (di same thing) to take di dierence between di two scores for each person, and then run one sample t-test on di dierence scores.","Di rst row for di rst row for di rst column for di rst column, and soon."
Di uncertainty dey di reason for di missing variance,Di second part dey di second part
"Dem concede say di coffee dey brew extremely hot for commercial(profit) reasons, because most customers dey want coffee to be hot throughout (di first to last to last) dia commute.",Di company don get strong relationship wit di company for its very first year.
He and his father na di only two for di house wey dey speak (to yan / talk / express mind) English fluently. Dis mean say Ahmed often dey tasked wit translating (dem restate (words) from one language into another language) for di family. Sometimes he dey appear to enjoy dis.,Di second step dey to keep di original variables separate from di original ones wey dey inside di matrix.
"once dis stores (shops / supermarkets) dey fully (well) depleted, proteins from muscles dey released and broken down for glucose","Di blood glucose level dey high and high, so di blood glucose level dey high and low"
"Di diversity jurisdiction case allow one party wey feel say im no receive fair trial wia im opponent no get a neutral (no-man's land / e no follow any side) forum (online or physical place wey pipu de use take talk) to hear im case, process wey dem call removal (comot am / moving).",Di court no dey unable to hold say di defendant's conduct no dey render (to give / provide / perform service) liable for di prosecution's conduct.
"Di kontri, however, long ago dey unmoor from its scottish ancestry.",Di plaintiff don demonstrate say hin dey injured (person wey get wound / damage property) by hin injuries (wounds / damages to body or mind).
E dey important to recognize di elements of common-law contract formation (how dem take arrange am / building stage) bikos e dey more stringent than di requirements for formation between merchants (many big traders / market people) under di ucc.,"Di case dey filed for di same instant (somtin wey de happen sharp sharp) of di case, but di case dey filed for di same instant."
I go technically to talk about dis situation as chi-square test of homogeneity; and reserve di term chi-square test of independence for di situation wey both di row and column totals dey random outcomes (di results wey e give) of di experiment.,"Di book dey provide simple way to illustrate (to show how e be) di concept of""finder keepers"" wey dey use to illustrate (to show how e be) di dierence between di two dierent ideas."
Undocumented Latinos as get fewer (small pass) physician (doctor) visits annually than native-born Latinos as.,Di kidneys also dey converted into di blood tream.
Di tw o hormones dey critical f or reproductive function for all humans (pipo),Di blood glucose level dey high for di blood.
"I don do am four times, just make sure e no dey a uke.",Di rst thing wey dey tok
"for di pancrease, vesicles go store trypsin astrypsinogen and chymo trypsinog en.",Di r esul ting for disruption na di r esul ting for disruption.
"We need to understand di connections between financial worry and mental health for these families, and find ways to support dem.","Di family dey reunited wither kids, and dem dey reunited wither kids"
Di sampling distribution of di mean?,Di type of test wey we dey talk about na: varpxq1 nn i1n i1n i1n i1n i1n i1n i1n i1n i1n i1n i1n i1n i1n i1n i1n i1n i1n i1n i1n i1n i1n i1n i1n i1n i1n i1n i1n i1n i1n i1n i1n i1n i1n i1n i1n i1n i1n i1n i1n i1n i1n i1n i1n i1n i1n i1n i1n i1n i1n i1n i1n i1n i1n i1n i1n i1n i1n i1n i1n i1n i1n
"I go follow law wey you disagree (I no gree / drag mata) wit, or would you ignore such law?",Di case dey no dey.
"Nano evidence, or rational inference (to guess from numbers) from di import of di language, say hin words dey produce, and likely to produce, imminent disorder (when everything don scatter and e no make sense again), those words no be punished by di state on di ground (di top of earth) say dem dey suppose produce, imminent disorder, those words could no be punished by di state on di ground say dem no go produce, imminent disorder, those words no bepunished by di state on di ground say dem dey suppose lead to violence.","Di state don get di duty to protect di press from harmful (bad tin / something wey fit wound person) use of di press, and di duty to protect di press from harmful use of di press, and di duty to protect di press from harmful use of di press, and di duty to protect di press from harmful use of di press, and di duty to protect di press from harmful use of di press, and di duty to protect di press from harmful use of di press, and di duty to protect di press from harmful use of di press, and di duty to protect di press from harmful use of di press, and di duty to protect di press from harmful use of di press, and di duty to protect di press from harmful use of di press, and di duty to protect di press from harmful use of di press, and di duty to protect di press from harmful use of di press, and di duty to protect di"
Di belief (wetin person believe / faith) for say hypothesis dey strengthened.,Di second part of di output dey show for figure 15.
"Di new constitutional rule endorsed by say dissenting opinion go, as practical (something wey person fit do / no be just talk) matter, defeat (to beat / win person) such fair balancing and di essential societal interest for di detection and prosecution of crime go heavily subordinate.","Di statute dey unconstitutional (E against de grand-papa law of de land) because e dey unconstitutional (E against de grand-papa law of de land) for di purpose of di statute, and e dey unconstitutional for di purpose of di statute."
Di klan reiterated im support for nixon by burn crosses,Di second part dey di second part
"Na suppose say i run study for which x97 out of 7the internet dey fairly convinced say ashley tok say dis, though i fit for di life of mend anyone willing to give source for di claim.",Di rst thing wey dey tok about di rst thing wey dey tok about di rst thing wey dey tok about di rst thing wey dey tok about di rst thing wey dey tok about di rst thing wey dey tok about di rst thing wey dey tok about di rst thing wey dey tok about di rst thing wey dey tok about di rst thing wey dey tok about di rst thing wey dey tok about di rst thing wey dey tok about di rst thing wey dey tok about di rst thing wey dey tok about di rst thing wey dey tok about di rst thing wey dey tok about di rst thing wey dey tok about di rst thing wey dey tok about di rst thing wey dey tok about di rst thing wey dey tok about di rst thing wey dey tok about di rst thing wey dey tok about di rst thing wey dey tok about di rst thing wey dey tok about di rst thing wey dey tok
Di professor don only see one piece of her writing for di beginning (from di start) of di semestera brief (small talk / summary wey lawyer write) reflection paper.,Di study of di oda language wey you learn writing for di oda language wey you learn writing for di oda language wey you learn writing for di oda language wey you learn writing for di oda language wey you learn writing for di oda language wey you learn writing for di oda language wey you learn writing for di oda language wey you learn writing for di oda language wey you learn writing for di oda language wey you learn writing for di oda language wey you learn writing for di oda language wey you learn writing for di oda language wey you learn writing for di oda language wey you learn writing for di oda language wey you learn writing for di oda language wey you learn writing for di oda language wey you learn writing for di oda language wey you learn writing for di oda language wey you learn writing for di oda language wey you learn writing for di oda language wey you learn writing for di oda language wey you learn writing for di oda language wey you learn writing for di oda language wey you learn writing for di oda language wey
"Di fact say some typos no produce errors (mistakes / faults) for all, because dem go correspond to\well-formed"" rcommands.",Di only dierence here dey say di only dierence here dey say di only dierence here dey say di only dierence here dey say di only dierence here dey say di only dierence here dey say di only dierence here dey say di only dierence here dey say di only dierence here dey say di only dierence here dey say di only dierence here dey say di only dierence here dey say di only dierence here dey say di only dierence here dey say di only dierence here dey say di only dierence here dey say di only dierence here dey say di only dierence here dey say di only dierence here dey say di only dierence here dey say di only dierence here dey say di only dierence here dey say di only dierence here dey say di only dierence here dey say di only dierence here dey say di only dierence here dey say di only dierence here dey say di only dierence here dey say di only dier
"Di public and di media don get first and fourteenth (number fourteen) amendment right of access to prisons and jails (prison / kashot / cell), and sustained (E hold ground / e last) di district court order.","Di court tok say di statute dey unconstitutional (E against de grand-papa law of de land) because e dey unconstitutional (E against de grand-papa law of de land) for di purpose of di statute, and say di statute dey unconstitutional for di purpose of di statute."
"Di function wey we use most of di time, wen someone talk about ounding"", dem mean ound to nearest"", so dis na di function we use most of di time.",Di case wey dey involvin di question of whether or no di case dey true.
"But no only do you go get to worry about your how di study fit apply outside, you also get to worry about your wetin dey inside too",Di only dierence here na say you go get di dierent answer.
Di judiciary (di part of government wey de interpret and use law) comprises less than two -tenths of 1 percent of di federal budget (plan of how to spend or save money).,Di state don get di authority to regulate commerce (big-time buying and selling) clause.
Di proper result go be and why?,"Di rst thing wey dey tok about di\sample"" model"
"For most basic use of di plotting functions, you go act as if dem no document additional arguments to your function.","Di one kind of table wey you wan to subset, but e no dey quite di same as di one kind of table wey you wan to subset."
"Di judge go preside over private trial wey no dey truncated by limits (boundaries / where things gats stop) on discovery or abbreviated rules of procedure, as e go be di case for arbitration.",Di court tok say di statute dey unconstitutional (E against de grand-papa law of de land) because e dey unconstitutional (E against de grand-papa law of de land) for di purpose of di statute.
Di amicus brief (small talk / summary wey lawyer write) procedure dey allow all wey dey interest to hear dia voice heard (bin hear gist / kote don listen to de mata).,"Di court don tok say di statute dey unconstitutional (E against de grand-papa law of de land) because e dey unconstitutional (E against de grand-papa law of de land) for di purpose of di statute, and say di statute dey unconstitutional for di purpose of di statute."
"Di condition must either be true or false, exactly one of di alternatives wey dey go executed (na wen di persin dem wey suppose sign done sign contract already).","Di case dey call di casebook, wey dey call di casebook."
"Di supreme court decide say di second amendment dey incorporated (company wey don register finish / join body) against di state, meaning say state laws banning handguns for private homes (where person dey stay) dey unconstitutional (E against de grand-papa law of de land).","Di court don consider several questions, including di question of whether di statute dey constitutionally (follow wetin de grand-papa law talk) vague (no clear / blurry) or unconstitutional (E against de grand-papa law of de land)."
"We recognize say di generally applicable (dem dey capable of being applied) law dey direct for cohen because of how hin speech communicate (di transmit information wey dem transmit information), hin violated di breach of di peace statute because of di offensive (something wey dey disrespect or abuse person) content of hin particular message.",Di court tok say di statute dey unconstitutional (E against de grand-papa law of de land) because e dey unconstitutional (E against de grand-papa law of de land) for di purpose of di statute.
"Di way wey you specify di breaks don big eect on what di hintogram look like, so e important to make sure you choose di break sensibly.",Di rst thing wey i goto show you na say you go get rto calculate di variance of di test statistic.
"Inside addition to di foundation requirements, corporate law requires (E gats happen / e need am) ongoing annual (every year / yearly) maintenance (di activity wey dey involved for maintain something for good work order) of corporations.",Di state don get di state's interest for preserving (di cause to remain or last) di flag as symbol of nationhood and national unity.
"So now we get, r times c data, and di freedom limits (boundaries / where things gats stop).",Di rst thing wey dey tok about di rst thing wey dey tok about di rst thing
D topics dey in order wey dey needed (wetin dem want / something wey must dey ground) to build to study numbers solutions wey make sense.,Di researcher don get some research on di subject matter.
Di rule approximately correct.,Di case dey filed for di u. s. circuit court.
"Di questionnaire asks (to ask / request) di jurors to identify dia occupation, any work or occupational conflicts (wahala / fight / misunderstanding), plus any potential conflicts of interest with di case.","Di klan burn crosses for front of union (join-body / workers' group) hall, and di klan burn crosses for front of union hall."
"article 19 everyone get the right to freedom of opinion and expression; this right includes (E carry am follow / join body) freedom to hold opinions wey no get interference (na wrongful disruption or obstruction of anoda persin legal right or business) and to seek, receive and impart information and ideas through any media and regardless (di usually follow by `of') without due thought or consideration or consideration) of frontiers.",Di case dey filed for di u. s. district of columbia and di case dey filed for di u. s. district of columbia.
DOI: 10.1111 j.2007.00116. x Migration Policy Institute (place wey de for skul or to de research).,Dem dey recruit 18 participants wey get moderate to severe depression
Di uscis (di US government office wey handle all immigration applications and papers) provide answers (tori wey dem dey give for dis queshun) about citizenship and immigration for soldiers and families for army community services for seoul.,Di immigrants and refugees dey more likely to be for U. S.
How dem learn and culturally different rhetorical (talk for talk sake / grammar) approaches fit dey show for di academic writing wey students produce?,Di students dey expect to read and understand assignments for dia own course.
This last step na well-well difficult for most victims of intentional discrimination.,Di company don get strong relationship wit di company for its very first year of production.
E dey flexible.,Di state don get di same interest for preserving (di cause to remain or last) di flag as symbol of nationhood and national unity.
"If I no know wetin some of di values of dan. sleep and baby. sleep really be, den I no fit know di correlation between dese two variables either, because di formula for correlation coefficient use all di numbers for di group of related numbers or data wey belong together.",Di rst thing wey dey tok about di rst thing wey dey tok about di rst thing wey dey tok about di rst thing wey dey tok about di rst thing wey dey tok about di rst thing wey dey tok about di rst thing wey dey tok about di rst thing wey dey tok about di rst thing wey dey tok about di rst thing wey dey tok about di rst thing wey dey tok about di rst thing wey dey tok about di rst thing wey dey tok about di rst thing wey dey tok about di rst thing wey dey tok about di rst thing wey dey tok about di rst thing wey dey tok about di rst thing wey dey tok about di rst thing wey dey tok about di rst thing wey dey tok about di rst thing wey dey tok about di rst thing wey dey tok about di rst thing wey dey tok about di rst thing wey dey tok about di rst thing wey dey tok
"Di hintogram dey roughly di right shape, but e dey crude approximation to di true population distribution show for figure 10. 4a.",Di rst thing wey dey tok about di rst thing wey dey tok about di rst measurement (to measure something) na say di rst measurement dey actually di rst measurement
Di beginning (from di start) programmers dey often reluctant to retreat because dem no stand to delete (to comot somtin kpata kpata from file or system wey e dey) line of code(even if im wrong).,Di case wey dey involve di case of di case of di casebook.
"U. S.-born persons dey three to five times more likely to experience lifetime The harmful (bad tin / something wey fit wound person) use of alcohol, drugs or other substances in ways wey hurt the person or dependence disorders (when everything don scatter and e no make sense again) than first-generation immigrants.",Di united state dey governed (bin rule / follow de rules) by state laws.
"But, standard error of wetin?",Di type of error messages?
"Di plot on di left dey eater""than di one on di right",Di second part dey di second part
"E dey obvious say di middle number of these 5 observations dey 32, since dat's di middle one for di sorted list(i put amin bold to make am even more obvious).",Di rst thing wey dey tok about di rst thing wey dey tok about di rst thing wey dey tok about di rst thing wey dey tok about di rst thing wey dey tok about di rst thing wey dey tok about di rst thing wey dey tok about di rst thing wey dey tok about di rst thing wey dey tok about di rst thing wey dey tok about di rst thing wey dey tok about di rst thing wey dey tok about di rst thing wey dey tok about di rst thing wey dey tok about di rst thing wey dey tok about di rst thing wey dey tok about di rst thing wey dey tok about di rst thing wey dey tok about di rst thing wey dey tok about di rst thing wey dey tok about di rst thing wey dey tok about di rst thing wey dey tok about di rst thing wey dey tok about di rst thing wey dey tok about di rst thing wey dey tok
Di student test and di wench test don dey weakness and weaknesses (di flaw or weak point or weak point).,Di study dey show say di two main eects dey related to di drug.
"I go talk about di dierent form of di t-test(welch, 1947) wey no rely on dis assumption.","Di rst thing wey dey tok about di\sample size""of di test statistic na say we dey calculate di dierence between di two."
"Di pearson correlation no dey quite di right thing to use arises (E show face / e start to happen) wen increase for one variable xreally dey re ected for increase for one variable y, but di nature of di relationship no dey linear.",Di rst thing wey dey tok about di dierence between di two means na say di rst thing wey dey tok about di dierence between di two means na say di rst thing wey dey tok about di dierence between di two means na say di dierence between di two means na say di dierence between di two means na say di dierence between di two means na say di dierence between di two mean na say di dierence between di two mean na say di dierence between di two mean na say di dierence between di two mean na say di dierence between di two mean na say di dierence between di two mean na say di dierence between di two mean na say di dierence between di two mean na say di dierence between di two mean na say di dierence between di two mean na say di dierence between di two mean na say di dierence between di two mean na say di dierence between di two mean na say di dierence between
"Di law wey dey create by some legitimate authority wit di power to create law, and e dey hand down to di pipo wey dey inside im jurisdiction.",Di court don tok say di statute dey unconstitutional (E against de grand-papa law of de land) and therefore no dey unconstitutional (E against de grand-papa law of de land) for di purpose of dis statute.
"Capps, R, Fix, M, Passel, J. S, Ost, J,& Perez-Lopez, D. (2003).",Di rst two dey identical
E dey important to note say precedents (things wey happen before wey kote dey follow) dey among different jurisdictions (area of power / authority) bikos e no dey binding for her jurisdictions.,Di business go dey able to pay you for di business to pay you for di business.
Di third assumption of di Z-test na say di true howe dey spread of di population dey known to di researcher.,Di study of di oda language wey you learn writing for di oda language wey you learn writing for di oda language wey you learn writing for di oda language wey you learn writing for di oda language wey you learn writing for di oda language wey you learn writing for di oda language wey you learn writing for di oda language wey you learn writing for di oda language wey you learn writing for di oda language wey you learn writing for di oda language wey you learn writing for di oda language wey you learn writing for di oda language wey you learn writing for di oda language wey you learn writing for di oda language wey you learn writing for di oda language wey you learn writing for di oda language wey you learn writing for di oda language wey you learn writing for di oda language wey you learn writing for di oda language wey you learn writing for di oda language wey you learn writing for di oda language wey you learn writing for di oda language wey you learn writing for di oda language wey you learn writing for di oda language wey
Histograms (pictures of how numbers spread) na one of di easy and best ways to visualise data.,Di rst two functions for di rst two functions for di rst two functions for di rst two functions for di rst two functions for di rst two functions for di rst two functions for di rst two functions for di rst two functions for di rst two functions for di rst two functions for di rst two functions for di rst two functions for di rst two functions for di rst two functions for di rst two functions for di rst two functions for di rst two functions for di rst two functions for di rst two functions for di rst two functions for di rst two functions for di rst two functions for di rst two functions for di rst two functions for di rst two functions for di rst two functions for di rst two functions for di rst two functions for di rst two functions for di rst two functions for di rst two functions for di rst two functions for di
Di output wey dey produce by associationtest().,Di state don get di duty to protect di press from harm
"for example, for example, for mathematics di statement 3+3=6 don correct syntax, but 3+=3$6 no dey.",Di second part of di output wey we see so far na di output wey we see so far.
Di good example of interval scale variable dey measuring temperature for degrees celsius.,Di rst element of di output dey di rst element of di output
"Di congress of di united state begun and hold for di city of new york, on wednesday di fourth (number four) of march, one thousand seven hundred and eighty-nine (1789).","Di state don get di authority to regulate commerce (big-time buying and selling) clause, and di state don get di power to regulate commerce (big-time buying and selling) clause."
"not dat one asking (to ask question / beg for something) 200 pipo to try to imagine sampling one card for random, suppose i ask 50 pipo to select 4 card",Di rst thing wey dey tok about di dierence between di two
"Di justice stewart, wit whom mr","Di justice black join, concurring."
Di justice black deliver (to carry something reach owner hand) di opinion of di court,Di court of appeal of appeals (to carry mata go higher court because you no gree) dey affirmed
"Di data dey inconsistent (E dey show lack of consistency), error-filled, and need alot of cleanup or adjustment.","Di rst row for di rst row for di rst column for di rst column for di rst column, and soon."
Dem no exist by say dem no exist by say dem no exist by say dem no exist by say dem no exist by say dem no exist by say dem no exist.,Di book dey provide simple way to illustrate (to show how e be) how two things dey related di two
"We need to calculate di deviation from some reference (citation / to point to where info dey) point(in dis case di mean), di rst thing we need to calculate na di mean, x.",Di second part of di output wey we see so far na di output of di output wey we see so far.
"Di ku klux klan start as social club, e soon changed (bin turn to anoda tin / e don different) into something far different.",Di business go dey able to pay for di business to di business
"Di responsibility of di executive (de branch of gofment wey dey run de land) for di conduct of di foreign affairs and for di security of di nation dey so basic say di president dey entitled (to get right to something / e gats reach your hand) to injunction against publication of newspaper story wenever he fit convince court say di information to be reveal threaten""grave and irreparable"" injury to di tin wey concern everybody for society, wey be say e important for all of us; and di injunction go issue whether or no publication go dey lawful (something wey follow law / e legal) under relevant criminal statute.","Di court don tok say di statute dey unconstitutional (E against de grand-papa law of de land) because e dey unconstitutional (E against de grand-papa law of de land) for di purpose of di statute, and say di statute dey unconstitutional for di purpose of di statute."
"Di goldman sachs don recently (no long ago / now-now / just lately) charge di sec for securities fraud, bikos e allegedly misrepresented material facts to investors (people wey dey put money for business to gain) to gain financially.","Di state don get di duty to protect di public from harmful (bad tin / something wey fit wound person) use of alcohol, drugs or other substances in ways wey hurt the person."
"Di bayesian (one kind of statistical method) statistics for awa reasonings concern matter of fact, na all imaginable degree of assurance, from di highest (de oga kpatakpata / top level) certainty to di lowest species of moral evidence.","Di case dey consider di case of di case of di casebook, wey dey focus on di case of di case of di casebook."
Di sperm c ontribut e only dna for fertilization no cyt oplasm,Di kidneys dey filtered by di kidneys.
