reference,prediction
di note say race and color no dey on di list of acceptable (dem worthy of acceptance or satisfactory) bfoqs,di note say race and color no dey on di list of acceptable bfoqs.
"as before xspeci dey di data, and funspeci dey function","as before xspeci es di data, and funspeci dey function."
"understanding the harmful (bad tin / something wey fit wound person) use of alcohol, drugs or other substances in ways wey hurt the person within immigrant populations dey becoming increasingly (e dey advancing for amount or intensity) important as u. s. dey increase for cultural diversity.","understanding substance abuse within immigrant populations dey becoming increasingly important as di u. s. increases (e dey processing a photosensitive material for order make image visible) for cultural diversity (szaflarski, cubbins,&ying,2011)."
"di same time say aldos terone cause increased (e don big pass before / e climb) recovery of na+, e also cause greater (e big pass / more-more) loss of k+","di same time say aldos terone cause increased (e don big pass before / e climb) recovery of na+, e also cause greater (e big pass / more-more) loss of k+."
"di chozin case study na di study of one example dey add to di growing bodi of research on international graduate students, wey include di well-known studies by casanave and leki.","di case study add to growing body of research on international graduate students, including well-known studies by casanave and leki."
"for whenever r encounter di while way, e check say di condition dey true",e check to see if di condition dey true.
multicultural study of one or few examples of academic literacy practices wey dey for higher education,multicultural case studies of academic literacy practices for higher education.
"di middle region of di tube, called di ampul la, na where fertilization often occurs (e dey happen / e dey show face).","di middle region of di tube, call di ampul la, na where fertilization often occur."
aswell see later for di book you go nd say you end upto create variable for oda things too.,"di variables you measure for your study)go store as variables for r, but aswell see later for di book you go nd say you end up creating variables for r, but aswell see later for di book you go nd say you end up creating variables for oda things too."
"but computers don get ngers, dem don get transistors; and transistors dey build to store 2 numbers no 10.","but computers no get ngers, dem don transistors (teachers / lecturers / those wey dey give direction); and transistors (teachers / lecturers / those wey dey give direction) dey built to store 2 numbers no 10."
"moreover (join-am say / apart from dat), di sec enforces prohibitions (things dem say make you no do) against insider trading (business / exchange) plus pursues claims of other types of securities fraud, such as ponzi schemes.","di sec enforce (to force people make dem follow law) prohibitions against insider trading and pursues claims of oda types of securities fraud, such as ponzi schemes (plan / format / sometimes e be like wayo)."
"di regular expression go match twice( and), but e no match di string bikos e no match di string bikos e no match di string.","di regular expression go match twice( and), but e no match di string because non-blank character before di at-sign."
di argument name dey probably best to actually type for di argument name,"if you dey ever (anytime / since world start) unsure, e dey probably best to actually type for di argument name."
d search engine dey usually run both d crawling and ranking (to arrange from best to worst) programs all d time.,di search engine usually run both di crawling and ranking programs all di time.
"suppose we wan run di full 3×2 factorial anova, including interaction terms.","we wan run di full 32 factorial anova, including interaction terms."
di variables dey on fundamentally (di main thing be say) dierent scales.,di variables dey on fundamentally dierent scales.
"di penalty provisions no exist for violating (to break law / mess up rule) those laws, those penalties (fines / punishments for offense) no dey drive compliance (di acting according to certain accepted standards) itself.","di penalty provisions go exist for violating those laws, those penalties no dey driving compliance (di activity of communicating) amself."
"even di subjects (topics / people under authority) di plaintiffs wish to teach--using rules and agreements (di statement (oral or written) of exchange of promises) wey control how countries relate and deal with eachother to resolve disputes peacefully or petitioning di united nations (obodo / different-different countries), for example--concern political talk.","di subjects (things / items) di plaintiffs wish to teach--using international law to resolve disputes peacefully or petitioning di united nations (obodo / different-different countries), for example--concern political speech."
"di court sentenced appellant (na court wey dey review decision wey lower court make) to 10 days for jail (prison / kashot / cell), suspended, and to$75 fine.","di court sentenced appellant (na court wey dey review decision wey lower court make) to 10 days for jail (prison / kashot / cell), suspended, and to$75 fine."
"di mild to moderate symptoms ar e treated wit medication, whereas severe enlargement of di prostate tin sue dey r emo ved.","di mild to moderate symptoms ar e treated wit medication, whereas severe enlargement of di prostate dey treated by surgery wey portion of di prostate tissue dey r emo ved."
"for di last point, if di beliefs (wetin you believe) of untrained pipo dey critical(e. g, dis dey often di case for apply research wey you suppose convince policymakers of something or oda)then you go care about whether e look like wetin e suppose be.",di case for applied (bin arrange / build follow plan) research wey you actually wan convince policymakers of something or oda)then you go care about face validity.
di immigrants(both documented and undocumented)contribute (di quality wey dey bestow a quality on top quality on top) billions more tomedicare through payroll taxes (money wey gofment dey collect from people hustle) wey dem useinmedical services,"inparticular, immigrants (both documented and undocumented)contribute billions more tomedicare through payroll taxes (business paddy / colleague) than dem use for medical services (zallman, woolhandler, himmelstein, bor&mccormick, 2013)."
"e no dey easy to learn, and e no dey easy to learn, but on di whole i think di strength outweigh di weakness; more so than any oda option wey i dey encounter so far.","e no easy to learn, and e get few very annoying quirk to am say we dey all pretty much stuck wit, but on di whole i think di strengths outweigh di weakness; more so than any oda option i dey encounter so far."
"note sey dis ones no be di same confidence (di freedom from doubt) intervals wey you go get if you calculate dem separately for each group, because anova model dey assume homogeneity of variance and so e dey use pooled estimate of di howe dey spread.",di fact say di anova model assume homogeneity of variance and therefore use pooled estimate of di howe dey spread.
di supreme court tok say states no regulate motor vehicle (motor / machine to carry load) safety (safe condition / no wahala) standards.,di supreme court tok say states no regulate motor vehicle safety standards.
but you imagine if we no get wa y to determine dis things?,na you imagine if we no dey determine dis things?
middle and high-skill labor force.,middle and high-skill labor force.
"as you fit imagine, e no make plenty sense to try compare my raw score of 2 for di paper wey check how person dey social to my raw score of 35 for grumpiness (crossness) questionnaire.",e no make alot of sense to try compare my raw score of 2 on di extraversion questionnaire to my raw score of 35 on di grumpiness questionnaire.
"di way, i get to remember di knowledge better, and i no to go back to di whole book wen i need to look up something","i get to remember di knowledge better, and i no go back to di whole book wen i need look up something"
"bohn, s,& schiff, e.","bohn, s,&schiff, e."
"however, many immigrants and refugees dey avoid substance use even after traumatic exposure (showing body / making known) and distress.","however, many immigrants and refugees avoid substance useeven after traumatic exposure and distress."
"di damage dey particularly great wen di wetin dem dey call prior restraint (to hold body / control / limitation) be say government no go gree make person talk or write wetin dem wan write before dem publish am, na like say government dey hold person mouth before dem talk fall upon di communication (di activity of communicating) of news and commentary on current events.",di damage fit be particularly great when th e prior restraint falls (fast-fast / sharp-sharp) upon di communication (di activity of communicating) of news and commentary on current events.
"we must decide whether a everybody figure may recover (na obtain money, property, or relief from court judgment) damages for emotional harm caused (wetin make de tin happen) by di publication of an ad parody offensive (something wey dey disrespect or abuse person) to him, and doubtless gross and repugnant for di eyes of most.","we must decide whether public figure go recover (na obtain money, property, or relief from court judgment) damages for emotional harm caused (wetin person get for mind to do) by di publication of an ad parody offensive to him, and doubtless gross and repugnant for di eyes of most."
"di court, na elusive, abstract concept, hard to prove and hard to disprove.","di court, dey elusive (e dey processing a photosensitive material for order make image visible), abstract concept, hard to prove and hard to disprove."
"di\hello (how dem de greet person) world""text dey show for green, you go notice say di\hello world""text dey show for green","assum say you dey look dis document for colour, you go notice say di\hello world""text dey show for green"
e then move towards di inferential statistics part.,e go move towards di inferential statistics part.
"di bicarbonat e dey di one ion wey no normally excreted for urine; ins tead, e dey c onser ved by di kidneys for use for di bodi 's buff ering systems.","di one ion wey no normally excreted (na wen court or jury find persin guilty of criminal charge) for urine; ins tead, e dey c onser ved by di kidneys for use for di bodi's buff ering systems."
di criminal dey try to take property for hin or her own financial gain,di criminal dey try take property for hin or her own financial gain.
"di dierent approach dey select a meaningful (di meaning or purpose dey having a meaning or purpose) reference (citation / to point to where info dey) point(usually di mean or di median)and then report di ypical"" deviation from dat reference point.","di dierent approach dey to select meaningful (di mean or di median) reference (citation / to point to where info dey) point(usually di mean or di median)and then report di ypical"" deviations from dat reference (citation / to point to where info dey) point."
di program to open di file romeo. txt and read am line by line,di program to open di file romeo. txt and read am line by line.
"di apparent superiority of negative feedback na artifact wey dey caused (wetin make de tin happen) by regression to di mean(see kahneman & tversky, 1973, for discussion).","di apparent superiority of negative feedback dey artifact caused by regression to di mean(see kahneman & tversky, 1973, for discussion)."
experiencing trauma for adulthood dey increase risk of perpetration (di act of committing a crime or causing harm to another person) of ipv: men wey don dey exposed to political violence or imprisonment dey twice as likely to perpetrate ipv as those wey no don.,"di men wey dey exposed to political violence orimprisonment dey twice as likely toperpetrate ipvasthose wey no dey(gupta, acevedogarcia, & himmenway,2009; shiu-thornton, senturia, & himmenway,2009; shiu-thornton, senturia, & himmenway,2009; shiu-thornton, senturia, & sullivan,2005)."
di respondent attend (to go meeting / follow join) hin first public meeting (gathering / discussion group) as a board member (one person inside join-body) of di three valley water district board.,"for 2007, respondent attend hin first public meeting as board member (one person inside join-body) of di three valley water district board."
"at wey point di venture capital (moni wey person use take start business) firm (company / business office) seeks an exit (where person go pass take comot somwhere) strategy, typically through offering sale of di business to di public inside an initial public offering(ipo).","di venture capital (moni wey person use take start business) firm seeks (person wey get wound / damage property) exit strategy, typically through offering sale of di business to di public for initial public offering(ipo)."
di three features (karakata wey dey make am sweet or wey dey help) dey comprise what dey known as di filtration (di process wey fluid pass through filter or filtering medium) membrane.,di three features wey dey comprise (to give value) what dey known as di filtration membrane.
"hispanic journal of behavioral sciences,32(3), 341-361.","hispanic journal of behavioral sciences,32(3), 341-361."
several methods of adr exist.,several methods of adr exist.
di task 0. 800.,tasks 0.800.
dem try play around wit dierent values of lwdto see what happen.,try play around wit dierent values of lwdto see what happen.
di judgment of di texas court of criminal appeals (to carry mata go higher court because you no gree) dey affirmed.,di judgment of di texas court of criminal appeal dey therefore affirmed.
"e dey important to note say immigration officers, wey traditionally (di tradition wey dey according to tradition) hold law degrees, have broad (e wide well-well / e cover many things) discretion for deciding (to choose / finalize decision) whether application dey complete and accurate(w eissbrodt & danielson, 2011).","e dey important to note say immigration officers, wey traditionally hold law degrees, don broad (e wide well-well / e cover many things) discretion for deciding whether application dey complete and accurate(w eissbrodt & danielson, 2011)."
di requirement of specific intent to do anything more than display di flag for dat manner (way / style / how person take do am).,nano requirement of specific intent to do anything more than display di flag for dat manner (way / style / how person take do am).
immigrant workers wey na middle-wage earners dey still disadvantaged.,immigrant workers wey deymiddle-wage earners (people wey buy and use market) arestill disadvantaged (something wey security or insurance don take care of).
"di overturn ofthe defense of marriage act(doma), citizens and permanent (something wey no go change / follow-come) residents (person wey dey stay for place) go sponsor dia same-sex spouses for visas.","di overturn of disedefense of marriage act(doma), citizens and permanent residents (people wey dey stand for oda people / agents) go sponsor dia same-sex spouses for visas."
"as urine dey formed (bin make / bin arrange or build), e drains (pipe wey de comot wata) into di cal yces wey dey form di funnel-shaped renal pelvis for di hilum of each kidney.","as urine dey form di funnel-shaped renal pelvis for di hilum of each kidney, wey merge to form di funnel-shaped renal pelvis for di hilum of each kidney."
di timing no dey s ynchr onous across di seminif erous tubules.,di timing no dey ynchr onous across di seminif erous tubules.
"di pressure for""more"" dey endemic for every level of di mortgage industry (hustle / big-big business area), from di would-be homeowner wey dey want more house than hin or she go afford to di investment (di act of investing) bankers wey dey want more cdos on which dem go profit (gain / better money from business).","di pressure for""more"" dey endemic for every level of di mortgage industry (big-time buying and selling), from di go homeowner wey dey more house than hin or she go afford to di investment bankers wey dey more cdos on which dem go profit (gain / better money from business)."
e dey because beginning (from di start) programmers no dey memorize (when person read and keep information for head) di reserved words(there dey only 35 of dem)and sometimes variables wey dey too descriptive (di serving to describe or inform or characterized by description) start to look like part of t he language and no just well-chosen dem name wey dey represent figure wey fit change for kompyuta program.,di because beginning (from di start) programmers no dey memorized di reserved words(there dey only 35 of dem)and sometimes variables wit name wey dey too descriptive start to look like part of t he language and no just well-chosen variable name.
"di tin wey concern everybody for society, wey be say e important for all of us survive di judgment of conviction and appropriately (di appropriate manner for di appropriate manner) carry over to an interest for how di convicted (na wen court or jury find persin guilty of criminal charge) person dey treated during hin period of punishment and hope for rehabilitation (di restoration of someone to useful place for society).",di public interest survive di judgment of conviction and appropriately carries over to interest for how di convicted person dey treated during hin period of punishment (di act of punishing di act of punishing di act of punishing di act of punishing di act of punishing di act of punishing) and hopedfor rehabilitation.
"di tyrants of di world fight each oda until dem see common enemy wey dey work class enlightenment, wen dem combine to crush am, and say now militarism and capitalism (di economic system wey dey based on private ownership of capital) combined, though no openly, to crush di russian revolution","di tyrants of di world fight each oda until dem see common enemy-- working class enlightenment, wen dem combine to crush di russian evolution"" --goes on say di tyrants of di world fight each oda until dem see common enemy-- working class enlightenment, wen dem combine to crush am, and say now militarism and capitalism combined, though no openly, to crush di russian revolution."
di things wey don-92- don use for about 20 years.,di things wey no dey-92- dey use for about 20 years.
"di physical embodiment of dis entity we call corporation, but what does dat mean?","di corporate (tin wey concern big business join-body) headquarters for cupertino, california( figure 11.1 ""apple's headquarters for cupertino, california( figure 11.1 ""apple's headquarters for cupertino, california""), na di physical embodiment of dis entity we call corporation, but what does wey mean?"
"we fit drop andre-create di artist name index wit unique constraint as follows (dey come after, becos of sometin wey don happen before).",we fit drop andre-create di artist name index wit unique constraint as follow.
"di yates(1934) suggest simple x, wey you rede ne di goodness of t statistic as: x2 ip|eioi|0: 5q2 eioi|0","di yates(1934) suggest simple x, wey you rede ne di goodness of t statistic as: x2 ip|eioi|0: 5q2 ip|eioi|0: 5q2 ip|eioi|0: 5q2 ip|eioi|0: 5q2 ip|eioi|0: 5q2 ip|eioi|0: 5q2 ei(12.1)basically, hin just subtracts o 0.5 everywhere."
di probability of incorrectly reject di null?,di probability of incorrectly reject di null?
di cat()function dey so widely use say i think na good idea to talk about am here.,di cat()function dey so widely use say i think e good idea to talk about am here.
di humble (wey dey simple) one kind of scale na di main tool (tinwey or ogbe wey dem dey use do sometin or wok) of all how to design survey.,di humble likert scale dey di bread and butter tool (tinwey or ogbe wey dem dey use do sometin or wok) of all survey design.
"di term ""kriminal wey dem plan am well-well, dey under one group, dey do bad tins like sell drug, collect money by force, and dey cause wahala"" often summons images of di mafia, wey no dey only type of organized (well-arranged / follow order) criminal activity for dis kontri.","di term""organized crime while di term""organized crime""often summons images of di mafia, say no only type of organized criminal activity for dis kontri."
"for example, congress don enacted (dem don sign am into law) precatory regulations describing (di description wey dey give a description wey dey give) di proper treatment of di flag, and we cast without question on di legitimacy of its interest for make such recommendations (advice).","di congress don, for example, enacted precatory regulations describing di proper treatment of di flag, and we cast no doubt on di legitimacy of its interest for make such recommendations."
di interest justifies johnson's conviction under a more demanding standard.,we must ask whether dis interest justifies johnson's conviction under more demanding standard.
"while dis fit cause emotional distress for some, e fit also be di source of motivation to make di most of their opportunities (di possibility due to a favorable combination of circumstances).","while dis fit cause emotional distress for some, e fit also be di source ofmotivation to make di most of dia opportunities (di possibility due to a favorable combination of circumstances)."
"di list of di variables wey you wan rto tabulate, and e tabulates dem","di variables wey you wan rto tabulate, and e tabulate dem"
but r oughl y 10 percent of water available to di bodi dey generated for di end of aerobic r espir ation during cellular metabolism.,"di most water intake kom through di digestive tract via liquids and food, but r oughl y 10 percent of water available to di bodi dey g ener at di end of aerobic r espir ation during cellular metabolism."
di history of di united state dey replete wit examples of exclusion (to comot person or tin / no allow join) from di property ownership system.,di history of di united state dey replete wit examples of exclusion from di property ownership system.
"di urea cycle nitrogen dey tr ansaminat ed, cr eating ammonia and int ermediat e of di k rebs cycle.",di ur ea dey eliminated through di kidneys for di urine( figure 24. 18).
di pipo just makeup di data,"sometimes, pipo just makeup di data."
"for study of substance use among all newly arriving adult (big person / person wey don pass 18) refugees for texas city, reported (bin talk wetin happen / record) rates (prices / levels / speed) of current smoking (38.5%) and alcohol use(23%) dey very low.","for study ofsubstance use among all newly arriving adult refugees for texas city, report rates (prices / levels / speed) ofcurrent smoking(38. 5%) and alcohol use(23%) dey very low(barnes, harrison, &heneghan, 2004)."
"e dey smart, chic, wellgroomed","di smart, chic, wellgroomed (na wen court or jury find persin guilty of criminal charge)."
di speech fornocuous one year may at another time fan such destructive (dem dey caus destruction or much damage) flames wey dey halt for di interest of di safety (safe condition / no wahala) of di republic.,di speech innocuous one year go for one time fan such destructive flames wey dey halted for di interest of di safety (tins wey dem use for teaching) of di republic.
"if awa smoking (to smoke / puffs) group get cancer for higher rate than di non-smoking group, then we fit feel pretty con dent say(a) smoking don cause cancer and(b) we dey murderers.","if awa smoking group get cancer for higher rate than di non-smoking group, then we fit feel pretty con dent say(a) smoking does cause cancer and(b) we dey murderers."
"as person wey be immigrant english-language learner, fernandes first learn di difference wey dey for make person sabi how to speak for english and use di english to achieve one own educational (di process of education dey relating to di process of education) dreams (di tins wey person de see wen e sleep) and aspirations (di will to succeed).","as immigrant english-language learner himself, fernandes learn firsthand di difference between merely (just / ordinary) know how to speak (to yan / talk / express mind) for english and using english to achieve one's own educational dream and aspirations."
"di example of failure (when tin no work out / disappointment) of wetin dey inside, because your study no fit tease apart di causal relationships (how people follow deirselves / connections) between di dierent variables.","di example of failure (when tin no work out / disappointment) of internal validity (how true something be), bikos your study no properly tease apart di causal relationships (how people follow deirselves / connections) between di dierent variables."
dem use some object-oriented patterns use 'message' forstead of 'method' to describe dis concept,some object-oriented patterns use 'message' instead of 'method' to describe dis concept.
di command to calculate 54 go like dis:>5^4 [1]625 much easier (no hard / simple),"we do dat, awa command to calculate 54go like dis:>5^4 [1]625 much easier (no hard / simple)."
di whether di test measure wetin e suppose measure ask whether you dey measuring what you think you dey.,(2)construct validity (how plenty tin be / amount) ask whether you dey measuring what you think you dey.
"di decisions (final conclusions / choices) dey by state supreme court interpret dia own state constitution, dem dey beyond di reach or review of di federal congress or federal courts.","di decision dey by state supreme court interpreting dia own state constitution, dem dey beyond di reach or review of di federal congress or federal courts."
"di senate tok action to prohibit di department of defense from contract wit defense contractors (builders / work people) wey require mandatory arbitration for yawa wey dey happen when person no gree, dem force am do tin wey no right, like dem take person by force, or dem do am wetin person no like, wey dey under sexual (mata wey concern body-to-body) palava claims.",di senate tok action to prohibit di department of defense from contracting wit defense contractors wey require mandatory arbitration for sexual (mata wey concern body-to-body) assault claims.
we suggest how di adaptive transfer fit help reframe di questions about multilingual writers across di curriculum by informing wac research and teaching wit wid.,we suggest how adaptive transfer fit help reframe questions about multilingual writers across di curriculum by informing wac research and teaching wit wid.
e get di nml criterion.,di nml criterion (di act of examining resemblances wey dey examinin resemblances wey dey examinin resemblances).
"di geelong don be one of di most dominant teams over di last several years, period wey dem strung together 29-game win streak for kardinia park.","di geelong don dey one of di most donant teams over di last several years, a period during which dem strung together incredible 29-game winning streak at kardinia park."
"na dem direct quote from di oral (talk-talk / wetin comot from mouth) interview and therefore dey full of di pause fillers, di false starts, and di repetitions wey dey part of oral speech.","e dey direct quote from oral (mata wey get weight / real issue for law) interview and therefore dey full of di pause fillers, false start, and repetitions (people wey start case or request for court) wey dey part of oral (mata wey get weight / real issue for law) speech."
di law dey also based on state law.,di property and probate laws dey based on state law.
"for example, some states, like maine, require twenty-year period, while oda state, like nevada, require e only five year period, while oda state, like nevada, require e only five year period, while oda state, like nevada, require e only five year period.","for example, some states, like maine, require twenty-year period, while oda states, like nevada, require only five-year period."
"di martyrium of st. dikla for meryemlik, c.480, three-aisled basilica dey add above her holy cave.","di kla for meryemlik, c.480, three-aisled basilica dey add above her holy cave."
"if di condition dey true, then dose no.","di condition dey false, then e no dey."
di soldiers shoot his friends.',di soldiers shot hin friends
di general partnerships (business join-body / two or more people wey dey work) dey similar to sole (only one / him alone) proprietorships for unlimited liability,di general partnerships (di members of business venture create by contract) dey similar to sole (only one / him alone) proprietorships for unlimited liability.
di national unity as end wey officials go foster (support / train pikin) by persuasion and example no dey question.,di national unity as end which officials go foster by persuasion and example no dey question.
di order for issue- like di order request (to ask for help or info / application) for new york times- no prohibit but only postpones publication.,di order for issue- like di order request (to ask for help or info / application) for new york times- no prohibit but only postpone publication.
"di bodi of secondary (level wey follow / not as important as de main one) law dey formally adopted (to take pikin as your own / pick new style) by legitimate lawmaking authority, then e become primary law.","di bodi of secondary (level wey follow / not as important as de main one) law dey formally adopt (to carry pickin take as your own / follow a style) by legitimate lawmaking authority, then e become primary law."
"e no e say, in addition to di lubricating proteins, e dey possible f or bulbour ethr al fluid to pickup sperm already (e don happen / since / before-before) pr e-ejaculat e.","e dey important to note say, for addition to di lubricating proteins, e dey possible f or bulbour ethr al fluid to pickup sperm already (e don happen / since / before-before) present for di ur ethr a, and therefore e ma y dey able to cause pregnancy."
we skip to di next line.,"di line wey no words dey ""uninteresting"" to us so we skip to di next line"
"whereas trade secrets (under-carpet mata / hidden tins) protect confidential company information, patents (law pawa to own idea) protect processes (procedures / styles to do work) plus inventions, plus trademarks protect brands plus identity, copyright na designed to protect creativity.","whereas trade secrets protect confidential company information, patents protect brands and identity (who person be / real name and face), copyright dey designed (dem don give am de work / hand over task) to protect brands and identity (who person be / real name and face), copyright dey designed to protect creativity."
"di one hand, private individual wey defamatory fal sehood don dey injured (person wey get wound / damage property) by defamatory fal sehood say e no fit meet di rigorous requirements of new york times.","di one hand, private individual wey dey reputation dey injured (person wey get wound / damage property) by defamatory fal sehood wey dey concern issue of public or general interest no recourse unless hin go meet di rigorous requirements of new york times."
di class a template wey dey use to construct an object,di class a template wey dey use to construct object.
"di chair dey di chair wey dey abraham lincoln sat for while draft di emancipation (di parent's relinquishing authority and control over a minor child) proclamation (public talk / announcement), as long as di chair dey owned by di person wey wish to destroy am, di owner go simply load am into hin or her truck (trailer / lorry / big motor for load) and haul am to di dump.","di chair dey di chair wey abraham lincoln satin while drafting di emancipation proclamation, as long as di chair dey owned by di person wey wish to destroy am, di owner go simply load am into hin or her truck (na obtain money, property, or relief from court judgment) and haul am to di dump."
"di participants dey chinese, one dey sudanese, and two dey indonesian, one of whom dey chozin","di t wo participants dey chinese, one dey sudanese, and two dey indonesian, one of whom dey chozin."
"first amendment (wey go bring freedom to pipo) protect no only di dissemination but also di receipt (na written proof say money, goods, or property done receive) of information and ideas",di first amendment (wey go bring freedom to pipo) protect no only di dissemination but also di receipt of information and ideas.
di right side of di formula to drug*therapy.,"forstead of typing out all three terms, you fit short di right hand side of di formula to drug*therapy."
e no dey problem for reither.,"let try slightly dierent example:>1+2*4 [1]9 clearly, dis no dey problem for reither."
"di big promise of di bayesian (one kind of statistical method) approach: you do di analysis you go do, and express what you believe di data dey tell you.","di big promise of di bayesian (one kind of statistical method) approach: you do di analysis you go wan to do, and express what you really believe di data dey tell you."
"na farh observe di same day say hin tok say di blog post (to send message / position for work) na a""poorly executed (na wen di persin dem wey suppose sign done sign contract already) parody.","di same day say hin thought di blog post (to send message / position for work) dey a""poorly executed parody"
"di problem dey say di word\likelihood"" don very speci c meaning for frequentist (one wey like frequency way) statistics, and e no dey quite di same as what dem means for bayesian (one kind of statistical method) statistics.","di problem na say di word\likelihood"" don very speci c meaning for frequentist statistics, and e no quite di same as what e mean for bayesian statistics."
"we need more time, but for me na one of those or maybe e fit be something we work together and feed each oda ideas, but no response.","we need more time, but for me e dey one of those or maybe e go be something we work together and feed each oda ideas, but no response."
"di interview dey transcribed, read repeatedly (every time / again and again) and analyze to understand di resources wey dem use support dia writing development.","di interview dey transcribed, read repeatedly and analyzed to understand di resources di writers wey dey use to support dia writing development."
"di maximum (de highest level / e no fit pass dere) amount of glucose wey dey covered (something wey security or insurance don take care of) na about 375 mg min, whereas for females, na about 300 mg min, whereas for females, na about 300 mg min","di maximum (de highest level / e no fit go down pass dat level) amount of glucose wey dey recover (na obtain money, property, or relief from court judgment) dey about 375 mgmin, whereas for females, e dey about 300 mgmin."
but canagarajah (2006b) use dis example to argue (to drag mata / try to prove point) for di need to recognize say multilingual students' native languages and cultures go dey dem take am as resources forstead of problems.,di example to argue (to drag mata / try to prove point) for di need to recognize say multilingual students' native languages and cultures go treat as resources forstead of as problems.
how you take sabi?,how you know?
di prostate dey ormed of both muscular and glandular tin sues (e carry person go kote).,di prostate dey form of both muscular and glandular tissues.
e dey teach (to show person de way / lecture) first year business students to summarize: abstract writing assignment,dem teaching first-year business students to summarize: abstract writing assignment.
first amendment (wey go bring freedom to pipo) contains several important clauses (sections inside law or agreement) wey dey pertaining to speech and religion.,first amendment (wey go bring freedom to pipo) contains several important clauses (sections inside law or agreement) pertaining to speech and religion.
"for example, even if we need sabi how to used urllib and beautifulsoup code, we no need sabi how d libraries dey work internally (di inside or from inside di inside).","for example, while we need know how to use di urllib and beautifulsoup code, we no need know how to use di urllib and beautifulsoup code, we no need know how those libraries work internally (for bottom or by one's (or its)."
"di problem don dey tolerate ambiguity and complexity for presentation of statistical ideas, as long as dem dey assured say di assessment standards fit set for fashion (style of cloth wey de popular for one time) wey dey appropriate for dem.",di assessment standards go set for fashion (style of cloth wey de popular for one time) wey dey appropriate for dem.
"di menstrualabeginner's guide 57 blood don consider unclean, her illness go dey also caus social ostracization.","because menstrualabeginner's guide 57 blood dey consider unclean, her illness go get also cause social ostracization."
di case you go use di continue statement to skip to di next iteration (doing the same thing again and again) without finish di bodi of di loop fo r di current iteration.,di case you fit use di continue statement to skip to di next iteration (di strength of solution) without finish di bodi of di loop fo r di current iteration (di strength of solution).
"others inside di republican party, however, bin be nervous about im nomination given im lack of judicial experience.","di republican party, however, dey nervous about her nomination give her lack of judicial experience."
"di physical assault no be, by any stretch of di imagination, expressive (di expression wey dey characterized by expression) conduct protected by first amendment (wey go bring freedom to pipo).","di physical assault no dey, by any stretch of di imagination, expressive conduct protected by first amendment (wey go bring freedom to pipo)."
di output dey detailed: grade test2 grade test1 numbers wey describe: grade test2 grade test1 difference mean 58. 385 56. 980 1. 405 std dev.,"di output dey bit more detailed:-404- paired samples t-test variables: grade test2, grade test2, grade test1 descriptive statistics: grade test2, grade test1 descriptive statistics: grade test2, grade test1 descriptive statistics: grade test2, grade test1 descriptive statistics: grade test2, grade test1 descriptive statistics: grade test2, grade test1 descriptive statistics: grade test2, grade test1 descriptive statistics: grade test2, grade test1 descriptive statistics: grade test2, grade test1 descriptive statistics: grade test1 descriptive statistics: grade test1 difference mean 58."
we no believe say when congress write out special exception for diatrical production wey dey suppose protect only a narrow (small space / not wide) and limited category of professionally (di professional manner wey dey professional manner for professional manner) produce plays.,we no believe say when congress write out special exception for theatrical productions wey dey intended to protect only narrow (small-small write-up / observations) and limited category of professionally produce play.
"na one or more loops""inside"" of one loop.","di loops wen dey one or more loops""inside"" of another loops""inside"" of another loop"
"if you dey work wit visible bodi piercing or tattoo, you go fire (di tin wey de show when somtin de burn).","if you came into work wit visible body piercing or tattoo, you go fire (di tin wey de show when somtin de burn)."
di primary oocyt e no w secre thin (lean / something wey no thick) ac ellular membrane called di z ona pellucida wey fit l play critical role for fertilization.,di primary oocyt e no w secr etes thin ac ellular membrane call di z ona pellucida wey go play critical role for fertilization.
"i dey talk about one group wey dey having\lower"" score dis time around, e dey more sensible to use di negative form of di t-statistic.","i dey talk about one group having\lower"" score dis time around, e dey more sensible to use di negative form of di t-statistic."
"within di intestinal cells, dis triglycerides dey packaged along with dem cholesterol molecules (the smallest unit of a substance, wey get atoms joined together) wey dey inside phospholip vesicles wey dem dey call chylomicrons (figure 24.12).","di triglycerides ar e packaged along wit cholesterol molecules (the smallest unit of a substance, wey get atoms joined together) for phospholipid v esicles cal ledchylomicr ons(figure 24. 12)."
maybe someone go like write version wey dey to use di tidyverse,di someone go like to write aversion wey make use of di tidyverse (different-different / many kinds).
di acidosis and alk alosis dey caused (wetin make de tin happen) by metabolic or respiratory (di respiration wey dey pertaining to respiration) disorders (when everything don scatter and e no make sense again).,both acidosis and alk alosis fit be caused (wetin person get for mind to do) by either metabolic or r espir atory disorders.
"i start wit di amped"" distribution show for hintogram for figure 10. 8. 8. 8.","i ran some simulations using r. to do dis, i start wit di amped"" distribution show for di hintogram for figure 10. 8. 8."
di article fit set forth (to come out / move forward) anything di partners (people wey join body do business / paddy) wish to include about how di partnership (di members of business venture create by contract) go run,di articles (talkers / sound boxes) go set forth (to hold back / put boundary) anything di partners wish to include about how di partnership (di members of business venture create by contract) go run.
"di sodium dey freely (free-free / anyhow) filter through di glomerular capil laries of di kidneys, and although much of di fil trate and urine dey normally excreted.","di sodium dey freely filtered through di glomerular capil laries of di kidneys, and although much of di filtered sodium dey r eabsorbed for di proximal convoluted tubule, some remains for di fil trate and urine, and dey normally excreted (na wen court or jury find persin guilty of criminal charge)."
we go see for moment,as we see for moment).
"we go talk much about study of one or few examples for dis lectures, but dem no dey valuable tools","we no talk much about case studies for dis lectures, but dem no dey very valuable tools"
"di same token, any suggestion (di idea wey dey suggest for di idea wey dey suggest) say hess' speech amount to""fighting words"", chaplinsky v. new hampshire(1942), no fit get scrutiny (to check mata with searchlight / deep inspection).","di same token, any suggestion (di act of examining resemblances wey dey examinin resemblances wey dey examinin resemblances) say hess' speech amount to""fighting words,"" chaplinsky v. new hampshire(1942), no withstand scrutiny."
dem tok say we dey talk about iq scores,we tok say we dey talk about iq score
"di test of main effect of sugar(di first test)completely ignore milk, whereas di test of main effect of milk(di second test)take sugar into account.","di test of di main eect of sugar(the rst test)completely ignores milk, whereas di test of di main eect of milk(the second test)does take sugar into account."
"di example, let ypdenote di grade of dip-th student for di class.","for di purpose of dis example, let ypdenote di grade of dip-th student for di class."
di plot dey informative(it display di entire group of related numbers or data wey belong together wit no loss of information for all!),di plot dey informative(it display di entire group of related numbers or data wey belong together wit no loss of information for all
di parties go assent to agreement even if dem represent bad bargains (to price market / agreement price),"for oda words, parties go assent to agreements (ways wey you fit do) even if those agreements represent bad bargains."
"di discussion make clear, i hope, na say when attempt to construct statistical hypothesis test di researcher actually get two quite distinct (different / clear) hypotheses (di proposal wey dey suppose explain certain facts or observations) to consider.","i hope, na say wen attempt to construct statistical hypothesis test di researcher actually get two quite distinct hypothesis test di researcher actually get two quite distinct hypotheses (different-different kinds) to consider."
"whether or no a region fit be trademarked (a geographic indicator, or gi)na di subject of some controversy, especially with awa trading (business / exchange) partners (people wey join body do business / paddy).","di subject of some controversy, especially wit awa trading partners (people wey join body do business / paddy)."
i discover say di actual margin of dat game na 33 points,i discover say di actual margin of dat game dey 33 points.
"if you pick 5 pipo for random and then nd di person wit di highest (de oga kpatakpata / top level) iq score, dem go get above average iq.","if you pick 5 pipo for random and then nd di person wit di highest iq score, dem go get above average iq."
e no dey property of any government,di technical property sense e no di property of any government.
dem dey rare (no dey plenti) explicit viewpoint (how person take see de mata / opinion) discrimination case.,di schacht v. united states dey rare explicit viewpoint (how far de tin reach / level) discrimination case.
"di appellant challenge di constitutionality (if e follow de law of de land) of di criminal syndicalism statute under di first and fourteenth (number fourteen) amendments (adjustments to change law or agreement) to di united states constitution, but di intermediate appellate court of ohio affirm hin conviction wit opinion.","di appellant (na court wey dey review decision wey lower court make) challenge di constitutionality of di criminal syndicalism statute under first and fourteenth (number fourteen) amendments (wey go bring freedom to pipo) to di united states constitution, but di intermediate appellate court of ohio affirmed hin conviction without opinion."
"di reading no require di goment to undertake di difficult task of proving (to show prove / confirm) wich, as between peaceful and nonpeaceful purposes (reasons why things dey happen), defendant specifically preferred (dem like more); knowledge dey enough.","di reading no require di goment to undertake di difficult task of proving which, as between peaceful and nonpeaceful purposes (reasons why things dey happen), defendant specifically preferred (bin give chance / bin gree); knowledge dey enough."
"e no be fully (well) one number wey describe, and no be fully inference (to guess from numbers).","e no dey quite descriptive statistic, and no quite inference (na wen court or jury find persin guilty of criminal charge)."
"as dem try read di materials (tins wey dem use for teaching) multiple times, dem still felt uncertain about what di text dey discuss.","sometimes, even after dem tried to read di material multiple times, dem still dey felt uncertain about what di text dey discuss."
"di class of di today variable dey""date""","di class(today), rwill tell you say di class of di today variable dey""date""."
"di move dey accept, and now we to start again","di move dey accept, and now we start again."
"e dey okay, assuming (to tink say na so e be / suppose) you understand di dierent, you go wonder why dem dey right?","okay, assuming you understand di dierent, you go wonder which of dem dey right?"
di truesampling distribution forxis no di same one wey di null idea predict: di most likely value for xis now 55 out of 100.,di truesampling distribution forxis no di same one say di null idea predict: di most likely value for xis now 55 out of 100.
di lawsuit go also dey dismiss (to sack / throwey case / tell person make e go) since dem no dey moot,di lawsuit go also be dismiss (to carry pickin take as your own / follow a style) since e dey do.
di president fit control di judiciary by making (to dey build or produce something) careful (to look well / watch out) judicial selections (choosing / pick-pick).,di president go control di judiciary by make careful judicial selection (choosing / pick-pick)s.
"di axis label don quite t anymore, but we create new one: di axis label don quite t anymore.",we create new one: di axis label don quite t anymore.
di sort()function provide dis capability (to get pawa to do somtin).,di sort()function provide dis capability (how numbers dey different).
"when a lawyer recklessly accuses a judge of breaking di judicial code of conduct with no supporting evidence beyond im dissatisfaction with di judge's rulings (judgment from judge / final talk for case), wey lawyer abuses im privilege to practice law.","di lawyer recklessly accuse judge of violating di judicial code of conduct wit no supporting evidence beyond her dissatisfaction wit di judge's rulings, say lawyer abuse her privilege to practice law."
"for ur ea, k+, ammonia(nh 3), creatinine, and some drugs wey dey secret for di fil trate as waste (to trowey something wey useful / dirt) products (all de things wey dem produce to sell).","di subs tanc e, such as ur ea, k+, ammonia(nh 3), creatinine, and some drugs ar e secr eted into di fil trate as waste (to carry something reach owner hand) products (all de things wey dem produce to sell)."
"na why anyone go actually wan study say i no know, but make we suppose e deeply care about dis.","why anyone go actually wan to study say i no know, but let suppose i really, deeply care about dis."
for di very inception of di proceedings (all de things wey dey happen for kote or meeting) di judge tok say neither (no be one or di other) hin nor anyone else go restrict (to hold back / put boundary) prejudicial news account.,di judge announce say neither hin nor anyone else go restrict prejudicial news accounts.
di le panel go use to do oda things too.,di le panel go use to do oda things too.
all of dat dey just setting (where de mata happen / environment) di stage,di stage. all of dat dey just setting (where de mata happen / environment) di stage.
"di standard tools wey dey use analyse (to look somtin wella to sabi am) experimental (for experiment wey dey relating to or based on experiment) data for many decades, and you go nd say you no read more than two or three-539- paper for psychology without running into anova for there somewhere (one place).","e dey one of di standard tools wey dey use to analyse (to look somtin wella to sabi am) experimental data for many decades, and you go nd say you no read more than two or three-539- papers for psychology without running into anova for there somewhere."
"i call dem x1, x2, x3, x4andx5","i call dem x1, x2, x3, x3, x3, x3, x4andx5."
"demckee v. cosby, 586 u. s.","see mckee v. cosby, 586 u. s. (2019) (thomas, j, concurring for denial of certiorari)."
"di eighth amendment protections go extend (to make am long / increase de reach) to all pipo wey dey u. s. authorities, whether dem dey on u. soil or no.","di many pipo believe say awa eighth amendment (wey go bring freedom to pipo) protections go extend (to make am long / increase de reach) to everyone held byu. s. authorities, whether dem dey on u. s. soil or no."
di capil lary since bc op na greater (e big pass / more-more) than chp.,di net r eabsorption occur near di v enous end of di capil lary since bc op dey greater than chp.
di situation dey much simple,di situation dey much less simple.
"as a check on di majority go, plus on di power of larger (wey big pass) states, di senate na a smaller body with one hundred members(two from each state)plus with less frequent (many times / always) elections(every six years).","as check on di majority go, and on di power of larger (wey big pass) states, di senate dey smaller bodi wit one hundred members(two from each state)and wit less frequent elections(every six years)."
di several types of co-ownership interests (all de tins wey person eyes dey look / benefits) dey recognise (to know) for law.,di several type of co-ownership interests (all de tins wey person eyes dey look / benefits) dey recognize for law.
di stolen (wetin thief carry / things wey loss by force) valor act infringe upon speech protected by first amendment (wey go bring freedom to pipo).,di stolen valor act infringes upon speech protected by first amendment (wey go bring freedom to pipo).
na some specific strategies wey go dey devised to ensure say bookkeepers or accountants (someone wey dey maintain and audit business account accounts) no skim money from di business?,di specific strategies wey dey devised to ensure say bookkeepers or accountants no skim money from di business?
"na, suppose i only wan to round am to two decimal place: dat na, i wan to get 3. 14 as di output.","i wan to round am to two decimal place: dat na, i wan to get 3. 14 as di output."
e dey attitude thing,e dey attitude thing
di case go dey try based on di civil di responsibility wey person get to provide enough evidence to prove their case preponderance of di evidence.,di case go dey tried based on di civil burden of proof preponderance of di evidence.
"di plot dey draw using di scatter3d() function for di carpackage, and e look like when you include two predictors (wetin fit predict).","di plot dey draw using di scatter3d() function for di carpackage, and e looked much nicer before e go get am into di book pdf)-463- 15. 3. 2 formula for di general case di equation wey i gave above show you what multiple regression model look like when you include two predictors (wetin fit predict)."
"na one day dem give me""you do dis one""and i do for my home and then give am to him","one day dem give me ""youyou do dis one""and i do my home and then give am to hin"
"di u. s. supreme court di supreme court dey discretionary, no mandatory.","di u. s. supreme court di supreme court di supreme court di supreme court di supreme court di supreme court di supreme court di supreme court jurisdiction dey discretionary, no mandatory."
"di judge go likely find hin or her to be surprisingly human, honest (to de always talk true and to no do wayo), and above all, fair.","if you do get experience wit judge, you go likely find him or her to be surprisingly human, honest, and above all, fair."
"wey peggy lindsey and deborah crusan show how assessment of student writing dey affect di knowledge wey faculty get about students nationality and language background, but say dis effect dey in part, on di method of assessment.","di peggy lindsey and deborah crusan (atd)show how assessments of student writing go affect by knowledge wey faculty don about students' nationality and language background, but say dis effect dey for either direction, dependent, for part, on di method of assessment."
dem win election (di process wey pipu de use take vote) as governor of new york.,di election (di process wey pipu de use take vote) as governor of new york.
e no important.,e no important
"di ofcourse leave di simple negligence (na wen persin no dey give proper care, and dis cause harm) standard as option, w ith di jury free to impose (to force law or fine for person head) damages upon finding say di publisher fail to act as reasonable man","di ofcourse leave di simple negligence (na wen persin no dey give proper care, and dis cause harm) standard as option, wey ith di jury free to impose (to force law or fine for person head) damages upon finding say di publisher fail to act as""a reasonable man"
"for validate such selectivity (where totally proscribable speech dey issue), e no be necessary to identify any particular""neutral (no-man's land / e no follow any side)"" basis, so long as di nature of di content discrimination dey afoot.",di nature of di content discrimination dey such say no realistic possibility robson first amendment (wey go bring freedom to pipo) 82 wey official suppression of ideas dey afoot.
di xplanation best describe wh y plasma proteins fit function as buffers?,di plasma proteins b. hemoglobin c. phosphate buffers d. bicarbonat e: carbonic acid buffer 22. wey explanation best describe wh y plasma proteins fit function as buffers?
di statement like dis dey call compound statements because dem stretch across more than one line.,di statement like dis dey call compound statements because dem stretch across more than one line.
di rule wey go impose (to force law or fine for person head) strict (no-nonsense / follow de rule exactly) liability on a publisher for false factual assertions (to talk with full chest / claim) go get strict value for speech wey dey public figures wey dey don get constitutional value.,"di rule wey go impose (to force law or fine for person head) strict liability on publisher for false factual assertions go get undoubted ""chilling""effect on speech relating to public figures wey no get constitutional value."
"we go examine di common methods of adr, including di benefit and drawbacks to each.","we go examine di common methods of adr, including di benefits (better-better tins wey person gain) and drawback to each."
e dey common to seeexwritten as exp pxq.,"di power wey dey call di exponential ofx, and so e dey common to seeexwritten as exp pxq."
"di intuition (to understand wetin somtin mean when person neva think am) wey we all share turnout to be correct, and statisticians (pipo wey sabi statistics) to talk about am as di law of large numbers","di intuition say we all share turnout to be correct, and statisticians (pipo wey sabi science) to talk about am as di law of large numbers."
"suppose get two variables xandy, wey dey var pxqand varpyqrespectively","di suppose i get two variables xandy, wey dey variances dey var pxqand varpyqrespectively."
"di jury don find against respondent on di libel (na false written statement wey dey damage persin reputation) claim, specifically finding say di ad parody no dey understand as describing (di description wey dey give a description wey dey give) actual facts about[respondent] or actual events wey dey participated.","di jury then find against respondent on di libel claim, specifically find say di ad parody no dey reasonably be understood as describing actual facts about[respondent] or actual events wey dey participate."
di participant's experience dey offer insights for wi faculty wey choose to assign (to give value) collaborative activities or use when other experts in a field check and judge a research paper before it gets (e dey collect / e reach) published (na wen somtin dey make known or distribute through media).,di participant's experience offer insights for wi faculty wey choose to assign collaborative activities or use peer review.
"di conventions dey advisable to follow these conventions, and there dey many situations (kinds of mata wey fit happen for one place or time) wey dey advisable to follow dem, but e dey generally good idea to follow dem when you fit follow dem, but e dey generally good idea to follow dem when you fit follow dem.","di situation wey dey advisable to ignore dem, but e dey generally good idea to follow dem wen you fit: use informative (di prescribed procedure dey preparing or putting through a prescribed procedure) variable name."
i go jump straight to show you how t-tests dey done for practice.,i go jump straight to show you how t-tests dey done for practice.
we call di original class di parent (papa or mama) class and di new class di child (pikin / smallie) class.,we call di original class di parent class and di new class di child (pikin / smallie) class di child (pikin / smallie) class.
di index an integer value wey dey indicate an element for list.,di integer value wey dey indicate element for list.
"dem no end di inquiry (ask-ask / find-out), however.","dis no end di inquiry, however."
"because of dis mathematical law, di bell way dey to show many times for real data.",di normal distribution pops up over and over again for real data.
"we hope say di framework of adaptive transfer go help achieve (to make am / reach target / blow) such ends (where e finish / targets), so say wac researchers and faculty across di disciplines fit ethically and effectively (sharp sharp) help students learn to write and value students' multilingual, idiosyncratic way of write and know as part of dat enterprise.","we hope say di framework of adaptive transfer go help achieve (to make am long / increase de reach) such ends, so say wac researchers and faculty across di disciplines fit ethically and effectively help students learn to write and value students' multilingual, idiosyncratic way of writing and knowing as part of dat enterprise."
"di advent of di internet and di decline of print and tori wey dey komot for tv, radio, or oda machine wey plenti pipo dey hear, di line between di media and oda speakers (talkers / sound boxes) wey wish to comment (remark / talk) on political and social issues become more blurred","di supreme court don accurately warned (bin drag mata / try to prove point), first amendment (wey go bring freedom to pipo) distinction between di institutional press and oda speakers (talkers / sound boxes) dey unworkable:""with di advent of di internet and di decline of print and broadcast media. di line between di media and oda speakers dey unworkable:""with di advent of di internet and di decline of print and broadcast media. di line between di media and oda speakers dey unworkable:""with di advent of di internet and di decline of print and broadcast media."
di respondent dey indicted under di stolen (wetin thief carry / things wey loss by force) valor act for lying about di congressional (concern de law-makers / national assembly mata) medal of honor for di meeting (gathering / discussion group).,di respondent dey indicted under di stolen valor act for lying about di congressional medal of honor for di meeting (na wen court or jury find persin guilty of criminal charge).
"di papers wey dey help, you go notice say staplewex as argument, but no mention (to talk about am small) of whisklty.","di boxplot and ick through di help documentation, you go notice say e do mention (to talk about am small) staplewex as argument, but no mention of whisklty."
di iconoclasts fear say christians pray before icons dey worshipping inanimate objects (things / items),di iconoclasts fear say christians praying before icons dey worshipping fornimate objects (things / items).
di body dey function of chemical buffers and ph di acidbase homeos tasis of di body dey function of chemical buffers and ph di acidbase homeos tasis of di body dey function of chemical buffers and ph di acidbase homeos tasis of di body dey function of chemical buffers and ph ysiologic buff ering provided (as far as / if to say / supply) by di lungs and kidneys.,"di regulation of h+, bicarbonat e, and ph di acidbase homeos tasis of di bodi dey function of chemical buffers and ph ysiologic buff ering provided (dem dey having succeeded or being marked by favorable outcome) by di lungs and kidneys."
we need to remember na say ris no for all tolerant wey dey kom to grammar (di rules for language) and spacing.,"di however, what you need to keep for mind na say ri no for all tolerant wen dem kom to grammar and spacing."
di last line dey prompt wey indicate say di interpreter dey ready for you enter code,di last line dey prompt say di interpreter dey ready for you to enter code.
i no need use am,"di better yet, you no need use am"
we no get any problem as for anomalous data dey concerned (to dey worried).,we no get any problem as far as anomalous data dey concerned (to dey worried).
di sentence (prison time / group of words) go dey meaningless (na no meaning or direction or purpose or purpose or purpose).,di sentence (prison time / group of words) go meaningless (di meaning or purpose dey having a meaning or purpose).
di pth dey release and more ca++remain for di forming urine to be lost (something wey miss / person wey no find im way).,"di levels ar e adequate or high, les s pth dey released and more ca++remains for di forming urine to be lost (something wey miss / person wey no find im way). phosphate levels move for di opposite direction (di act of examining resemblances wey dey examinin resemblances wey dey examinin resemblances)."
"di intimidating message dey di only message wey dey convey (to pass message / move something from a to b), for oda times di intimidating message na di only message wey dey convey.",di intimidating message dey di only message wey dey conveyed.
di united states district court tok say dem no afford fair trial,di united states district court tok say hin no afford fair trial* * di court of appeal for di sixth (number four) circuit reversed (to change de judgment / turn am back) by divided vote (to choose leader / drop thumbprint).
to bring data from nightgarden.,"di r"" )loading data from nightgarden"
"di early cartoon wey george washington as ass down to di present day, graphic depictions and satirical cartoons don play prominent (well-known or important) role for public and political debate (fomal talk where two pipu dey talk against each oda).","di early cartoon portraying george washington as ass down to di present day, graphic depictions and satirical cartoons don play prominent role for public and political debate (fomal talk where two pipu dey talk against each oda)."
"for true, e very e easy to talk wetin r dey do here, but small trickier to explain why r dey do am.","e dey simple to explain what ris do here, but slightly trickier to explain whyris do am"
"di mtdna of all of di oda homo sapiens females wey were living 200, 000 years ago?","but what happen to di mtdna of all of di oda homo sapiens females wey dey living 200, 000 years ago?"
"for example, though hospitals dey inform (to tell / give info) clients (customers / people wey hire expert) of their right to receive language services, many dey do so only for english.","for example, though hospitals inform clients (di members of business venture create by contract) of dia right to receive language services, many dosoonly inenglish."
"for general rdo pretty good job of selecting di breaks on its own, since e make use some quite clever tricks wey statisticians (pipo wey sabi statistics) don devis for automatically select di right bin for hintogram, but nevertheless (but still) e dey usually good idea to play around wit di breaks a bit to see what happen.","for general rdoes a pretty good job of selecting di breaks on its own, since e make use of some quite clever tricks wey statisticians (pipo wey sabi statistics) don devised for automatically selecting di right bins for hintogram, but nevertheless (instead / prefer to) e dey good idea to play around wit di breaks a bit to see what happen."
"e dey fairly elegant mathematically (we dey respect to mathematics wit respect to mathematics), and e dey express in di same unit (one single piece / section) as di data so e fit interpret pretty well.","e dey fairly elegant mathematically, and e dey express for di same units (different styles / papers to fill) as di data so e fit interpret pretty well."
"di gnrh activates di anterior pituitar y to produce lh and fsh, wey s timulat e di production of estrogen and progesterone by di ovaries.","di anterior pituitar y to produce lh and fsh, wey s timulat e di production of estrogen and progesterone by di o varies."
"di state' broader (more wide / general pass) power to prohibit obscene expression, such expression must be, for some significant way, erotic (somtin wey de related to konji).","di else go necessary to give rise (to go up / increase) to di state' broader power to prohibit obscene expression, such expression must be, for some significant way, erotic."
dem go take 3:12: 30:8 seconds longer than alan go.,di 30:8 seconds longer than alan did
"di same time wey water dey freely (free-free / anyhow) diffuse out of di descending loop as dem dec end deeper into di medul la, urea freely diffuse into di lumen of di descending loop as dem dec end deeper into di medul la, urea freely diffuse into di lumen of di descending loop as dem dec end deeper into di medul la, urea","di same time wey water dey freely diffusing out of di descending loop through aquaporin channels (di daily or weekly publication on folded sheets) into di int erstitial spaces of di medul la, much of e to be r eabsorbed from di forming urine wen dem reach di collecting duct."
understand di how two things dey related state plus federal systems of government.,understand di relationship between state and federal systems of government.
di national public radio story for one physician (doctor) account of how di death wit dignity act don affect hin practice.,di national public radio story for one physician's account of how di death wit dignity act don affect hin practice.
"di pc o2 go normal for first, but if compensation don decrease (make somtin de turn to small) as di bodi r eestablish di proper ratio (wey get true zero) of bicarbonat e and carbonic acid c o2 go decrease as di bodi r eestablish di proper ratio of bicarbonat e and carbonic acid c o2","di pc o2 go be normal for first, but if compensation don oc curr ed, e go decrease as di bodi r eestablishes di proper ratio (wey get true zero) of bicarbonat e and carbonic acid co2."
"di mitochondria will power di flag ellum, wey extend (to make am long / increase de reach) from di neck and di mid-piece through di tail of di sperm, enabling am to move di entire sperm cell.","di mitochondria go power di flag ellum, wey extend (to make am long / increase de reach) from di neck and di mid-piece through di tail of di sperm, enabling am to move di entire sperm cell."
"as you download and install r, you go get all di basic\packages"", and dem dey powerful on dia own","di basic\packages"", and those dey powerful on dia own."
subjecting refugees to detention dey induce unnecessary (we no need necessary) psychological fear and harm.,subjecting refugees to detention induces unnecessary psychological fear and harm.
"di defendant believe di complaint dey devoid of any merit, na fatal error.","di defendant believe di complaint dey devoid of any merit, na fatal error."
di matter does dat matter?,di matter?
di interpretation of 2is equally (same-same / level ground) straightforward (di ambiguity dey free from ambiguity): e to talk about di proportion of di variability (how numbers dey different) for outcome variable( mood. gain) wey dey explain for terms of di predictor( drug).,di interpretation of 2is equally straightforward (di ambiguity dey free from ambiguity): e to talk about di proportion of di variability for di outcome variable( mood. gain) wey dey explain for terms of di predictor( drug).
di statisticians (pipo wey sabi statistics) dey like to write dis slightly dierently.,"however, statisticians (pipo wey sabi science) often like to write dis slightly dierently."
"we don assume say dis residuals dey normally distributed (how dem put themselves), wit mean 0","we don assume say dis residuals dey normally distributed (how dem put themselves), wit mean 0."
di roe hold say woman get right to privacy and say her right to privacy must balance against di goment interest for preserving (di cause to remain or last) human life,di roe tok say woman get right to privacy and say her right to privacy and say her right to privacy must balanced against di goment interest for preserving human life.
for 180 days of di alleged (wetin dem talk say happen but never get proof) discriminatory (to partial / treat person bad because of who dem be) act taking (to carry / to collect) place.,any eeoc complaint must filed within 180 days of di alleged discriminatory act take place.
"di uncle, however, dey worried about maintain limited liability","di uncle, however, dey worried about maintaining limited liability."
for di class of variable wey you dey use?,di happen if e no dey speci c method dened for di class of variable wey you use?
di measure wey dey based on di mean don occasionally show up for psychology though.,di measure based on di mean does occasionally show up for psychology though.
di cross burnings wey dey embodi threat to pipo wey di klan dey antithetical to dia goal.,di cross burnings embodied threats to pipo weym di klan deemed antithetical to its goals (targets / wetin person gats do).
e don done bad job.,"if dem dey very dierent, then e don done bad job."
e expand border enforcement (di act of enforcing).,"e expand border enforcement(peterson institute for international economics,2005; fix& passel, 1994)."
"as result awa x2test statistic na dierent, and awa p-value na dierent too.","di x2test statistic dey dierent, and awap-value dey dierent too."
"di university don coordinating tsunami relief (better feeling / wetin person get from kote) work near aceh, indonesia, and don contact (to touch / reach out to person / connection) me via email (electronic message wey person de send or collect on top internet) afta learning about my study during international student orientation and from di international student association.","di university from coordinating tsunami relief work near aceh, indonesia, and don contact me via email () after learning about my study during international student orientation and from di international student association."
"di t-test relies (e lean on / trust) on assumption say di observations dey sample for random from an in nitely large population; and to di extent (how far de tin reach / level) say for real life no dey like dat, then dit-test go wrong.","di t-test relies (e lean on / trust) on assumption say di observations dey sample for random from an for nitely large population; and to di extent wey real life no like dat, then thet-test go wrong."
"di frontpage interview entitled (to get right to something / e gats reach your hand):""dr.","di base (foundation / where tin start from) during dis period dey frontpage interview entitled:""dr."
we also use di contract form of di ifstatement wey we put di continue on di same line as di if.,we also use di contract form of di ifstatement wey we put di continue on di same line as di if.
di vector wey dey indicating (di signal wey be signal for or symptom of symptom of) wich coecients we go calculate intervals for.,di vector wey coecients we go calculate intervals for.
di statutes (laws wey dem write put for book) set forth (to come out / move forward) di procedure wey out-of-state defendants (people wey dem carry go court to answer mata) go need to appear before local court.,di statutes set forth di procedure by which out-of-state defendants (people wey join body do business / paddy) go required to appear before local court.
we go see say we don get two forloops,dictionaries and files (folders / official papers / computer data) 113 you go see say we get two forloops
dem see snyder v. phelps(2011) (hateful protests wey dey direct for di funeral of serviceman wey die for iraq).,see snyder v. phelps(2011) (hateful protests direct for di funeral of serviceman wey die for iraq).
understand di meaning of jurisprudence (way to reason law) plus how its study fit lead to greater (e big pass / more-more) understanding of awa laws plus legal system.,"di meaning of jurisprudence (na wen persin no dey give proper care, and dis cause harm) and how im study fit lead to greater understanding of our laws and legal system."
"we hold say, so long as dem no impose (to force law or fine for person head) liability without fault, di state go define for themselves di standard of liability for publisher or broadcaster of defamatory falsehood injurious to a private individual.","we hold say, so long as dem no impose (to force law or fine for person head) liability without fault, di states go define for themselves di appropriate standard of liability for publisher or broadcaster of defamatory falsehood injurious to private individual."
"as long as congress dey make reasonable findings wey a certain activity don get some sort of effect on interstate (between two or more states / travels) commerce (big-time buying and selling), congress fit regulate wey activity.","as long as congress make reasonable findings say certain activity don some sort of effect on interstate commerce (big-time buying and selling), congress fit regulate say a certain activity don some sort of effect on interstate commerce (big-time buying and selling), congress fit regulate say activity."
"dis dey time consuming and annoying (e dey vex), but e don dey use(e. g, if di person dey dead)","di time consuming and annoying, but e get its use(e. g, if di person dey dead)."
i dey curious (make person wan know somtin wey e no sabi before) to know which group dey more awesome,i dey curious (many different-different types) to know which group dey more awesome
"for proactive policies wey dey encourage (to ginger / support) ethical behavior, encourage whistleblowing, and create disintive wey dey violate (to break law / go against rule) di law for di form of company policy, training (to learn work / practice to sabi something well) programs, and kod of etik wey be guide for how pesin or oganization suppose behave for one particula field or wok.","dis fit best be accomplished through proactive policies wey encourage (to ginger / support) ethical behavior, encourage whistleblowing, and create disincentives for violating di law for di form of company policies, training programs, and codes of ethics."
di basic idea dey good one: you go wan your script to explain amself,di basic idea dey good one: you really do wan your script to explain amself.
"di merchants (many big traders / market people) typically place purchase (to buy market / transaction) order wen dem wish to purchase materials (tins wey dem use for teaching), and di seller often send invoice wit di order wen dem ship.","di merchants typically place purchase (to buy market / transaction) order wen dem wish to purchase (to buy market / transaction) materials, and di seller often send invoice wit di order wen dem ship."
"i use try and except na dipythonic way to recover (na obtain money, property, or relief from court judgment) from missing files (folders / official papers / computer data)","using try and except na dipythonic way to recover (na obtain money, property, or relief from court judgment) from missing files (folders / official papers / computer data)""."
"for default, di levenetest() function actually does di brown-forsythe test.",di levenetest() function actually do di brown-forsy di test.
na something very similar to dis happen to bill waters,something very similar to dis happen to bill waters.
"if you owned (wetin person get for hand / property) a trade secret, what methods go you employ to protect am?","if you owned (wetin person tink say go happen) trade secret, what methods go you employ to protect am?"
di first and fourteenthamendments dey inconsistent (e dey show lack of consistency) wit di first and fourteenthamendments,e dey inconsistent wit first and fourteenth (number fourteen) amendments (wey go bring freedom to pipo).
"if you dey do di tasks for money, you go also wan to keep track of how much pay you go get for each job.","if you dey do di tasks for money, you go also wan to keep track of how much payyou got for each job."
"social support: something wey reduce the risk of bad things happening— it protect person from harm— there dey many other protective factors wey dey reduce risk of ipv for many populations including education, parental monitoring (di act of observing something (and sometimes keeping record of am)) for adolescent relationships and couple (two / husband and wife) conflict resolution strategies and satisfaction for adult (big person / person wey don pass 18) couples.","social support: protective factor there dey many protective factors wey reduce riskofipvinmany populations including education, parental monitoring (di act of managing something) for adolescent relationships (how people follow deirselves / connections), and couple (two / husband and wife) conflict resolution strategies andsatisfaction fordult couples (canaldi, knoble, shortt, &kim,2012)."
"we see, you fit do quite alot of calculation just by using dis operator.","as we see, you fit do quite alot of calculations just by using dis operators."
"i go talk about dis again later, but e dey such common mistake (error / skip / something wey person no do well) wey i go mention (to talk about am small) am here.","i go talk about dis again later, but e dey such common mistake (error / skip / something wey person no do well) say i go mention am here"
"di mediation (follow-dem-talk-make-dem-settle) dey use for disputes between business, such as for contract disputes.","di mediation (follow-dem-talk-make-dem-settle) dey use for disputes between businesses, such as for contract disputes."
"di only""conduct"" wey di state sought (bin find / bin look for) to punish (to discipline / give wahala) na di fact of communication (di activity of communicating).","di only""conduct"" wey di state sought (bin find / bin look for) to punish na di fact of communication (di activity of communicating)."
di cancer-causing variants hpv 16 or hpv 18 don link to more than 70 percent of all cervical cancer diagnoses.,infection wit either of di cancer-causing variants hpv 16 or hpv 18 don link to more than 70 percent of all cervical cancer diagnoses.
we consider di scope of rights.,di type of legal questions go address wen we consider di scope of rights.
di example of corporation wey dey convicted (na wen court or jury find persin guilty of criminal charge) of crime,di example of corporation wey dey convicted (na wen court or jury find persin guilty of criminal charge) of crime.
"i go say my research goal dey to determine whether or no clairvoyance exist, so i go say my research goal dey to determine whether or no clarvoyance exist.",i go say my research goal dey determine whether or no clairvoyance exist.
di process of work through di new or unfamiliar (we no dey known or well known or well known) writing tasks.,describe your process of working (e dey processing a photosensitive material for order make image visible) through new or unfamiliar (we no dey known or well known or well known or well known) writing tasks.
"di purpose and organization of di book asawhole, dibook offers important overview oftransitions, challenges (di demanding or stimulating situation a demanding or stimulating situation), andstrengths ofimmigrant and refugee families as dem adjust tonew kontri andculture.","di purpose and organization of di book awhole, dibook offersan important overview of transitions, challenges (di demanding or stimulating situation a demanding or stimulating situation a demanding or stimulating situation a demanding or stimulating situation), and strength of immigrant and refugee families asthey adjust to new country andculture."
immigrant homeownership dey increase and overcrowding dey decrease (make somtin de turn to small) di longer di immigrant dey live for u. s.,immigrant homeownership increases (e don big pass before / e climb) and overcrowding decrease di longer di immigrant lives (different styles / papers to fill) for u. s.
"for 6 4.2. 5 download new packages one of di main selling (to trade market / business) points for ris say thousands of packages wey dey written for am, and dem dey all available online.","e dey hidden(or \masked"")from you by di one for di psych package.6 4.2. 5 download new package one of di main sell points for ris say e dey thousands of package wey dey written for am, and dis dey all available online."
"di prohibition wey dey against insider trading(using nonpublic information to buy or sell stock to make money)suppose tok to encompass di idea of fairness (equal treatment / no wayo), wey dey moral consideration.","di prohibition against insider trading(using nonpublic information to buy or sell stock to make money)might be tok say to encompass di idea of fairness, wey dey moral consideration."
"na let's-175- get make we look how dem work, again using di afl. margin data as awa example.","let's-175- don make we look how dem work, again using di afl. margin data as awa example."
"di goment dey correct wen dem state military medals""serve di important public function of recognizing and expressing (di expression wey dey give expression to give expression) gratitude for acts of heroism and sacrifice (give up beta tin for anoda) for military service,""and also"" 'foste[r] morale, mission accomplishment (di action of accomplishing something) and esprit decorps' among service members","di goment dey correct wen di state military (soja mata / army) medals""serve di important public function of recognizing and expressing gratitude for act of heroism and sacrifice for military service,""and also"" 'foste[r] morale, mission accomplishment and esprit de corps' among service members."
"we open di file mbox. txt, we go store for di same folder (di place wey you keep work) wey you dey start python.","we open di file mbox. txt, wey go store for di same folder wey you dey for when you start python."
"we fit build on those strengths and honor their root (di main place wey everything start) culture values from their root cultures as we dey create culturally-appropriate education and intervention (di act of intervening (as to mediate dispute, etc.)) programs.",we fitbuild onthose strengths andhonor dia root (di main place wey everything start) culture values from dia root (di main place wey everything start) culture values from dia root (di main place wey everything start) cultures as wecreate culturally-appropriate education and intervention programs.
"dis recognition (to sabi person / award) dey motivate older (senior / old pass), less acculturated individuals to use credit cards.","dis recognition motivates older, less acculturated individuals to use credit cards (solheim &yang, 2010)."
di same value wey dey get di same value.,di same value.
di null idea: di average be zero.,null idea value of x=0=?
"di election (di process wey pipu de use take vote) dey bitter, partisan, and divisive","di election (di process wey pipu de use take vote) dey bitter, partisan, and divisive."
"di dates really don get numeric character to dem, and e go nice to do basic addition and subtraction (minus) to dem.","di problem, because dates really do get numeric character to dem, and e go nice to be able to do basic addition and subtraction to dem."
dem deliver (to carry something reach owner hand) di opinion of di court.,di chief justice roberts deliver (to carry something reach owner hand) di opinion of di court.
di kind of customisation wey we dey interest for?,we dey interest for?
"while di body of knowledge about individuals dey vast (very big / plenty), family interventions (di act of intervening (as to mediate dispute, etc.)) remain understudied.","di bodi of knowledge about individuals deyvast, family interventions (di act of intervening (as to mediate dispute, etc.)) dey understudied."
"she get no option but to use smugglers for much of di journey. she don have to leave so abruptly and get so few resources say she leave her three-year-old son behind wither grandmother. grandmother dey send anna pictures of her small boy regularly (steady / every time) via text message, but anna dey devastated everytime she think of him.","she hadno option but to usemugglers formuch of di journey. shehadhadtoleave soabruptly andhadsofewresources wey dey lefther three-year oldson behind wit hergrandmother. grandmother sends anna pictures of herly via textmessage, butanna dey devastated everytime shethinks ofhim. grandmother sends anna pictures of hergrandmother send anna pictures of hergrandmother send anna pictures ofherlittle boy regularly via textmessage, butanna dey devastated everytime shethinks ofhim. grandmother sends ofhim. grandmother sends ofhim. grandmother sends of"
only 10%of di immigrant workforce dey represented by unions (join-body groups / workers association) for contrast to 14%of di native-born workforce.,"di immigrant workforce dey represent by unions for contrast to 14 percent di native-born workforce (batalova, 2011)."
"for average, di sample means turnout to be 100, no matter how many pipo (di first part).","di sample means turnout to be 100, regardless (di usually follow by `of') without due thought or consideration or consideration) of sample size(panel a)."
"sheun mills (factories / places where dem dey grind things) dey travel home for public bus for jacksonville beach (di place wey get sand or small small stone beside oshimiri), florida.","on february 4, 2010, shaun mills dey travel home on public bus for jacksonville beach (road / where houses dey), florida."
"di jury instruction dey di model jury instruction, and because di supreme court of virginia don get di opportunity to expressly (direct / dem talk am clear-clear) disavow di jury instruction, di jury instruction construction (di act of construct something) of di prima facie provision ""is ruling on a question of state law wey dey binding on us as though di precise (correct / exact) words dey written into""di statute.","di jury instruction (di message wey dey describing how something dey done) na di model jury instruction (di message wey dey describing how something dey done), and because di supreme court of virginia don get di opportunity to expressly disavow di jury instruction (di message wey dey describing how something dey done), di jury instruction's construction of di prima facie provision ""na ruling on question of state law wey dey as binding on us as though di precise words don write into""di statute."
di bodi dey rid amself of excess (extra / surplus) h+and raises (to carry go up / add money) blood ph.,di bodi rids (picked / de one wey dem choose) amself of excess (extra / surplus) h+and raise blood ph.
di united nations (obodo / different-different countries) go advocate before di united nations.,dem go advocate before di united nations (obodo / different-different countries).
di treatments f or bph for tempt to relieve di pressure on di ur ethr a so say urine fit flow (to move steady / water waka) more normally.,treatments f or bph for tempt to relieve di pressure on di ur ethr a so say urine fit flow (to move steady / water waka) more normally.
di original hypothesis test dey two-sided(we no get any theory about whether psych students go better or worse for statistics than oda students)so awa hypothesis test dey two-sided(or two-tailed)also.,di original hypothesis dey two-sided(we no get any theory about whether psych students go better or worse for statistics than oda students)so awa hypothesis test dey two-sided(we no get any theory about whether psych students go better or worse for statistics than oda students)so awa hypothesis test dey two-sided(or two-tailed)also.
we go copy (photocopy / duplicate) all of di variables for your one kind of table into dis new environment.,di variables for your one kind of table into dis new environment.
di jurisdiction dey area wey power dey exercise,di jurisdiction dey area wey power dey exercise
"e describe how learner start out wit prior beliefs (wetin you believe) about di plausibility of dierent hypotheses (di proposal wey dey suppose explain certain facts or observations), and tell you how those beliefs go revised (dem check am again / change small) for di face of data.","e describe how learner start out wit prior beliefs (wetin person tink say go happen) about di plausibility of dierent hypotheses (different-different types / varieties), and tell you how those beliefs (wetin you believe) go revised for di face of data."
"if compensation don ecurr ed, di y go increase for tempt to reestablish di proper ratio (wey get true zero) of bicarbonat e and carbonic acid co2.",di y go increase for tempt to reestablish di proper ratio (wey get true zero) of bicarbonat e and carbonic acid co2.
we go just type dis new number into rand out go kom di answer.,we go just type dis new number into rand out go kom di answer.
"r foundation for computer for statistics, vienna, austria.","r foundation for statistical computing, vienna, austria."
"international migration review,40(1), 27-63.","international migration review, 40(1),27-63."
di impact of unauthorized (without go-ahead / illegal move) immigrants onthebudget ofstate and local goment.,di impact of unauthorized immigrants onthebudgets ofstate and local governments.
di common example for psychology dey study wey dey rely on undergraduate psychology students.,di common example for psychology dey studies wey rely on undergraduate psychology students.
di statistic dey 2distributed (how dem put themselves),di statistic dey 2distributed (how dem put themselves).
"dis behavior wit di common understanding say some false statements dey inevitable (di unavoidable event don dey unavoidable event) if e dey open and vigorous expression of views (how people take see de mata) for public and private conversation, expression first amendment (wey go bring freedom to pipo) seeks (person wey dey find / look for) to guarantee.","di comport wit di common understanding wey some false statements dey inevitable if e dey open and vigorous expression of views (how people follow deirselves / connections) for public and private conversation, expression first amendment (wey go bring freedom to pipo) seeks to guarantee."
"di ordinance (local government law / official order) reach conduct wey dey unprotected, e also make criminal expressive (di expression wey dey characterized by expression) conduct wey dey unprotected, e also make criminal expressive conduct wey dey cause only hurt feelings, offense, or resentment, and dey protected by th e firstamendment.","di ordinance reaches conduct wey dey unprotected, e also make criminal expressive conduct wey dey unprotected, e also make criminal expressive conduct wey dey unprotected, offense, or resentment, and dey protected by th e first amendment (wey go bring freedom to pipo)."
"di lifetime of experience of teaching undergraduates and of do to study numbers on daily (make somtin de sup every day) basis suggest say most actual humans (pipo) thing say hin probability say di hypothesis dey true""no only meaningful (di meaning or purpose dey having a meaning or purpose), na di thing wey we care most about.","di lifetime of experience of teaching undergraduates and of doing data analysis on daily (make somtin de complete and no mistake) basis suggest tome say most actual humans (pipo) thing wey he probability say di hypothesis dey true""no only meaningful (di meaning or purpose dey having a meaning or purpose), e dey di thing we care most about."
di search warrant (official paper to arrest person or search house) dey issue only on probable (likely / fit happen) cause,di search warrant (na court wey dey review decision wey lower court make) dey issue only on probable cause
one very common built-in function dey di lenfunction wey tell us how many items (different things / materials) dey for its argument.,di very common built-in function dey di lenfunction wey tell us how many items (different things / materials) dey for its argument.
"third, you fit solve dis much better than through one way wey dey hard but e go work.","di thirdly, you fit solve dis much more eciently than through brute force simulation."
"denials (to say ""no"" / rejection / say you no sabi) dey require written rebuttal (a strong argument wey person give to fight against an accusation), di processing (di prescribed procedure dey preparing or putting through a prescribed procedure) of which fit take many months.","di process wey dey require awritten rebuttal, di process of which fittake (small-small / with caution) many months."
"di eect of make di data look more noisy than dem really dey, and di eect of therapy wey dey correctly found to be signi cant for comparison (di act of examining resemblances wey dey examinin resemblances) test with two main factors now become non-signi cant.","di eect of make di data look more noisy than dem really dey, and di eect of therapy wey dey correctly find to signi cant for di two-way anova now become non-signi cant."
di crowd (many pipu wey stay for on place) began (bin start / how e take take off) attack o'brien and hin companions.,"immediately (for no time intervening, without delay or hesitation) afta di burning, members of di crowd began attacking o'brien and hin companions."
di number of elements wey dey list,di number of elements for di list.
families dey separated from extended support.,families dey separate from extend (to make am long / increase de reach) support.
"di file communicate (di transmit information wey dem transmit information) wit your system wey dey control wetin computer fit do, e dey manage hardware and software, make am possible for apps and services to dey run, e be like brain wey dey direct computer, wey know where di data for each file dey store","di file communicate (di transmit information wey dem transmit information) wit your operating system, wey know where di data for each file dey store."
di means say you dey test to see if di true mean dey larger (wey big pass) than mu,"if you set one. sided=""greater"", e mean say you test to see if di true mean dey larger (wey big pass) than mu."
"di complexities (di quality of being intricate and compounded) of to drag matter for kot require a cool plus detached mind to thread a route to success (victory / when plan work well), plus if you be representing (standing for person) yourself am is all too easy to allow passion to cloud your judgment.","di complexities (organizations / separate things or bodies) of litigation require cool and detached mind to thread route to success (victory / when plan work well), and if you dey represent yourself e dey all too easy to allow passion to cloud your judgment."
di quotesingle. ts1print quotesingle. ts1,di quotesingle. ts1print quotesingle. ts1print quotesingle. ts1?
"again, we fit draw dis plot using. figure 15.13: plot of fitted values against residuals for regression, with line wey show di how two things dey related di two.",we go draw dis plot using low-484- 505 10 fitted valuesresiduals lm(dan. grump ~dan. sleep)residuals lm(dan. grump ~dan. sleep)residuals lm(dan. grump ~dan. sleep)residuals: lm(dan. grump ~dan. sleep)residuals vs fitted values against di residuals for regression.
"or, to use di correct term, you wan coerce (to change by force) di variable from one class to another.","di correct term, you wan to coerce di variable from one class into another."
di oxaloac etat e dey combine wit dine xt ac etyl coa to start di k rebs cycle again (check di picture 24. 7 ).,oxaloac etat e dey ready to combine wit di next ac etyl coa to start di k rebs cycle again (see figure 24. 7 ).
"for example, critique (analysis of somtin wey dey detailed) communicative (dem dey relating to communication of or relating to communication) competence pedagogies for seeking to assimilate students to di norms for particular arenas(such as academic writing)without giving dem di means to query di norms, and for limiting (to hold back / put boundary) students to narrow arenas of writing without giving dem di means to write for oda arenas(such as civic writing).","bronwyn norton peirce (1989), for example, critiqued communicative competence pedagogies for seeking to assimilate students to di norms for particular arenas(such as academic writing)without giving dem di means to query those norms, and for limiting students to narrow (small-small write) deynas of writing without giving dem di means to query those norms, and for limiting students to narrow deynas of writing without giving dem di means to write for oda arenas(such as civic writing)."
di llc go choose how im wish to tax,"essentially (for bottom or by one's (or its) very nature), every tax year di llc fit choose how dem wish to be taxed."
"di idea dey call one way to see if test fit catch difference, and if e dey feasible (somtin wey de possible) to do am, then e go tell you something about whether you go get enough time or money to run di experiment successfully (for successful manner).","di idea dey call power analysis, and if e dey feasible (no be one or di other) to do am, then e dey helpful, since e fit tell you something about whether you go get enough time or money to be able to run di experiment successfully (for no time intervening, without delay or hesitation)."
di reader dey write as reflective action,di reader.
dis go only exa cerbate di harm wey di stolen (wetin thief carry / things wey loss by force) valor act dey meant (bin get de sense say / intention) to prevent.,di harm say di stolen valor act dey meant (bin get de sense say / intention) to prevent.
"whereas some r esear chers wey dey believe say certain aspects (different sides of de mata) of andr opause ar e difficult to tease apart from aging for general, testosterone r eplac ement dey sometimes prescribed to alleviate some s ymp toms.","di r esear chers believe say certain aspect of andr opause ar e difficult to tease apart from aging for general, testosterone r eplac ement dey sometimes prescribed to alleviate some s ymp toms."
"i(and, one might argue, chozin's professors)find di feedback wey chozin dey provided (as far as / if to say / supply) by chozin editor-friends to dey lacking, chozin dey proactively seeking (to look for / desire) writing support.","i(and, one might argue, chozin's professors)found di feedback wey chozin's editor-friends to be lacking, chozin dey proactively seeking (to look somtin wella to sabi am) writing support."
"di shareholders don elect (to vote person / pick) anyone wey dey want to board of directors, up to di number of authorized (person or tin wey get go-ahead / dem don give license) board members asset (property / wetin person get) forth for di corporate documents.","di shareholders (people wey join body do business / paddy) go elect anyone dem wan to aboard of directors (people wey dey stand for oda people / agents), up to di number of authorized board members asset forth for di corporate (tin wey concern big business join-body) documents."
"di two most common measures (to measure) dey di mean, median and mode (di one wey show most); occasionally pipo go report a trimmed mean.","di two most commonly use measures (to measure) dey di mean, median and mode (na urgent or serious situation wey court suppose act fast on am); occasionally pipo go report trimmed mean."
di process dey call execution,di process dey call execution
di right question no so much\can rdo dis?,di right question no so much\can rdo dis?
di comment (remark / talk) dey redundant wit di code and useless: v=5# assign (to give value) 5 to v dis comment contains useful information wey no dey for di code: v=5# velocity for meters second,di comment (remark / talk) dey redundant wit di code and useless: v=5# assign 5 to v dis comment contains useful information wey no dey for di code: v=5# velocity (di highest wey somtin fit contain or do) for meters second.
"di justice kagan join, join di judgment.","di justice breyer, wit whom justice kagan join, concurrin for di judgment."
"di point for awa discussion of compilers and interpreters, you need wonder a bit about di python interpreter wey dey write for high level languages like python orc.","e no easy to read or write machine language, so e dey nice say we get interpreter and compilers wey allow us to write for high-level languages like python orc. now for dis point for awa discussion of compilers and interpreters, you go wonder a bit about di python interpreter itself."
"so far we get di ability to talk about di idea say drugs fit in uence mood, and therapy fit in uence mood, but no way we dey talk about di possibility (something wey fit happen / chance dey) of interaction between di two","di ability to talk about di idea say drugs fit for uence mood, and therapy fit for uence mood, but no way of talk about di possibility (something wey fit happen / chance dey) of interaction between di two."
di distinction (di difference) dey early pointed out between di extent (how far de tin reach / level) of di freedom wit respect to censorship under our constitution system and wey dey enjoy for england.,di distinction dey early pointed out between di extent (how far de tin reach / level) of di freedom wit respect to censorship under awa constitutional system and wey enjoy for england.
di registered (show) as domain (area / website address) name,"di avid computer user, hin register as domain (to get / collect / catch) name."
"one important thing to note na say when dey specifying (di condition or requirement for contract or agreement) di argument wey dey use dia name, e no matter which order you type dem for.","di important thing to note na say when specifying di argument wey dey using dia name, e no matter what order you type dem for."
"newly arrived (reach ground / show face) immigrants dey face di greatest (de highest / de boss) risk, perhaps due to lack of english skills or education.","newly arrive immigrants face digreatest risk (chilton, 2009), perhaps due to lack ofenglish skills oreducation."
"for example, wen i suggest say we orce"" half (one of two tins wey de equal from anoda tin) of di pipo to become smokers, i must dey talk about starting wit sample of non-smokers, and then forcing dem to become smokers.","for example, wen i suggest say we orce"" half (one of two tins wey de equal from anoda tin) of di pipo to become smokers, i must don talk about start wit sample of non-smokers, and then forcing dem to become smokers."
"dis approach (wey dem often call glass's delta)only make sense well when you go get good reason to treat one of di two groups as better reflection of""natural variation""than di other.","di approach(often call glass') only make most sense wen you go get good reason to treat one of di two groups as purer re ection of atural variation"" wey di oda."
i go only demand reliability (how reliable something be) for those situation wey you wan to measure di same thing,you go only demand reliability for those situations (kinds of mata wey fit happen for one place or time) wey you wan to measure di same thing
"visit di link inside note 4. 23 ""hyperlink: mediators"" plus find your state's requirements plus qualifications (na skill or requirement wey persin must get to hold office) for mediators.","for note 4. 23 ""hyperlink: mediators"" and find your state's requirements and qualifications (to measure something) for mediators."
"she go write down for her notebook (one kind for windows) wey she consider as tori wey dey important pass, wey go help you make his decision.",she go write down for her notebook wey she consider as key points.
time for u. s. and acculturation —greater (e big pass / more-more) time for u. s. dey associated wit greater family conflict and ipv.,time for u. s. and accultur ation greater time for u. s. and accultur ation greater time for u. s. dey associated wit greater family conflict andipv.
loop patterns 61 happy (make person like wetin de happen) new year: joseph happy new year: glenn happy new year: sally done!,di loop patterns 61 happy (make person like wetin de happen) new year: glenn happy (make person like wetin de happen) new year: sally done!
"in order toenforce immigration policy away from diborder, digovernment must access residents' documents (files / papers wey get important info).","enfor cepolicy versus minimize regulatory burden and intrusion onprivacy. inorder toenforce (to force people make dem follow law) immigration policy away from diborder, di government must access residents (people wey dey stand for oda people / agents)' documents."
di example of a user-defined function wey dey take argument: def print(bruce)print(bruce) dis function assign (to give value) di argument to a parameter wey dey named (mention name / title) bruce,di example of user-defined function wey take argument: def print(bruce) wey dey function assign di argument to parameter named (na wen court or jury find persin guilty of criminal charge) bruce.
immigrant contributions (support / money wey people join together) to medicare— immigrants dey contribute (di quality wey dey bestow a quality on top quality on top) substantial amounts (figures / total quantities) to medicare.,immigrant contributions (di members of business venture create by contract) to medicare immigrants contribute (to make am long / increase de reach) substantial amounts tomedicare.
dem tok say di bank don receive di defamatory report.,"di possibility (something wey fit happen / chance dey) of future financing wit its bank, respondent's president dey told say di bank don receive di defamatory report."
"indeed (true-true / na so / for real), criminal laws plus torts often get parallel causes (all de ""why"" behind de mata) of action.",di criminal laws and torts often don parallel cause of action.
"di two aya and rina talk about di battle of algiers for order to help dem understand my battle of algiers (morgan,2005).","both aya and rina talk about looking online for information for japanese about di battle of algiers for order to help dem understand my battle of algiers for order to help dem understand my battle of algiers for order to help dem understand my battle of algiers for order to help dem understand my battle of algiers (morgan,2005)."
"di therefore, for somewhere (one place) for between. 02 and. 03 na di least wey dey allow us to reject di null idea for dis data.","therefore, somewhere between. 02 and. 03 e must be smallest value of dat go allow us to reject di null idea for dis data."
"dem deliver (to carry something reach owner hand) di opinion of di court, wey marshall, blackmun, scalia, and kennedy, jj, deliver di opinion of di court, wey marshall, blackmun, scalia, and kennedy, jj.","texas v. johnson 491 u. s. 397(1989) brennan, j, deliver (to carry something reach owner hand) di opinion of di court, wey marshall, blackmun, scalia, and kennedy, jj."
wetin she dey flee from wither three small girls?,di threelittle girls?
dem try to recall (to remember) di basic function of business,try to recall di basic function of business
di most common form of adr.,"di negotiation, mediation (follow-dem-talk-make-dem-settle), and arbitration dey di most common form of adr"
e1: 96semq x1: 96semq x1,di xp1: 96semq xp1: 96semq xp1: 96semq xp1: 96semq x xp1: 96semq x
"di pkk and di ltte, especially, don respect di line between humanitarian and violent (vawulence / rough play) activities","di pkk and di ltte, in particular, no dey respect di line between humanitarian and violent activities"
di land's value dey only its profits (gain / extra money wey comot from business)?,di land value dey only its profits (gain / better money from business)?
di process for anytime by removing di spider. sqlite file and rerunning spider. py.,you fit restart di process for anytime by removing di spider. sqlite file and rerunning spider. py.
"-105-load (base)r documentation di r documentation part no dey interesting, but di loadfbasegpart dey tell you say di load()function (obviously)and say dis function dey for di base (foundation / where tin start from) package.","di very top we see dis:-105- load(base) r documentation part no dey terribly interesting, but di loadfbasegpart dey tell you say dis dey for reference (citation / to point to where info dey) to di load()function (obviously)and say dis function dey for di base package."
di textbook dey unique foritsfocus onfamilies forcontext,di textbook dey isunique initsfocus on families incontext.
di nothing stop you from typing(4 2)*3,nanothing stop you from typing(4 2)*3.
di faculty reexamine dia focus on swe and western rhetorical (talk for talk sake / grammar) norms or tighten dia grip (to hold somtin well) on dem?,di focus on swe and western rhetorical norms or tighten dia grip on dem?
"di way wey languages and language varieties dey always in process, located (e dey for dat side / position) for and subject to ongoing (e still dey go on) and varying material practice""(horner &t rimbur, 2002, p. 596).","di language wey languages and language varieties dey always for process, located (e don big pass before / e climb) for and subject to ongoing and varying material practice""(horner &t rimbur, 2002, p. 596)."
di possible situation wey a material support prosecution go successfully (for successful manner) challenge as violative of first amendment (wey go bring freedom to pipo)?,"di possible situation wey a""material support""prosecution go be successfully (for no time intervening, without delay or hesitation) challenge as violative of first amendment (wey go bring freedom to pipo)?"
there na well-well little debate (fomal talk where two pipu dey talk against each oda) about di power of congress to regulate foreign trade.,di power of congress to regulate foreign trade.
di governmental interest and di scope of di 1965 amendment dey limited to prevent harm to di smooth and efficient functioning of di selective service system.,di gomental interest and di scope of di 1965 amendment (wey go bring freedom to pipo) dey limited to prevent harm to di smooth and efficient functioning of di selective service system.
"di popularity (di quality of being widely admired or accepted or sought am) of ecommerce don skyrocket, more and more states dey reexamin how to tax transactions (all de business moves wey involve exchange) from out- of-state sellers (people wey dey trade market) by compelling dia sellers to collect di applicable sales tax.","di popularity of e-commerce don skyrocketed, more and more states dey reexamining how to tax transaction from out- of-state sellers by compelling those sellers to collect di applicable (dem dey capable of being applied) sales tax."
"dem also include di right to vote (to choose leader / drop thumbprint) for shareholder meetings (gathering / discussion group), typically annually.","dem also include di right to vote (to choose leader / drop thumbprint) for shareholder meetings, typically hold annually."
we don before us affidavit wey dey stat di part of government wey dey carry out and enforce (to force people make dem follow law) laws— led by president or prime minister's conclusion on dat question.,we don before us affidavit stating di executive (de branch of gofment wey dey run de land) branch's conclusion on dat question.
di number dey include decimal,di number fit include decimal
"di leverage of an observation dey operationalised for terms of its hat value, usually written hin.","di leverage of observation dey operationalised for terms of its hat value, usually write hi."
di elliott and o'mara charge wit attempt cross burning and conspiracy to commit (to do bad tin / to promise to do work) cross burning,elliott and o'mara dey charge wit attempted cross burning and conspiracy to commit cross burning.
"di law dey dynamic (something wey fit change, e no just stay one place), sophisticated field","di law dey dynamic, sophisticated field."
"di means say if dispute dey under dat contract, then you go need to arbitrate your claim no be go straight to court.","di means say if dispute arises (e show face / e start to happen) under dat contract, then you go required to arbitrate your claim no be going straight to court."
di suppose say tomorrow maximum (de highest level / e no fit pass dere) temperature dey sample from di bell way wit mean 23 and howe dey spread 1.,di suppose say tomorrow's maximum (de smallest / e no fit go down pass dat level) temperature dey sample from bell way wit mean 23 and howe dey spread 1.
di python interpreter dey program wey read and executes (to do wetin you tell am) python code,di python interpreter dey program wey read and execute (to look somtin wella to sabi am) python code.
how we go do am?,how we do am?
we call data items (different things / materials) wey dey part of di object attributes (di construct wey objects or individuals dey distinguished),we call data items (different things / materials) wey dey part of di object attributes.
na why i dey bother do dat?,why go i bother doing dat?
"di statute of limitations no run while di suspect dey hiding, di statute of limitations no run while di suspect dey hid.",di statute of limitations no run while di suspect dey hiding.
"for example, suppose you wan measure di effect of low-level lead poisoning on how di mind dey work for port pirie, one south australian (di native or inhabitant of australia) one town wey dey do factory with lead smelter.","for example, suppose you wan to measure di eect of low level lead poisoning on cognitive functioning for port pirie, south australian industrial town wit lead smelter."
"di bicarbonat e dey egulated for di blood by sodium, as ar e di phosphate ions.","di bicarbonat e dey regulated for di blood by sodium, as e di phosphate ions."
"e dey important say you understand dem well enough to ead"" di equations, and to be able to see say im just say dd up lots of things and then divide by another thing","we go re-using dis symbols fair bit, so e important say you understand dem well enough to ead"" di equations, and to be able to see say e just say dd up lots of things and then divide by one thing""."
dem no dey hormone but e dey functionally (for function wey dey respect to function) important for regulating (di act of controlling or directing according to rule) systemic blood pressure and kidney function.,e no dey hormone but e dey functionally important for regulating systemic blood pressure and kidney function.
c. j.,"di burger, c. j."
who you wan dey fair to,di fair to whom?
"as reading for di student major, such as rina's reading about restaurant (di building wey dem go eat pipo go eat) and hotel management (di act of managing something), dey seen (bin see am / dem don notice) as much more manageable than reading for discipline outside di major.","di content of di reading make significant difference, however, as reading for di student's major, such as rina's reading about restaurant (di highest wey somtin fit contain or do) and hotel management, dey see as much more manageable than reading for discipline outside di major."
"di filename = ""thisfile. jpg"" part tell rwhat to name di graphics le, and di width= 480 and height= 300 argument tell rto draw image wey dey 300 pixels high and 480 pixels wide.","di filename = ""thisfile. jpg"" part tell rwhat to name di graphics le, and di width= 480 arguments tell rto draw image wey dey 300 pixels high and 480 pixels wide."
di district court don depart from pell and abus im discretion bikos e don order say dem give media great access to di jail (prison / kashot / cell) wey dem give to di general public.,di district court don depart from pell and abused its discretion because e don order say hin give di media greater (e big pass / more-more) access to di jail (prison / kashot / cell) than he gave to di general public.
"dem drop t oo low, as dey happen for dehydration, di functions of di kidneys 1160 26 fluid, electrolyte, and cid-base balance access f or free for open tax.","if h ydrostatic pressure for di kidneys 1160 26 fluid, electrolyte, and acid-base balance access f or free for open tax."
dem also worth not say some pipo go write n. s.,e also worth noting (to carry pickin take as your own / follow a style) say some pipo go write n. s.
we dey lumping di main eect of therapy and di interaction term together.,we dey lumping di main eect of therapy and di interaction term together.
"di hyperlink: when dna dey isolated from di human body, dey subject to ownership by patent?","di dna dey isolated from di human body, na e subject to ownership by patent?"
"di participant dey concurred, ""you dey compete to gain approval (go-ahead / when oga gree)","di participant concurred (dem don give am de work / hand over task), ""you dey competing to gain approval (na wen court or jury find persin guilty of criminal charge)."
"as di history of cross burning indicates (dey show), a burning cross no always dey intimidate.","as di history of cross burning indicates (di act of examining resemblances wey dey examinin resemblances wey dey examinin resemblances wey dey examinin resemblances), burning cross no dey always intimidate."
dis na wetin di girls dey get.',dis deywhat (small-small write-up / observations) digirls get
"these two cases, while growing out of different circumstances and concerning (na relevant to dey relevant to dey relevant) different parties, both relate to di scope of our national constitutional policy safeguarding free talk and a free news pipo.","di two cases, while grow out of different circumstances and concerning (to dey worried) different parties, both relate to di scope of awa national constitutional policy safeguarding free speech and free press."
"di customer wey cut across your land to reach di oda side, without your permission (di approval to do something) think of situation wey you go grant life estate (all de property wey person leave when e die / big land) to someone for property wey you own.","di person wey cuts across your land to reach di oda side, without your permission (di approval to do something) think of situation wey you go grant life estate to someone for property wey you own."
"bohn, s,& pearlman, s.(2013).","bohn, s,&pearlman, s.(2013)."
"norms from di country where person was born or originally come from— rigid, patriarchal gender roles learned (sabi person / someone wey read book well) for di country where person was born or originally come from dey associated wit increased (e don big pass before / e climb) tolerance for and experience of ipv.","norms from kontri-of-origin rigid, patriarchal gender roles learn for di country-of-origin dey associated wit increased (e don big pass before / e climb) tolerance for and experience of impv(morash, bui, zhang, &holtfreter,2007; yoshioka, dinoia, &ullah, 2001)."
di population no dey obvious what di population dey,e no dey obvious what di population dey.
"di 1965 amendment to 12(b) (3)of di universal military training and service act meet all of dis requirements, and consequently (because of dat / wetin follow) say o'brien fit be constitutionally (follow wetin de grand-papa law talk) convicted for violating (to break law / mess up rule) am","we find say di 1965 amendment to 12(b) (3)of di universal military (soja mata / army) training and service act meet all of dis requirements, and consequently say o'brien go constitutionally (follow wetin de grand-papa law talk) convicted for violating am."
"di columns dey thought as""implementation detail""to capture di nature of di relationship details and no essential part of di data wey dey model.","di columns dey thought of as""implementation detail""to capture di nature of di relationship details and no essential part of di data wey dey modeled."
"for sample of children exposed to war, tsunami and family violence,14% identify family violence as di most distressing event of their lives (different people life).","for sample of children wey dey exposed towar, tsunami, and family violence,14% identified (na wen court or jury find persin guilty of criminal charge) family violence as di most distressing event of dia lives (catani etal."
"di argument say no need for government to concern imself, for government dey strong, e possess plenti powers (pawa / authority) to put down rebellion, e fit defeat (to beat / win person) di revolution wit ease (somtin wey no hard) needs no answer.","di argument say no need for government to concern amself, for goment dey strong, e go defeat di revolution wit ease need no answer."
"di typical(i. e, median)deviation from di middle number.","di typical(i. e, median) deviation from di median value."
"di suppose mean to talk about doing di\same"" thing?","but what does e mean to talk about doing di\same"" thing?"
"di way, anyone reading di paper fit multiply di bayes factor by dia own personal prior odds, and dem fit workout for themselves what di posterior odds go be.","di paper fit multiply di bayes factor by dia own personal prior odds, and dem fit workout for themselves what di posterior odds go be."
"di magic number 1971:1977 dey from r<0. 99. 0, and rd[abx]1 from r0","di magic numbers 1971:1977 dey from r<0. 99. 0, and rd[abx]1 from r 0. 99. 0 to r 1.3."
i create vector months wey dey contains di names of each of di months,i create vector months wey contain di name of each of di months.
di person wey burn cross no intend (plan to / mind set) to express either statement of ideology or intimidation.,di occasionally person wey burn cross no intend to express either statement of ideology or intimidation.
fgm dey regarded (see am as / tink say) as human rights issue for women because e fit cause severe health sequelae.,di fgm dey regard (to look / respect / concern) asahuman rights issue forwomen because ecancause severe health sequelae.
di might be nice to see example of a function wey fit be applied (wetin dem use work / put into action) to text.,di example of function wey dey apply to text.
di int erpla y of involuntary and volutar y actions wey di internal (for inside) and external ur ethr al sphinct ers.,e r esul ts from int erpla y of involuntary and v oluntar y actions by di internal and external ur ethr al sphinct ers.
always remember say your reader no know your data anywhere near aswell as you do.,di good practice: always remember say your reader no know your data anywhere near aswell as you do.
"if di experimental (for experiment wey dey relating to or based on experiment) task dey for pipo to imagine dem dey draw from deck (flat floor) wey dey twice as many clubs as any oda suit (na wen one persin carry anoda persin go court to seek justice), then di null idea go correspond to something like p:4;: 2;","for example, if di experimental task dey for pipo to imagine dem draw from deck wey dey twice as many clubs as any oda suit, then di null idea go correspond to something like p p:4;: 2;: 2;: 2;: 2;: 2;:"
an arbitrator (middle-man wey dey settle palava) presides over to settle matter outside kot with judge proceedings (all de things wey dey happen for kote or meeting).,di arbitrator presides over arbitration proceedings (all de tins wey person eyes dey look / benefits).
"di basilica apostolorum, wey probably originally di basilica apostolorum, wey dey begun immediately (for no time intervening, without delay or hesitation) before di peace of di church(the toleration of christianity following di edict of milan), rose on di site (building ground / location) of di earlier triclia, in wey graffiti testify to di special veneration of peter and paul for di site.","di sebastiano, probably originally di basilica apostolorum, wey dey begun immediately (for no time intervening, without delay or hesitation) before di peace of di church(the toleration of christianity follow di edict of milan), rose on di site of di earlier triclia, wey graffiti testify to di special veneration of peter and paul for di site."
dis dey logical value argument.,di logical value wey dey argument.
"di scene, pipo dey wait (to stay / hold on / delay) to receive di distribution of food, but powerful, armed (get weapon / gun-dey) faction seize di cargo and opened fire (di tin wey de show when somtin de burn) on dem","as depict for dat scene, pipo dey waiting to receive di distribution of food, but powerful, armed (get weapon / gun-dey) faction seized di cargo and open fire (di tin wey de show when somtin de burn) on dem."
"support from afar— for cases where families no fit or choose not to dey reunited, refugees still dey find ways to provide support to one another. refugees fit support family and friends through remittances or fit spend time and money trying to locate and bring family members to u. s.","di support from labo incases wey families no beorchoose nottobereunited, refugees stillfind (dem don give am de work / hand over task) way toprovide support toone another. refugees go support family and friends through remittances or go spend time andmoney try to locate and bring family members to u. s."
di constant (somtin wey no de change) interest rate of 30 years dey hilarious,di constant interest rate of 30 years dey hilarious
"di more specific meaning of""prohibiting (law wey say ""no do am"" / ban)"" and""free exercise""don dey subject of numerous (plenty-plenty / dem many) case and controversies (na disagreements or legal disputes between parties about rights, obligations, or facts).","di more specific meanings of""prohibiting"" and""free exercise"" don dey subject of numerous case and controversies (di act of punishing di act of punishing di act of punishing di act of punishing di act of punishing di act of punishing di act of punishing)."
di second assign (to give value) string to new variable named (mention name / title) message; di second assign di integer 17 ton; di third assign di(approximate) value of topi.,di second assign di integer 17 ton; di third assign di(approximate) value of topi.
"di products (all de things wey dem produce to sell) wey di company release today dey very much di result of di corporation, no any single individual.","di products (all de things wey dem produce to sell) di company release today dey very much di result of di corporation, no any single individual."
na three specific powers (pawa / authority) of di part of government wey dey carry out and enforce (to force people make dem follow law) laws— led by president or prime minister?,di three specific power of di executive (de branch of gofment wey dey run de land) branch?
small more formal (official way / follow-follow rule) approach nato run hypothesis tests.,di slightly more formal approach dey run hypothesis tests.
"di pipo often talk about real property by using di term real estate (all de property wey person leave when e die / big land), wey reflect (to show) both di concept of real property and di ownership interest concept of estate.","di pipo often talk about real property by using di term real estate, wey reflect both di concept of real property and di ownership interest concept of estate."
"di second part of di name specify one graphical parameter: wex na one number wey show how thick, and lty na one number wey show how line be.","di second part of di name species graphical parameter: wexis a width parameter, and ltyis line type parameter."
"if you no dey unsure about what order rwill do things for, easy solution dey to enclose di thing wey dey do rst for brackets.","if you dey ever (anytime / since world start) unsure about what order rwill do things for, an easy solution dey to enclose di thing you want am to do rst for brackets."
e completely meaningless (na no meaning or direction or purpose or purpose or purpose) to talk about di probability say di temperature dey exactly 23 degrees,e dey completely meaningless (di meaning or purpose dey having a meaning or purpose) to talk about di probability say di temperature dey exactly 23 degrees.
"for di common law, no fit.","di common law, no go."
"di nice thing about di rstudio window na say e to show you di first numbers le for top of di window, and e to show you preview of di data for di top.","di nice thing about di rstudio window na say e show you di raw data le for top of di window, and e show you preview of di data for di bottom (down-down / base)."
"dat mean say, we wan use split (divide / tear)= "".""","we wan use split (divide / tear)= """
"di sort of hunches (one feeling) don no strict (no-nonsense / follow de rule exactly) howe dey show evidence, e dey often worth pay attention to dem","di sorts of hunches don no strict evidentiary value, e dey often worth pay attention to dem."
di court tok say cohen go establish cause of action under minnesota law on promissory estoppel theory.,di court don go establish cause of action under minnesota law on promissory estoppel theory.
"di african-american, wa s elliott next-door neighbor for virginia beach (di place wey get sand or small small stone beside oshimiri), virginia.","di african-american, dey elliott's next-door neighbor for virginia beach, virginia."
we use one feature of regular expressions.,we use one feature of regular expressions.
di results dey show for figure 9.,di results dey show for figure 9.1.
"for example, di bodi synthesize (joining different things together to make one complete thing) vitamin a from di -carotene in orange vegetables like carrots and sweet potatoes.",di bodi s ynthesiz e vitamin a from di-car otene for orange vegetable like carrots and sweet potatoes.
di scene dey set against glimmering gold background,di scene dey set against glimmering gold background.
"di quaids dey suing (carrying to court) di manufacturer (na persin or company wey dey make goods for sell), arguin say di label on di drug represent design defect (fault / damage) bikos e dey too easy to confuse di two doses.","di quaids dey suing di manufacturer (na persin or company wey dey make goods for sell), arguing (to drag mata / try to prove point) say di label on di drug represent design defect because e dey easy to confuse di two doses."
e simply withdraw unique national symbol from di roster of materials (tins wey dem use for teaching) wey dey use as background for communications (talk-talk / passing message / network).,e simply withdraw unique national symbol from di roster of materials wey dey use as background for communications (di activity of communicating).
di first remedy (way to settle de damage / solution) of any victim of defamation na self-help -using available opportunities to contradict di lie or correct di error and thereby (by dat way / because of dat) to minimize im adverse (bad / against progress) impact on reputation.,di first remedy (way to settle de damage / solution) of any victim of defamation dey self-help -using available opportunities (di measure of how likely e dey say some event go occur) to contradict di lie or correct di error and thereby to minimize its adverse impact on reputation.
"di employment practices wey don get disparate impact on members of protected class dey permissible, however, if dem dey job-related and qualify as business necessity.","di employment practices wey get disparate impact on members of protected class dey permissible, however, if dem dey job-related and qualify as business necessity."
"di united states, especially for hotter regions of di kontri, began (bin start / how e take take off) experience di same problem.","soon, however, vehicles for di united state, especially for hotter regions of di kontri, began experiencing di same problems."
di environment tok say to be thermoneutr alwhen di bodi no expend or release energy to maintain dia core (de main-main part / de heart of de matter) temper atur e,"di environment dey tok say to be thermoneutr alwhen di bodi no expend or release energy to maintain its core temper atur e. for naked human, dis na ambient air temper atur e of around 84 f."
justice souter [for dissent (to no gree / judge wey get different mind)]makes (to dey build or create) a similar argument.,di justice souter [in dissent]makes similar argument.
"if you talk""try"", python go try everytime you talk am.",di python go try everytime you say am without fail.
di package must be installed (wey dey present) before e go loaded (wey don start),di package must be installed before e fit loaded (wey get)
"di carbon (chemical wey god create wey de inside everi living tin) wey dey within di acetoacetyl coa wey no bond (connection / legal paper for money or bail) to di coa goo detach, ego split (divide / tear) di molecule for two.","di carbon (na urgent or serious situation wey court suppose act fast on am) within di acetoacetyl coa wey no dey bonded to di coa then detaches, split ting di molecule for two."
di frequentist (one wey like frequency way) statistics bayesian (one kind of statistical method) statistics don allow to talk about di probability say di null idea dey true,we run experiment and obtain (to get / collect / catch) data d. unlike (no hard / simple) frequentist statistics bayesian statistics go allow to talk about di probability say di null idea dey true.
di core (de main-main part / de heart of de matter) package for rdon't get function for calculating di mode (di one wey show most)6,di core packages for rdon don get function for calculating di mode6.
"di defense of""i no know di law!""","remember say defense of""i no know di law"
di parties dey perform as required by di wording of di contract.,"di parties perform as required by di wording of di contract appear to get existed, and di parties perform as required by di wording of di contract."
"dem note say""making (to dey build or produce something) beyonce rich (money-miss-road / wealthy)""or ""allow pfizer make billions of dollars""no dey di purpose.","di note say""making beyonce rich""or ""allowing pfizer to make billions of dollars"" no di purpose."
di duty of di federal courts to interpret federal legislation for a manner (way / style / how person take do am) no inconsistent (e dey show lack of consistency) wit di demand of di constitution.,"we must bear for mind say di language wey deyself don significance, we must bear for mind say e dey di duty of di federal courts to interpret federal legislation for manner (way / style / how person take do am) no inconsistent wit di demand of di constitution."
"see act of feb.24, 1923, ch.","see act of feb.24, 1923, ch."
"di court devoted little attention to first amendment (wey go bring freedom to pipo), but since then e don decide more than 500 case wey dey discuss first amendment (wey go bring freedom to pipo).","di court devoted little attention to first amendment (wey go bring freedom to pipo), but since then e don decide more than 500 case wey discuss first amendment (wey go bring freedom to pipo)."
"di condition dey true, then rwill execute (to do wetin you tell am) di statement wey dey contain for curly braces.","di condition dey true, then rwill execute (to do wetin you tell am) di statement wey dey contain for di curly braces."
di word=word. strip()e dey tempting to write list code like dis: word=word. strip,di word=word. strip()it dey tempting to write list code like dis: t=t. sort()# wrong!
"di possible explanation na say ""crud"" dey more fun to say than ""isud""","di possible explanation na say ""crud"" dey more fun to say than ""isud"""
"di way wey math dey write wey dey introduced (di cause to kom know personally) above, dis dey telling us say f32.","di mathematical notation i introduce above, dis dey tell us say f32."
differentiate (di mark as different mark as different) between social customs plus law.,differentiate between social customs and law.
"index for group grumpiness (crossness): ann(p=1, k=1, i=1) =20, ben (2,1,2)=55, cat (3,1,3)=21, dan (4,2,1)=91, egg (5,2,2)=22. notice sey i don build two different labelling schemes (plan / format / sometimes e be like wayo) here.",index for group grumpiness p k iy ikoryp ann 1 cool 12 55 cat 3 cool 13 21 dan 4 uncool 22 notice say i construct two dierent labelling schemes here.
we store each item (single thing / article) of data for one place for di database and reference (citation / to point to where info dey) am elsewhere (for anoda place) using foreign key,we store each item (single thing / article) of data for one place for di database and reference (citation / to point to where info dey) am elsewhere using foreign key.
"di tori wey dey important pass, wey be say make you no forget, na im be de key point wey you suppose sabi or remember business organizations dey important part of business structure.",key takeaways business organizations dey important part of business's structure.
we no suggest say congress go extend (to make am long / increase de reach) di same prohibition on material support for issue here to domestic (house mata / local tin) organizations.,we also no suggest say congress go extend (to make am long / increase de reach) di same prohibition on material support for issue here to domestic organizations.
"for a positivist, di desirability of enacting law wey dey viewed (bin see / bin check am out) as""good"" or""bad"" no relevant for determining (to finalize / find de real answer) what di law dey.","di desirability of enacting (person wey dey hold office for small tayam / to play part) law wey go view as""good"" or""bad"" no relevant for determining what di law dey."
di problem go exist without rule of law?,di problems go exist without rule of law?
"di study by johns(1985) also demonstrate say although less proficient (for having or show knowledge and skill and aptitude and aptitude) english writers dey more inclined to focus on sentence-level information and infrequently (but many times wey dey no many times) combined idea unit for macro level, both novice and more experienced (sabi person / person wey don see things) college writers distorte di idea of di source text to certain level and include personal comments for dia summaries, di practice of which dey inconsistent wit di general expectations of academic summaries.","di study by johns(1985) also demonst say although less proficient english writers dey more inclined to focus on sentence-level information and infrequently combined idea units for macro level, both novice and more experienced college writers distorted di ideas of di source text to certain level and include personal comments (talk-talk / to yarn) for dia summaries."
"as result, most everyday research questions don dey relational (dem having relation or being related) for nature, but dem dey motivate by deeper ontological questions about di state of nature.","as consequence, most everyday research questions dey relational for nature, but dem dey almost always motivated by deeper ontological questions about di state of nature."
"nano ad"" outliers.","nano ad"" outliers (people wey buy and use market)."
di seattle times and di walla union (join-body / workers' group) bulletin don publish stories about rhine hart and di foundation.,di seattle times and di walla union-bulletin don publish stories about rhine hart and di foundation.
"di notion of writing games dey depict pipo sense say academic writing dey consist of ruleand strategy-based practices, done for interaction wit oda for some kind personal and professional gain, and say e dey learn through repeated practice wey dey learn through guidebook of how to play.","di notion of writing games dey to describe such serious topic, casanave write say di notion of writing games dey to depict pipo's sense say academic writing consists of rule and strategy-based practices, done for interaction wit odas for some kind of personal and professional gain, and say e dey learn through repeated practice no be just from guidebook of how to play."
dem distinguishing protected advocacy brandenburg v. ohio 395 u. s. 444(1969) per curiam opinion for di court.,distinguishing protected advocacy brandenburg v. ohio 395 u. s. 444(1969) per curiam opinion for di court.
"di promise go need to dey perform so say di obligation or duties (responsibilities / wetin person gats do) wey dey carry legal duties, then, barring defense, di promise go need to dey discharge (na wen court release defendant from charge, or cancel debt or obligation).",di promise go need to perform so say di obligation or duties (responsibilities / wetin person gats do) arising under dat promise go perform so say di obligation or duties (responsibilities / wetin person gats do) arising under dat promise go discharge.
"doi: 10.1111 j.1999. tb00760. x johnson, p. j.(2007).","doi: 10.1111 j.1999. tb00760. x4. 6 references (citation / to point to where info dey) 89 johnson, p. j.(2007)."
"as some argue (to drag mata / try to prove point), don ""press""dey subsum into""speech"" for purpose of first amendment (wey go bring freedom to pipo) doctrine?","di argue, don ""press""been subsum into""speech"" for purpose of first amendment (wey go bring freedom to pipo) doctrine?"
"ipv get serious consequences (wetin follow de action / outcome of wahala) for everyone; however, there dey few unique features (karakata wey dey make am sweet or wey dey help) of ipv among immigrants and refugees.","ipv don serious consequences (wetin person tink say go happen) foreveryone; however, there dey fewunique feature of immigrants and refugees."
"see remsburg v. docusearch, inc, 816 a.2d 1001 (n. h.2003).","see remsburg v. docusearch, inc,816 a.2d 1001 (n. h.2003)."
"chilton, m, black, m. m, berkowitz, c, casey, p. h, cook (person wey de prepare foor), j, cutts, d, jacobs, r. r, heeren, t, ettinger de cuba, s, coleman, s, meyers, a. &frank, d. a.(2009).","chilton, m, black, m, berkowitz, c, casey, p. h, cook, j, cutts, d, jacobs, r. r, heeren, t, ettinger decuba, s, coleman, s, coleman, s, coleman, s, coleman, s, coleman, s, coleman, s, coleman, s, coleman, s, coleman, s, coleman, s, coleman, s, coleman, s, coleman, s, coleman, s, coleman, s, coleman, s, coleman, s, coleman, s, coleman, s"
"e. g, if a questionnaire assessing (checking levels) mood dey boring, then mood for measurement (to measure something) for time 2 dey more likely to become ored"", e. g, if a questionnaire assessing mood for time 2 dey more likely to become ored","e. g, if questionnaire assessing mood dey boring, then mood for measurement (to measure) for time 2 dey more likely to become ored"", precisely because of di boring measurement (to measure) for time 2 dey more likely to become ored"", precisely because of di boring measurement (to measure) make for time 1."
"di perspective dey necessary to create ecologically sound prevention (di act of preventing di act of preventing) and intervention (di act of intervening (as to mediate dispute, etc.)) wey go help restore sense of life coherence and help heal di deep wounds wey dey flict by home displacement for individuals, families and communities (neighborhood / groups of people).","dis perspective dey necessary to create ecologically sound prevention and intervention (di act of intervening (as to mediate dispute, etc.)) wey fit help restore asense of lifecoherence and help heal dideep wounds inflicted by home displacement for imndividuals, families andcommunities."
"di context dey challenge to national park service regulation prohibiting (law wey say ""no do am"" / ban) camping for certain parks as apply to prohibit demonstrators from sleeping ford. c.'s lafayette park and di mall for connection wit demonstration (di act of present something to sight or view) wey dey call attention to di plight of di homeless.",di context dey challenge to national park service regulation prohibiting camping for certain parks as apply to prohibit demonstrators from sleeping ind. c.'s lafayette park and di mall for connection wit demonstration (di act of present something to sight or view) wey dem call attention to di plight of di homeless.
"for-woven designs dey typically render (to give / provide / perform service) for wool, wey dey take dye more easily (soft work / e no hard at all) than flax (linen).","for-woven designs dey typically rendered for wool, wey took dye more easily (soft work / e no hard at all) than flax (linen)."
any broader (more wide / general pass) view of dis authority would effectively (sharp sharp) empower a majority to silence (quiet / no talk) dissidents simply as a matter of personal predilections.,any broader view of dis authority go effectively empower majority to silence dissidents simply as matter of personal predilections.
less than 1%of refugees worldwide ever (anytime / since world start) dey resettled for third country.,"less than 1%of refugees worldwide dey ever (anytime / since world start) resettled for third kontri (unhcr, 2015)."
di dictionaries dey now order structures,dictionaries dey now order structure.
di problem dey overcome so say both parties fit form legally (inside law / wetin law gree make person do) binding contract wit each oda?,how fit dis problem be overcome so say both parties fit form legally (inside law / wetin law gree make person do) binding contract wit each oda?
"di court don also point say ""[l]egal trials (court cases / testing) no like election (di process wey pipu de use take vote), to be won through di use of di meeting-hall, di radio, and di newspaper","di court don point out say ""[l]egal trials no like elections, to be won through di use of di meeting-hall, di radio, and di newspaper"
"di new function give you opportunity (chance / open door) to name group of statements, wey make your program easier (no hard / simple) to read, understand, and debug (the work of finding and fixing mistakes in a program)","e dey several reasons: creating new function give you opportunity (chance / open door) to name group of statements, wey make your program easier (no hard / simple) to read, understand, and debug."
di potassium don very little effect on osmotic pressure.,"for c ontr ast to sodium, potassium don very little effect on osmotic pressure."
"na however, wetin i fit do dey insert space for di middle of di word",i no do dey insert spaces for di middle of di word
we add print of di variable words right before line five,we add print of di variable words right before line five.
nano crime dey victimless,di crime dey victimless (na wen court or jury find persin guilty of criminal charge)
"some states wey dey low population don only one judicial district, while more populous state don only one judicial district, while more populous state don only one judicial district, while more populous state don only one judicial district, while more populous state don only one judicial district.","some states wit low population get only one judicial district, while more populous states don multiple judicial districts."
"di bill of rights, including first amendment (wey go bring freedom to pipo), follow for 1791.","di bill of rights, including first amendment (wey go bring freedom to pipo), follow for 1791."
hyperlink: whistleblower law blog check comot di links on di right side of di webpage below.,hyperlink: whistleblower law blog checkout di links on di right side of di webpage below.
di petitioner dey refuse (to no gree / to reject) to divulge dia name,again petitioner refused (bin drag mata / try to prove point) to divulge dia name.
and di simplest way to do dat one nato type di name of di variable and press enter.> sales[1] 350. so dat one good to know.,di simple way to do dat nato type di name of di variable and hit enter11 >sales [1]350 so na nice to know.
"if di central (main side / middle / very important) limit diorem dey kind to us, we go suppose guess say di sampling distribution of^b, di estimated regression coecient, dey di bell way wit mean centre onb.","if di central (main side / middle / very important) limit diorem dey kind to us, we go able to guess say di sampling distribution of^b, di estimated regression coecient, na normal distribution wit mean centred onb."
"di glomeruli dey create about 200 liters(189 quarts) of dis filtrate everiday, yet you dey excrete less than two liters of waste (to trowey something wey useful / dirt) wey you call urine.","di glomeruli create about 200 liters (189 quar ts)of dis fil trate every day, yet you xcrete less than tw o liters of waste you call urine."
di psych package contains skew() function wey you fit use to calculate skewness.,di psych package contains skew() function wey you fit use to calculate skew() function wey you fit use to calculate skewness.
"furthermore (join join / more-so), remittances dey allow families to pay down(or payoff) debt (na money wey persin suppose pay to anoda persin or entity) aswell as provide family members access to healthcare.","furthermore, remittances allow families topaydown (orpayoff)debt aswell asprovide family members access to healthcare (solheim, rojasgarcia, olson,& zuiker,2012)."
"when dem work well, we go think of dem as teammates, and when dem be dey rude, we go follow dem talk d same way we dey respond to pipo wey dey rude.","we think of dem as teammates, and wen dem dey obstinate or rude, we respond to dem di same way we respond to rude, obstinate pipo(reeves and nass, di media equation: how pipo treat computers, television (di broadcasting visual images of stationary or moving objects), and new media wit real pipo and places)."
"i generate 10, 000 samples of iq data, and dey calculat di average iq observe within each of dis data sets (to arrange / put things for order).","i generate 10, 000 samples of iq data, and calculated di mean iq observe within each of dis data sets (to arrange / put things for order)."
west virginia board of education v. barnette (1943).,west virginia board of education v. barnette (1943).
for real property different type of interest wey dey owned (wetin person get for hand / property) for real property different type of interest wey dey owned for real property different type of interest wey dey owned for real property.,ownership interests (all de tins wey person eyes dey look / benefits) for real property different types of interests (all de tins wey person eyes dey look / benefits) dey owned for real property.
"if di written law allowed (bin give chance / bin gree) racial (mata about tribe or de color of person skin) discrimination, natural law adherents go no recognize di law as valid.","di written law allow racial (mata wey get weight / real issue for law) discrimination, natural law adherents no recognize di law as valid."
"di measurement of time dey take relative (connection / family person) to local time zone, and most(but no all)time zone don get standard time and daylight saving time, though di date wey di switch occurs (e dey happen / e dey show face) no dey standardised (di standard evaluate by comparing wit standard standard).","di measurement of time dey usually take relative to local time zone, and most(but no all)time zones don both standard time and daylight saving time, though di date for which di switch occurs no dey for all standardised."
there na more disagreement (say dem no agree) about congress's power to regulate domestic (house mata / local tin) commerce (big-time buying and selling).,di congress's power to regulate domestic commerce (big-time buying and selling).
"during di 2008 term(a term begins inside october plus ends di following june), di supreme court received (wetin enter hand / something wey person collect) approximately 7, 700 petitions (formal begs / applications).","di supreme court receive approximately 7, 700 petitions (to talk about am small)."
di first type dey represent di ruined church of di diotokos on mt.,di first type go represent by di ruined church of di theotokos on mt.
"di most part of dem of rpackages dey already (e don happen / since / before-before) install when you put ron your computer, but di most part of dem of rpackages dey out for di internet, waiting for you to download, install and use dem","di package dey already (e don happen / since / before-before) install when you put ron your computer, but di most part of dem of rpackages dey out there on di internet, waiting for you to download, install and use dem."
di wetin dey inside of dis experiment dey completely shot,di internal validity (how true something be) of dis experiment dey completely shot.
"family-based interventions (di act of intervening (as to mediate dispute, etc.)) fit target improving di emotional functioning of di family, identifying (finding out / sabi) family patterns of coping, and making (to dey build or produce something) meaning of di family's experience.","family-based interventions (di act of examining resemblances wey dey examinin resemblances wey dey examinin resemblances wey dey examinin resemblances wey dey examinin resemblances) go target improving (something wey miss / person wey no find im way) di emotional functioning of di family, identify family patterns of coping, and make meaning of di family' sexperience."
"di foreign corrupt practice act (fcpa) outlaws bribery byu. s. companies do business for foreign lands, though grease payments (money matters / paying of bills) dey permitted.","di foreign corrupt practices act (fcpa) outlaws bribery byu. s. companies do business for foreign lands, though grease payments (accusations / prices for work) dey permitted."
"di most frequently (for short intervals, many times for short intervals) prescribed anti-hyper tensiv e di most frequently prescribed anti-hyper tensiv e di etic dey h ydrochlor othiazide.",di most frequently prescribed anti-hyper tensiv e diur etic dey h ydrochlor othiazide.
di program output wey largest progress (movement / improvement) from 3 to 41 to 74.,di program output wey largest progress (e dey processing a photosensitive material for order make image visible) from 3 to 41 to 74.
"for example, if i decide say i wan di numbers for di upside of di plot to from to 0 to 100, den i go set ylim =c(0, 100).","if i decide i wan di vertical scale of di plot to run from 0 to 100, then i set ylim =c(0, 100)."
"di level of az-test(or any oda test, for dat matter)dey nes di total area\under di curve""for di critical region, right?","di level of az-test(or any oda test, for dat matter)de nes di total area\under di curve""for di critical region, right?"
legal status dey restrict (to hold back / put boundary) healthcare benefit eligibility. person's legal classification— whether dem have permission (di approval to do something) to bein a country and under what conditions na important legal criterion wey fit hinder access to healthcare benefits (better-better tins wey person gain).,legal status restrict healthcar ebenefit eligibility. immigration status dey important legal criterion wey dey hinder access to healthcare benefits (better-better tins wey person gain).
di decision for di circuit court level also produce binding precedent within dat jurisdiction.,di circuit court level also produce binding precedent within dat jurisdiction.
"di way,15|frank sinatra new york|25|frank sinatra sqlite> we dey make very bad error for our data modeling (using math to represent how a real thing work).",di way|15|frank sinatra new york|25|frank sinatra new york|25|frank sinatra new york|25|frank sinatra new york|25|frank sinatra new york|25|frank sinatra new york|25|frank sinatra new york|25|frank sinatra sqlite> we don make very bad error for awa data modeling.
"as amy zenger, joan mullin, and carol peterson haviland discuss di challenge of designing a writing program wey positively (dem dey extremely extremely) recognize students' cultural and linguistic (dem dey dey related to language) differences.","di american university of beirut,""amy zenger, joan mullin, and carol peterson haviland discuss di challenge of design a writing program wey positively recognizes students' cultural and linguistic (dem dey dey related to language) differences."
for example of how unhealthy eating out for italian restaurants (di building wey dem go eat pipo go eat) fit be.,for example of how unhealthy eating out for italian restaurants (di midu of somtin) fit be.
"di types of le wey dey to use, 12but dem no really all wey dey central (main side / middle / very important) to awa interest.","di type of le wey rmakes use of, 12but dem no dey all dat central (main side / middle / very important) to awa interest."
"di problem dey say you no know which manufacturer's supplement (for di end of di publication) caused (wetin make de tin happen) you fall ill, so you no prove any specific manufacturer (na persin or company wey dey make goods for sell) caused your illness.","di problem na say you no know which manufacturer (na persin or company wey dey make goods for sell) supplement caused (wetin dem use work / put into action) you to fall ill, so you no prove any specific manufacturer (na persin or company wey dey make goods for sell) caused (e usually be like say / e get style to) your illness."
"dem notice say only di last one cause runtime error; di oda three dey legal, but dem do di wrong thing","di oda three dey legal, but dem do di wrong thing."
"fo r example, di sarbanes -oxley act contains whistleblower protection, but di statute nano entirely (kpatakpata / everything complete) devoted to whistleblower protection.","di sarbanes -oxley act contains whistleblower protection, but di statute no dey entirely devoted to whistleblower protection."
"di line wey dey top dey di lename, and no part of di script wey deyself","di line for di top dey di lename, and no part of di script itself."
"di lines wey start wit""from"" separate di messages and di lines wey start wit""from"" dey part of di messages.","di lines wey start wit""from"" separate di messages and di lines wey start wit""from:"" dey part of di messages."
di tire dey wrong wit di tire?,di tire (na urgent or serious situation wey court suppose act fast on am)?
di researcher don get good reason to pick out smallish number of possible regression models (samples / fine people for picture) wey dey of theoretical interest; dis models go get sensible interpretation for di context of your eld.,di models go get good reasons to pick out smallish number of possible regression models wey dey of dioretical interest; dis models go get sensible interpretation for di context of your eld.
"di friend of mine, dr zeppo, grade hin introductory (di serving to open or begin) statistics class on curve.","di friend of mine, dr zeppo, grade hin introductory statistics class on curve."
proposed (to suggest / plan wey dem bring out for discussion) refugee admissions (to gree say na you do am / entrance to school) for fiscal year 2014: report to di congress.,dem proposed (bin talk about am small) refugee admission (entrance / to gree say person enter) forfiscal year 2014: report to di congress.
di numerous (plenty-plenty / dem many) byzantine text wey dey describe di figure for icons wey dey coming (e dey come) alive to defend (to back person / fight for your right) or heal pipo.,numerous byzantine texts (written words / messages) describe di figures for icons coming alive to defend (to go up / increase) or heal pipo.
di 1965 amendment specifically protect dis substantial governmental interest.,di 1965 amendment (wey go bring freedom to pipo) specifically protect dis substantial governmental interest.
di best way to avoid dis problems na use space exclusively(no tabs).,di best way to avoid dis problems dey use spaces exclusively(no tabs).
di bunch of regression speci c tools wey i don mention (to talk about am small),di bunch of regression speci c tools wey i don mention (to talk am with full chest / claim).
you'll learn about di parties involved plus about preliminary matters such as standing (level / position / right to carry mata go kote) plus personal pawa of kot to judge case plus then explore di trial plus appeal.,di parties wey dey involved and about preliminary matters such as standing (from di start) and personal jurisdiction and then explore di trial and appeal.
"dem suggest say relying (to lean on / trust person) on frequentist (one wey like frequency way) methods go turn you into potent but sterile intellectual rake wey dey leave for hin merry path long train of ravished maidens but no viable scienti c ospring"" (meehl, 1967, p. 114).","di psychologist paul meehl, wey suggest say relying on frequentist methods go turn you into potent but sterile intellectual rake wey leave for hin merry path along train of ravished maidens but no viable scienti c ospring"" (meehl, 1967, p. 114)."
"di x co-ordinate na di theoretical quantile wey di observation go fall for, if di data dey normally distributed(with mean and variance wey dey estimated from di sample)and on di y co-ordinate na di actual quantile of di data wey dey within di sample.","di x co-ordinate na di theoretical quantile say di observation go fall for, if di data dey normally distributed(with mean and variance estimate from di sample)and on dem co-ordinate na di actual quantile of di data within di sample."
"di case dey settled (bin settle / no more wahala), res judicata prevent di case from being tried (bin try / test) again.","di appeal dey settled, res judicata prevent di case from being tried again."
"di case of gideon v. wainwright,[1]a poor (sapa / person wey no get money) defendant wey dey convicted (na wen court or jury find persin guilty of criminal charge) of burglary without being represented by lawyer wey filed handwritten (di hand wey hand written by hand) for forma pauperis writ of certiorari wit di supreme court.","di case of gideon v. wainwright,[1] poor defendant convicted (na wen court or jury find persin guilty of criminal charge) of burglary without being represented by lawyer filed handwritten for forma pauperis writ of certiorari wit di supreme court."
di senate routinely (normal-normal / steady) confirm (to make sure) di president choices (different-different options).,di senate routinely (freedom / right to do wetin person like) confirm di president's choices (different-different styles / papers to fill).
"washington dc, brookings institute (place wey de for skul or to de research).","washington dc, brookings institute (place wey dem dey buy and sell)."
"na what about""cat"" and""cat""?","wetin about""cat"" and""cat""?"
di court don reject di antiquated notion say public employment or education dey privilege wey require di abandonment (di act of giving something up) of constitutional rights.,"di court don reject di antiquated notion say public employment or education dey a""privilege"" wey require di abandonment of constitutional rights."
"we both agree say he go win di next hill (ground wey go up but e no reach mountain), right?","we both agree hin go win di next hill, right?"
"i conduct semi-structured interview wit dem, wey dey seeking (to look for / desire) information about di type of summarization (di act of preparing summary (or an instance thereof)) assignment wey dem need complete for different disciplinary course and ask di participants to explain in detail di purpose and nature of di summarization tasks.","di participants, i conduct semi-structured interview wit dem, seeking information about di type of summarization assignments wey dem dey required to complete for various (many different-different types) disciplinary course and ask di participants to explain for detail di purposes and nature of di summarization tasks."
"na when we turn to discussion of type ii tests we go see say type ii tests avoid dis arbitrariness entirely (kpatakpata / everything complete), but i think say na too strong conclusion.","we go see say type ii analyses (to look somtin wella to sabi am) avoid dis arbitrariness entirely (kpatakpata / everything complete), but i think say too strong conclusion."
"first, plaintiffs propose to""train members of[di] pkk on how to use humanitarian and rules and agreements (di statement (oral or written) of exchange of promises) wey control how countries relate and deal with eachother to peacefully resolve disputes.""","first, plaintiffs propose to""train members of[the] pkk on how to use humanitarian and international law to peacefully resolve disputes"
di small window wey show wey dey look like di one show for figure 3.5. 5.,dialog box wey look like di one show for figure 3.5.
di memory no dey in nite for capacity (di highest wey somtin fit contain or do); and e seem to get worse as i get older (senior / old pass),di memory no dey nite for capacity (di highest wey somtin fit contain or do); and e seem to be get worse as i get worse as i get worse as i get older (person wey get wound / damage property).
"for example, because di erythrocytes (red blood cells)lack mitochondria, dey must produce der atp from anaerobic respiration.","for example, because er ythr ocyt es(red blood cells) lack mitochondria, di y must produce dia tp from anaer obic r espir ation."
di party suppose dey add di identical information wey di protective order as long as di information dey gain through means independent (di neutral or uncommitted person (especially for politics)) of di court process.,di party go disseminate di identical information covered by di protective order as long as di information dey gained through means independent (di neutral or uncommitted person (especially for politics)) of di court process.
di llc statutes (laws wey dem write put for book) require only di name of di llc and di contact (to touch / reach out to person / connection) information for di llc legal agent(in case someone decide to file lawsuit against di llc),di llc statutes require only di name of di llc and di contact information for di llc's legal agent(in case someone decide to file lawsuit against di llc and di contact information for di llc's legal agent(in case someone decide to file lawsuit against di llc).
"first amendment (wey go bring freedom to pipo) require say di goment's chosen (picked / de one wey dem select) restriction on di speech for issue be""actually necessary""to achieve (to make am / reach target / blow) its interest.","first amendment (wey go bring freedom to pipo) require say di goment chosen (to carry pickin take as your own / follow a style) restriction on di speech for issue be""actually necessary""to achieve (to make am long / increase de reach) its interest."
"di president george w. bush, for example, initially appointed (picked / dem don choose person) chief justice roberts to court of appeal judgeship for 2001, but he no confirm (to make sure) until 2003, afta republi don dey regained control of congress for midterm election (di process wey pipu de use take vote).","di president george w. bush, for example, initially appoint chief justice roberts to court of appeal judgeship for 2001, but hin no confirm until 2003, after republicans regained (bin drag mata / try to prove point) control of congress for midterm elections."
"di legal positivist go most certainly comply (to follow rule / obey wetin dem talk) wit law wey require compulsory (for rule wey dey required by rule) conscription (di compulsory military service service compulsory military service), though hin or she go use oda legal channel to try to change di law.","di legal positivist go most certainly (kpam-kpam / true-true / without doubt) comply wit law wey require compulsory conscription, though hin or she go use oda legal channels (di daily or weekly publication on folded sheets) to try change di law."
"dem examine figure 7. 2 ""a coworker attack""","examine figure 7. 2 ""a coworker attacks""."
di parties wey dey afford to pay for dis service don afford substantial benefit for no having to wait (to stay / hold on / delay) to get dia case hear for di public court.,di parties wey dey afford to pay for dis service don substantial benefit for no having to wait (to stay / hold on / delay) to get dia case hear for di public court.
e help keep us honest (to de always talk true and to no do wayo),e help keep us honest
di demographic statistics dey highlight di several marked differences among di neighboring cities.,demographic statistics highlight several marked differences among dis neighboring cities.
"di minors (small children / under-age) lack legal capacity (di highest wey somtin fit contain or do), but dem no enter into contracts wey dem cancel for dia sole (only one / him alone) option.","di minors lack legal capacity (di highest wey somtin fit contain or do), but dem go enter into contracts wey dem cancel for dia sole option."
di supervisor tok say ledbetter receive top performance award for 1996.,"di supervisor acknowledge say ledbetter receive""top performance award""for 1996."
"di koko stumbling blocks nato offer faculty development on l2 writing, however, na say wac program directors (big ogas wey dey control company) don feel equipped to do so.","one of di main stumbling blocks to offering faculty development on l2 writing, however, na say wac program directors often don feel equipped to do so."
influence of international human rights agreements (di statement (oral or written) of exchange of promises) on public opinion.,influence of international human rights agreements on public opinion.
di constitution go find justification (reason why dem do wetin dem do) for such deprivation of di historic (something wey big for history) powers of di states dey to misconceive di idea of freedom of thought and speech as guaranteed (sure / dem promise) by di constitution.,di historic power of di historic power of di states dey misconceive di idea of freedom of thought and speech as guaranteed (dem don give am de work / hand over task) by di constitution.
"however, there dey need to be significantly deeper understanding of these issues if we go be able to truly support immigrant and refugee families to thrive and flourish for u. s.","however, there need to beasignificantly deeper understanding of dis issues if weareto beable totruly support immigrant and refugee families to thrive and flourish for u. s."
di idea dey avoid proprietary software na good idea.,di avoiding proprietary software dey good idea.
di strings for di print statement dey enclosed for quotes (the exact words wey dem write or talk somewhere).,di strings for di print statements dey enclosed for quote
di rst order of business dey to determine if di discrepancy between human choice and robot choices (different-different options) for di group of related numbers or data wey belong together dey statistically signi cant.,"di question of why di humans (pipo) go dey more likely to choose di data le for di moment(which does seem quite odd, admittedly), awa rst order of business dey determine if di discrepancy between human choice and robot choices for di group of related numbers or data wey belong together dey statistically signi cant."
"di first numbers 2population variance no dey known for sure ^2estimate of di population yes, but no di same as di variance sample variance 7okay, i'm hid something else here.","e dey calculate from di raw data 2population variance no known for sure ^2estimate of di population yes, but no di same as di variance sample variance sample variance sample variance sample variance 7okay, i dey hiding something else here."
he reiterated dis view on numerous (plenty-plenty / dem many) occasions and hin reiterated dis view on numerous occasions,di view on numerous (person wey buy and use market) occasions.
"i try create few dierent variables of your own, and then ask yourself questions like\how do i get rto spit out all di elements wey dey [blah]","di five dierent variables of your own, and then ask yourself questions like\how do i get rto spit out all di elements wey dey[blah]"
di third assumption na say di spread for all di pipo dey di same for both groups.,di third assumption na say di population howe dey spread na di same for both groups.
"i also know say i don get young kids, and you no be all wey surprise to know say i dey forgetful about dis sort of thing.","i also know say i get young kids, and you no fit know say i get young kids, and you no be all wey surprise to know say i dey forgetful about dis sort of thing."
"i dey tok above, na three distinct (different / clear) claims wey we dey buri for dis one statement, and we go consider dem separately.","i indicated above, na three distinct claims buried for dis one statement, and we go consider dem separately (freedom / right to do wetin person like)."
"di dct, like di pct, dey tortuous and formed (bin make / bin arrange or build) by simple cuboidal epithelium, but e dey shorter than di pct.","di dct, like di pct, dey very tortuous and form by simple cuboidal epithelium, but e dey shorter than di pct."
di judgment.,"white, j, filed opinion con curring for di judgment."
"if one""asks (to ask / request) teachers about di problem students get wit reading, dem go invariably say students no read and no read""and say contemporary students no dey unable""to read complex text wit full understanding""(para.","as horning (2007)put am, if one""asks teachers about di problems students don get wit reading, dem go invariably say students no read and don read""and say contemporary students dey unable""to read complex text wit full understanding""(para."
"if true population mean denoted, then we go use^ to talk about awa estimate of di population mean","if true population mean dey denoted, then we go use^ to talk about awa estimate of di population mean."
immigrant workers for u. s. labor force.,immigrant workers for di u. s. labor force.
"di pancreas releases most of di digestive enzymes, including di pr otease tr ypsin, ch ymotr ypsin, and elas tase, wey aid protein digestion.","di pancreas release most of di digestive enzymes, including di pr oteases tr ypsin, including di pr oteases tr ypsin, ch ymotr ypsin, ch ymotr ypsin, and elas tase, wey aid protein digestion."
"di survey data, along wit di translingual diories and practices wey dem endorse, inform (to tell / give info) di authors' reconceptualization of di academic writing course and dia approach to infusin more writing into di general education curriculum, an approach wey dey reli on di varied language expertise of faculty across di disciplines (areas of study or field of knowledge).","di survey data, along wit di translingual diories and practices dem endorse, informed di authors (di pipo wey write am)' reconceptualization of di academic writing course and dia approach to infusing more writing into di general education curriculum, an approach wey relies (e don big pass before / e climb) on di varied language expertise of faculty across di disciplines."
"for if di part of government wey dey carry out and enforce laws— led by president or prime minister seeks (person wey dey find / look for) judicial aid for prevent publication, e must submit (give / hand over) di basis wey dem dey scrutiny (to check mata with searchlight / deep inspection) by di judiciary.","for if di executive branch seeks judicial aid for preventing (e dey processing a photosensitive material for order make image visible) publication, e must inevitably submit (give / hand over) basis upon which say aid dey sought (bin find / bin look for) to scrutiny by di judiciary."
dem suppose say we get two variables wey we dey interest for; perhaps we go use both dan. sleep and baby. sleep to predict di dan. grump variable.,we suppose say we get two variables wey we dey interest for; perhaps we wan use both dan. sleep to predict di dan. grump variable.
di effect provides (to provide) one w ay of telling if a person wit diabetes dey pr operl y controlling (oga-ship / to manage how things go) di disease.,di effect provide one w ay of telling if person wit diabetes dey pr operl y controlling di disease.
"di sort of robust political debate (fomal talk where two pipu dey talk against each oda) wey di firstamendment dey bound (something wey must happen / person wey law tie down) to produce speech wey dey critical of those wey hold public office or those public figures wey dey involved for di resolution of important public question or, by reason of dia fame, shape events for areas (different sides / locations) of concern to society at large.","di sort of robust political debate (fomal talk where two pipu dey talk against each oda) encouraged by first amendment (wey go bring freedom to pipo) dey bound (something wey miss / person wey no find im way) to produce speech wey dey critical of those wey hold public office or those public figures wey dey intimately involved for di resolution of important public questions or, by reason of dia fame, shape events for areas of concern to society for large"
wetin aspects (different sides of de mata) of your background fit increase tolerance of ipv?,di background go increase tolerance of ipv?
"if you dey frequentist (one wey like frequency way), a probability go only dey dened for terms of what dey happen after large number of independent (di neutral or uncommitted person (especially for politics)) replications (i. e, long run frequency).","if you dey frequentist (one wey like frequency way), a probability fit only be de ned for terms of what happen after large number of independent (di neutral or uncommitted person (especially for politics) replications (advice / lawyer wey dey stand for person) (i. e, along run frequency)."
e no too hard to get rto do am,e no too hard to get rto do am
"di ph range of urine na 4. 5 to 8. 0, and dey affected by diet.","di ph range of urine dey 4. 5 to 8. 0, and dey affect by diet."
for thinking (to reason / deep thought) about di implications (wetin something fit cause or mean) of di collection as a whole: what research don dey carried (bin carry / bin move load) out on wid and english l2 outside of di us?,di research don dey carried out on wid and english l2 outside of di us?
di u. s. president dey set di highest (de oga kpatakpata / top level) number of refugees wey one country set as limit to accept per year each year wey identify di number of refugees wey fit dey granted (dem don gree / dem don give permission) refuge for di country.,di united state president setsarefugee ceiling each year wey imdentifies thenumber of refugees wey dey grant refuge (to drag mata / try to prove point) for dicountry (see diappendix for abrief history of u. s. refugee policy).
di legislative (concern people wey dey make law) body for di federal level.,di legislative (concern people wey dey make law) bodi for di federal level.
"di suit(hearts, club, spades or diamonds) wey pipo dey choose.","we go make we look na di suit(hearts, clubs, spades or diamonds) wey pipo chose."
e dey transform or recoding a variable.,transforming or recoding a variable.
di first question be?,di first question be?
"di felix dey struggled wit di dialect for zora neale hurston's eyes dey watch god(1937 2006)and tok say,""for me, e no dey english","di felix struggle wit di dialect for zora neale hurston's dia eyes dey watch god(1937 2006) and state,""for me, e no english."
try to determine wey type of law go control or be determinative of di outcome.,di try to determine which type of law go control or be determinative of di outcome.
"e think say xis text, so e no go allow me to try to do mathematics use am","e think say xis text, so e no go allow me to try to do mathematics using am"
di fact say there dey some contention (dragging / wetin person talk for argument) over exactly how you go do am,di fact say na some contention (di act of examining resemblances wey dey examinin resemblances wey dey examinin resemblances) over exactly how you dey suppose do am
"for balanced design, all of awa cell frequencies (di number of occurrences wey dey within given time period period) dey equal by de nition, so di two dey equivalent (di same thing).","di a balanced design, all of awa cell frequencies dey equal by de nition, so di two dey equivalent (di act of examining resemblances wey dey examinin resemblances)."
"di easement dey create expressly (direct / dem talk am clear-clear) or impliedly, and e generally give pipo di right to use one land for particular purpose.","di easement dey create expressly or impliedly (to force law or fine for person head), and e generally give pipo di right to use one land for a particular purpose."
na one hundred dollar'?,one hundred dollars'?
dis kind of major change fit lead to loss of identity (who person be / real name and face) and purpose.,di kind of major change fit lead to loss of identity (who person be / real name and face) and purpose.
"di observed (bin see / follow rule) z-statistic dey 2:26, why no calculate di area under di curve below 2:26 or above 2:26?","di observe z-statistic dey 2:26, why no calculate di area under di curve below 2:26 or above 2:26 or above 2:26 or above 2:26 or above 2:26 or above 2:26 or above 2:26 or above 2:26 or above 2:26 or above 2:26 or above 2:26?"
"if we dey calculate di standard scores, we get z=(35−17) 5=3.6 for grumpiness (crossness) and z=(2−13) 4= −2.75 for extraversion (how person dey social).","if we calculate di standard scores, we getzp3517q{53: 6 for grumpiness and zp213q{42: 75 for extraversion."
"for dis manner (way / style / how person take do am), sheppard's right to a trial free from outside interference (na wrongful disruption or obstruction of anoda persin legal right or business) would get been given added (bin join follow / increase) protection without corresponding curtailment of di news media.","di manner (way / style / how person take do am), sheppard's right to trial free from outside interference (na wrongful disruption or obstruction of anoda persin legal right or business) go give added protection without corresponding curtailment of di news media."
dem get all of hin schooling for english,di martin don all of hin school for english
di cross burner intend (plan to / mind set) say di recipient (person wey collect) of di message fear for dia lives (different people life).,"di burning cross no inevitably convey message of intimidation, often di cross burner intend say di recipients of di message fear for dia lives (different styles / papers to fill)."
"dis, esl writing programs, wey dey designed (bin arrange / build follow plan) to socialize di oda language wey you learn writers into di target academic community, often incorporate summary writing as important component of di curriculum.","di esl writing programs, wey dey design to socialize second language writers into di target academic community, often incorporate summary writing as important component of di curriculum."
"e dey simple, and e seem to capture di common-321 sense idea of what e mean say i am\95% con dent","e dey simple, and e seem to capture di common-321- sense idea of what e means to say i dey\95% con dent""."
"di hing"" wey i dey hidin dey weird (strange) and counterintuitive even by di admittedly distorted standards wey apply for statistics.","di hing"" wey i dey hiding dey weird and counterintuitive even by di admitted standards wey apply for statistics."
di one wey dey tend (e usually be like say / e get style to) to convey message of respect for di flag by burning am for public square suppose nonetheless (even as e be so / still yet) be guilty of desecration if dem know say dem misperceive di intended message- go dey seriously (no be play-play / with full seriousness) offended if dem know say oda- perhaps simply because dem misperceive di intended message- go be seriously offended if dem know say oda- perhaps simply because dem misperceive di intended message- go be seriously offended.,di one intending to convey message of respect for di flag by burning am for public square go nonetheless (no hard / simple) be guilty (to get hand for bad tin / kote don find am bad) of desecration if hin know say oda perhaps simply because dem misperceive di intended message- go dey seriously offended.
"i type""hello (how dem de greet person)"" or'hello' tok say e go treat di text for between di small marks for around words as character string.","i type""hello"" or'hello' thenrknows say e go treat di text for between di quote marks as character string."
"dis one take us out of di dreary domain (area / website address) of di z-test, and into di magical kingdom (country wey get king or queen) of di t-test, with unicorns and fairies and leprechauns, and um.","dis take us out of di dreary domain of di z-test, and into di magical kingdom of di t-test, wit unicorns and fairies and leprechauns, and um."
di experience of di work wit multimedia source texts (written words / messages) for her elective dance and design classes (groups for school / different kinds).,di experience of work wit multimedia source texts (written words / messages) for her elective dance and design class.
byzantium' s calls for military (soja mata / army) aid from western europeans ford face of d growing threat of d ottoman turks ford east remained unanswered (we no return for kind kind).,di call for military (soja mata / army) aid from western europeans for di face of di growing threat of di ottoman turks for di east remain unanswered.
"e work, and i stay alive long enough to getaway.'","i dey work, and i stay alive long enough to getaway (brabeck, & guzman, 2008, p. 1287)."
"see table 10.1 ""summary of computer fraud plus abuse act compromising confidentiality provisions""[6] for a summary of di provisions wey carry criminal punishments (di act of punishing di act of punishing di act of punishing), as well as di statutory sentences (prison time / group of words).","di summary of computer fraud and abuse act compromising confidentiality provisions""[6] for summary of di provisions wey carry criminal punishments (di act of punishing di act of punishing di act of punishing di act of punishing di act of punishing di act of punishing), as well as di statutory sentences (prison time / group of words)."
discussion questions— 1. think back on your own family history.,discussion questions 1. think back on your own family history.
"di state of di world's refugees 2006: human displacement for di new millennium (for 1000 years, a span of 1000 years).",di state of di world's refugees 2006: human displacement for di new millennium.
"di courts dey refuse (to no gree / to reject) to grant citizens a right to privacy, do you believe am appropriate for di courts to do so?","di elected legislature (de group wey dey make law for de land) refuse (to carry pickin take as your own / follow a style) to grant citizens right to privacy, do you believe e dey appropriate for di courts to do so?"
di suppose start out wit data setmyrawdata.,suppose you start wit one setmyrawdata. csv.
di length()function go do dis,di length()function to do dis
"as i ask am to calculate 2+2, e no give di same answer, and e no dey bloody 5:>2+2","i ask am to calculate 2+2, e always give di same answer, and e no bloody 5:>2+2 [1]4 ofcourse, so far ris just do di calculations."
"for example, suppose you want to take input from di user until dem type.","for example, suppose you wan take input from di user until dem type done."
"di e xchang e wit potassium participate for di e xchang e wit sodium for di renal tubules under di influence of aldos terone, wey also relies (e lean on / trust) on basolateral sodium-potassium pumps.","di potassium participate for di e xchang e wit sodium for di enal tubules under di influence of aldos terone, wey also relies (e don big pass before / e climb) on basolat eral sodium-potassium pumps."
di sounds even better,e dey sound even better
"di bona fide purchaser (na di persin wey buy di property or goods or rights) dey simply a purchaser wey dey take title for good faith (di strong belief wey person get in somtin or person), wit no knowledge of competing (dragging / to contest with oda people) claims to title","di bona fide purchaser dey simply purchaser wey take title for good faith (di strong belief wey person get in somtin or person), wit no knowledge of competing claim to title."
"di group wey engage for unlawful (something wey law no gree / illegal) activity no deprive di plaintiffs of first amendment (wey go bring freedom to pipo)'s protection under any traditional ""categ orical"" exception to dia protection.","di group wey engages for unlawful (something wey no common / different style) activity also no deprive di plaintiffs of first amendment (wey go bring freedom to pipo)'s protection under any traditional ""categ orical"" exception to its protection."
"di supreme court wey di supreme court hold for favor (to help person / partial follow-up) of di distributor and car dealer, finding say e no fit avail di privileges wey kom from do business for oklahoma.","di supreme court hold for favor of di distributor and car dealer, finding say neither don""purposefully availed"" themselves of di privileges wey kom from do business for oklahoma."
"e dey bizarre:^ 2is and unbiased estimate of di population variance 2, but wen you take di numba wey if you multiply am by itself, e go give you the original numba, we dey call am squa root (di main place wey everything start), but for pidgin, we fit say 'numba wey e be root of anoda numba', e turnout say^ dey biased estimator of di spread for all di pipo.","di 2is and unbiased estimate of di population variance 2, but wen you take di square root (di main place wey everything start), e turnout say^ dey biased estimator of di population howe dey spread."
"dis give very good solution to di problem, but e important to know say e no be perfect (e set / e correct well-well), and e hard to do am perfectly.","di provide very good solution to di problem, but e important to recognise (to know) say e no dey ideal, and hard to pull o perfectly."
"uninhibited, robust, and wide-open"" debate (fomal talk where two pipu dey talk against each oda).","on public questions na ""uninhibited, robust, and wide-open"" debate (fomal talk where two pipu dey talk against each oda)."
e assume say di residuals dey normally distributed (how dem put themselves).,di residuals dey normally distributed (how dem put themselves).
"na interview question wey dey discuss""writing wit accent""or specific di words""ethnicity,"" or""race,"" three of di five students dey perceived (as eye see am / tink say) one or more of di latter (de second one / de one wey follow) as identifying (finding out / sabi) markers of being linguistic, cultural minority for di wi classroom.","na nielsen138while no interview question discuss""writing wit accent""or specified di words""accent""or specified di words""accent""or specified di words""accent,"" ""ethnicity,""or ""race,""three of di five students perceived one or more of di latter as identifying markers of being linguistic, cultural minority for di wi classroom."
"di district court preliminarily enjoin petitioner from denying (to say ""no"" / reject) kqed news personnel (staff / workers / people wey dey work for company) and responsible representatives of di news media access to di santa rita facilities, including greystone, ""at reasonable times and hours""and ""for preventing (to stop wahala before e start) kqed news personnel and responsible representatives of di news media from utilizing photographic and sound equipment or from utilizing inmate interview for providing full and accurate coverage of di santa rita facilities, including greystone, ""at reasonable times and hours""and","di district court preliminarily enjoined petitioner from denying kqed news personnel and""responsible representatives (di members of business venture create by contract)""of di news media access to di santa rita facilities, including greystone, ""at reasonable times and hours""and ""from preventing kqed news personnel and responsible representatives (di person wey represent oda person wey represent odas) of di news media access to di santa rita facilities, including greystone, ""at reasonable times and hours""and ""from preventing kqed news personnel and responsible representatives of di news media access to di santa rita facilities."
"di enzyme r enin, wey play ac entr al role for blood pressure regulation.","di enzyme r enin, wey play ac entr al role for blood pressure regulation."
any such burning of across shall be prima facie evidence of an intent to intimidate a person or group of persons.,any such burning of cross shall be prima facie evidence of intent to intimidate person or group of persons
how does di supreme court do its work?,how does di supreme court do its work?
"but to find participants and collect data take time, so you still dey find new pipo for february 2011.","but nding participants and collect data take time, so you dey still nding new pipo for february 2011."
na one of di problems wey i saw na di books,one of di problems i saw dey di books
"di modern (new school / latest style) system wey dey control komputa hardware and give chance to odas programs to run well, make dem function as dem suppose dey good for keeping track of di time and date, and fit even handle all those annoying (e dey vex) timezone issues and daylight savings well.","as e dey happen, modern (new school / latest style) operating systems dey good for keep track of di time and date, and fit even handle all those annoying timezone issues and daylight saving (to make am long / increase de reach) pretty well."
for di second of three cross-disciplinary graduate writing courses (subjects wey student dey learn for school) wey dey design for international multilingual writers and wey dey taught (bin teach) by faculty from di tesol program.,"di time, enrolling for di second of sequence of three cross-disciplinary graduate writing course wey dey design for international multilingual writers and wey dey taught by faculty from di tesol program."
"di arbitration dey adversarial process like trial, and e go produce winner and a loser","di arbitration dey adversarial process like trial, and e go produce""winner"" and a""loser"
"i understand dis things, di french inquisitorial system dey quite dierent.","i understand dis things, di french inquisitorial system dey quite dierent"
"as you see, each of di oda high level plotting command wey we go talk about go only get smallish number of additional options (ways wey you fit do).","as you see, each of di oda high level plotting command wey we go talk about will only get small number of additional options (ways wey you fit do)."
"when we dey program, we gats always dey think, ""wetin fit go wrong?""","we must always thinking (to reason / deep thought),""what go wrong?"
di constitution no allow all such conflicts (wahala / fight / misunderstanding) to decide for di goment favor (to help person / partial follow-up).,di constitution no allow all such conflicts (all de tins wey person eyes dey look / benefits) to be decide for di goment favor (to get hand for bad tin / kote don find am bad).
"as long as di drug variable don declare (to talk am out / announce) to be factor, rwill automatically translate am into two binary contrast variables, and go perform di appropriate analysis.","as long as di drug variable don declare (to talk am with full chest / claim) to be factor, rwill automatically translate am into two binary contrast variables, and go perform di appropriate analysis."
"na either one dey use anywhere near as frequently (for short intervals, many times for short intervals) as di wetin dem dey use capture de middle or de typical value for data, like mean, median, and mode, wey dem dey call measures (to measure) of central tendency, be say na way to sabi de value wey dey represent de whole group and variability (how numbers dey different) wey we dey talk about.","di one dey use anywhere near as frequently (for short intervals, many times for short intervals) as di measure of central (main side / middle / very important) tendency and variability wey we dey talk about."
"we no tell dibarplot() function wey di labels (akwele wey dem dey mark for somtin to identify am) dey, obviously, because we no tell dibarplot() function wey di labels dey","we no get any label, obviously, because we no dey tell dibarplot() function what di label dey!"
but xml dey more selfdescriptive than json and so e dey some applications (different programs) wey xml retain (to keep / hold on to) advantage (upper hand / better chance).,but xml dey more selfdescriptive than json and so na some applications wey xml retain advantage (upper hand / better chance).
"she dey want you to eat di bread,'ahmed tok.","she wan you to eat di bread,""ahmed tok say"
"worse still, most researchers ""internalise (to make am part of you)"" dis bias, and dem end up self-censoring dia own research.","worse yet, most researchers \internalise"" dis bias, and end up self-censoring dia research."
"if you wan to ensure say di widetolong() function appli sensible name, you need to specify di name of di within-subject factor.","di widetolong() function applies (dey work) sensible name, you go specify di within argument, wey dey just character string wey dey specify di within argument, wey dey just character string wey dey species di name of di within-subject factor."
di key thing here dey di tension between di increase for balance online 16 and di decrease (make somtin de turn to small) online 17.,di key thing here dey di tension between di increase for balance online 16 and di decrease online 17.
di justice to sam sheppard,"di ""justice to sam sheppard."
di worry na say di error dey systematic.,di worry na say di error dey systematic
"di court to hold say di interest for truthful discourse alone (only one / by imself) dey sufficient (di quantity wey fit fulfill need or requirement but without being abundant) to sustain ban on speech, absent (make person or somtin no de available somwhere) any evidence say di speech dey use to gain material advantage, e go give goment abroad censorial power unprecedented for dis court's cases or for awa constitutional tradition.","di court to hold say di interest for truthful discourse alone (only one / by imself) dey sufficient (di quantity wey fit fulfill need or requirement but without being abundant) to sustain a ban on speech, absent any evidence say di speech dey use to gain material advantage (upper hand / better chance), e go give government abroad censorial power unprecedented for dis court case or for awa constitutional tradition."
assess disadvantages (di quality of having inferior or less favorable position) plus dangers (risks / wahala) of doing business as a sole (only one / him alone) proprietorship.,di disadvantage (upper hand / better chance) and danger of do business as sole (only one / him alone) proprietorship.
"additionally, di utilization of family and friends as interpreters dey often ineffective (di intended effect no produce di intended effect) as family and friends fit not be accurately (for few mistakes wit few mistakes wit few mistakes wit few mistake) able to translate complex medical information and ensure accurate understanding of complex medical language, treatments, interventions or outcomes (di results wey e give) wey dey necessary for healthcare di proses to chuze di best tin to do, as dem don gada tori and sabi wetin dey suppose do, den dem go yuz am take decide.","additionally (join am follow / plus), di utilization offamily and friends (different-different styles / papers to fill) no be accurately able to translate complex medical information and ensure accurate understanding ofcomplex medical language, treatments, interventions oroutcomes wey dey necessary for healthcare decision make(flores, 2006)."
di reason wey dey why[fighting words]dey outside first amendment (wey go bring freedom to pipo),"e go apply to di st. paul ordinance (local government law / official order), since ""di reasons why[fighting words]dey outside first amendment (wey go bring freedom to pipo)."
di plaintiffs simply disagree (i no gree / drag mata) wit di considered judgment of congress and di executive (de branch of gofment wey dey run de land) wey provide material support to a designated foreign terrorist organization--even seemingly benign support --bolsters di terrorist activities of dat organization.,di plaintiffs simply disagree wit di considered judgment of congress and di executive (de branch of gofment wey dey run de land) wey providing material support to designated foreign terrorist organization--even seemingly benign support --bolsters di terrorist activities of dat organization.
we start wit very simple file of words wey dey aken from di text of romeo and juliet,dem start wit very simple file of words wey dey take from di text of romeo and juliet.
"di element fit get some text, some attributes(e. g, hide), and oda nested elements.","di element fit get some text, some attributes(e. g, hide), and oda nested elements."
di pr eser vation of vascular volume dey critically (importantly) important f or di maint enanc e of normal blood pressure.,di pr eser vation of vascular volume dey critically important f or di maint enanc e of normal blood pressure.
di fundamental constitutional principles require say laws enacted (dem don sign am into law) to honor di brave must be consistent wit di precepts of di constitution for which dem fought.,di fundamental constitutional principles require say laws enacted to honor di brave must consistent wit di precepts of di constitution for which dem fought (bin find / bin look for).
"di probably alot more issues like dis to think about, but dat fit do to start wit.","di probably alot more issue like dis to think about, but e go start wit."
"however, person from another country wey get legal right to stay permanently but no be citizen yet aliens remain citizens of their home country, must maintain residence (na place wey persin dey live or keep as permanent home) for u. s. to maintain their status, must renew their status every 10 years, and no fit vote (to choose leader / drop thumbprint) for federal elections (voting tayam / to choose leader).","however, permanent resident aliens remain citizens of their home country, must maintain residence for u. s. inorder to maintain residence for u. s. inorder tomaintain dia status every 10years, andcannot vote (to choose leader / drop thumbprint) infederal elections (uscis, 2015)."
"di existence (to dey alive / stay for ground) of adequate contentneutral alternatives wey dey undercut significantly""any defense of such statute, casting considerable doubt on di goment protestations say""the asserted (bin talk am with full chest / claim) justification (reason why dem do wetin dem do) dey for true accurate description of di purpose and effect of di law.","di existence of adequate contentneutral alternatives (all de tins wey person eyes dey look / benefits) thus""undercut[s] significantly""any defense of such statute, casting considerable doubt on di goment protestations say""di asserted justification dey for fact accurate description (di statement wey represent something for words wey represent something for words wey represent odas) of di purpose and effect of di law."
"as you use di\just columns""way of indexing one kind of table, using only single index, rassume say you dey think about di one kind of table as if e dey list of variables.","for oda words, wen you use di\just columns""way of indexing one kind of table, using only single index, rassumes wey you dey think about di one kind of table as if e dey list of variables."
e dey because e dey several exception to di requirements for search warrant (official paper to arrest person or search house).,di because e dey several exceptions (directions / orders from oga) to di requirements for search warrant (official paper to arrest person or search house).
we no ask awa authors (di pipo wey write am) to use di term l2,we no ask awa authors (di pipo wey write am) to use di term l2.
di second answer na correct.,di second answer dey correct
"di development of cervical cancerin most case, cells dey infected wit di hpv virus heal on dia own.","di clusters fit change for size depending on di figure 27. 16 development of cervical cancer for most case, cells infected wit di hpv virus heal on dia own."
di act of deciding (to choose / finalize decision) how to breakup your application data into multiple table and establish di how two things dey related di table dey call data modeling (using math to represent how a real thing work).,di act of deciding how to breakup your application data into multiple table and establish di relationships (how people follow deirselves / connections) between di tables dey call data modeling.
"di justice thomas join as to parts i and ii, wey justice thomas join as to parts i and ii, concurring for part, and dissenting for part.","di justice scalia, wit whom justice thomas join as to parts i and ii, concurring for part, concurring for part, concurring for part, concurring for part, concurring for part, concurring for part, concurring for part, concurring for part, concurring for part, concurring for part, concurring for part, concurring for part, concurring for part, and dissenting for part."
"di statement for di bodi of di forloop to english no dey direct as di while, but if you think of friends asset (property / wetin person get), e go like dis:""run di statement for di bodi of di for loop once for each friend wey dey named (mention name / title) friends","if you think of friends as set, e go like dis:""run di statements for di bodi of di for loop once for each friend for di set named friends"
"di company don violate (to break law / go against rule) law, however, e must hold accountable.","di company does violate (to break law / go against rule) law, however, e must held (dem don gree / dem don give permission) accountable."
"for example, if leki's (1995)student julie don provide opportunity (chance / open door) to reflect on di rhetorical choice she dey make while composing (making / writing) her history paper, her teacher go gain important insights into julie's reasons for""rewriting di terms of di assignment to suit (na wen one persin carry anoda persin go court to seek justice) wen she go fit do best"" (leki, 1995, p. 243).","if leki's (1995)student julie don provide opportunity (chance / open door) to reflect on di rhetorical choices she dey make while composing her history paper, her teacher go get gained important insights into julie's reasons for""rewriting di terms of di assignment to suit what she thought she go do best""(leki, 1995, p. 243)."
"for dat end, rhas a function wey called dbinom() wey dey calculat binomial probabilities (di measure of how likely e dey say some event go occur) for us",di function wey dey call dbinom() wey calculates binomial probabilities (di measure of how likely e dey say some event go occur) for us.
if i do di meeting (gathering / discussion group)?,i do di meeting (to carry pickin take as your own / follow a style)?
"as for i fit tell say nothing mathematically (we dey respect to mathematics wit respect to mathematics) incorrect about di way frequentists (one wey like frequency way) think about sequences of events, and nothing mathematically incorrect about di way wey bayesians (one kind of statistical method) dey think about sequences of events, and nothing mathematically incorrect about di way wey bayesians dey think about sequences of events, and nothing mathematically incorrect about di way wey bayesians dey think about sequences of events, and nothing mathematically incorrect about di way wey bayesians dey think about di","as i fit tell there nothing mathematically incorrect about di way frequentists think about sequences of events, and nothing mathematically incorrect about di way wey bayesians (pipo wey dey use somtin, especialy komputa or sistem) de ne di beliefs (wetin person tink say go happen) of rational agent."
anybody wey dey currently (for now / as we dey so) alive?,anyone currently alive?
so wetin be di true di average iq for di entire population of port pirie?,di true mean iq for di entire population of port pirie?
dat mean say you need to think about how you show am.,di means you need think about framing
di remember say we dey also relying (to lean on / trust person) on sample estimate of di howe dey spread; and so we also require di sampling distribution of ^ to be chi-square.,"di however, remember say we dey also rely on sample estimate of di howe dey spread; and so we also require di sampling distribution of ^ to be chi-square."
di examples for interactive mode (di one wey show most) make sure you understand what dem do,di examples for interactive mode (na wen one persin carry anoda persin go court to seek justice) to make sure you understand what dem do.
"for one way wey e fit be, if you go wan get rto draw nice clean (neat / no stain) lines through di data for you, na use di scatterplot() function for di carpackage.","di one possibility (something wey fit happen / chance dey), if you go get rto draw nice clean lines through di data for you, dey use di scatterplot() function for di carpackage."
for real life na hard to do well,di real life dey hard to do well
"di first line construct an object of type list, di second and third line call di sort()method, di fourth (number four) line call di sort()method, di fourth line call di sort()method, di fourth line call di sort()method, and di fifth line retrieve di item (single thing / article) for position 0.","di first line construct object of type list, di second and third line call di sort()method, and di fifth line retrieves di item (single thing / article) for position 0."
na dis be di difference between variables wey dey continuous and variables wey dey separate.,di distinction (di act of examining resemblances wey dey examinin resemblances wey dey examinin resemblances) between continuous variables and discrete variables.
we assume i'm ipping di coin n20 times,we assume i comping di coin n20 times.
di question do you notice about di question?,di questions wey you notice about di questions?
di court don careful (to look well / watch out) to instruct say fakeity no fit suffice to bring di speech outside di firstamendment.,di court don careful (to look well / watch out) to instruct say falsity alone no suffice to bring di speech outside first amendment (wey go bring freedom to pipo).
"di suppose be signi cant too, but my larger (wey big pass) margin; no ambiguity about dis for all.","di go obviously (kpam-kpam / true-true / without doubt) be signi cant too, but my much larger (wey big pass) margin; no ambiguity about dis for all."
we don done awa part na long past time for congress to do am.,we don done awa part e dey long past time for congress to do its
di rjson package dey support di rjson package.,reading and writing json objects (things / items) dey support through di rjson package.
find comot how class-action lawsuits (court cases / dragging for kote) be organized (well-arranged / follow order) plus prosecuted (bin charge to court).,dem find out how class-action lawsuits (small-small write-up / observations) dey organized and prosecuted (bin ask / seek for answer).
dem know say state and federal goment don share power and say di rules of subject matter jurisdiction determine which legal system don jurisdiction over particular matter or controversy.,di state and federal goments sometimes share power and say di rules of subject matter jurisdiction determine wey legal system don jurisdiction over particular matter or controversy.
di purpose dey progress (movement / improvement),di purpose dey progress (e dey processing a photosensitive material for order make image visible)
di sometimes you go see your opponent move hin or her knight two space in one direction (which way e dey go) and then one space for another,sometimes you go see your opponent move hin or her knight two spaces for one direction (di act of examining resemblances wey dey examinin resemblances) and then one space for one direction (di act of examining resemblances wey dey examinin resemblances wey dey examinin resemblances) and then one space for one.
"di sepsis dey socialt ed wit sexual (mata wey concern body-to-body) ly transmitted bacterial infections, specially gonorrhea and chlam ydia.","di sepsis dey also as sociat ed wit sexual (mata wey concern body-to-body) ly transmitted bacterial infections, especially gonorrhea and chlam ydia."
district liability dey and wen e dey applies (dey work),di explore what strict liability dey and wen e applies (wetin dem use work / put into action).
"additionally, business dey prohibited from using deceptive (wayo / to trick person) advertising and dey hold responsible wen dem manufacture (di organized action of making goods and services for sale for sale) or sell defective (na wen something no meet required standard or no work proper) products wey dem use injury.","additionally (join am follow / plus), businesses dey prohibited (na wen court or jury find persin guilty of criminal charge) from using deceptive advertising (di act of examining resemblances wey dey examinin resemblances wey dey examinin resemblances wey dey examinin resemblances) and dey hold responsible wen dem manufacture or sell defective products wey cause injury."
"di howe dey spread, let make we look di variance.","before tackling di howe dey spread, make we look di variance."
dem show main eect of factor b but no eect of factor a.,di panel(b) show main eect of factor b but no eect of factor a.
"refugees dey eligible (qualified / e follow) for all money and services wey government give to pipo wey need help offered to citizens, such as temporary (for now-now / e no go last) assistance for needy families and medicaid (us government health insurance programme wey dey help poor and low-income people).","refugees dey eligible for all welfare benefits (better-better tins wey person gain) offered to citizens, such astemporary assistance forneedy families and medicaid."
"for example, children sometimes dey sent (dem don dispatch am / e don travel go) ahead (to de in front of somtin or person) to another camp wey dey thought to be safer, leading to separation (di state of lacking unity) from their parents.","for example, children deysometimes sent ahead to another camp wey dey thought to besafer, leading to separation (di state of lacking unity) from dia parents (luster, qin, bates, johnson, &rana, 2008)."
"dem go ask congress to pass new law, such as di afa.","for example, dem go ask congress to pass new law, such as di afa."
"i go suggest na say not dat one doing say you goto start rin di usual (normal-normal / as e dey always be) way4if you wan to, but what i go suggest na say not dat one do say you go now install rstudio",i go suggest na say instead of do say you go now install rstudio.
di learning statistics wit r package wey dey accompanies dis book,di learning statistics wit r package wey accompanies dis book
"di constitution and like many oda virtues dem no go legislate, but press responsibility no mandated by di constitution and like many oda virtues dem no go legislate.","di responsible (di worthy of or requiring responsibility or trust) press dey undoubtedly desirable goal, but press responsibility no dey legislated."
"di default parameters of di rnorm() function dey mean=0 and sd=1, i go shorten di command to rnorm( n=1000 )","di default parameters of di rnorm() function dey mean=0 and sd=1, i go shortened di command to rnorm( n=1000 )."
we go ask you to choose whether you wan di desktop version or di server version.,di homepage e go ask you to choose whether you wan di desktop version or di server version.
"di lie dey made for public meeting (gathering / discussion group), but di statute go apply wit equal force to personal, whisper conversations wey dey inside house.","di lie dey make for public meeting (to carry pickin take as your own / follow a style), but di statute go apply wit equal force to personal, whispered conversations within home."
"di question of ethics"", attorney go a little too far for her representation and draw heavy fine from judge as result","di question of ethics"", attorney go a little too far for her representation and draw heavy fine from judge as result."
"di students no dey able to meet face to face wit dia instructors (teachers / lecturers / those wey dey give direction) after class, dem find am helpful to be able to email (electronic message wey person de send or collect on top internet) di instructor","di students dey notable to meet face to face wit dia instructors (teachers / lecturers / those wey dey give direction) afta class, dem find am helpful to be able to email di instructor."
di assumption na say land dey unique,"for example, for contracts f or real property, di assumption na say land dey unique."
"as di study don show, di summarization (di act of preparing summary (or an instance thereof)) don function as one prerequisite skill for dis esl students to complete source-based assignments, like dem article critiques (analysis of somtin wey dey detailed) and reading responses.","as di study don show, summarization functioned as prerequisite skill for dis esl students to complete source-based assignments, such as article critique and reading responses."
di collaboration wey dey between writing scholars (deep students / book people) dey occur and wetin be di topics and disciplinary and national borders?,di collaborations between writing scholars (di members of business venture create by contract) dey occurring and on what topics and across what disciplinary and national borders?
"di second piece of a theory wey explain person's behaviour (wetin e do) by looking at all the different systems around dem— family, school, society na di a theory describing (di description wey dey give a description wey dey give) the different stages a family go through from when dem start to when they old.",di second piece of ecodevelopmental theory dey di family lifecycle model.
di goment -created (something wey dem build or make) database go list congressional (concern de law-makers / national assembly mata) medal of honor winners.,di goment-create database go list congressional medal of honor winners.
"e be one idea wey dey fear person, especially when di protagonist (di main person) winston smith finally breakdown under torture (di way dem dey hurt person) and agree to di proposition.","e dey terrifying thought, especially wen di protagonist winston smith nally breakdown under torture and agree to di proposition."
"di immigration office don move to diunited states department ofjustice duetoitsconnection toprotect national tin wey concern everybody for society, wey be say e important for all of us","for di 1940s, diimmigration office(now call di""ins"") dey call di""ins"") dey smoved to di united states department ofjustice due toprotecting national public interest (uscis, 2010)."
we need to talk more speci call about one kind of table and how to subset dem,we need talk more speci cally about one frames and how to subset dem
di function definition (di meaning) define di name of new function and di sequence of statements wey dey execute (to do wetin you tell am) wen di function dey call.,di function definition (di meaning) specifies di name of new function and di sequence of statement wey dey execute (to do wetin you tell am) wen di function dey call.
di if.,"gases, nutrients, and waste materials travel between capil laries and cells through di if."
"di availability and scope of future permanent injunctive (e be like court order wey require or prohibit someting specific) relief must depend upon di extent of access wey dey permitted di public, and di decree (na court order wey get force of law) must be framed to accommodate eq for di constitutional role of di press and di institutional (wey dey relating to or constituting or involving institution) requirements of di jail.","di availability and scope of future permanent injunctive relief (better-better tins wey person gain) must depend upon di extent (how far de tin reach / level) of access then permitted di public, and di decree must be framed to accommodate eq uitably di constitutional role of di press and di institutional requirements of di jail."
"for fortunately (for good fortune by good fortune by good fortune), python dey good for keeping track of where im dey, so each time af unction complete, di program pickup where im left off for di function wey dey call am.","fortunately, python dey good for keep track of where dem dey, so each time af unction completes, di program pick up wey dey call am."
dem call 75 veniremen as prospective (di future of or concerned wit or related to di future) jurors.,"di case dey set,75 veniremen dey call as prospective jurors (mistakes / faults)."
some questions wey need to dey answered na: how families get unique lens on their situations (kinds of mata wey fit happen for one place or time)?,some questions wey dey answer na: how dofamilies don aunique lens on their situation?
di null idea na say di true mean na 67. 5%.,"we dey speci ed one sample t-test for di grades (results for school / level) for dr zeppo class, di null idea na say di true mean dey 67. 5%."
di results dey different based on your network speed.,di results dey different depending (wetin person tink say go happen) on your network speed.
na wcc cwc wwc c andwww www c or even ccc c.,"di one possibility (something wey fit happen / chance dey), but so na wcc cwc wwc wwc wwc wwc wwc wwc wwc wwc and www c."
"di wife, wey dey custody of di daughter, go bring di lawsuit.","only hin wife, wey get custody of di daughter, go bring di lawsuit."
leki write say her participants dey use di current feedback on early assignments to shape dia future work.,di participants use current feedback on early assignments to shape dia future work.
di smith act and dis conviction under im without question restrict (to hold back / put boundary) di exercise of free speech and assembly (gathering / meeting of people).,di smith act and dis conviction under e no doubt restrict di exercise of free speech and assembly (gathering / meeting of people).
di kontri wey dia child (pikin / smallie) and grandchildren call home,dem wan tojoin dicountry say dia child (pikin / smallie) and grandchildren wey dey call home.
we dey required for dis case to determine for di first time di extent (how far de tin reach / level) to which di constitutional protections for speech and press limit a state's power to award damages for libel (na false written statement wey dey damage persin reputation) action wey public official against critics of hin official conduct.,we dey required for dis case to determine for di first time di extent (how far de tin reach / level) wey di constitutional protection for speech and press limit state power to award damages for libel (na false written statement wey dey damage persin reputation) action wey public official against critics of hin official conduct.
"she realizes, however, say she no dey good for marketing or accounting, and say if her business dey grow, she need bring someone onboard wey fit create strong brand and strategy for growth (how somtin take de big), as well as keep good record of her account so she fit pl am for di future.","she realize, however, say she no dey good for marketing or accounting, and say if her business dey grow, she need to bring someone onboard wey dey create strong brand and strategy for growth (how e long reach), as well as keep good records of her accounts so say she fit plan for di future."
stefano rotondo (46883) for rome.,"di innovative designs don get dia origins for architectural geometry, such as di enigmatic s. stefano rotondo (46883) for rome."
"(keynes,1923, p.80)as e be for economics, so too for psychology and statistics.","(keynes,1923, p.80) as for economics, so too for psychology and statistics."
di regression model only produce prediction (di act of predicting (as by reasoning about di future)) ^yiabout what my mood dey like: my actual mood dey yi,di regression model only produce prediction (di message wey dey describing how something dey done) ^yiabout what my mood dey like: my actual mood dey yi.
di relationships (how people follow deirselves / connections) dey screen,di relationships (how people follow deirselves / connections) deycreened.
"if you know how to read di plot, na quite alot of extra (jara / more) information here.","if you know how to read di plot, na quite alot of additional information here"
dem generally choose name for dia variables wey dey meaningful (di meaning or purpose dey having a meaning or purpose) and document what di variable dey use for.,di name and keywords (folders / official papers / computer data) programmers generally choose name for dia variables wey dey meaningful (di meaning or purpose dey having a meaning or purpose) and document wey di variable dey use for.
di colour wey fill di shape: boxfill (colour for inside di box).,dem fill colour: boxfill
"from di ten coping strategies wey leki (1995)identify, two dey speak (to yan / talk / express mind) directly to di question of transfer:""dey rely on past writing experiences (things person don see)""and ""dey use di current or past esl writing training (to learn work / practice to sabi something well)""(p. 240).","di ten coping strategies leki (1995)identified, two speak directly to questions of transfer:""relying on past writing experiences""and ""using current or past esl writing training""(p. 240)."
di acclaim say recipients (di person wey receive something wey dey receive something) of di congressional medal of honor receive also cast doubt on di proposition say di public go misled by di claim of charlatans or become cynical (wey dey doubt) of those whose heroic deeds earned (bin work get money) dem di medal by right.,di acclaim say recipients of di congressional medal of honor receive also cast doubt on di proposition say di public go misled by di claim of charlatans or become cynical of those wey dey heroic deeds earned dem di medal by right.
di document wey dey describe di protocol and write di code to send and receive di data according to di protocol.,di document wey describe di protocol and write di code to send and receive di data according to di protocol.
"di existence (to dey alive / stay for ground) of mens rea na di rule of, no be di exception to, di principles of angloamerican criminal jurisprudence (way to reason law).","di existence of mens rea na di rule of, no be di exception to, di principles of angloamerican criminal jurisprudence (na wen persin no dey give proper care, and dis cause harm)."
di effect dey to create function objects (things / items),"di effect dey executed just like oda statements, but di effect dey create function objects (things / items)."
"di event dey sizable crowd (many pipu wey stay for on place), including several agents (people wey dey represent oda people) of di federal bureau of investigation (di inquiry into unfamiliar or questionable activities), witness di event.","di sizable crowd, including several agents of di federal bureau of investigation, witness di event."
plenty stats (statistics) textbooks sef dey to passover am.,di alot of stats textbooks go gloss over am too.
di ability to support basic necessities (di condition of being essential or indispensable or indispensable) for dia family members dey extremely difficult and dem think say other country get bigger economies and dey offer better opportunities (di possibility due to a favorable combination of circumstances) to achieve (to make am / reach target / blow) dia goal,"di reluctantly choose migration wen dia ability tosupport basic necessities for their family members isextremely difficult and dem perceive say oda countries, more robust economies, offer better opportunities (di worthy of or requiring responsibility or trust) to achieve dia goals (targets / wetin person gats do)."
"di chief justice and stewart, j, filed a concurring opinion wey di chief justice and stewart, j.","di chief justice and stewart, j, filed concurring opinion wey di chief justice and stewart, j."
wetin be your reaction to di story's ending?,di story's ending (to carry pickin take as your own / follow a style)?
"if i wan write dis result for paper or something, di conventional way to report dis go be to write something like dis:""of di 200 participants for di experiment,64 select hearts (di tin wey de make blood move for bodi) for dia first choice,51 select diamonds,50 select spades, and 35 select clubs.""","di conventional way to report dis go write something like dis: of di 200 participants for di experiment,64 selected hearts (di tin wey de show when somtin de burn) for dia rst choice,51 selected spades, and 35 selected clubs."
we go wan say a bit more about am than dat.,we go wan say a bit more about am than dat.
"whether e fit work for real world dey kind of whether e look like wetin e suppose be wey dey relate mostly to whether di study\look right, but wit a bit more rigour to am.","di sense, ecological validity dey kind of face validity (how true something be)."
dem pair co wper 's glands (bulbour ethr al glands)pr oduc e and secrete mucus for di ur ethr al ph during sexual (mata wey concern body-to-body) stimulation.,di paired co wper 's glands (bulbour ethr al glands)pr oduc e and secr ete mucus into di ur ethr a to buffer ur ethr al ph during sexual (mata wey concern body-to-body) stimulation.
di suppose do anything particularly dierent?,di does wey do anything particularly dierent?
"di table below show several addresses based on my current one: di full address(from root), di address from here(from di place wey you dey now).","di table below show several addresses for relation to my current one: absolute path relative path(i. e, from root)(i. e."
"(2009)conduct meta-analysis wit over 80,000 refugees and report weighted di percentage or number of pipo in a group wey get a particular condition at anytime of ptsd ranging between 13%and 25%.","(2009)conducted ameta-analysis wit over 80, 000 refugees andreported aweighted prevalence rateofptsd ranging between 13% and25%."
"e dey di intent to cause injury wey robson first amendment (wey go bring freedom to pipo) 179 na di gravamen of di tort, and di state interest for prevent emotional harm simply outweigh whatever interest a speaker (person wey dey talk / megaphone) may have for speech of dis type.","di intent to cause injury say robson first amendment (wey go bring freedom to pipo) 179 na di gravamen of di tort, and di state's interest for prevent emotional harm simply outweighs whatever interest a speaker (person wey dey talk / megaphone) go get for speech of dis type."
na four types of discovery wey dey discovery,di four type of discovery
"e dey trade-off, but long name don make complex expressions hard to read, so e dey trade-off","di variable names fit reduce di need for comments (talk-talk / to yarn), but long name go make complex expression hard to read, so na trade-off."
"as di for di before example dey illustrate (to show how e be), control dey something wey scientists (pipo wey sabi science) like to have, but as di for di before example dey illustrate, lots of situations (kinds of mata wey fit happen for one place or time) wey you no fit or no fit try to obtain dat control.","di previous (something wey dey before now) example illustrate (to show how e be), na lots of situations wey you no fit or no try to obtain (to get / collect / catch) dat control."
"di charge for di fourth count na say di defendants (people wey dem carry go court to answer mata) conspired, wen di united state dey war wit di imperial german goment, unlawfully (di law no fit conform to di law) and willfully, by utterance, writing, printing and publication, to urge, incite and advocate curtailment of production of things and products, to -wit, ordnance and ammunition (di projectiles wey dey fire from gunstation wey dey fire from gun), necessary and essential to di prosecution of di war.","di charge for di fourth count na say di defendants conspired, wen di united state dey war wit di imperial german government, unlawfully and willfully, by utterance, writing, printing and publication, to urge, incite and advocate curtailment of production of things and products (all de things wey dem produce to sell), to -wit, ordnance and ammunition, necessary and essential to di prosecution of di war."
"e no be member (one person inside join-body) of di""marxist league for industrial (dem dey relating to or result from industry) democracy""or di ""intercollegiate socialist society""or di ""intercollegiate socialist society","e no dey member (one person inside join-body) of di ""marxist league for industrial democracy""or di ""intercollegiate socialist society"
"di findings suggest say di oda language wey you learn students learn to prioritize as - signments; approach dia instructors (teachers / lecturers / those wey dey give direction) for clarification (di interpretation wey remove obstacles to understanding), help, and or modifications wit assignments; and limit di number ofcourse wit high reading and writing demands (requests / wetin person say ""must"" happen) say dem enroll for each semester.","di findings suggest say second language students learn to prioritize as - signments; approach dia instructors (teachers / lecturers / those wey dey give direction) for clarification, help, and limit di number of course wit high reading and writing demand say dem enroll for each semester."
"for her first summer running lily's landscaping, lily decide say time to take her business to di next level.","let assume say after her first summer running lily's landscaping, lily decide say e dey time to take her business to di next level."
"we know from your economics class wey, for general, awa capitalist (di conservative advocate of capitalism) economy (how money dey run for country) frowns on monopolies","on di oda hand, you know from your economics class wey, for general, awa capitalist economy (how people follow deirselves / connections) frowns on monopolies."
"dem go disagree (i no gree / drag mata) wit di law as dem dey written, but dem go acquiesce to di sovereign (oga kpatakpata / power to rule) power and follow di law as dem written, but dem go acquiesce to di sovereign power and follow di law as dem written.","di law as e dey written, but dem go acquiesce to di sovereign power and follow di law as e dey written."
"di contract dey fundamental part of do business, wey require no only performance of di terms of di contract but also good faith (di strong belief wey person get in somtin or person) for dealing (business move / to follow person do trade).","di contracts dey fundamental part of do business, wey require no only performance of di terms of di contract but also good faith (di strong belief wey person get in somtin or person) for dealing (to borrow person pawa for work / employment)."
"di law go dey unfair (wayo / no be so e suppose be / injustice), and if so, do you believe di law go dey amend to protect dis class?",di law go amended (bin give chance / bin gree) to protect dis class?
di type of speech dey protected by first amendment (wey go bring freedom to pipo); di type of speech very much drive di level of protection wey dey afford am under first amendment (wey go bring freedom to pipo); di type of speech very much drive di level of protection wey dey afford am under first amendment (wey go bring freedom to pipo); di type of speech very much drive di level of protection wey dey afford am under first amendment (wey go bring freedom to pipo); di type of speech very much drive di level of protection wey dey afford am under first amendment (wey go bring freedom to pipo); di type of,di type of speech dey protected by first amendment (wey go bring freedom to pipo); di type of speech very much drive di level of protection wey dey afford am under first amendment (wey go bring freedom to pipo).
"di plaintiffs for error, hereinafter designated di defendants (people wey dem carry go court to answer mata), dey convicted (na wen court or jury find persin guilty of criminal charge) of conspirin to violate (to break law / go against rule) provision of di espionage act of congress.","di five plaintiffs for error, hereinafter designated di defendants (people wey join body do business / paddy), dey convicted (na wen court or jury find persin guilty of criminal charge) of conspiring to violate provisions of di espionage act of congress."
"for our view, first amendment (wey go bring freedom to pipo) imposes (to force rule or task for person head) no an ""underinclusiveness"" limitation, but a""content discrimination""limitation, upon a state's prohibition of proscribable talk.","di first amendment (wey go bring freedom to pipo) impose (to force law or fine for person head) no ""underinclusiveness"" limitation, but a""content discrimination""limitation, upon state's prohibition of proscribable speech."
"dem start wit simple group of related numbers or data wey belong together, a vector wey dey contains di name of three beers","let start wit simple group of related numbers or data wey belong together, vector wey contain di name of three beers."
conflict between parents and children for immigrant latino a families predict lifetime use of alcohol and binge drinking behaviors.,"conflict between parents and children for immigrant latino a families predict lifetime use of alcohol andbinge drinking behaviors (marsiglia, kulis, parsai, villar,&garcia, 2009)."
"di unscrupulous (wey no get conscience, no dey fair, dey do wetin dem like) intruder dey di only human contact (to touch / reach out to person / connection) wey di elderly person get, and maybe he or she led di wealthy elderly person to believe say di only way to salvation dey by hand over hin assets (all de beta tins and property wey person get)","di unscrupulous intruder na di only human contact (to touch / reach out to person / connection) say di elderly person get, and maybe hin or she led di wealthy elderly person to believe say di o nly way to salvation dey by handing over hin assets."
e dey privately owned (wetin person get for hand / property) flag,"di first, dis dey privately owned flag."
"di broader (more wide / general pass) purpose of wu dan's study nato examine di perceptions of chinese faculty of di role of writing for learning and students' competence as writers for di disciplines for dia chinese institutions, she deeply committed to help us faculty understand di educational (di process of education dey relating to di process of education) and writing background of di increasingly (e dey advancing for amount or intensity) large numbers of chinese students wey dey kom study for awa institution.","di broader purpose of wu dan's study dey examine di perceptions of chinese faculty of di role of writing for learning and students' competence as writers for di disciplines for dia chinese institutions, she dey deeply committed (person wey put body for de work) to help us faculty understand di educational and writing backgrounds of di increasingly large numbers of chinese students wey dey coming to study for learning and students' competence as writers for di disciplines for dia chinese institutions."
"we don manage to do things for ras wey dey go through dat little example, e go feel as if we dey typ too many things into di magic computing box.","we dey manage to do all for ras wey we go through dat little example, e dey rather (instead / prefer to) feel as if we dey typing too many things into di magic computing box."
dis one again(check di picture 3.6).,dis again(see figure 3.6).
how dey fit dis be?,how fit dis be?
"for di most general way, reshaping di data means take di data for whatever format (how you arrange your words) wey dey give to you, and convert di data to di format wey you need.","di most general way, reshaping di data means take di data for whatever format (how you arrange your words) wey dey give to you, and convert am to di format (how you arrange your words) wey dey give to you, and convert am to di format (how you arrange your words) wey dey give to you, and convert am to di format you need am"
"for some tests make reasonable assumptions, while oda tests no dey.","some tests make reasonable assumptions, while oda tests no dey."
"di table of critical values dey huge, and so you go look up your actual z-value, and nd di least of for which your data go signi cant(which, as discuss earlier, na di very dey signi cant).","di table of critical values dey huge, and so you go look up your actual z-value, and nd di smallest value of for which your data go signi cant(which, as discuss earlier, na di very de nition of ap-value)."
"for example, corporations wey illegally dump toxic substances into waterways, illegally harm endangered (di danger to) species or those species' habitats, or trade for illegal substances wey don dey banned (dem ban am / no entry) due to dia propensity to cause great harm to di environment.","for example, corporations wey illegally dump toxic substances into waterways, illegally harm endangered species or those species' habitats, or trade for illegal substances into waterways, illegally harm to dia propensity to cause great harm to dia propensity to cause great harm to dia propensity to cause great harm to dia propensity to cause great harm to dia propensity to cause great harm to dia propensity to cause great harm to dia propensity to cause great harm to di environment dey all engage for environmental crimes."
"di court state""under promissory estoppel analysis, no neutrality towards first amendment (wey go bring freedom to pipo).","di court state""under promissory estoppel analysis, no be neutrality towards first amendment (wey go bring freedom to pipo)."
di acronym (word wey dem use the first letters of many words form) pemdas dey useful way to remember di rules: parentheses (for two punctuation marks (or) wey dey use to enclose textual material) don get di highest precedence (di status wey establish for order of importance or urgency) and go use to force expression to evaluate for di order you want.,"di acronym pemdas dey useful way to remember di rules: parentheses (freedom / right to do wetin person like) get di highest (de oga kpatakpata / top level) precedence (na wen persin no dey give proper care, and dis cause harm) and fit use to force expression to evaluate for di order you wan."
"we don put x on sentences (prison time / group of words) wey dey grammatical (di grammar of or pertaining to grammar of or pertaining to grammar) errors (mistakes / faults), and di paper wey i get back dey full of xs","we don put x on sentences wey get grammatical errors (mistakes / faults), and di paper wey i go back dey full of xs."
"di same economic factors wey dey caus di disappearance (di act of leaving secretly or without explanation) of vast (very big / plenty) numbers of metropolitan newspapers, don make entry (di thing wey dey inside) into di wetin be say make idear dem dey compete wit one anoda for pipo to sabi wetin be truth, like one big market wey idear dem dey trade, na im make dem call am 'marketplace of idear', wey mean say every bodi get chance to yan, to share tori, to argue, to disagree, to agree, and to choose wetin dem believe wey dey serve by di print media impossible.","di same economic factors wey don cause di disappearance of vast numbers of metropolitan newspapers (di daily or weekly publication on folded sheets), don make entry (di thing wey dey predict) into di marketplace of ideas serve by di print media almost impossible (no fit happen)."
"dis really look like di user wey dey type 10 = 20, since all di individual parts of dat statement dey legitimate and e too stupid to realise say dis na typo.",di individual parts of dat statement dey legitimate and e dey too stupid to realise say dis dey probably typo.
di ucc relaxes formation (how dem take arrange am / building stage) requirements by allowing (to give chance / gree) di use of gap fillers for undefined or conflicting terms plus by allowing a contract to be formed (bin make / bin arrange or build) by any manner wey shows agreement to contract.,di ucc relaxes (advice / lawyer wey dey stand for person) formation requirements by allow di use of gap fillers for undefined or conflicting terms and by allow contract to be form by any manner (way / style / how person take do am) wey show agreement to contract.
di civil tort system don allow victim to bring civil suit (na wen one persin carry anoda persin go court to seek justice) against someone for injuries (wounds / damages to body or mind) wey dey injured (person wey get wound / damage property) on di victim by someone else.,di civil tort system allow victim to bring civil suit against someone for injuries (wounds / damages to body or mind) inflicted on di victim by someone else.
"di precious gems such as sapphires, amethysts, and emeralds dey import from throughout (di first to last to last) medieval afro-eurasia and dem dey prized for dia color and shape.","di precious gemssuch as sapphires, amethysts, and emeralds dey import from throughout (di first to last to last) medieval afro-eurasia and dey prize for dia color and shape."
"di charged (dem don hold am for neck / accuse for kote) regions wey dey of these molecules (the smallest unit of a substance, wey get atoms joined together) fit bind (tie / hold together) hydrogen and h ydroxyl ions, and thus function as buffers.","di charged regions of dis molecules (the smallest unit of a substance, wey get atoms joined together) fit bind hydrogen and h ydroxyl ions, and thus function as buffers."
dem no seem to have much effect.,"for low-pressure states, anh no seem to get much effect."
"di many things wey psychologists don show over di years na say we really do neutral (no-man's land / e no follow any side), to evaluate (to check if something dey correct) evidence impartially and without being swayed by pre-existing biases (personal feelings wey dey affect person judgement).","di many things wey psychologists don show over di years na say we really do nd am hard to be neutral, to evaluate evidence impartially and without being swayed by pre-existing biases."
di program wey dey written for high level languages go move between different computers by using different interpreter on di new machine or recompil di code to create machine language version of di program for di new machine.,di programs wey dey write for high-level languages fit move between different computers by using different interpreter on di new machine or recompiling di code to create machine language version of di program for di new machine.
"we dey talk about having both null idea and other idea (neyman), but normally we dey say dip-value for terms of extreme (too much / over) numbers(fisher), but we still get alpha (de first / de leader / beginning) numbers (neyman).","we talk about having both a-346- null idea and alternative (neyman), but usually13de ne dipvalue for terms of exreme data(fisher), but we still get value (neyman)."
di boolean (way of thinking wey only use yes or no) variable wey dey use to indicate whether condition dey true or true.,di flag a boolean variable wey dey use to indicate whether condition dey true or false.
di crime dey.,di crime dey.
"di essential query na whether infringements on di press dey analyse (to look somtin wella to sabi am) for different manner (way / style / how person take do am) than infringements on""freedom of speech""dey analyze for different manner than infringements on""freedom of speech","di essential query dey whether infringements on""the press""dey analyze for different manner (way / style / how person take do am) than infringements on""freedom of speech"
"di basic chisq. test()function for ris alot more terse for its output, and because di mathematics wey underpin di goodness of t test and di test of independence dey basically di same for each case, e fit run either test based on what kind of input wey dey give.","di basic chisq. test()function for ris alot more terse for its output, and because di mathematics wey underpin di goodness of t test and di test of independence dey basically di same for each case, e fit run either test depending on what kind of input dey give."
"di texas law designate burning as di preferred (dem like more) means of disposing of flag wey dey inside such condition say e no dey fitting emblem for display,36 u. s. c.","di flag as means of disposing of flag desecration under dis texas law: federal law designates burning as di preferred means of disposing of flag desecration under dis texas law: federal law designates burning as di preferred means of disposing of flag""when e dey in such condition say e no longer fitting emblem for display,""36 u. s. c."
di really think so?,you: do your really think so?
"di water channel (aquaporins) r educ e water absorption (di process wey one substance permeates one), r educ e water absorption, r educ e water absorption, r educ e water absorption, r educ e water absorption, r educ e water absorption, r educ e water absorption, r educ e water absorption, r educ e water absorption for high volumes of very dilute urine.","forsufficient numbers of water channels (di daily or weekly publication on folded sheets) (aquaporins) r educ e water absorption, r esul ting for high volumes of very dilute urine."
dem believe say judicial review na good thing for american democracy?,di judicial review dey good thing for american democracy?
di prohibition go support di legitimate interest for preserving (di cause to remain or last) di quality (how de tin fine or strong reach) of important national asset (property / wetin person get).,di prohibition go support by di legitimate interest for preserving di quality (how de tin fine or strong reach) of important national asset.
"di united states no satisfied (bellefull / when condition don meet) di very heavy burden wey dem fit meet to warrant injunction against publication for dis case, at least for di absence (di fact say something no dey) of express sand appropriately (di appropriate manner for di appropriate manner) limited congressional authorization for dem dey call am 'prior restraint', be say na when court or government no gree make person talk or publish something before dem even do am, and e dey like say dem dey limit person freedom to yan or talk wetin dem like for circumstances such as dis.","i never theless agree say di united state no satisfied di very heavy burden say e must meet to warrant (official way / follow-follow rule) injunction against publication for dis case, at least for di absence of express and appropriately limited congressional authorization for prior restraints for circumstances such as dis."
"e dey worth note say there dey also paste0() function, wey dey identical to paste()except say e always assum say sep="""".","e dey worth noting say na paste0() function, wey dey identical to paste()except say e always assume say sep="""
"if you check di help files (folders / official papers / computer data) for di small tins wey change howe look(i. e, type? par),","if you make we look di help les for graphical parameters(i. e, type?"
di amount of water wey dey ecovered or lost (something wey miss / person wey no find im way) by renal nephr ons.,"di osmolarity ranges from 50 to 1200 mil liosmoles, and dey ar eflection of di amount of water dey recover (na obtain money, property, or relief from court judgment) or lost (something wey miss / person wey no find im way) by renal nephr ons."
"di current focus on model comparison (di act of examining resemblances wey dey examinin resemblances), i go skip dis step and go straight to di aic calculation.","di current focus on model comparison (di act of examining resemblances wey dey examinin resemblances wey dey examinin resemblances), i go skip dis step and go straight to di aic calculations."
"di adaptive transfer make space for di possibility (something wey fit happen / chance dey) say differences for students' text dey""matters of design""(lu, 2004, p. 26)or di result of a""strategic and creative choice by di author (person wey write de tin / originator) to attain hin or her rhetorical objectives (to stand for truth / no be because of person face)"" (canagarajah, 47 adaptive transfer) or di result of a""strategic and creative choice by di author to attain hin or her rhetorical objectives"" (canagarajah, 47 adaptive transfer)","di adaptive transfer dey rhetorical (talk for talk sake / grammar), meaning say e take place wen writer understand say di context, audience, and purpose of text influence wey dey suitable; furthermore, adaptive transfer make space for di possibility say differences for students' text dey matters of design""(lu, 2004, p. 26)or di result of a""strategic and creative choice by di author to attain hin or her rhetorical objectives"" (canagarajah, 47 adaptive t ransfer2006b, p.591)."
"some immigrants dey come from countries where banks dey both trusted and common, some don only experience weak or corrupt banks, and others don interact primarily (mostly / de main reason) wit cash-based markets (place wey dem dey buy and sell).","some immigrants kom from countries wey banks deyboth trusted andcommon, some get only experience weak or corrupt banks, and odas don interacted primarily (mostly / de main reason) wit cash-based markets (place wey dem dey buy and sell)."
"president roosevelt complain bitterly about di supreme court, claiming (to talk say na you get am / bin assert) say di court no dey acting (person wey dey hold office for small tayam / to play part) as judicial bodi, but as policy-making bodi","di court don acting no as judicial body, but as policy-making body"
"di migration policy institute(2004), 82%of di immigrant dominican population reside for di northeast where dis study dey conduct; correspondingly (di corresponding manner wey dey corresponding manner for corresponding manner), dominican generation 1. 5 students dey comprise majority of enrollment (di act of enrolling di act of enrolling) for area colleges' equity programs.","(louie,2009, p.38) according to report by di migration policy institute(2004), 82%of di immigrant dominican population resides for di northeast where dis study dey conduct; correspondingly, dominican generation 1. 5 students comprise majority of enrollment for area colleges' equity programs."
di dictionaries look for di second word and keep a running count of each of di days of di week,dictionaries don look for di third word and keep run count of each of di days of di week.
"when dem just build monastery e fit be say dem dedicate am to t ransfiguration, which in christian belief (wetin person believe / faith) is liked burning bush in that it is a moment when god revealed himself to humanity. early byzantine art and architecture, c. 330-700 c. e.","di monastery dey first built e go dedicated to di t ransfiguration, wey for christian belief (wetin person tink say go happen) dey like di burning bush for say e dey moment wen god reveal himself to humanity. early byzantine art and architecture, c. 330-700 c. e."
u. s. department of health and human services.,usdepartment (di act of examining resemblances wey dey examinin resemblances wey dey examinin resemblances) of health and human services.
"see table 6. 1""differences between contract formations (how dem take arrange am / building stage) by type of law""for a comparison (di act of examining resemblances wey dey examinin resemblances) between common-law plus ucc contract formation requirements.","di differences between contract formations by type of law""for comparison (di act of examining resemblances wey dey examinin resemblances wey dey examinin resemblances wey dey examinin resemblances) between common-law and ucc contract formation requirements."
"di dey pretty annoying (e dey vex), and na some neat tricks wey dey use to get around dis","dis dey pretty annoying, and na some neat tricks you go use to get around dis"
"di type ii tests dey a little hard to describe, but dem avoid both of dis problems, and as result dem dey easier (no hard / simple) to interpret.","di type ii tests dey little harder to describe, but dem avoid both of dis problems, and as result dem dey little easier (no hard / simple) to interpret."
"di court don insist say noone be punished for crime wit""a charge fairly made and fairly tried (bin try / test) for public tribunal free of prejudice (when you don judge something without knowing the full matter), passion, excitement, and tyrannical power","di court don insisted say noone be punished for crime without charge fairly make and fairly tried for public tribunal free of prejudice, passion, excitement, and tyrannical power"
"justice blackmun join, dissenting.","justice blackmun join, dissenting."
"di command df(), pf(), qf(), qf() and rf().","we fit get rto do things wit fdistributions just by using di commands df(), pf(), qf() and rf() and rf()."
di dierence for mood gain for pipo given joyzepam versus (against / vs) pipo given placebo.,di dierence for mood gain for pipo given joyzepam versus pipo give di placebo.
"one drawback na say elected (bin choose through voting) officials go hedge dia vote (to choose leader / drop thumbprint) on important issues for a calculated (di mathematical calculation or computation or computation) way, to ensure reelection.","one drawback na say elected officials go hedge dia votes (to choose leader / drop thumbprint) on important issues for calculated way, to ensure reelection."
"as huge cross reminiscent of di ku klux klan days""burn ""atop a hill (ground wey go up but e no reach mountain)""as part of di initiation ceremony of di secret organization of di knights of kavaliers, na about five to six feet (leg / foundation) tall; while a""huge cross reminiscent of di ku klux klan days""burn ""atop a hill""as part of di initiation ceremony of di secret organization of di knights of kavaliers, na about five to six feet tall; while a""huge cross reminiscent of di ku klux","di crosses burn near residences dey about five to six feet tall; while a""huge cross reminiscent of di ku klux klan days""burned ""atop hill""as part of di initiation ceremony of di secret organization of di knights of kavaliers, dey twelve feet tall."
di drastically (di drastic manner wey dey drastic manner for drastic manner) different approaches don promote (to push something go front / ginger) consideration of discritical important task for difederal level.,di drastically different approaches don promote (to make am long / increase de reach) consideration of dis critical important task atthefederal level.
di experiment no dey hard to let go and admit di experiment no dey nd what you go nd.,e hard to let go and admit di experiment no dey nd what you wan to nd
di moment you don wan to tweak your gure by using some low-level command wey you need care.,di moment you go wan to tweak your gure by using some low-level commands you go need care.
di legislature (de group wey dey make law for de land) don create most administrative (for administration of or relating to or responsible for administration) agencies (offices wey dey run business for people) for di legislature.,di legislature (de group wey dey make law for de land) dey create by di legislature (de group wey dey make law for de land).
di ethical implications (wetin something fit cause or mean) of adr between parties wey dey unequal for power?,di ethical implications (di act of examining resemblances wey dey examinin resemblances wey dey examinin resemblances) of adr between parties wey dey unequal for power?
"di proposed (to suggest / plan wey dem bring out for discussion)""violent radicalization and homegrown terrorism prevention (di act of preventing di act of preventing) act"" wey go seek to address ""ideologically based violence- di use, planned use, or threatened use of force or violence by group or individual to promote (to push something go front / ginger) di group or individual's political, religious, or social beliefs","di proposed (bin talk about am small)""violent radicalization and homegrown terrorism prevention act"" wey go seek to address ""ideologically based violence- di use, planned use, or threatened use of force or violence by group or individual to promote (to make am long / increase de reach) di group or individual to promote di group or individual to promote di group or individual to promote di group or individual to promote di group or individual to promote di group or individual to promote di group or individual to promote di group or individual to promote di group or individual"
volags often dey contract wit di orr to provide resettlement-related services.,volags often contract wit di orr to provide resettlement-related services.
"di challenge wey l2 writers encounter while reading source texts (written words / messages), esl writing course need place more emphasis on how to interact wit text effectively (sharp sharp).","di challenge wey l2 writers encounter while reading source texts (written words / messages), esl writing courses need place more emphasis on how to interact wit text effectively."
"diy discuss di benefits (better-better tins wey person gain) and drawbacks of each model, describe di type of writing projects and readings assigned (dem don give am de work / hand over task) for each, and draw from course evaluations to share student perspective of di benefits of di course.","dem discuss di benefits (better-better tins wey person gain) and drawbacks of each model, describe di type of writing projects and readings assigned for each, and draw from course evaluations to share student perspectives of di benefits (better-better tins wey person gain) of di course."
"di important research question wey dey important, of course: na actually di important research question","di make sense, of course: na actually di important research question"
"for example, a victim of fraud may bring a civil action for fraud plus may sef be a witness for di state during di criminal trial for fraud.","for example, victim of fraud go bring civil action for fraud and go also be witness for di state during di criminal trial for fraud and go also be witness for di state during di criminal trial for fraud."
"di jury find for ledbetter, concluding say di pay disparity dey due to intentional discrimination.","di jury find for ledbetter, concluding say di pay disparity dey due to intentional discrimination."
di anaerobic respiration occurs (e dey happen / e dey show face) for di most cells of di bodi wen oxygen dey limited or when mitochondria dey absent (make person or somtin no de available somwhere) or nonfunctional,di anaer obic r espir ation occur for most cells of di bodi wen oxygen dey limited or mitochondria ar e absent or nonfunctional.
"like patents (law pawa to own idea) plus trademarks (company brand marks / signs), federal law protects (e dey cover person / e no allow wahala reach) copyright.","like patent and trademarks (all de tins wey person eyes dey look / benefits), federal law protect copyright."
"e dey hard to explain di maths wey dey behind di wstatistic, a better idea nato give abroad brush description (di statement wey represent something for words wey represent something for words) of how im fit behaves","e dey little hard to explain di maths behind di wstatistic, better idea dey give broad (e wide well-well / e cover many things) brush description (di statement wey represent something for words wey represent something for words wey represent something for words) of how am behave."
e hard to suppress (press am down / hide) di gut feeling say di evidence for favour of di-339 di other idea dey near certainty.,di evidence for favour of di -339-alternative hypothesis dey near certainty (kpam-kpam / true-true / without doubt).
e dey annoying (e dey vex) to get to go back to di beginning (from di start) wen you make mistake (error / skip / something wey person no do well),e dey annoying to go back to di beginning (from di start) wen you make mistake (error / skip / something wey person no do well).
"dis no be, for example, an obscenity (dirty behavior or talk wey go against morals) case.","dis no, for example, obscenity case."
"e no dey possible to do dis using di by()and describeby() functions, but i usually nd e more convenient (e dey suite to your comfort or purpose or needs) to use di aggregate()function for dis situation.","i dey possible to do dis using di by()and describeby() functions, but i dey nd am more convenient to use di aggregate()function for dis situation."
dat one no be bad thing ofcourse: e be important part of designing measuring mind tins.,e no bad thing ofcourse: e dey important part of design psychological measurement (di act of offering improvement to replace mistake).
di consequence (as e turn out) of dis na say di usual (normal-normal / as e dey always be) 2 test don give trustworthy answers (tori wey dem dey give for dis queshun) due to di violation of di independence assumption.,di consequence of dis na say di usual 2 test no give trustworthy answer due to di violation of di independence assumption.
"for dis point, di loop stop, and r finally reach line 5 of di script, print di value of x for screen, and den stop.","di loop stop, and r nally reach line 5 of di script, prints out di value of xon screen, and then halts."
"di model wey i go adopt (to carry pickin take as your own / follow a style) na one wey tok say di probability of heads dey 0. 5; na, ppheadsq0","di model i go adopt (to carry pickin take as your own / follow a style) na one wey say di probability of heads dey 0. 5; dat na, ppheadsq0: 5."
e dey open question as to which version better describe di actual relationship involved.,di open question as to which version better describe di actual relationship involved.
"for when you type large integer, you go use commas between groups of three digits, as in 1, 000,000.","when you type large integer, you go tempt to use commas between groups of three digits, as for 1, 000,000."
di incident or tragedy wey lead to injury or death dey accept as part of one's submission to god.,di accident or tragedy wey lead to injury or death dey accept as part of one's submission (di act of examining resemblances wey dey examinin resemblances wey dey examinin resemblances) to god.
"di command wey go follow:> boxplot( x=afl. margins, range =100) wey rdraws dey show for figure 6. 11a, di most basic boxplot possible.","di most basic boxplot( x=afl. margins, range =100 )what rdraws dey show for figure 6. 11a, di most basic boxplot possible."
di interview don dey compare your initial (de first one / start-start) perceptions wit wey you learn from dis interview.,dem compare your initial perceptions (di act of examining resemblances wey dey examinin resemblances wey dey examinin resemblances) wit what you go learn from dis interview.
"for arkansas writers project, inc. v. ragland,481 u. s. 22(1987), di court hold unconstitutional tax scheme (plan / format / sometimes e be like wayo) wey tax general interest magazines, but dem exempte newspapers (di daily or weekly publication on folded sheets) and religious, profession (di bodi of pipo wey dey learned occupation) al, trade, and sports journals.","for arkansas writers' project, inc. v. ragland,481 u. s. 22(1987), di court hold unconstitutional tax scheme (plan / format / sometimes e be like wayo) say taxed general interest magazines, but exempted newspapers (di daily or weekly publication on folded sheets) and religious, profession al, trade, and sports journals."
"person's inability to access and utilize healthcare services dey give strong indication of critical unmet needs and barriers (something wey dey prevent you from reaching a place or thing) wey dey impede di ability of successful (dem dey having succeeded or being marked by favorable outcome) integration and participation for society. immigrants dey face substantial barriers to healthcare access, including restricted access to government-based healthcare services, language difficulties (di effort wey dey inconvenient, na effort wey dey inconvenient) and cultural differences.","aperson' sinability to access andutilize healthcare services wey dey give astrong indication of critical unmet needs andbarriers wey dey give astrong indication of critical unmet needs andbarriers wey dey integration and participation for society. immigrant and refugee families air force doctor provide services, language difficulties, and cultural differences. 76 immigrant and refugee families air force doctor provide services, language difficulties, and cultural differences. 76 immigrant and refugee families air force doctor provide services, language difficulties, and cultural differences. 76 immigrant and refugee families air force doctor provide services through interpreter."
"for di mood, gain variable, na lot of useful information.","for di mood. gain variable, na alot of useful information."
"for contrast, asylum seekers dey apply for asylum at port of entry (di thing wey dey inside) to u. s. or apply within one year of arriving for u. s.","incontrast, asylum seekers apply for asylum ataport of entry (di thing wey dey inside) to di u. s. orapply within oneyear ofarriving for u. s."
"di goment don identify two interests (all de tins wey person eyes dey look / benefits) wey dey served (bin do de work / dem don give am kote paper) by di statute first, di interest for removing incentive for parties to intercept private conversations, and second, di interest for minimizing di harm to person wey dey intercept private conversations, and second, di interest for minimizing di harm to person wey dey intercept private conversations.","di goment identify two interests serve by di statute first, di interest for removing incentive for parties to intercept private conversations, and second, di interest for minimizing di harm to persons wey dey conversations don dey illegally intercept private conversations, and second, di interest for minimizing di harm to persons wey dey conversations don illegally intercept private conversations, and second, di interest for minimizing di harm to persons wey dey conversations, and second, di interest for minimizing di harm to persons wey dem conversations don illegally intercepted."
di type of activity go you dey unwilling to sign exculpatory clause?,for what type of activity go you go unwilling to sign exculpatory clause?
di state diagram.,message n pi17'and now for something completely different'3. 14159265358932 figure 2.1: state diagram.
"di argument go, why we just report di actual pvalue and let di reader makeup dia own mind about what acceptable (dem worthy of acceptance or satisfactory) type i error rate dey?","di argument go, why don report di actual pvalue and make di reader makeup dia own mind about what acceptable type i error rate dey?"
"after di supreme court handed down its seminal decision inside brown v. board of education, [5] boku southern (south side / part of map) states continued (bin move forward / e no stop) to resist desegregation.","di supreme court handed down its seminal decision for brown v. board of education, [5]many southern (south side / middle / very important) state continue to resist desegregation."
"na specifically, consumer protection statutes (laws wey dem write put for book) and civil rights statutes, respectively (di order wey dey given for di order wey dey give), go protect consumers (people wey buy and use market) for such circumstances.","specifically, consumer (person wey buy and use market) protection statutes (laws wey dem write put for book) and civil rights statutes (laws wey dem write put for book) and civil rights statutes, respectively (di act of examining resemblances wey dey examinin resemblances wey dey examinin resemblances), go protect consumers for such circumstances."
"for some reason di world like to pretend say we dey, and di textbooks wey we usually write seem to reinforce say stereotype.","di world like to pretend say we dey, and di textbook wey we dey write seem to reinforce (to force people make dem follow law) dat stereotype."
di aflsmall2 rdata le.,e dey store for aflsmall2. rdata le.
"di tin sues (e carry person go kote) go need more oxygen to cope, and di kidney go respond wit more epo.","if y ou start aerobic exercise program, your tissues go need more oxygen to cope, and di kidney go respond wit more epo."
"parents no get knowledge of how to navigate (find your way through something or control am) school systems and di healthcare system, and dey further isolated from services by lack of transportation and financial resources.","parents lack knowledge of how to navigate (find your way through something or control am) school systems and di healthcare system, and arefurther isolated from services bylack of transportation and financial resources (isik-ercan, 2012; navuluri etal."
"di narrative analysis for rhetorical moves wey dey familiar to western readers, namely (wey be) statement of academic significance (di quality of being significant), explicit identification of di problem wey dem address, and forecasting (di statement wey dey make about di future) statement regarding hin argument.","e does so, though, by couching hin narrative analysis for rhetorical moves wey dey familiar (something wey person sabi well-well) to western readers, namely statement of academic significance, explicit identification of di problem he dey address, and forecasting statement regarding hin argument."
"di liver dey unable to blood vessels (container wey dem design to hold chemicals or reactions) and or l ymphatic vessels, or decrease (make somtin de turn to small) for osmotic pressure for chronic and severe liver disease, where di liver dey unable to manufacture (di organized action of making goods and services for sale for sale) plasma proteins (figure 26. 9 ).","di liver dey unable to blood vessels and or l ymphatic vessels, or decrease for osmotic pressure for chronic and severe liver disease, wey di liver dey unable to manufacture plasma proteins (figure 26. 9 )."
di adjustment fit occur within minutes (meeting-report / wetin-dem-talk-for-meeting / record).,di adjustment fit occur within minutes.
"di court decide say di american flag dey just one symbol, about which no only must opinions (wetin people tink / how judge see de mata) pro and con dey tolerate, but for which di most minimal public respect no dey tolerate, but for which di most minimal public respect no dey tolerate, but for which di most minimal public respect no be enjoined.","di court decide say di american flag dey just one symbol, about which di most minimal public respect no be enjoined."
"di approximation, dey derived under certain assumptions, and e dey guarantee to work only for large samples wen dem dey met.","e dey approximation, derived under certain assumptions, and e guarantee to work only for large samples wen those assumptions dey met."
"we dey call dis""vocabulary"" d""reserved words""or ""keywords (special words)"".","we call dis""vocabulary"" di""reserved words""or ""keywords (folders / official papers / computer data)""."
"di x2k i1poieiq2 na intuitively (di intuitive manner wey dey intuitive manner for intuitive manner), e clear say if x2is small, then di observed (bin see / follow rule) data oi dey close to what di null idea predict, so we go need large x2statistic for order to reject di null.","di x2statistic dey give by: x2k i1poieiq2 ei intuitively, e clear say if x2is small, then di x2statistic dey give by: x2k i1poieiq2 ei intuitively, e clear say if x2is small, then di x2statistic dey give by: x2k i1poieiq2 ei intuitively, e clear say if x2is small, then di x2statistic for order to reject di null."
"case study na di study of one example— 'ester, refugee from di democratic republic of congo, forcibly separate from five of her children during civil conflict for di early 2000s.'","case study""ester, refugee from di democratic republic of dicongo, wasforcibly separated from fiveofherchildren during civil conflict for di early 2000s."
di frontality of portrait icons facilitate (e dey make easier) face-to-face encounters between holy figures and worshippers wey wish to address di holy figure for prayer (talk-talk with god / strong request for kote).,di frontality of portrait icons facilitate (e dey make easier) face-to-face encounters between holy figures and worshippers wey dey wished to address di holy figures for prayer (di statement wey represent something for words wey represent something for words wey represent something for words wey represent something for words).
"di classed as public figures don thrust themselves to di forefront of particular public controversies (na disagreements or legal disputes between parties about rights, obligations, or facts) for order to influence di resolution of di issues involved.",di class as public figures don thrust themselves to di forefront of particular public controversies for order to influence di resolution of di issues involved.
which of di following go you prefer?,di following go you most prefer?
di student test scores dey show weaknesses (di flaw or weak point or weak point) for english proficiency wit low toefl scores or low critical reading and writing test scores for di sat despite di fact say all of di immigrant students don attend (to go meeting / follow join) atleast some years of highschool for di us and di international students don study english for several years.,di students test scores indicated weaknesses for english proficiency wit low toefl scores or low critical reading and writing test scores on di sat despite di fact say all of di immigrant students don attend atleast some years of highschool for di us and di international students don studied english for several years.
dem dey sensible to keep track of di-149 weekday wey you dey work: most of us don work as much on saturdays or sundays.,e go also be sensible to keep track of di -149-weekday on which you actually do di work: most of us don work as much on saturdays or sundays.
"e dey e good to talk: pearson and spearman correlations dey only designed (bin arrange / build follow plan) to work for numeric variables, so di cor()function spit out error.","di perfectly sensible: pearson and spearman correlations dey only designed (dem don give am de work / hand over task) to work for numeric variables, so di cor()function spits out error."
"for r, we dey do di way to divide and keep only di whole number by using di % %operator: > 42 % % 10[1] 4. okay, dat one easy.","for rwe perform forteger division (divide) by using di%%operator:> 42%% 10[1] 4 okay, wey dey easy enough."
"di statute punishes criminal conduct, e enhance di maximum (de highest level / e no fit pass dere) penalty for conduct motivated (ginger / get reason) by discriminatory (to partial / treat person bad because of who dem be) point of view more severely than di same conduct engage for some oda reason or for no reason for all.","di statute punishes criminal conduct, e enhance di maximum penalty for conduct motivated by discriminatory point of view more severely than di same conduct engage for for some oda reason or for no reason for all."
"for example, make i say, i wan make we look di numbers wey describe for di clin. trial data, to separate by which way to treat.","i wan make we look di descriptive statistics for di clin. trial data, broken down separately by therapy type."
"di standard no dey necessary to give adequate""breathing space""to di freedoms protected by first amendment (wey go bring freedom to pipo).","e no merely (just / ordinary) a""blind application""of di new york times standard, e reflect awa consider judgment wey such standard dey necessary to give adequate""breathing space""to di freedoms protected by first amendment (wey go bring freedom to pipo)."
neither (no be one or di other) seng nor bao get any experience tracking (when dem dey watch and record wetin you dey do online) money or budgeting for things for di future; dem simply spend little and try to save or share di rest.,di seng norbao hadanyexperience tracking money orbudgeting for things for disefuture; dem simply spent little and tried to save or share di rest.
"di example wey i give above, na n18 observations for di group of related numbers or data wey belong together, and k18.","i gave above, na n18 observations for di group of related numbers or data wey belong together, and k"
i think e dey natural to discuss type-544-iii tests(which dey simple)before talking about type ii tests(which dey trickier) before talking about type ii tests(which dey trickier).,i think e dey actually a bit more natural to discuss type-544- iii tests(which dey simple)before talk about type ii tests(which dey trickier).
di criminal penalty or judgment for di defamation (na false statement wey dey harm persin reputation or character) case dey subject to di whole panoply of protections afforded by deferring di impact of di judgment until all avenues (way / street) of appellate review dey exhausted.,di criminal penalty or judgment for defamation (na false statement wey dey harm persin reputation or character) case dey subject to di whole panoply of protection wey dey afford by deferring di impact of di judgment until all avenues of appellate review don exhausted.
di set of rules of precedence (di status wey establish for order of importance or urgency) di set of rules wey dey governing (de way dem dey rule / how things dey run) di order wey expression dey involving (something wey carry oda things follow) multiple operators and operands dey evaluated.,di set of rules governing (from di start) di order wey expressions involving (something wey miss / person wey no find im way) multiple operators and operands dey evaluated.
"di capacity dey educ ed due to compression (di increase for di density of something) by di enlar ging uterus, resulting for increased (e don big pass before / e climb) frequency (how many times something dey happen) of urination.","di capacity (di highest wey somtin fit contain or do) dey r educ ed due to compression by di enlar ging uterus, resulting (wetin come out for de end / outcome) for increased (e don big pass before / e climb) frequency of urination."
"di time, presumably (probably) for its capacity (di highest wey somtin fit contain or do) as trustee (person wey dem keep property for im hand to manage) of di public's ""right to know""don hold up publication for purposes wey dem consider proper and thus public knowledge dey delayed.","di times, presumably for its capacity (di highest wey somtin fit contain or do) as trustee of di public's ""right to know,""has hold up publication for purposes (reasons why things dey happen) wey dey consider proper and thus public knowledge dey delayed."
"di decrease (make somtin de turn to small) for glucose, insulin levels also drop.","di decrease for glucose, insulin levels also drop."
"di court for barry black case, however, instruct di jury say di provision means:"" di burning of cross, by itself, na sufficient (di quantity wey fit fulfill need or requirement but without being abundant) evidence from which you fit infer di required intent","di court for barry black's case, however, instruct di jury say di provision means:""di burning of across, by itself, dey sufficient evidence from which you go infer di required intent"
di base (foundation / where tin start from) url dey hard-coded to di sakai developer list.,di base (foundation / where tin start from) url dey hard-coded for di gmane. py and dey hard-coded to di sakai developer list.
we go interest for whether listening to music reduce pipo's work memory capacity (di highest wey somtin fit contain or do),we go interest for whether listening to music reduce pipo work memory capacity (di highest wey somtin fit contain or do).
dem no know say congress go steadily erode say pay for real terms by repeatedly (every time / again and again) fail over di years to provide even cost-of-living increases.,dem no know say congress go steadily (kpam-kpam / true-true / without doubt) erode wey pay for real terms by repeatedly fail over di years to provide even cost-of-living increase.
"medical care,48(12).","medical care,48(12)."
"we go also dey able to distinguish (to show de difference between two things) among di different type of ip protection and how dem dey similar to, and differ from, each oda.","di various type of ip protection and how dem dey similar to, and differ from, each oda."
e dey observed- expected (wetin person tink say go happen))^2 club diamonds hearts (di tin wey de make blood move for bodi) spades 225 1 1960 now we go make progress (movement / improvement),"we go do dis by hand, but e dey easier (no hard / simple) to do am for r.> (observed- expected)^2 clubs diamonds heart spades 225 1 1960 now we dey make progress (e dey processing a photosensitive material for order make image visible)."
we recognize say sivatamby dey scholar and no student for wac course.,we recognize say sivatamby dey scholar and no student for wac course.
di run experiment by make changes (adjustments / turns) and run different version,di run experiment by make changes (e dey processing a photosensitive material for order make image visible) and run different versions.
"one example a di multilingual graduate student wey dey ""reshape"" writing ashe 49 adaptive t ransferwrites across multidisciplinary ma program, see phillips for dis collection.","di example of multilingual graduate student ""reshaping"" writing ashe 49 adaptive t ransferwrites across multidisciplinary ma program, see phillips for dis collection."
"di stewart and marshall, j. j, filed a concur ring opinion, wey stewart and marshall, j. j, join.","di brennan, j, filed a concur ring opinion, wey stewart and marshall, j. j, join."
di main eect dey kind of irrelevant (na no bearing on or connection wit di subject at issue); di main eect dey kind of irrelevant; di main eect dey kind of irrelevant.,di interaction dey di important thing; di main eect dey kind of irrelevant.
"for addition to areae(above-ground cemeteries)and catacombs (underground cemeteries), christians need settings (different environments / locations) for commemorative banquets or refrigeria, carry-over from pagan practices.","for addition to areae(above-ground cemeteries)and catacombs (underground cemeteries) and catacombs (underground cemeteries), christians required settings (accusations / prices for work) for commemorative banquets or refrigeria, carry-over from pagan practices."
we get introduction (di act of beginning something new) xv another chance wit all dis refugees[and immigrants].,weh aveintroduction xv another chance wit all dis refugees[and immigrants].
di dictionary (book or app wey dey explain word meanings) operation (one calculation) wey take key and find di corresponding value,dictionary (book or app wey dey explain word meanings) operation (di act of examining resemblances wey dey examinin resemblances wey dey examinin resemblances) wey take key and find di corresponding value.
"di professors (pipo wey dey teach for university) no explicitly ask dem to summarize di texts, quizzes dey regularly (steady / every time) use to assess whether di students read di required materials and understand di most important points wey dem dey presented (dem show am / dem bring am out) for dem.","di professors go no explicitly ask dem to summarize di text, quizzes dey regularly (for no time intervening, without delay or hesitation) use to assess wen di students don read di required materials and understood di most important points present for dem."
"pastor stands behind di virgin, wey dey receive her soul, wey dey take di form of swaddled infant (pikin wey neva fit talk or waka).","christ stands behind di virgin, receiving her soul, wey take di form of a swaddled infant."
"for example, inside 1986 model russell christoff posed for a photo shoot for nestle canada for taster's choice coffee.","for example, for 1986 model russell christoff posed for photo shoot for nestle canada for taster's choice coffee."
we go increment di value of an existing (wetin dey ground now / active) item (single thing / article),di value of existing item (single thing / article)
"for doubt, always put parentheses (for two punctuation marks (or) wey dey use to enclose textual material) for your expression to make sure di computations (to de calculate data with maths) dey perform for di order you intend (plan to / mind set).",di computations (di act of examining resemblances wey dey examinin resemblances wey dey examinin resemblances wey dey examinin resemblances) to make sure di computations (di act of examining resemblances wey dey examinin resemblances wey dey examinin resemblances wey dey examinin resemblances) to make sure di computations dey perform for di order you intend.
"di peculiar name di statute of frauds (different-different wayo moves) dey derived from its early incarnation for seventeenth century england, wen a statute dey pass by parliament (di legislative assembly for certain kontri) to reduce or prevent fraud for property transaction and oda important civil matters.","di peculiar name di statute of frauds dey derived from its early incarnation for seventeenth-century england, wen a statute dey pass by parliament to reduce or prevent fraud for property transactions and oda important civil matters."
di excuse (to give reason for mistake / pardon) wey dey use as excuse for thoughtlessness,"di unfortunately, dem dey sometimes use as excuse (to give reason for mistake / pardon) for thoughtlessness."
"na now think of i wan to dene new variable wey dey di sum of di two, zxx","i wan to dene new variable zthat dey di sum of di two, zx."
"di third possibility (something wey fit happen / chance dey) dey say esp no exist, but di colours dey reversed (to change de judgment / turn am back) and pipo don realise am(okay, dat's wacky, but you never know).","di third possibility na say esp does exist, but di colours dey all reversed (to change de judgment / turn am back) and pipo don realise am(okay, dat's wacky, but you no know.)."
di proper c oncentr ation of solut e for di blood dey important for maintain osmotic pressure both for di glomerulus and s ystemical ly.,di proper c oncentr ation of solut e for di blood dey important for maintaining osmotic pressure both for di glomerulus and systemical ly.
e don demonstrate how governmental regulation of dis crucial (very important / pata-pata) process go exercise consistent wit first amendment (wey go bring freedom to pipo) guarantees of free press as dem don evolved to dis time.,e don yet to be demonstrate how governmental regulation of dis crucial process go exercised consistent wit first amendment (wey go bring freedom to pipo) guarantee of free press as dem don evolved to dis time.
e dey quite few dierent ways of do dis adjustment.,di adjustment dey quite few dierent way of do dis adjustment.
dem described seances conducted (bin do de work / bin manage de event) by rhinehart for which pipo pay am to put dem in touch wit deceased relatives (connection / family person) and friends.,dem described seances conduct by rhinehart wey pipo paid him to put dem for touch wit deceased relatives and friends.
you fit comot d right-most digits or digit from number.,you fit also extract di right-most digit or digit from number.
"diy dey all kind of useful things wey dey know about, but dem dey really just\odd topics"" wey no dey wit di oda examples.","dem dey all kind of useful things to know about, but dem dey just\odd topics"" wey don t wit di oda examples."
di fraud dey deliberate (we dey think about carefully) and malicious (na when persin act with intention to hurt or injure anoda persin),di fraud dey deliberate and malicious.
"for pass sing through di renal c orpuscle, di capil laries form second arteriole, di efferent ar teriole (figure 25. 10).","di glomerular capil laries filter di blood based on particle size. after pass through di di enal c orpuscle, di capil laries form second ar teriole, di efferent ar teriole (figure 25. 10)."
dem don come under fire (di tin wey de show when somtin de burn) for moving (e dey waka / e dey shift) dia corporate headquarters (di office wey dey serve as di administrative center of enterprise) out of di kontri to tax havens such as bermuda or barbados.,di companies don kom under fire (di tin wey de show when somtin de burn) for moving (something wey miss / person wey no find im way) dia corporate (tin wey concern big business join-body) headquarters out of di kontri to tax don such as bermuda or barbados.
di most prominent (well-known or important) ones dey: lsr,di most prominent ones dey: lsr
dem suppose nd surprising na say alluppercase letters kom before alllowercase ones.,di rassume say alluppercase letters kom before alllowercase ones.
dis literature dey document di ubiquitous impact of mental and emotional pain wey person get after going through terrible experience on family relationships and dey underscore di need for prevention (di act of preventing di act of preventing) and intervention treatment modalities targeting individual and relational (dem having relation or being related) family systems for populations commonly (normal-normal / wetin people dey do always) exposed to multiple traumatic events.,dis literature documents (how people follow deirselves / connections) di ubiquitous impact of traumatic stress on family relationships (how people follow deirselves / connections) and underscores theneed for convention and intervention treatment modalities (all de tins wey person eyes dey look / benefits) targeting individual andrelational family systems for populations commonly exposed to multiple traumatic events.
di chozin don learn from failure (when tin no work out / disappointment),chozin don learn from failure (when tin no work out / disappointment).
"we dey look backup for di t-tests for each of di individual coecients, we get strong evidence say di baby. sleep variable no fit eect; all di work dey done by di dan. sleep variable.","we don look backup for di t-tests for each of di individual coecients, we get pretty strong evidence say di baby. sleep variable."
"di goal dey to preserve (keep am safe / maintain) di best characteristics (di things wey make am) of di mean and di median: just like a median, you dey highly in uenced by extreme (too much / over) outliers, but like di mean, you dey use more than one of di observations.","di goal dey to preserve di best characteristics (di things wey make am) of di mean and di median: just like median, you no highly (normal-normal / wetin people dey do always) for uenced by extreme (too much / over) outliers, but like di mean, you \use""more than one of di observations."
"e dey easy to do, but e no take couple (two / husband and wife) of lines to type.","e dey easy to do, but e dey take couple (two / husband and wife) of lines to type."
"di thing wey means na if you fit compare two dierent \sums of squares"", you dey probably talk about something wey dey fdistribution.","di means na if you wan compare two dierent \sums of squares"", you dey probably talk about something wey dey fdistribution."
wetin you think frequentist (one wey like frequency way) and bayesian (one kind of statistical method) go say about dese three statements?,we think frequentist (one wey like frequency way) and bayesian go say about dis three statements?
"di police officer dey approach a stop car for night and shine light into di interior of di car, di car don search.","di police officer approaches stop carat night and shine light into di interior of di car, di car don search."
"di subject of front-page news story after being held (wetin judge or court bin decide) hostage by three escaped convicts for dia suburban, whitemarsh, pennsylvania (one of di original 13 colonies), home for 19 hours on september 11-12, 1952.","he and hin wife and five children involuntarily (kpam-kpam / true-true / without doubt) became di subjects (things / items) of front-page news story after being hold hostage by three escaped convicts for dia suburban, whitemarsh, pennsylvania, home for 19 hours on september 11-12, 1952."
di burning cross don remain symbol of klan ideology and of klan unity.,di burning cross don remain symbol of klan ideology and of klan unity.
what go business be like inside a land without any rule of law system?,di business be like for land without any rule of law system?
"i dey having you type all your commands for di place wey you type command, and all di commands for dis book so far don show as if dat's what i dey do, e dey quite possible(and as you see shortly, shockingly easy)to write program using dis rcommands.","i dey having you type all your commands for di command prompt, and all di commands for dis book so far don show as if dat's what i dey do, e dey also quite possible(and as you see shortly, shockingly easy)to write program using dis rcommands."
"di iteration (doing the same thing again and again) of di course dey similar to di graduate writing seminar described by fredericksen & mangelsdorf [this volume], wey 79 developing (e dey processing a photosensitive material for order make image visible) resources for success (victory / when plan work well) require students to create individual learning contracts based on writing tasks assigned for oda coursework.)","di iteration of di course dey similar to di graduate writing seminar described by fredericksen & mangelsdorf [this volume], wey 79 develop resources for successrequires students to create individual learning contracts wey dey based on writing tasks assigned for oda coursework."
"di statement dey deemed (as dem see am / dem count am as) to make valuable contribution (di part played by a person for bring about a result) to public debate, since e bring about 'the clearer perception and livelier impression of truth, produced by dia collision (when two things hit each other and force dey involved) wit error.","di false statement go make valuable contribution (di worthy of or requiring responsibility or trust) to public debate (fomal talk where two pipu dey talk against each oda), since e bring about 'di clearer perception and livelier impression of truth, produce by its collision wit error."
"but wen he lied for announcing hin hold di congressional (concern de law-makers / national assembly mata) medal of honor, respondent venture onto new ground (di top of earth); for dat lie violate federal criminal statute, di stolen (wetin thief carry / things wey loss by force) valor act of 2005.","di congressional medal of honor, respondent ventured onto new ground (di top of earth); for dat lie violate federal criminal statute, di stolen valor act of 2005."
"for example, for find(sub[, start[, end]]), di brackets indicate optional argument.","for example, for find(sub[, start[, end]], di brackets indicate optional arguments."
"e look like di same test, doesn't e?","we look like e dey exactly di same test, no dey am?"
"as you see, for somethings (like age), e dey clear wetin di set of possible measurements (to measure something) suppose be, but for other things, e con dey small tricky.","as you see, for somethings (like age)it seem fairly obvious what di set of possible measurements (to measure) go be, whereas for oda things dey get bit tricky."
"di plaintiffs- -including di nation, mother jones, di progressive magazine, di village voice, and pacifica radio news- - -also contended for di dod preferences (choices / wetin person like pass) for certain news organizations and reporters discriminate (na recognize or perceive di difference) for favor of particular viewpoints (how person take see de mata / opinion), but di court find say dis claim no adequately supported.","di plaintiffs- --including di nation, mother jones, di progressive magazine, di village voice, and pacifica radio news- - - - - - - - - - - - - - - - - - - - - - - - - - - - - - - - - - - - - - -also contended say di dod preferences for certain news organization and reporters discriminated for favor of particular viewpoints, but di court found say dis claim no adequately supported."
"no surprise, di output get exactly di same format (how you arrange your words) as e do last time too: welch's independent (di neutral or uncommitted person (especially for politics)) samples t-test, di thing wey dey measured: grade, di thing wey dey group: tutor (private teacher / coach). numbers wey describe: anastasia mean= 74.533, std dev.; bernadette mean= 69.056, std dev.",welch's independent (di neutral or uncommitted person (especially for politics)) samples t-test outcome variable: tutor descriptive statistics: anastasia bernadette mean 74. 533 69. 056 std dev.
"di syntax error means say you viola di""grammar (di rules for language)"" rules of python.","di syntax error means say you go violated (na wen court or jury find persin guilty of criminal charge) di""grammar"" rules of python."
di priority dey give tofamily reunification (when family members wey been separated finally come back together) andemployment skills.,di priority dey given tofamily reunification (when family members wey been separated finally come back together) and employment skills.
"di python provide operator operators, wey dey special symbol wey represent computations (to de calculate data with maths) like addition and multiplication (times).","di python provide operators, wey dey special symbols wey represent computation like addition and multiplication."
brief (small talk / summary wey lawyer write) for congressman charles e. schumer and al.,as amici curiae 910; brief (small talk / summary wey lawyer write) for congressman charles e. schumer et al.
"di remainder of di stipulation merely (just / only dat one) summarizes (di summary (of)) testimony, particularly di testimony of sheriff thrasher, two female witnesses(both students for indiana university) wey dey part of di crowd (many pipu wey stay for on place), and d r. owen thomas, professor of english for di university.","di remainder of di stipulation merely (just / ordinary) summarize testimony, particularly di testimony of sheriff thrasher, two female witnesses(both students for indiana university) wey dey apparently part of di crowd, and d r. owen thomas, professor of english for di university."
"e go end up wit illusory group dierence for your data, caused (wetin make de tin happen) by di fact say pipo think say na real dierence.","for oda words, you go end up wit illusory group dierence for your data, caused (wetin person get for mind to do) by di fact say pipo think say e dey real dierence."
we fit do dis in a simple way wit d following regular expression:^from.,we fit do dis for afar simple way wit di following regular expression:^from
di crowd (many pipu wey stay for on place) dey allow employee (person wey de work for office and e de collect moni) to notice fore xceptional performance and fit lead to faster and great advancement (di encouragement of di progress or growth or acceptance of something).,di crowd allow employee (person wey de work for office and e de collect moni) to be notice fore xceptional performance and fit lead to faster and greater advancement.
"if you double (one kind of number) to press one of di commands, e go copy (photocopy / duplicate) to di rconsole","if you double (one kind of number) click on one of di commands, e go copi to di rconsole."
di only possibility (something wey fit happen / chance dey) wey dey consistent wit di other idea,di only possibility consistent wit di other idea.
"di easy way dey use di interaction. plot()function, but dis function don draw error bars for you.","di function no draw error bars for you. one easy way dey use di interaction. plot()function, but dis function no draw error bars for you."
"di freedom of expression wey first amendment (wey go bring freedom to pipo) guarantees include all modes (di one wey show most) of""communication (di activity of communicating) of ideas by conduct, and say hin conduct dey inside dis definition because hin conduct dey inside dis definition because hin conduct dey inside di draft (na written order to bank or persin to pay specified money).","di freedom of expression wey first amendment (wey go bring freedom to pipo) guarantee include all modes of""communication of ideas by conduct,""and say hin conduct dey within dis definition (di meaning) because hin conduct dey within dis definition (di meaning) because hin suppose am for""demonstration (di act of present something to sight or view) against di war and against di draft."
i don include something to force rto stop if dis goon too long.,i really go include something to force rto stop if dis go stop if dis goes on too long
"specific performance might be required under certain types of contracts, such as inside contracts for land.","di performance go required under certain types of contracts, such as for contracts for land."
"na dat be di real definition (di meaning) of""luck"".","di very de nition of\luck"""
"we go write python program to read through di line of di file, break each line into list of words, and then loop through each of di words for di line a nd count each word using dictionary (book or app wey dey explain word meanings).","di east and juliet dey di sun arise fair sun and kill di envious moon wey dey sick and pale wit grief we go write python program to read through di line of di file, break each line into list of words, and then loop through each of di words for di line nd count each word using dictionary (book or app wey dey explain word meanings)."
"di press no dey circulate know or reckless falsehoods wey dey damage to private reputation without subject imself to liability for damages, including punitive (na damages wey pass compensation to punish wrongdoer and stop future harm) damages, or even criminal prosecution.","di press no circulate knowing or reckless falsehoods damaging to private reputation without subjecting itself to liability for damages, including punitive (na damages wey pass compensation to punish wrongdoer and stop future harm) damages, or even criminal prosecution."
"for di example wey i give above, i use function wey dem call widetolong() to do di transformation (di change wey e take).",i use function wey dey call widetolong() to do di transformation.
i go do dat lot,i go do dat alot
anna dey among demand dey hospitalized for five days of treatment.,anna dey among dem and washospitalized for fivedays of treatment.
e dey important to distinguish (to show de difference between two things) between operations wey dey modify (change am small) lists (groups of things) and operations dat create new lists.,e dey important to distinguish (to show de difference between two things) between operations (dem do wit di execution of trades and keeping customer record) wey modify list and operations (dem do wit di execution of trades and keeping customer record) wey dey create new lists.
"i thank jeff elkner, wey translate my java (programming language wey de common wey dem de use take build applications) b kom into python, wey get di project start and introduced (di cause to kom know personally) me to what dey turnout to be my favorite language.","di acknowledgements for""think python""(allen b. downey)first and most importantly, i thank jeff elkner, wey translate my java book into python, wey dey translate my java book into python, wey got dis project start and introduce me to what don turnout to be my favorite language."
"di justices (big-big judges for higher court) note say unlike (no be like) di ordinance (local government law / official order) found unconstitutional for r. a. v, di virginia statute no fit target cross burning""on di basis of race, color, creed, religion or gender","di justices note say unlike (no fit happen) di ordinance find unconstitutional for r. a. v, di virginia statute no just target cross burning""on di basis of race, color, creed, religion or gender."
di function just to write for screen di eect sizes,"for default, anova=false and di function just print di eect sizes."
di result of dis vast (very big / plenty) changes (adjustments / turns) don place for few hands di power to inform di american people (pipu / crowd / everybody) and shape public opinion.,di result of dis vast change don place for few hands di power to inform (to tell about) di american pipo and shape public opinion.
dis dey where to choose using true dey handy,di where logical indexing dey handy
"d goal of all dis changes (adjustments / turns) nato shift from computer science to informatics (di sciences concerned wit gathering, manipulating, storing, retrieving, and classifying recorded information) and to add only topics for first technology class wey fit dey useful even if person no choose to be programmer.",di ultimate goal of all of dis change dey shift from computer science to an informatics focus and to only include topics into first technology class wey dey useful even if one choose no become professional programmer.
"if you genuinely don get real, speci c hypotheses (di proposal wey dey suppose explain certain facts or observations) about which comparisons (di act of examining resemblances wey dey examinin resemblances) dey of interest, and you never get any intention to make we look any oda comparisons besides di ones wey you dey ahead (to de in front of somtin or person) of time.","di situation dey rather (instead / prefer to) dierent, however, if you genuinely (kpam-kpam / true-true / without doubt) don get real, speci c hypotheses (di thing wey dey predict) about which comparisons (di act of examining resemblances wey dey examinin resemblances wey dey examinin resemblances) dey of interest, and you no ever get any intention to make we look any oda comparisons (di act of examining resemblances wey dey examinin resemblances) besides di ones wey you speci ed ahead of time."
di case dey restored to di docket for reargument,di case dey restored to di docket for reargument.
"di case no dey case wey di fact say""it dey di speaker (person wey dey talk / megaphone) opinion wey give offense""provide special""reason for according constitutional protection, fcc v. pacifica foundation(1978) (plurality opinion).","di fact say""it na di speaker (person wey dey talk / megaphone)'s opinion wey give offense""provides special""reason for according am constitutional protection,""fcc v. pacifica foundation(1978) (plurality opinion)."
"di current trademark owner, ford settled (bin settle / no more wahala) for releasing di new car as simply di""gt""","unable to reach agreement wit di current trademark owners (people wey get de property / landlords), ford settled for releasing di new car as simply di""gt"
"na large number of plaintiffs for financial services case, wey a business or organisation (one big group) wey manage money— like bank, insurance, or investment companies or investment firm defraud (to do wayo for money) large number of investors (people wey dey put money for business to gain).","di large number of plaintiffs for financial services case, wey a financial institution or investment firm defraud large number of investors."
"di court decide debs v. united states,249 u. s. 211(1919), di same year as sch enck, wey dey largely (mostly / for de most part) relied (bin put mind for dere / trust).","di court decide debs v. united states, 249 u. s. 211(1919), di same year as sch enck, on which e largely (well-well / high-high) relied."
"he dey concerned (to dey worried) say hin go exclude (to remove) from one group; however, wen i check for wit him several weeks into di quarter, hin give me glowing report of hin successful (dem dey having succeeded or being marked by favorable outcome) strategy.","e dey concerned (to dey worried) say hin go exclude (make somtin end) from one group; however, wen i check for wit hin several weeks into di quarter, hin gave me glowing report of hin successful (dem dey having succeeded or being marked by favorable outcome) strategy."
i no go into details here,i no go into details here
"e must have warning (notice / alarm) label or oda caution on di product, so say consumers (people wey buy and use market) dey to know di risk wey dey posed by dat product.","di product wey dey dangerous (something wey fit happen / chance dey) if use for particular way, therefore, must get warning (notice / alarm) label or oda caution on am, so say consumers dey aware of di risk posed by dat product."
united nations (obodo / different-different countries) photo— public domain (area / website address).,united nations (obodo / different-different countries) photo public domain (to get / collect / catch).
"di advocacy dey violation, however reprehensible morally, no dey justification (reason why dem do wetin dem do) for denying (to say ""no"" / reject) free speech wey di advocacy dey short of incitement and nothing to indicate say di advocacy go dey immediately acting (person wey dey hold office for small tayam / to play part) on.","di advocacy of violation, however reprehensible morally, no justification for denying free speech wey di advocacy go immediately (for no time intervening, without delay or hesitation) act on."
di president go promulgate rules to carry di act into effect and create di civil service commission as di agency or administrator of di act under di rules of di president.,di president to promulgate rules to carry di act into effect and create di civil service commission as di agency or administrator (di members of business venture create by contract) of di act under di rules of di president.
"di defendant no engage for, nor threaten to engage for, nor threaten to commit (to do bad tin / to promise to do work) any act of violence.","di defendant no engage for, nor threaten to engage for, nor threaten to engage for, nor do anyone as di result of hin conduct for fact commit or threaten to commit any act of violence."
di substantive (mata wey get weight / real issue for law) one na say i still dey suspicious of one way to see if test fit catch difference,di substantive (mata wey get weight / real issue for law) one na say i still a little suspicious (many different-different types) of power analysis
di justice brennan and mr,di justice brennan and mr.
di number of claims wey dey resolve before an actual trial begins (e dey start / e take off) make di trial shorter,di number of claims to be resolved before actual trial begin make di trial shorter.
"for example, tenancy inside common describes (to talk about) an ownership interest inside wey all owners (people wey get de property / landlords) get an undivided interest inside di property, equal rights of possession, plus a devisable interest.","for example, tenancy for common describe ownership interest wey all owners don undivide interest for di property, equal rights of possession, and devisable interest."
1106 24 critical thinking (to reason / deep thought) questions access f or free for open tax. org 43. some low-fat or non-fat foods contain large amount of sug am to replace e di fat content of di food,di main factors wey influence weight (how de tin fine or strong reach) gain for pipo? 1106 24 critical thinking (to reason / deep thought) questions access f or free for open tax. org 43. some low-fat foods contain large amount of sugar to replace di fat content of di food.
"we doubt say di pejorative (dem express disapproval) description""outrageous (e dey grossly offensive to decency or morality)"" no supply (to provide market / give wetin people need) one","we doubt say na any such standard, and we dey sure say di pejorative description (di statement wey represent something for words wey represent something for words wey represent something for words wey represent something for words)""outrageous"" no supply one."
this recognition (to sabi person / award) of di right to govern (dey control) provides (to provide) legitimacy.,di recognition of di right to govern (dey control) provide legitimacy.
di purpose of punishment (di act of punishing di act of punishing di act of punishing)? but what dey di purpose of punishment?,di purpose of punishment (di act of punishing di act of punishing di act of punishing)?
di qualification (na skill or requirement wey persin must get to hold office) and balancing for di iccpr (international agreement wey protect civil and political rights of people across countries) and di mandate (official order or authority wey somebody receive to do a particular thing) for di prohibition of hate speech.,di qualification and balancing for di iccpr and di mandate for di prohibition of hate speech.
"i go need to specify sep= "".""","i go need to specify sep= """
"di semen r egains its fluids tate, sperm fit pass far dir into di female r eproductiv e tract.","di semen r egain its fluids tate, sperm fit pass farther into di female r eproductiv e tract."
di h ypothalamus for di brain na di master switch wey works as thermostat to regulate di bodi 'score temper atur e(figure 24. 23).,di h ypothalamus for di brain na di master switch wey work as di thermostat to regulate di bodi 's core temper atur e(figure 24. 23).
di business owe duty to exercise reasonable degree of care to protect di public from foreseeable (something wey person fit sabi say e go happen) risks (danger / chances of wahala or loss) wey di owner know or go know about.,businesses owe duty to exercise reasonable degree of care to protect di public from foreseeable risk wey di owner knew or go know about.
we dey learn what constitute (to be) performance,learn what constitute (to be) performance.
di answer na ofcourse,di answer dey ofcourse 4.
"di standard, goment need to put forth (to come out / move forward) only rational basis for di law wey dey reasonably (normal way / de way person wey get sense suppose act) related to some legitimate government interest.","di standard, goment need put forth (to carry pickin take as your own / follow a style) only rational basis for di law di law simply don reasonably related to some legitimate government interest."
"e no dey use very often, but e no get report sometimes.","e no use very often, but e no dey report sometimes."
di mineral dis sociat ed from a salt wey dey carry electrical (e dey relating to or concerned wit electricity) charge(an ion)dey called an electrolyte.,di mineral dis sociat ed from salt wey carri an electrical charge (an ion)(an ion)dey call electrolyte.
"na why should corporations go spend freely (free-free / anyhow) to drown out di voices of real voters (people wey dey thumbprint for election), wey no dey hope to matching corporate spending on issue advertisements (many promos / adverts for market)?","di why go corporations dey allowed (bin give chance / bin gree) to spend freely to drown out di voice of real voters (to choose leader / drop thumbprint), wey no hope of matching corporate (tin wey concern big business join-body) spending on issue advertisements?"
di data dey show di data.,di drawing graphs above all else show di data.
"e be entitled (to get right to something / e gats reach your hand)""true crime inspires tense play,""wit di subtitle (di small name under), ""di ordeal of a family trapped by convicts gives (to dash / drop / provide) broadway anew thriller,'di desperate hours.'""","e dey entitled (to get right to something / e gats reach your hand)""true crime inspires tense play,""with di subtitle, ""the ordeal of family trapped by convicts (people wey get de property / landlords) give broadway new thriller,'di desperate hours.'"
"indeed (true-true / na so / for real), inside today's world, purchase (to buy market / transaction) maybe di most common method of acquiring (getting / collecting) property.","indeed (true-true / na so / for real), for today's world, purchase (to buy market / transaction) go be di most common method of acquiring property."
"as many of di students use notetaking, glossing, and annotating (di act of adding notes) wen dem read, dem no mention (to talk about am small) using oda writing-to-read strategies either on dia own time or for dia class.","di students use notetaking, glossing, and annotating wen dem read, dem no mention using oda writing-to-read strategies either on dia own time or for dia class."
dire (na urgent or serious situation wey court suppose act fast on am) no be blood found for di urine,nano blood find for di urine.
"di validity (how true something be) for di distinction (di difference) between advocacy and di interchange of ideas, and we no dey discard useful tool (tinwey or ogbe wey dem dey use do sometin or wok) wey dey misused.","but na underlying validity for di distinction (di difference) between advocacy and di interchange of ideas, and we no discard useful tool (tinwey or ogbe wey dem dey use do sometin or wok) bikos e dey misused."
e no dey use oda logical operator too.,i fit also use oda logical operator too.
"if we wan our di numbers from di sample to be closer to di population parameters, we fit we do about it?","if we wan awa sample statistics to be much closer to di population parameters, what fit we do about am?"
"as di sample size increase, di -312- sem decrease (make somtin de turn to small)","as you see just by looking for di picture, as di sample size nincrease, di-312- sem decreases."
"di juxtaglomerular cells will contract, decreasing (di decrease for size, extent, or range) di glomerular filtration (di process wey fluid pass through filter or filtering medium) rate (gfr) so e dey reach to les urine formation (how dem take arrange am / building stage) and greater retention of fluid.","di juxtaglomerular cells go contract, decreasing di glomerular cells go contract, decreasing di glomerular filtration rate (gfr) soles s plasma dey filter, leading to less urine formation and greater retention of fluid."
e dey extremely tempting for pipo to start wondering why di dierence between males and females for terms of dia psychic abilities.,e dey extremely tempting for pipo to start wondering why na dierence between males and females for terms of dia psychic abilities (a future prospect or potential).
bridges v. california(1941).,bridges v. california(1941).
"we go encounter composite key if we go create telephone directory wey map from last-name, first-name pairs to telephone number.","we go encounter composite key if we go create telephone directory wey maps from last-name, first-name pairs to telephone numbers."
"e dey possible for someone to become public figure through no purposeful (di existence of a purpose or goal or goal) action of hin own, but di instances (examples / cases / times wey tin happen) of truly involuntary public figure must dey rare (no dey plenti).","e go possible for someone to become public figure through no purposeful action of hin own, but di instances of truly involuntary public figures must dey exceedingly (for no time intervening, without delay or hesitation) rare (no hard / simple)."
"di fifth circuit court of appeals (to carry mata go higher court because you no gree) rule say yawa wey dey happen when person no gree, dem force am do tin wey no right, like dem take person by force, or dem do am wetin person no like, wey dey under sexual (mata wey concern body-to-body) palava case dey, for true, be brought (bin carry come / fetch) for court no be being subject to mandatory arbitration, despite di contract language wey dey require mandatory arbitration.","di fifth circuit court of appeal rule say sexual (mata wey concern body-to-body) assault cases may, for fact, be brought (bin find / bin look for) for court no be subject to mandatory arbitration, despite di contract language requiring mandatory arbitration."
di statement or actions by di police(or oda government agent)dey likely give rise (to go up / increase) to response.,di statement or actions by di police(or oda goment agent)dey likely to give rise (to go up / increase) to response.
di student and community professionals (sabi people / experts) don use distext to develop understanding ofspecific challenges (di demanding or stimulating situation a demanding or stimulating situation) wey dey face immigrant andrefugee families.,students and community professionals (big-big-big judges for higher court) alike canuse distext to develop understanding of specific challenges (di demanding or stimulating situation a demanding or stimulating situation a demanding or stimulating situation a demanding or stimulating situation a demanding or stimulating situation) facing immigrant and refugee families.
di result dey compels (force person) different result here,di compels a different result here
archives. org —public domain (area / website address).,archives. or g public domain (to look somtin wella to sabi am).
dem return to awa iq study.,e return to awa iq studies.
"diy don provide good examples of di various (many different-different types) dierent things wey you fit do wit di load()function, so e no dey bad idea to get make we look dem, and to try no to nd dem too intimidating","di y do provide good examples of di various (many different-different types) dierent things wey you fit do wit di load()function, so e no dey bad idea to get make we look dem too intimidating."
"immigrant households (di social unit wey dey living together) dey at substantially (well-well / plenty / significant amount) higher risk of when person or family no get sure access to enough food regularly, or lack of adequate food for everyone for di household (people for house), than native-born households.","immigrant households areatasubstantially (for bottom or by one's (or its) very nature) higher riskoffood for security, or lack of adequate food foreveryone for di household, than native-born households (chilton, 2009)."
"dem take di dierence between di sample means, and then divide am by some estimate of di standard error of dat dierence.","we take di dierence between di sample means, and then divide am by some estimate of di standard error calculations dey dierent."
"di two articles (items / sections for law book) wey dey appear for 1979 relate to purported connection between rhinehart and lou f errigno, star of di popular television (di broadcasting visual images of stationary or moving objects) program,""the incredible hulk""","di two articles wey dey appear for 1979 to talk about purported connection between rhinehart and lou f errigno, star of di popular television (di broadcasting visual images of stationary or moving objects) program,""the incredible hulk"
"columbia human rights law review,37(3), 627-658.","columbia human rights law review, 37(3), 627-658."
di bus company survive and dey sui di bus company.,di mills survive and dey suing di bus company.
"if you know di file dey small compare to di size of your main memory, you fit read di whole file into one string using di read method on di file handle.","if you know di file dey relatively small compare to di size of your main memory, you fit read di whole file into one string using di read method on di file handle."
di set of values wey each value dey identified (di identity of someone or something) by integer index,di set of values wey each value dey identified (dem don give am de work / hand over task) by integer index.
di contract expressly (direct / dem talk am clear-clear) require am if di contract expressly require am.,di standard of personal satisfaction go enforce (to force people make dem follow law) if di contract expressly require am
immigrants wey no dey sure about di length (how e long reach) of stay for u. s. also dey more likely to be unbanked (when person no get any bank account or access to banking services).,immigrants wey dey unsure about thelength of stay for u. s. also more likely to be unbanked (error / skip / something wey person no do well).
"we go use di one. sided argument to specify di one-sided test, and e works di same way we dey do for di independent (di neutral or uncommitted person (especially for politics)) samples t-test.","we fit use di one-sided argument to specify di one-sided test, and e work di same way dem do for di independent (di neutral or uncommitted person (especially for politics)) samples t-test."
"di authority to designate an entity a""foreign terrorist organization""rests wit di secretary (person wey dey help run office work) of state.","di authority to designate entity a""foreign terrorist organization""rest wit di secretary (person wey dey talk / megaphone) of state."
di fraud dey found for many contexts (how de levels be / situation).,di fraud dey found for many contexts (how de levels be / situation)
"di church leaders and emperors debat di use of religious (matter of church or mosque / person wey follow god) images wey depict christ and di saints, some honor dem as holy images, or ""icons""and odas condemning dem as idols(like di images of deities for ancient rome)and apparently (di appearance wey dey alone from appearances alone) destroy some.","di church leaders and emperors (mistakes / faults) debate (fomal talk where two pipu dey talk against each oda) di use of religious images wey depict christ and di saints, some honoring dem as holy images, or ""icons,""and oda condemn dem as idols(like di images of deities for ancient rome)and apparently destroy some."
"di quadruple function(x)y <-x*4 return(y)as you fit see, wen you type di name of di function for di place wey you type command, rprints out di underlying source code wey we use to dey use to dey for di rst place.","di quadruple function(x)y <-x*4 return(y)as you see, wen you type di name of function for di command line, rprints out di underlying source code wey we use to de ne di function for di rst place."
"di ways to do research course go cover alot of topics wey dey relate much more to di pragmatics of research design, and especially di issues wey you dey encounter wen you try to do research wit humans (pipo).","so most research methods courses go cover alot of topics wey dey relate much more to di pragmatics of research design, and for particular di issues wey you encounter wen try to do research wit humans (pipo)."
aquarian beliefs (wetin you believe) include life after death and di ability to communicate (di transmit information wey dem transmit information) wit di dead through a medium.,di aquarian beliefs include life after death and di ability to communicate (di transmit information wey dem transmit information) wit di dead through medium.
di example of two-sided test.,di example of two-sided test.
di ovaries ar e di female g onads.,dem recall (to carry pickin take as your own / follow a style) say di o varies ar e di female g onads
"for example, president eisenhower, a republican, nominated earl warren as chief justice.","for example, president eisenhower, republican, nominated earl warren as chief justice."
"we fit see say di adding all the squared gaps to measure total error wey dey associated wit di factors dey identical for di two dierent analyses(3. 45 for drug and 0. 92 for therapy), as dem dey di degree of freedom(2 for drug,1 fortherapy ).","we fit see say di sum of squares wey dey associated wit di factors dey identical for di two dierent analyses(3. 45 for drug and 0. 92 for therapy), as na di degree of freedom(2 for drug,1 fortherapy), as dey di degree of freedom(2 for drug,1 fortherapy)."
"we suppose take 18 pipo, and give dem some coee to drink","we tok 18 pipo, and gave dem some coee to drink"
dem start by noting say 10-cubed dey 1000,so make we start by noting (wey get) say 10-cubed dey 1000
di three-aisled plan incorporated (company wey don register finish / join body) numerous (plenty-plenty / dem many) subsidiary chapels flank di aisles.,di three-aisled plan incorporated (dem dey having succeeded or being marked by favorable outcome) numerous (plenty-plenty / dem many) subsidiary chapels flanking di aisles.
i tell you say dis na one kind of table,i told you say dis na one kind of table.
we look to see how dia individual person dey from dia own group mean: sswg k1nk i1nk,we look to see how dierent each individual person dey from dia own group mean: sswg k1nk i1nk i1nk i1nk i1nk i1nk i1nk i1nk i1nk i1nk i1nk i1nk i1nk i1nk i1nk i1nk i1nk i
di lead naturally to di question of which pair of model dey compare.,di lead naturally to di question of which pair of models dey compare.
"di research hypothesis na say\humans (pipo) and robots answer di question for di same way"", how fit i construct test of di nullhypothesis say\humans and robots answer di question di same way""?","di research hypothesis na say\humans and robots answer di question for dierent way"", how fit i construct test of di null idea say\humans and robots answer di question for dierent way"", how fit i construct test of di null idea say\humans and robots answer di question di same way""?"
these funds (money for ground / capital) dey typically sent (dem don dispatch am / e don travel go) through money transfer agencies(e. g.,di funds (money for ground / capital) dey typically sent through money transfer agencies(e. g.
"e dey more specific than our previous (something wey dey before now) use of di word""value"".","dis dey more specific than awa previous (something wey dey before now) use of di word""value""."
"dem fit believe say outside circumstances go become less stressful, say their partner (business paddy / colleague) go learn how to stop, or say dem go be better able to control di situation for di future.","di partner (business paddy / colleague) go learn how to stop, or say dem go better able to control di situation for di future."
"di key ta keaways law dey dynamic (something wey fit change, e no just stay one place) and ever changing (to turn / change style) field wey affect all, both for dia individual capacities as pipo and for dia business interactions (how people relate / communication).","di key ta keaways law dey dynamic and ever-changing field wey affect everyone, both for dia individual capacities as pipo and for dia business interaction."
di hopefully you no get to see dem,di hopefully you no get to see dem
"di first step dey for di jump operator to weigh di jumper, so say di length (how e long reach) of di bungee fit adjust accordingly.","di first step dey for di jump operator to weigh di jump operator to weigh di jumper, so say di length (how e long reach) of di bungee go adjusted accordingly."
di district judge dey required to assess di probable (likely / fit happen) publicity wey go give dis shocking crimes (bad deeds / things wey break law) prior to di time a jury dey selected (picked / de one wey dem choose) and sequestered.,di district judge dey required to assess di probable publicity wey go give dis shocking crimes (kinds of mata wey fit happen for one place or time) prior to di time a jury dey selected and sequestered.
"di dr. king no dey arrest seven times, but only four; and although hin claim say dire (na urgent or serious situation wey court suppose act fast on am) na such assault.","di dr. king no dey arrest seven times, but only four; and although hin claim to don assault some years earlier for connection wit hin arrest for loitering outside courtroom (room for kote), one of di officers wey make di arrest denied (bin drag mata / try to prove point) say e dey such assault."
"dis""how you dey move""variable fit get plenty possible values, including: ""train"",""bus"", ""car"",""bicycle"", etc.","di ransport type""variable go get quite few possible values, including: rain"", us"", \car"", icycle"", etc."
"we go insist on complexity, kritikal tinin be say make we dey examine tori and ideas well, sabi wetin dey happen, and use am take make sense decision, and subtle (small-small) attention to di nuances of language while also opening (hole / start / vacancy) awaselves upto new insights wey dey arise (to show face / start to happen) from translingual process for student writing?","how fit we insist on complexity, critical thinking (to reason / deep thought), and subtle attention to di nuances of language while also open ourselves upto new insights wey dey arise (to show face / start to happen) from translingual process for student writing?"
we dey one wit di dissent (to no gree / judge wey get different mind) say di goment's authority and expertise for dis matter no automatically trump di court's own obligation to secure (to make sure e safe / tie down) di protection wey di constitution grant to individuals,"we dey one wit di dissent say di goment's""authority and expertise for dis matter no automatically trump di court's own obligation to secure di protection wey di constitution grant to individuals"
di washington court of appeal revers di conviction.,di washington court of appeal reversed (to change de judgment / turn am back) di conviction.
"however, no legal repercussions follow breaking social customs.",di legal repercussions follow violating (di act of examining resemblances wey dey examinin resemblances wey dey examinin resemblances wey dey examinin resemblances) social customs.
di defendant no defense as to state facts unless hin fit persuade di jury say dem dey true for all dia particulars.,di defendant don no defense as to stated facts unless hin fit persuade di jury say dem dey true for all dia particulars.
"di smaller scale of middle byzantine church also coincided wit reduction of large, public ceremonies.","di smaller scale of middle byzantine churches also coincide wit reduction of large, public ceremonies."
"di card dey place black side up or white side up completely at random, wit di randomisation occur only after di experimenter don left di room wit di participant.","di card dey place black side up or white side up completely for random, wit di randomisation occurring only after di experimenter don left di room wit di participant."
"for example, firefighter go need to be beard-free if a beard interfere wit di proper functioning of oxygen mask, critical piece of equipment wey fighting fires (di tin wey de show when somtin de burn).","for example, firefighter go required to beard-free if beard interfere wit di proper functioning of oxygen mask, critical piece of equipment wen fighting fires (di tin wey de show when somtin de burn)."
"if we make we look di plot for figure 14.1, e dey tempting to conclude (make somtin end) say joyzepam dey better than di placebo and better than anxifree, but nano real dierence between anxifree and di placebo.","if we make we look di plots for figure 14.1, e dey tempt to conclude (make somtin end) say joyzepam dey better than di placebo and better than anxifree and di placebo."
we call di tags()method on di returned object wey return dictionary (book or app wey dey explain word meanings) of tag objects (things / items),we call di tags()method on di returned object wey return dictionary (book or app wey dey explain word meanings) of tag objects (things / items).
di intelligent (di capacity for thought and reason especially to high degree) being?,any intelligent being?
di judge originally rule say di jury go dey instruct say di burning of cross by imself dey sufficient (di quantity wey fit fulfill need or requirement but without being abundant) evidence from which y dey infer di required intent,"di judge originally rule say di jury go instruct""that di burning of cross by itself dey sufficient evidence from which y ou go infer di required intent"
i turnout say exactly 95 of dem contain di true mean.,"across di 100 replications wey i simulated, e turnout say exactly 95 of dem contain di true mean."
"di debt (na money wey persin suppose pay to anoda persin or entity) dey, for true, discharged (na wen persin free from legal duty or work obligation)","di debt dey, for fact, discharged (dem don give am de work / hand over task)."
na later on you go tweak few of di command inside di le(maybe for new le call mynewdatanalaysis).,later on you go tweak few of di command wey dey inside di le(maybe for new le call my newdatalaysis.
"di proses of puttin down tori for paper, from wen you dey plan am, draft (na written order to bank or persin to pay specified money) am, edit am, till you finish am well, di readers' expectations, and di grammar (di rules for language) anxiety (worry)","dem expectations, and grammar anxiety (soft work / e no hard at all)."
dem dey identical.,e dey identical
"yet as we see, to rule out di impossible (no fit happen) never lead me make prediction (di act of predicting (as by reasoning about di future)).","we saw, ruling out di impossible (no fit happen) never led me to make prediction (di act of examining resemblances wey dey examinin resemblances wey dey examinin resemblances)."
"di right of free speech no absolute (everitin de complete, no comma) for all times and under all circumstances.","di broadest scope to di language and purpose of di fourteenth (number fourteen) amendment (wey go bring freedom to pipo), e dey well understood say di right of free speech no dey absolute (everitin de complete, no comma) for all times and under all circumstances."
di insert into di member (one person inside join-body) table dey simply insert di two integers as new or existing (wetin dey ground now / active) row based on di constraint to make sure we no end up wit duplicate entries for di member table for particular user id combination.,di insert into di member table dey simply inserting di two integers as new or existing row depending on di constraint to make sure we no end up wit duplicate entries for di member table for a particular user id course id combination.
e no dey.,"if e dey unforeseeable (na wen one persin carry anoda persin go court to seek justice), then e no dey."
"if you dey any good for your job, you go do whole lot of oda things too, but let's consider just dis one simple experiment.","if you dey any good for your job, you go also do whole lot of oda things too, but let consider just dis one simple experiment."
"na robson first amendment (wey go bring freedom to pipo) 149 di months of negotiations (to drag price / settle mata through talk) over di proper level of compensation for teachers for di wyoming valley west highschool dey unquestionably a matter of public concern, and respondents (people wey dey answer case for kote) dey clearly engage for debate (fomal talk where two pipu dey talk against each oda) about say concern.","first amendment (wey go bring freedom to pipo) 149 di months of negotiations over di proper level of compensation for teachers for di wyoming valley west highschool dey unquestionably matter of public concern, and respondents (people wey dey answer case for kote) dey clearly engage for debate (fomal talk where two pipu dey talk against each odas) about dat concern."
"for research among asian americans, receiving (to collect / receive) financial services from other asian americans lead to better financial outcomes; di clients (customers / people wey hire expert) dey more likely to obtain loans (borrowed money / credit) and to save more and longer.","for research among asian americans, receiving financial services from oda asian americans ledtobetter financial outcomes (di first to last to last); diclients dey more likely toobtain loans and tosave more andlonger (zorta, 2004)."
"di remember, all for science dey to know dis issue, and does what dem fit to alleviate am","remember, everyone for science dey aware of dis issue, and does wey dem fit alleviate am"
"children fit feel relief once dem resettle, but resettlement fit bring additional challenges including financial stressors, difficulties finding adequate housing and employment, lack of community support, new family roles and responsibilities (de loads or work wey person get for head) wey often dey transcend developmental (di development of or relating to or constituting development) age, acculturation stressors such as disagreement (say dem no agree) and conflict between different generations— especially parents and children between children and parents, and struggle to form cultural identity for di resettled country.","children go feel relief once dem resettle, but resettlement fit bring additional challenges (di demanding or stimulating situation a demanding or stimulating situation a demanding or stimulating situation) including financial stressors, difficulties finding adequate housing and employment, alack of community support, new family roles and responsibilities wey often transcend developmental age, acculturation stressors such asgenerational conflict between children andparents, and struggle to form cultural identity for di resettled kontri. 5. 2 mental health challenges 101 abed"
"di age<- c(60, 24, 26, 34, 42, 31, 30, 33, 2, 9)for some situation, suppose i dey quite helpful to group dem into smallish number of categories.","for example, suppose i interest for looking for di age distribution of pipo for social gathering:> age<- c(60, 58, 24, 33, 33, 31, 33, 33, 33, 33, 33, 33, 33, 33, 33, 33, 33, 33, 33, 33, 33, 33, 33, 33, 33, 33, 33, 33, 33, 33, 33, 33, 33, 33, 33, 33, 33, 33, 33, 33, 33,"
"you go expect to find a big macon di menu, perhaps chicken mcnuggets plus french fries too.","you go expect to find big macon di menu, perhaps chicken mcnuggets and french fries too."
"dem call di\continuity correction (di act of offering improvement to replace mistake)"", or sometimes di yates correction","e dey call di\continuity correction (di act of examining resemblances wey dey examinin resemblances wey dey examinin resemblances)"", or sometimes di yates correction (di act of examining resemblances wey dey examinin resemblances wey dey examinin resemblances)."
"di example, you go wan to calculate di probability say today dey rainy(i. e, hypothesis hin true)and i'm carry umbrella(i. e, data dis observed).","di example, you go wan to calculate di probability wey today dey rainy(i. e, data dis observed)."
"c x2 n di idea here na say di statistic dey suppose range between 0(no for all association)and 1(perfect association), but e no dey always do dis when your one table wey dey show how two things connect dey bigger than 2, wey dey total pain.",di idea here na say di statistic dey suppose range between 0(no for all association)and 1(perfect association) and take di square root (di main place wey everything start).
"at times, if immigrant fit communicate (di transmit information wey dem transmit information) for english, providers fit assume say di level of understanding of di immigrant patient (person wey dey hospital / person wey get endurance) dey higher than wetin di immigrant patient fit actually understand.","attimes, ifan immigrant fit communicate inenglish, providers go assume say dielevel of understanding of di immigrant patient (person wey de act feem) ishigher than what theimmigrant patient ishigher than what theimmigrant patient ishigher than what theimmigrant patient ishigher than what theimmigrant patient ishigher than what theimmigrant patient fit actually understand(flores, 2006)."
we fit use tuple assignment for forloop to transverse dis dictionary (book or app wey dey explain word meanings).,we go use tuple assignment for forloop to traverse dis dictionary (book or app wey dey explain word meanings).
"di jury dey allowed (bin give chance / bin gree) to impose (to force law or fine for person head) liability without fault and dey permitted to presume damages without proof of injury, new trial dey necessary.","di jury dey allowed (bin give chance / bin gree) to impose (to force law or fine for person head) liability without fault and dey permitted to presume damages without proof of injury, new trial dey necessary."
"di rdata"" dey actually a variable wey you wan save, and you go get error message","di rdata"" dey actually a variable wey you wan save, and you go get error message."
di each of dis dey known as collective (di cooperative enterprise wey dey cooperative enterprise) mark,di each of dis dey known as collective mark
dem no dey denied (bin reject / talk say no be so) or abridged,dem no dey denied (bin reject / talk say no be so) or abridged.
brao woman dey make rice wine for jar— wikimedia commons cc by-sa 3.0.,di brao woman make we look jar wikimedia common cc by-sa 3. 0.
for marilyn sheppard,di marilyn sheppard
di largest barriers (something wey dey prevent you from reaching a place or thing) to higher-paying employment for immigrants na lack of education and english-speaking ability. approximately 29%of immigrant workers no hold highschool diploma compared (bin compare) to only 7%of their native-born peers (mate / level).,"di largest barriers tohigher -paying employment for immigrants dey lack of education andenglish-speaking ability. approximately 29% of immigrant workers donothold ahigh school diploma compare to only 7%of their native-born peers(singer,2012)."
"di one way to do dis nato do exactly what i just don do, and describe all using percentiles (di numbers wey divide into 100)","one way to do dis nato do dis nato do dis nato do exactly what i just do exactly what i just do, and describe all for terms of percentiles."
"e dey enrolled students, develop family scholars (deep students / book people) wit aninterest forimmigrant andrefugee displacement andresettlement process, include family dirapists wey dey work wit immigrant andrefugee families and emerging family scientists (pipo wey sabi science) conduct research ontheexperience ofimmigrant andrefugee families.","enrolled students, develop family scholars (di members of business venture create by contract) wit aninterest for immigrant and refugee displacement andresettlement process, include family therapists currently work wit immigrant and refugee families and emerging family scientists conduct research on di experiences of immigrant and refugee families and emerging family scientists conduct research on di experiences of immigrant and refugee families and emerging family scientists conduct research on di experiences of immigrant and refugee families and emerging family scientists conduct research on di experiences of immigrant and refugee families."
"di scientist(but rather fortunately for di general populace), e dey suppose say we dey analyse (to look somtin wella to sabi am) data from eld experiment, looking at di emotional status of pipo wey dey accused (person wey dem talk say e do bad) of witchcraft; some of whom dey burn for di stake (share / interest for something).","di scientist(but rather fortunately for di general populace), e dey hard to nd pipo for di process of being set on re, so di cell counts dey awfully small for some case."
i dey take di approach of describing (di description wey dey give a description wey dey give) di logic(and to an extent di mathematics) wey underpins particular analysis rst; and only den introducing dircommands wey you use to produce di analysis.,i generally take di approach of describing di logic(and to extent di mathematics) wey dey underpin di analysis.
di nutrients to european plant dey poison to australianones,di nutrients to european plants (better-better tins wey person gain) dey poison to australian ones.
di charlie get nothing specifically from claire for di criminal case oda than di general satisfaction of knowing (with full sabi / person wey get info) say hin attacker don convicted (na wen court or jury find persin guilty of criminal charge) of crime.,di charlie get nothing specifically from claire for di criminal case oda than di general satisfaction of know say hin attacker don convicted (na wen court or jury find persin guilty of criminal charge) of crime.
"a. thiamine b. phosphorus c. folic acid d. vitamin c kritikal tinin be say make we dey examine tori and ideas well, sabi wetin dey happen, and use am take make sense decision questions 30. tok how metabolism fit dey altered (changed).",a. thiamine b. phosphorous c. folic acid d. vitamin c critical thinking (to reason / deep thought) questions 30. describe ho w metabolism go dey altered.
"di source dey create by legal scholars (deep students / book people) no be by recognized, legitimate law- create authority.","di sources dey create by legal scholars (di members of business venture create by contract) no be by recognized, legitimate law- creating authority."
di court no endorse di categorical rule di goment robson first amendment (wey go bring freedom to pipo) 107 advances (progress / front money): say false statements receive no first amendment (wey go bring freedom to pipo) protection.,di court don endorse di categorical rule di goment robson first amendment (wey go bring freedom to pipo) 107 advances (e dey processing a photosensitive material for order make image visible): say false statements receive no first amendment (wey go bring freedom to pipo) protection.
di delete (to comot somtin kpata kpata from file or system wey e dey) command show di use of where clause wey allow us express selection (choosing / pick-pick) criterion so we fit ask di database to apply di command to only di row wey match di criterion.,di delete command show di use of where clause wey allow us to express selection (choosing / pick-pick) criterion so say we go ask di database to apply di command to only di rows wey match di criterion.
"di concurring opinion joined by douglas, j. goldberg, j, issue a concurring opinion joined by douglas, j. goldberg, j, issue a concurring opinion joined by douglas, j.","black, j, issued a concurring opinion joined by douglas, j. goldberg, j, issued a concurring opinion joined by douglas, j. goldberg, j, issued a concurring opinion joined by douglas, j. goldberg, j, issued a concurring opinion joined by douglas, j."
"di participants also use di extensive (wide / big / plenti) use of summarization as learning tool apart from relying (to lean on / trust person) on summarization skill to complete various sourcebased writing assignments, di participants also use am extensively (di widespread way) for dia study as effective way to organize information.","di participants also use am extensive (wide / big / plenti) use of summarization as learning tool (tinwey or ogbe wey dem dey use do sometin or wok) apart from relying on summarization skill to complete various sourcebased writing assignments, di participants also use am extensively for dia studies as effective way to organize information."
i nd say e dey easier (no hard / simple) to interpret di results of type ii test than di results of a type i or type iii test.,i nd say e dey usually easier (no hard / simple) to interpret di results of type ii test than di results of type ii test than di results of type ii test than di results of type ii test than di results of type ii test than di results of a type ii test than di results of type ii test.
di ethical obligations (all de things wey people gats do) of corporations dey?,di ethical obligations of corporations dey?
for 011?,wetin about 011?
understand boundaries (di line or plane indicating di limit or extent of something) plus limitations on patent rights.,understand boundaries (di thing wey dey predict) and limitations on patent rights.
prominent (well-known or important) pro-life politicians (di leader wey dey engage for civil administration) launched vitriolic attacks on di judges involved.,di prominent pro-life politicians (people wey dey stand for oda people / agents) launch vitriolic attacks on di judges involved.
"hyperlink: thefts (stealing / tifi-tifi), skimming, fake (somtin wey no de real) invoices, oh my!","hyperlink: difts, skimming, fake invoices, oh my!"
di important type of history eect na di eect of repeated testing (check-am / confirm-am) eect na di eect of repeated testing.7. 3 repeated testing eect dey important type of history eect na di eect of repeated testing.,"di very likely say pipo go begin get bored and tired, and say dis maturational eect go cause performance to decline, regardless (di usually follow by `of') of anything else go on for di experiment wey dey experiment) of anything else go on for di experiment 2.7. 3 repeated testing eect of repeated testing eect of repeated testing eect of repeated testing."
"di number of package wey i to talk about but no dey use for dis book, such as reshape, compute.","di number of package wey i to talk about but no use for dis book, such as reshape, compute. es, hintdata and multcomp among odas."
"study conducted (bin do de work / bin manage de event) by di robert wood johnson foundation(garrett, 2006)find say e dey extremely difficult for refugees to move from low-paying to better paying (to drop money / settle bill) jobs (work / hustle / different employments) after dem don adjust to living for u. s. because many lack english language skills and education.","a study conducted by diobert woodjohnson foundation(garrett, 2006)found wey dey extremely difficult for refugees tomove from low-paying to better paying jobs after dem get adjusted to better paying jobs after dem get adjusted to better paying jobs after dem get adjusted to better paying jobs after dem get adjusted to better paying jobs after dem get adjusted to better paying jobs after dem don adjusted to found for u. s because many lack english language skills and education."
di movement (to waka / shift / group wey get goal) of na+and ur ea into di int erstitial spaces by dis mechanisms (system wey dey produce one particular result) cr eat di hyper osmotic environment of di medul la.,di movement (to waka / shift / group wey get goal) of na+and ur ea into di int erstitial spaces by dis mechanisms (system wey dey produce one particular result) create di hyper osmotic environment of di medul la.
"di judgment no dey important say di goment and its employees for fact avoid practicing (as of jobs and professions wey dey carry out or practice) political justice, but e dey critical say dem appear to di public to dey avoid am, if confidence for di system of representative (di person wey represent oda person wey represent odas) goment no be disastrous (for events) wey dey having extremely unfortunate or dire consequences) extent.","di consideration for dis judgment: e no only important say di goment and its employees for fact avoid practicing political justice, but e dey critical say dem appear to di public to be avoid am, if confidence (di freedom from doubt) for di system of representative (di members of business venture create by contract) government no dey eroded to disastrous extent."
dem implement bans (ban / block-am / no-gree-make-e-happen) on texting while driving (to drive motor / push something go front).,many states dey implementing bans on texting (written words / messages) while driving.
"di parties dey obligate to turnover material wey support dia own case, without demand from di oda side.","di parties dey obligated to turnover material wey support dia own case, without demand from di oda side."
"di inside two doors dey reveal a miniature effigy (a representation of specific person, typically for sculptural form)of di saint wey likely references (di books and papers wey dem use) hin pilgrimage shrine, wey dey thought to be site (building ground / location) for miracles.","di inside two doors dey reveal behind which reclines miniature effigy (a representation of specific person, typically for sculptural form)of di saint wey likely reference (citation of specific person, typically for sculptural form) hin pilgrimage shrine, wey dey thought to be site for miracles."
"we suppose say, wen we collect di data, e turnout di large(and statistically signi cant) dierence between di\milk and sugar""group and dio-milk and no-sugar""group and dio-milk and no-sugar""group.","we collect di data, e turnout na large(and statistically signi cant) dierence between di\milk and sugar""group and dio-milk and no-sugar""group and dio-milk and no-sugar""group."
di lived (stay life / bin stay) experience no dey di only resource (one thing wey fit help) wey chozin bring to hin graduate work.,di lived experience dey certainly (kpam-kpam / true-true / without doubt) no di only resource wey chozin go hin graduate work
dem agree wit filmmaker achbar say corporation go be psychopathic?,di filmmaker achbar say corporation go dey psychopathic?
"di author (person wey write de tin / originator) tok say marilyn sheppard dey still off stage, and say she dey only child (pikin / smallie) wey she dey young and whose father no interest for di case.","di author (person wey write de tin / originator) then noted marilyn sheppard dey still off stage, and say she dey only child (pikin / smallie) wey dey mother die wen she dey young and wey dey father no interest for di case."
di case dey tried (bin try / test) on both stipulated (mention for agreement) evidence and oral (talk-talk / wetin comot from mouth) testimony.,"di case dey convened, and di case dey tried on both stipulated evidence and oral testimony."
di null model go be model.1 since di main eect of drug,di null model go model.1 since e contain only di main eect of drug.
"others dey able to support their families, but don have to leave everything behind to travel to safety (safe condition / no wahala) after conflict or natural disasters.","di odas dey able tosupport dia families, buthadtoleave all behind to travel tosafety after conflict or natural disasters."
di problem na say di plot. formula()function use dierent names to for di argument than di plot()function expect.,di problem na say di plot. formula()function use dierent name to for di arguments than di plot()function expect.
"dem clarify di mental state wey dey necessary to violate (to break law / go against rule) 2339b, requiring (dem need am / e gats dey dere) knowledge of di foreign group's designation as terrorist organization or di group's commission of terrorist acts (deeds / many laws wey don pass).","first amendment (wey go bring freedom to pipo) 52 for irtpa, congress clarified di mental state necessary to violate 2339b, requiring knowledge of di foreign group's designation as terrorist organization or di group's commission of terrorist act."
"forstead, try to break di problem for half (one of two tins wey de equal from anoda tin)","forstead, try to break di problem for half (one of two tins wey de equal from anoda tin)"
"di authors (di pipo wey write am) describe two variations (di rate or magnitude of change) of di course, one taught (bin teach) for george washington university for washington, d. c. and open only to l2 students and di oda taught for middlebury college for vermont and offer to both l2 students and di oda taught for middlebury college for vermont and offer to both l2 students.","di authors (di pipo wey write am) describe two variations of di course, one taught for george washington university for washington, d. c. and open only to l2 students and di oda taught at middlebury college for vermont and offered to both l1 and l2 students."
di court don tok say a person wey dey associat wit group wey use unlawful means to achieve (to make am / reach target / blow) its ends (where e finish / targets) no dey necessarily (di essential manner wey dey essential for di essential manner) forfeit first amendment (wey go bring freedom to pipo)'s protection for freedom of association.,di court don read say person wey associates wit group wey use unlawful (something wey no common / different style) means to achieve (to make am long / increase de reach) its end no thereby necessarily forfeit first amendment (wey go bring freedom to pipo)'s protection for freedom of association.
"one of di reason we need all dis sampling theory na say every group of related numbers or data wey belong together leave us wit some of uncertainty, so awa estimates no go dey perfectly accurate.","di discussion illustrate (to show how e be), one of di reason wey we need all dis sampling theory dey say every group of related numbers or data wey belong together leave us wit some of uncertainty, so awa estimates no go be perfectly (e remain small / almost) accurate."
"if di amount of water inside cell fall to av alue wey dey t oo low, di cyt osol becomes (turn to / start to be) to concentrate wit solut e to carry on normal cellular activities; if t oo much water enters ac ell, di cell ma y burst and be destroyed (bin spoil kpatakpata / scatter).","di cyt osol become t oo concentrated wit solut e to carry on normal cellular activities; if t oo much water enter ac ell, di cell ma y burst and be destroyed."
"di trial judge don before him newspapers show say di crime don draw intensive news coverage (how far insurance or news cover de mata), and di testimony of di county (area / local government division) judge, wey don enter di initial (de first one / start-start) restraining order based on di local and national attention di case don attract.","di trial judge don before him newspapers (di daily or weekly publication on folded sheets) demonstrating say di crime don draw intensive news coverage, and di testimony of di county judge, wey don enter di initial restraining order based on di local and national attention di case don attracted."
e dey make we look dem one time,so make we look dem one for time
imagine say government dey draft (na written order to bank or persin to pay specified money) compulsory (for rule wey dey required by rule) military service(di draft)on top say you go prison if you no join milatary by force by fire (di tin wey de show when somtin de burn),"for example, imagine goment say institutes compulsory military (soja mata / army) service(the draft)under threat of imprisonment for fail to comply."
as you go get two dierent groups of observations arises (e show face / e start to happen) wen you go get two dierent groups of observation.,di much more common situation arises (wetin person get for mind to do) wen you go get two dierent groups of observations.
"as you see, wen di true value of dey close to 0. 5, di power of di test drop very sharply, but wen di power dey large, di power dey large","di power of di test drop very sharply, but wen di true value of dey close to 0. 5, di power of di test drop very sharply, but wen e dey further away, di power dey large."
"na, perhaps no.","or, perhaps no dey."
"because dem dey carried (bin carry / bin move load) in lipds, fat-soluble vitamins fit dey accumulated for di lipids wey dey stored for di bodi",di fat-soluble vitamins fit ac cumulat e for di lipids store for di bodi.
"di reason wey dey use dis expanded notation dey to help you remember say we dey calculat standardised (di standard evaluate by comparing wit standard standard) version of a di average number, note standardised version of a single observation, wey dey what az-score usually to talk about).","di reason for using dis expand notation dey help you remember say we dey calculating standardised version of single observation, wey dey what az-score usually refers to)."
"di ownership interest dey important for matters of possession, right to transfer, right to profit (gain / better money from business) from di land, and liability.","di ownership interest dey important for matters of possession, right to transfer, right to transfer, right to transfer, right to transfer, right to transfer, right to profits (gain / better money from business) from di land, and liability."
di question don dey common.,di notice say all of dis question don something for common
"according to di report, something wey go ginger persons exist to favor (to help person / partial follow-up) businesses over consumers (people wey buy and use market) inside di to settle matter outside kot with judge process.","di report, incentives exist to favor businesses over consumers (people wey buy and use market) for di arbitration process."
"di experience, most psychology experiments dey sampling without replacement, because di same person no fit participate for di experiment twice.",di same person no allow to participate for di experiment twice.
"inside fact, you go get a potential claim against di painters for interfering (e dey kom between so as to be hindrance or obstacle) with your property plus entering your land without your permission (di approval to do something).","for fact, you go get potential claim against di painters for interfering (di act of examining resemblances wey dey examinin resemblances wey dey examinin resemblances) wit your property and enter your land without your permission (di approval to do something)."
refugees currently (for now / as we dey so) residing for their di country wey receive and give a home to immigrants or refugees and their family members wey dey awaiting permission (di approval to do something) to join dem must both work through cumbersome systems for their respective (e dey consider individually) countries.,refugees currently (for now / as we dey so) residing for their host country and their family members awaiting permission (di approval to do something) tojoin dem must both work through cumbersome systems for their respective (di act of examining resemblances wey dey examinin resemblances wey dey examinin resemblances) countries.
i no go use am,if e no dey able to use am
"e dey unlike (no be like) spermat ogonia, however, oogonia form primary oocyt e for di fetal o vary prior to birth (born pikin).","unlike (no be like) spermat ogonia, however, oog onia form primary oocyt e for di fetal o vary prior to birth (where e start from / source)."
"di need to make profit na one truism wey bind (tie / hold together) all businesses together, but beyond dat, e hard to draw generalizations (to generalize about something) about business operations (dem do wit di execution of trades and keeping customer record).","di need make profit (gain / better money from business) dey one truism wey bind all businesses together, but beyond say, e hard to draw generalizations about business operations (dem do wit di execution of trades and keeping customer record)."
di degree of control wey di researcher exercise over di pipo and events for di study.,we dey talk about na di degree of control say di researcher exercise over di pipo and events for di study.
"but suppose we get significant interaction term, but non-significant main effect of milk.","but suppose we get signi cant interaction term, but non-signi cant main eect of milk."
"for a computer,0. 1 dey actually one for nitely long binary number","di computer,0. 1 dey actually an for nitely long binary number"
we don highlight di requirement say di governmental interest for question be unconnected to expression for order to kom under o'brien's less demanding rule.,we] don highlight di requirement say di gomental interest for question be unconnected to expression for order to kot under o'brien's less demanding rule.
"for example, suppose sey we dey try to run anova with three factors, a, b, and c, and we wan to consider all possible main effects and all possible interactions (how people relate / communication), including di three-way interaction a: b: c.","we dey try run anova wit three factors, a, band c, and we go consider all possible main eects and all possible interactions, including di three way interaction, including di three way interaction a: b: c."
"di degree of freedom"" no fit be whole number anymore, and di number of constraints (rules wey dey prevent you from going too far) wey i dey use upto dis point.","di \degrees of freedom"" no get whole number anymore, and e no correspond all wey closely (near-near / check am well-well) to di umber of data points minus di number of constraints"" heuristic wey i dey using upto dis point."
di amino acids dey processed and stored as glucose or k etones,di amino acids dey process and store as glucose or k etones.
"di fourth (number four) count lays conspiracy to incite curtailment of production of things wey dey necessary to di prosecution of di war and to attempt to accomplish am by publishing (di business of issuing printed matter for sale or distribution or distribution) di second leaflet, to which i don referred (bin talk about / bin point to).","di fourth count dey conspiracy to incite curtailment of production of things wey dey necessary to di prosecution of di war and to attempt to accomplish am by publish di second leaflet, to which i don talk."
"di means say if evidence dey obtained (bin collect / bin get de tin for hand) for violation of di fourth (number four) amendment, then dem no use against di defendant for court of law.","di means say if evidence dey obtained (bin drag mata / try to prove point) for violation of di fourth (number four) amendment (wey go bring freedom to pipo), then e no use against di defendant for court of law."
"di urinary system and homeos tasis 1145 acute kidney injury don dey caused (wetin make de tin happen) by number of factors, including transplants and oda surgeries.","di urinary system and homeos tasis 1145 acute kidney injury fit be caused (wetin person get for mind to do) b di number of factors, including transplants and oda surgeries."
i just waned make di point wey rcontains whole lot of functions wey dey corresponding to dierent kinds (different types / varieties) of hypothesis test.,i just wan make di point wey rcontain a whole lot of functions corresponding to dierent kinds (different types / varieties) of hypothesis test.
di communists no building just for today di rest of us go profit (gain / better money from business) by dia example.,di communists no dey building just for today di rest of us might profit (gain / better money from business) by dia example.
e dey understand say limited liability entities (organizations / separate things or bodies) dey now heavily favored.,why limited liability entities (organizations / separate things or bodies) dey now heavily favored.
"di point, we dey suppose done",we dey basically done
"dem require llcs to get di letter""llc"" or words""limited liability company""for di official business name.","di most states require llcs to get di letters""llc"" or words""limited liability company""in di official business name."
"i no see di point of di cross-bars on standard boxplot, so i deleted dem","i no see di point of di cross-bars on standard boxplot, so i dey deleted dem"
"according to cole(2006), in spite of its history as nation of immigrants, u. s. remain deeply nationalist (one wey love and defend hin or her kontri) and quite parochial; di law dey reflect (to show) dat parochialism.","according tocole (2006), for spite of immigrants, di u. spite of immigrants, di u. spite of immigrants, di u. spite of immigrants, di u. spite of immigrants, di u. s. remain deeply nationalist andquite parochial; dilawreflects wey parochialism."
"di function wey you need use dey call hist(), and e get reasonable default settings (different environments / locations).","di function you need use dey call hint(), and e don reasonable default settings (different styles / papers to fill)."
treating immigrants and refugees within u. s. dey offer unique opportunities (di possibility due to a favorable combination of circumstances) and challenges (di demanding or stimulating situation a demanding or stimulating situation).,treat immigrants and refugees within u. s. offersunique opportunities (di measure of how likely e dey say some event go occur) andchallenges (wetin people tink / how judge see de mata).
di plaintiffs don get two diories available to dem.,"di product dey unreasonably (kpam-kpam / true-true / without doubt) dangerous (something wey get wahala / e fit cause damage), plaintiffs don two theories available to dem."
di aim of di struggle[against those taxes (money wey gofment dey collect from people hustle)]na.,di aim of di struggle[against those taxes (business paddy / colleague)] dey.
"e dey calmer now, so wit any luck version 0. 5 go be a bigger step forward (front / moving on).","di things wey dey little calmer now, so wit any luck version 0. 5 go be bigger step forward (di ambiguity dey free from ambiguity)."
"how educator, social worker, therapist, religious (matter of church or mosque / person wey follow god) spiritual leader, employer, etc. fit respond?","how might educator, social worker, therapist, religious spiritual leader, employer, etc."
di power wey dem give to congress to tax and spend money,learn about di power given to congress to tax and spend money.
"di""no -beard""employment policy dey problematic (di open to doubt or debate) for african americans.","a""no -beard""employment policy go also be problematic for african americans."
di following program use findall() to find di line wit email (electronic message wey person de send or collect on top internet) addresses for demand extract one or more addresses from each of di line.,di following program use findall() to find di lines wit email addresses for dem and extract one or more addresses from each of those lines.
"di most complete ownership interest dey represent by fee simple absolute (everitin de complete, no comma).","di most complete ownership interest dey represent by fee simple absolute (everitin de complete, no comma)."
we need to specify di name of di group wey dey scores dey expected (wetin person tink say go happen) to be larger (wey big pass) under di other idea.,di name of di group wey dey scores dey expected to be larger (wey big pass) under di other idea.
we go con ask python make e to show d value wey dey y.,we ask python to print out di value currently for y.
"di panel b we get sample of 100 observations, and panel c we get sample of 10, 000 observations, and panel c we get sample of 10, 000 observations","di panel b we get sample of 100 observations, and panel c we get sample of 10, 000 observations."
we dey think?,wetin you think?
di big bad world of mathematics scos for awa decimal numbers.,"di big bad world of mathematics scos for awa decimal numbers dey built around di number 10, but di big bad world of mathematics scos for awa decimal numbers."
"di students go ask me to take di easiest part or give me di least amount of time to present, wey i dey always against.","sometimes students go ask me to take di easiest part or give me di least amount of time to present, wey i dey always against."
"di loop condition dey index< len(fruit), so when index dey equal to di length (how e long reach) of di string, di condition dey false, and di bodi of di loop no dey executed (na wen di persin dem wey suppose sign done sign contract already).","di condition dey index< len(fruit), so wen index dey equal to di length (how e long reach) of di string, di condition dey false, and di bodi of di loop no executed."
"di issue, and over a dissent (to no gree / judge wey get different mind) by seven judges, rehearing en banc denied (bin reject / talk say no be so).","di issue, and over dissent by seven judges, rehearing en banc dey denied (bin drag mata / try to prove point)."
"di first nominee dey close personal friend, harriet miers.","di first nominee dey close personal friend, harriet miers."
we use di median command:> median(x= afl. margins)[1] 30. 5 wey output di middle number of 30. 5.,we use di median(x= afl. margins) [1]30. 5 wey output di median value of 30. 5. 5 wey output di median value of 30. 5.
"di other idea na say di population mean di value,0","di other idea na say di population mean diers from dis value,0."
"note, however, wey legally (inside law / wetin law gree make person do) lily's landscaping na still no different from lily herself.",di legally (inside law / wetin law gree make person do) lily's landscaping no different from lily herself.
"we call di party method for dis line: an. party()wen di party method dey call, di first parameter(we call convention self)points to di particular instance (one example of somtin) of di party animal object wey party dey call from.",we call di party method for dis line: an. party()when di party method dey call by convention self)points to di particular instance (one example of somtin) of di partyanimal object wey party dey call from.
"e dey experiment, as all life dey experiment","e dey experiment, as all life dey experiment"
"we dey willing to tolerate type i error rate of 5%), then we go choose awa critical value so say na only 5%chance say x2 go get big if di null idea dey true.","we go tolerate type i error rate of 5%), then we go choose awa critical value so say x2 go get to be say big if di null idea dey true."
"a scale model of im invention (new machine or idea wey person build) na on display at di smithsonian(figure 9. 3""president lincoln's patent"").","di scale model of hin invention dey on display for di smithsonian(figure 9. 3""president lincoln's patent"")."
"na once we send blank (empty / nothing dey) line, we write loop wey dey receive data for 512-character chunks from di socket and prints (copy / mark / print-am-out) di data out until no more data to read(i. e, di recv() return empty string).","we write loop say blank line, we write loop wey receive data for 512-character chunks from di socket and print di data out until no more data to read(i. e, di recv() return empty string)."
"di authority dey congress regulate ideas, books, music, inventions (di creation of something for di mind) and creative works wey law dey protect as belonging to someone?",under what authority does congress regulate intellectual property?
di situation no dey problem.,so for those situations (kinds of mata wey fit happen for one place or time) no dey problem
"di sample program wey dey do dis task a little more effectively (sharp sharp), in case you go use dis pattern for program you dey write.","di py sample program wey dey do dis task a little more effectively, for case you actually wan use dis pattern for program you ar e writing."
di plaintiff don demonstrate say di defendant breach dat duty.,di plaintiff don demonstrate say di defendant breached wey duty.
"di method of legal reasoning dey dem dey call di irac method, wey dey acronym (word wey dem use the first letters of many words form) for issue, rule, analysis, and conclusion.","di method of legal reasoning dey to talk about as di irac method, wey dey acronym for issue, rule, analysis, and conclusion."
di task wey i need to do na construct frequency (how many times something dey happen) count of di number of words wey each character speak (to yan / talk / express mind) during di show.,"di data, one task i go nd myself need to do dey construct frequency count of di number of words each character speak (to yan / talk / express mind) during di show."
one difference wey worth making (to dey build or produce something) between two types of non-experimental research na di difference between quasi-experimental research and study of one or few examples.,one distinction worth make between two types of non-experimental research dey di dierence between quasi-experimental research andcase studies.
nano such restriction exist.,"di today, no such restrictions exist."
di denominator (di divisor of a fraction of fraction) of awa t-statistic look like.,di denominator of awa t-statistic looked like.
"if you don rely on less sensible assumption to make you learn, you fit no win di game.","di game dey relied (e don big pass before / e climb) on less sensible assumption to drive your learning, you fit no get di game."
di rise (to go up / increase) for pressure dey sustained (e hold ground / e last) by di aldos terone effects initiated by angiot ensin ii; dis include increase for na+retention and water volume.,di rise for pressure dey sustained by di aldos terone effects wey dey initiated by angiot ensin ii; dis include increase for na+retention and water volume.
"if you like to get clean (neat / no stain) record of what you dey last time, how you do am, and why you do am di way you do.","di way you do am, and why you do am, and why you do am di way you do."
but i do no rest my conclusion upon a strict (no-nonsense / follow de rule exactly) categorical analysis.,i no rest my conclusion upon strict categorical analysis.
"di statute of limitations dey possible, though, for many case to toll di statute of limitations","e dey possible, though, for many cases to toll di statute of limitations."
"inside south korea, for example, attempts (to try / struggle to do something) to create a more open plus responsive democracy resulted (bin cause / lead to) inside a novel plus wholesale revision to di country's court system: di adoption of citizen juries (kote people wey dey judge).","for example, attempt to create more open and responsive (something wey fit happen / chance dey) democracy result for novel (na wen court or jury find persin guilty of criminal charge) and wholesale revision to di kontri court system: di adoption of citizen (person wey get right for de land / indigene) juries."
"ledbetter argued (bin drag mata / talk with proof) wey each paycheck e received (wetin enter hand / something wey person collect) bin dey an unlawful discriminatory (to partial / treat person bad because of who dem be) act, so di fact wey e filed im lawsuit within 180 days of im last paycheck means im lawsuit na within di time limit.","di fact say she file her lawsuit within 180 days of her last paycheck she receive di unlawful discriminatory act, so di fact say she file her lawsuit within 180 days of her last paycheck means her lawsuit dey within di time limit."
na something else?,or something else?
di liter results for di production of about 125 ml min fil trate produce for male(range of 90 to 140 ml min)and 105 ml min fil trate produce for females (range of 80 to 125 ml min)and 105 ml min fil trate produce for females (range of 80 to 125 ml min)and 105 ml min fil trate produce for females (range of 80 to 125 ml,di liter results for di production of about 125 mlmin fil trate produce for males(r ange of 90 to 140 mlmin) and 105 mlmin fil trate produce for females (range of 80 to 125 mlmin).
"she process wither parents, joachim and anna, along wit several candle-bearing maidens, toward di jewish temple.","she process wit her parents, joachim and anna, along wit several fitdle-bearing maidens, toward di jewish temple."
"for my everyday work i nd say di output produce by di objects()command no dey informative (di tendence to increase knowledge or dissipate ignorance) enough, because di only thing wey dey to show na di name of each variable; but di ls. str()function no dey quite informative, because di only thing wey i don like to make we look.","di reason for using di who()function dey tooinformative, because di only thing wey dey print out na di name of each variable; but di ls. str()function dey tooinformative, because di only thing wey dey print out na di name of each variable; but di ls. str()function dey tooinformative, because di only thing wey dey print out na di name of each variable; but di ls. str()function dey tooinformative, because di only thing wey dey print out na di name of each variable; but di ls. str()function dey tooinformative information wey i really no like to make we look."
di classification of personal property wey dey available to find property dey treasure trove.,di classification of personal property applicable (dem dey capable of being applied) to found property dey treasure trove.
"di bill of rights don focus on individual rights, but di bill of rights don focus on individual rights, but those amendments (adjustments to change law or agreement) don pass afta di constitution.","di bill of rights don focus on individual rights, but those amendments (wey go bring freedom to pipo) dey pass after di constitution dey written."
"di simple rules of name of variable as long as you follow di simple rules of name of variable, and avoid reserved words, you go get lot of choice wen you name your variables","choosing mnemonic variable name 272. 12 choosing mnemonic variable name 272. 12 choosing mnemonic variable names 272. 12 choosing mnemonic variable naming, and avoid reserved words, you go get alot of choice wen you name your variables."
"milbank, 84(1),111-133.","di milbank, 84(1), 111-133."
"according to donnelly(2003), dis dichotomy dey permit (to allow / give license) countries to fulfill dual and seemingly incompatible roles: essential protector and principle violator. for u. s, dis duality fit dey seen (bin see am / dem don notice) for di difference between di laws upon which di country dey founded and di implementation of these laws for equitable fashion (style of cloth wey de popular for one time).","according todonnelly (2003), disdichotomy permits countries tofulfill dual andseemingly incompatible roles: essential protector and principle violator. for u. s., disduality fit be in di difference between di laws upon wey di kontri dey found and di implementation of dis laws wey di kontri dey found and di implementation of dis laws wey di kontri dey found and di implementation of dis laws wey di kontri dey found and di implementation of dis laws for equitable fashion (style of cloth wey de popular for one time)."
"di ford family continue to create two class of shareholders (people wey get part for company business), di ford family continue to get a strong and decisive voice on di future direction (which way e dey go) of di company even though e dey publicly (open-open / for everyone eye) trade company.",di ford family continue to get strong and decisive voice on di future direction (which way e dey go) of di company even though e dey publicly traded company.
"we without question say dis interests dey robson first amendment (wey go bring freedom to pipo) 83 compelling (something wey strong well-well / e force you to pay attention), and say di ordinance (local government law / official order) go tok say di ordinance go promote (to push something go front / ginger) dem","we no doubt say dis interests (all de tins wey person eyes dey look / benefits) dey robson first amendment (wey go bring freedom to pipo) 83 compelling, and say di ordinance (where de mata happen / environment) go tok to promote dem"
"he also recogniz say hin past research go work to hin advantage if hin develop topic quickly and presented (dem show am / dem bring am out) potential partners wit fully formed idea, thereby (by dat way / because of dat) saving dem di bother of coming (e dey come) up wit one on dia own.","e also recognize say hin past research go work to hin advantage (upper hand / better chance) if hin develop topic quickly (fast-fast / sharp-sharp) and present potential partners wit fully (well-well / high-high) formed idea, thereby saving dem di bother of coming up wit one on dia own."
board of education v. barnette (1943).,board of education v. barnette (1943).
"we divide two groups, one group to march on st. augustine, florida, di oda group to march into mississippi.","we dey dividing into two groups, one group to march into mississippi."
di law go specifically prohibit employment discrimination on di basis of sexual (mata wey concern body-to-body) orientation.,di law go specifically prohibit employment discrimination on di basis of sexual (mata wey concern body-to-body) orientation.
di data dey include for di le awesome,di data dey include for di le awesome
"di harasser is di plaintiff, and you dey di defendant","di harasser dey di plaintiff, and you dey di defendant"
"e dey where all of di""thinking (to reason / deep thought)"" dey happen","e dey where all of di ""thinking""happen"
"any restraining order, still-still, must be narrowly (small-small / by whiskers / e remain small) drawn (bin write / bin pull something) and precise (correct / exact).","any restraining order, moreover, must be narrowly draw and precise."
"di name wey you give wey you need to specify nay, but you fit do dis for lots of dierent ways.","di main argument wey you need to specify na y, but you fit do dis for lots of dierent way."
"we don see three new distributions: χ2, t, and f.","we see three new distributions:2, tandf."
"first amendment (wey go bring freedom to pipo) go""trump"" defendants' rights?","for general, do you think first amendment (wey go bring freedom to pipo) go""trump"" defendants' rights?"
di whitespace errors (mistakes / faults) dey tricky because space and tabs dey invisible (invisinle mean say you no fit see am) and we dey use to ignor dem,di whitespace errors (mistakes / faults) go tricky because spaces and tabs dey invisible and we dey use to ignoring dem
"for hundreds of reporters, cameramen and onlookers dey there, and one representative (di person wey represent oda person wey represent odas) of di news media dey permitted to accompany di jury while di sheppard home.","di reporters, cameramen and onlookers dey there, and one representative (di person wey represent oda person wey represent oda person wey represent odas) of di news media dey permitted to accompany di jury while dem inspect di sheppard home."
"di only way i fit make any sense of what pipo typically report nato try to guess from auxiliary cues wey dem use, and to assume say dem no change di default settings (different environments / locations).","di only way i fit make any sense of what pipo typically report dey try to guess from auxiliary cues wey software dem dey using, and to assume say dem no change di default settings (different styles / papers to fill)."
di gradual ly begin to enlarge again.,"at appr oximat ely ag e 25, e gradual ly begin to enlarge again."
"she don stop work wen di weather get cooler and she return to school, but promis herself to restart di business next summer.","she don stop work wen di weather get cooler and she return to school, but promise herself to restart di business next summer."
di students go notice say di con dence intervals also have di opposite sign.,di students go notice say di con dence intervals also get di opposite sign.
"notice say if you add dese two numbers together, you go get 15.9%",if you add dis two numbers together you get 15: 9%
"di oda hand, you fit only assume risk wey you know about.","di oda hand, you fit only assume risk wey you know about."
di ideological message no only accompanies many threatening use of di symbol but merely (just / only dat one) to symbolize di supremacist ideology and di solidarity of those wey dey espouse am.,"di ideological message no only accompanies many threatening use of di symbol, bu t dey also express wen burning cross no use to threaten but merely to symbolize di supremacist ideology and di solidarity of those wey espouse am."
"di suppose you andi dey observin di wellesley-croker competition, and afta every three hills (ground wey go up but e no reach mountain) you andi don predict who go win di next one, wellesley or croker.","suppose you andi dey observing di wellesley-croker competition, and after every three hills you andi don predict who go win di next one, wellesley or croker."
"as congress enacted (dem don sign am into law) 2339b, congress simultaneously (di same instant for di same instant) remove an exception wey dey exist for 2339a(a) (1994 ed.)","fordeed (true-true / na so / for real), wen congress enacted 2339b, congress simultaneously remove exception wey dey existed for 2339a(a) (1994 ed.)"
how we take to tell r to check inside di one kind of table?,how we tell rto look inside di one kind of table?
"di none (nothing / nobody / zero) of dis fall within di purview of statistics, but e matter to di research project.","di purview of statistics, but e matter to di research project."
di angio tensin aldos terone renin na enzyme wey dey pr oduc ed by di juxtaglomerular (jg)c ells of di aff erent ar teriole for di jga.,di juxtaglomerular (jg)c ells of di aff erent ar teriole for di jga.
"a simple x to di problem dey to use a \heteroscedasticity correct covariance (how two things dey move same way) matrix"" wey dey estimating (di judge tentatively or form an estimate of (quantities or time)) di standard errors (mistakes / faults).","di simple x to di problem dey make use of a \heteroscedasticity (di highest wey somtin fit contain or do) correct covariance matrix"" wey estimating di standard errors (mistakes / faults)."
di quantity (how plenty tin be / amount) wey we wan to calculate na di probability say x4 give say we know say: 167 andn20.,di quantity wey we wan calculate na di probability wey x4 give say we know say: 167 andn20.
"na because of dis, adaptive transfer go encourage (to ginger / support) faculty to adopt (to carry pickin take as your own / follow a style) alternative discourses approach, such assay wey dey note by thaiss and zawacki (2006).","di adaptive transfer go encourage faculty to adopt (to carry pickin take as your own / follow a style) alternative discourses approach, such as dat noted by thaiss and zawacki (2006)."
e no should be seen (bin see am / dem don notice) as marginal issue wen compared (bin compare) to ptsd and other trauma-related diagnoses.,"e no dey asamarginal issue wen compared (bin give chance / bin gree) toptsd andother trauma related diagnoses (weine, henderson,&kuc, 2005)."
di le panel dey very handy little tool (tinwey or ogbe wey dem dey use do sometin or wok) for navigating di le system.,di le panel dey very handy little tool (tinwey or ogbe wey dem dey use do sometin or wok) for navigating di le system.
"for dis instance (one example of somtin), fisher (1922)kindly provide di right answer to di question.","di instance, fisher (1922)kindly provide di right answer to di question."
"as incoming students' preparation for di demand of assigned (dem don give am de work / hand over task) reading decrease (make somtin de turn to small), college teachers dey force to pay more attention to di way wey we fit help students to read and write about complex, college level texts (written words / messages).","as incoming students' preparation (di state of lacking unity) for di demand of assigned reading decreases, college teachers across di disciplines dey force to pay more attention to di way wey we fit help students to read and write about complex, college-level texts (written words / messages)."
di person wey dey answer di case' brief (small talk / summary wey lawyer write) features (karakata wey dey make am sweet or wey dey help) a veritable paean to lying.,di respondent's brief (small talk / summary wey lawyer write) feature veritable paean to lying.
e dey easier (no hard / simple) to think about how to construct experiments to test ideas for research of di form\does x aect y?,e dey usually easier (no hard / simple) to think about how to construct experiments to test research hypotheses of di form\does x aect y?
"disearch identified (di identity of someone or something) several books wey document individual or group experience ofimmigrant groups(such asimmigrant america: portrait), or wey guide clinical practice wit immigrants(such asculturally competent practice wit immigrant andfamilies andsocial work, immigration andasylum ), but very fewbooks wey dey address how families deyfaring withinprocess.","aportrait ), or thatguided clinical practice wit immigrants(such asculturally competent practice wit immigrants(such asculturally competent practice wit immigrants(such asculturally competent practice wit immigrant and refugee childr enand families and social work, immigration and asylum), but very fewbooks address how families dey faring for diprocess."
"for psychology, how fast (fast-fast / sharp-sharp) person answer(rt) data na good example of dis",di data dey good example of dis.
"if meteorologist kom on tv and tok say hin probability of rain for adelaide on 2 november 2048 dey 60%""we humans (pipo) dey happy (make person like wetin de happen) to accept dis.","if a meteorologist kom on tv and tok, hin probability of rain for adelaide on 2 november 2048 dey 60%""we humans (pipo) dey happy (make person like wetin de happen) to accept dis."
"di according to leslie, she no dey trouble (wahala) finding vivid words and phrases to describe di artistic dancing movement (to waka / shift / group wey get goal) wey she saw for video (film / record wey person fit see) clips.","according to leslie, she always get trouble find vivid words and phrases to describe di artistic dancing movements (to waka / shift / group wey get goal) wey she saw for di video (film / record wey person fit see) clips."
"inside southern (south side / part of map) states, does ""coke""to talk about a coca-cola, or to soft drinks generally?","for southern (south side / part of map) state, does ""coke""refer to coca-cola, or to soft drinks generally?"
"to do dis thing, we go need wetin we call""keys"".",we need what we call 'keys'
di united state v. stevens (2010),united states v. stevens (2010).
na president george w. bush wen hin name hin close friend harriet miers to fill vacancy wey justice sandra day o'connor's retirement.,di happen to president george w. bush wen hin close friend harriet miers to fill vacancy left by justice sandra day o'connor's retirement.
e no mean say at all.,e no mean say for all.
"di clergy saints wear church vestments and hold liturgical objects (things / items), such as censers, wey dey used by di clergy for church services.","di clergy saints wear church vestments and hold liturgical objects (things / items), such as censers (people wey buy and use market), wey dey use by di clergy for church services."
di founding fathers of di united states did no create awa rule of law system comot of thin (lean / something wey no thick) air.,di founding fathers of di united state no create awa rule of law system out of thin air.
"di approach to regression, wey we add all of awa covariates into null model, and then add di variables of interest into alternative model, and compare di two model for way to check if your idea be true framework, dey often dem dey call hierarchical regression.","di approach to regression, wey we add all of our covariates into null model, and then add di variables of interest into alternative model, and then add di variables of interest into alternative model, and then compare di two models for hypothesis testing framework, dey often to talk about as hierarchical regression."
"di suppose, also, punish (to discipline / give wahala) an attempt, conspiracy, or incitement to commit (to do bad tin / to promise to do work) di trespass.","di attempt, conspiracy, or incitement to commit (to do bad tin / to promise to do work) di trespass."
"di regular expression, we dey looking for substrings wey don get t least one non-whitespace character, followed by atleast one more non-whitespace character.","di output of di program go be: translating di regular expression, we dey look for substrings wey get atleast one non-whitespace character, followed by at-sign, followed by at-sign, followed by at-sign, followed by atleast one more non-whitespace character."
"di month[c(2, 3, 4, 5, 6, 7, 8, 8) ]","di month[c(2, 3, 4, 6, 7, 8) ][1] 100 200 50 00000 but e kind of alot of typing."
di petitioners (people wey start case or request for court) filed motion under di state civil rule 37 request (to ask for help or info / application) order compelling (something wey strong well-well / e force you to pay attention) discovery.,di petitioners (people wey dey stand for oda people / agents) filed motion under di state's civil rule 37 requesting order compelling discovery.
"as di loop executes (to do wetin you tell am), total accumulate (we dey get or gather together) di sum of di elements; a variable wey dey use dis way dey call accumulator (somtin wey de keep energy or data).","as di loop executes, total accumulate di sum of di elements; a variable wey dey use dis way dey sometimes called accumulator."
"dem contend (drag / struggle) say civil discovery no different from oda sources (where things take start / origins) of information, and say therefore di information dey""protected speech""for first amendment (wey go bring freedom to pipo) purposes (reasons why things dey happen).","di y contend say civil discovery no different from oda source of information, and say therefore di information dey""protected speech""for first amendment (wey go bring freedom to pipo) purposes (reasons why things dey happen)."
di beginning (from di start) of di semester she don send her japanese books on business to help wither business courses (subjects wey student dey learn for school).,di beginning (from di start) of di semester she get her mother send her japanese books on business to help wit her business course.
dem note say you don use di same convention for di rows and columns,di note say you no fit use di same convention for di rows and columns.
"di extent (how far de tin reach / level) say(say) conscientiousness dey relevant to di psychological phenomenon wey i care about, dis attrition go decrease (make somtin de turn to small) di validity (how true something be) of my results.","di extent (how far de tin reach / level) say(say) conscientiousness dey relevant to di psychological phenomenon say i care about, dis attrition fit decrease (to give value) di validity of my results."
"di menses phase go lose from 2 t o 7 days, or longer.","di menses phase fit last from 2 t o 7 days, di menses phase fit last from 2 t o 7 days, or longer."
"di affidavit, app.","mckune affidavit, app."
we go start discuss di obvious question: na di measurement (to measure something) any good?,we go start discuss di obvious question: na di measurement (to measure) any good?
"di federal judiciary (di part of government wey de interpret and use law), we dey to talk about very small entity compare to oda federal bureaucracies.","we dey speak (to yan / talk / express mind) of di ""federal judiciary (freedom / right to do wetin person like),""we dey referring to very small entity compare to oda federal bureaucracies."
"for di oda hand, if we retain (to keep / hold on to) di null idea wen e dey true, then we get type ii error.","if we retain (to keep for hand / possession of property) di null idea wen dem dey for fact false, then we don make type ii error."
di data dey contain for di randomness,di data dey contained (dem don give am de work / hand over task) for di randomness.
both di shared (dem share am / common) and divergent experiences (things person don see) of individuals from similar and differing immigrant and refugee groups go be highlighted (wey dem mark).,both dishared and diver gent experiences (wetin people tink / how judge see de mata) ofindividuals from similar and differing immigrant and refugee groups go behighlighted.
"kelley harrell, gift ofthe dreamtime: awakening to the divinity of trauma, reader's companion(2014).","di dreamtime: awakening to di divinity of trauma, reader 's companion(2014)."
di test statistic wey get calculated (di mathematical calculation or computation or computation) end up wit a rather (instead / prefer to) dierent look to am than di one we use for awa original anova.,di test statistic wey get calculated end up wit rather (instead / prefer to) dierent look to am than di one wey we use for awa original anova.
"during any given day, your metabolism go switch between absorptive and postabsorptive states",di metabolism switches between absorptive and pos tabsorp tive states.
di table below to show you what di type iii tests look like for dis situation: term wey dem dey test na null model dey outcome,di table below show you what di type iii tests look like for dis situation: term being tested dey null model dey outcome~
"di community of practice: learning, meaning, and identity (who person be / real name and face)","communities (neighborhood / groups of people) of practice: learning, meaning, and identity (who person be / real name and face)."
"di goment don dey substantial interest for assuring di continuing (for certain state, condition, or activity, or activity) availability of issue selective service certificate.",di goment don substantial interest for assuring di continuing availability of issued selective service certificates.
"e depict moniks pray wit icons for church, for codex containing (wey get) di heavenly (somtin wey de related to heaven) ladder of john climacus (sinai cod.","di miniature depicting monks praying wit icons for church, for codex containing (wey get) di heavenly ladder of john climacus (sinai cod."
di defendant's actions dey di proximate (na cause of injury wey connect to di harm and establish liability) cause of di plaintiff injury.,di defendant's actions dey di proximate cause of di plaintiff's injury.
"as di number of refugees for di world continue to grow, we need stronger and proactive policies and programs to support their resettlement process.","asthenumber of refugees for di world continue to grow, wening stronger and proactive (person or tin wey dey move / e dey function) policies and programs tosupport dia resettlement process."
"dem know how hintogram work, since dem dey so widely use, but for di sake of completeness (di state of being complete and entire) i go describe dem","di most of you probably know how hintograms work, since dem dey so widely use, but for di sake of completeness i go describe dem"
"di plaintiff's injury result from commonly (normal-normal / wetin people dey do always) known danger, then di defendant go escape liability.","di person wey dey convince a jury say di plaintiff's injury result from commonly (normal-normal / wetin people dey do always) known danger, then di defendant go escape liability."
"di word \signi cant"", di word\error"" don dey technical meaning for statistics wey dey quite di same as its everyday english dey nition.","di word\signi cant"", di word\error"" don technical meaning for statistics wey dey quite di same as its everyday english de nition."
"di parties must bear (to carry load / endure wahala / get fruit) di cost of di arbitrator (middle-man wey dey settle palava), and dem typically retain (to keep / hold on to) counsel to represent dem","di parties must bear di cost of di arbitrator, and dem typically retain counsel (advice / lawyer wey dey stand for person) to represent dem"
di assignment dey clearly confused for dis assignment,she write: you dey clearly confused for dis assignment
"na, errors (mistakes / faults) wey dey caused (wetin make de tin happen) wen data structure don dey wrong type, size, or composition, or perhaps you write some code and forget di shape of your data and introduce an error.","di data structure don useful, but dem dey prone to what i call shape errors (mistakes / faults); wey dey, errors (mistakes / faults) wey dey write some code and forget di shape of your data and introduce error."
"(2003, dec. 1). poverty dey grow among children of immigrants for u. s.","(2003, dec. 1). poverty grow among child (pikin / smallie)r enofimmigrants for u. s."
di help le dey make sense,di help le wey go make sense.
di point dey been distinction (di difference) without di dierence.,"di point, e dey distinction without dierence."
"for example, math-based courses (subjects wey student dey learn for school) dey less onerous, so dem balance reading writing-intensive courses wit those wey dey more math-based.","for example, math-based course dey much less onerous, so dem balance reading writing-intensive course dey much less onerous, so dem balance reading writing-intensive course wit those wey dey more math-based."
e dey like perfect (e set / e correct well-well),di pipo writing dey like perfect (e set / e correct well-well)
"di students get access to cran, wey dey perhaps di largest and most comprehensive (di intensive examination testing student's proficiency for some special field of knowledge) library of statistical tools for existence (to dey alive / stay for ground).","di students get access to cran, wey dey perhap di largest and most comprehensive (di external condition or surroundings or surroundings or surroundings or surroundings or surroundings) library of statistical tools for existence (na wen persin no dey give proper care, and dis cause harm)."
"for di small marks for around words, rtreat 5as di number ve, and go allow you to do calculation wit am","di number ve, rtreats 5as di number ve, and go allow you to do calculations wit am."
di program go behave normally for all oda files (folders / official papers / computer data) wey exist and don exist.,di program go behave normally for all oda files (folders / official papers / computer data) wey exist and don exist.
"such an understanding go help you avoid or lessen di likelihood of liability exposure (showing body / making known), enabling you to manage your business affairs successfully (for successful manner), unhampered by unmanaged legal wahala of wey go pay for damage.","di understanding go help you avoid or lessen di likelihood of liability exposure (showing body / making known), enabling you to manage your business affairs successfully (for successful manner), unhampered by unmanaged legal liability risk."
"for statistics, statistics don get kind of universality, and provide set of core (de main-main part / de heart of de matter) tools wey dey useful for most types of psychological research, di ways to do research side dey quite so universal.","di statistics don get kind of universality, and provide set of core tools wey dey useful for most types of psychological research, di research methods side no dey quite so universal."
"di table too seriously (no be play-play / with full seriousness), so don take dis table too seriously",so no take dis table too seriously (normal-normal / wetin people dey do always)
"di another way of calling di pairs()function, wey dey useful for some situation, na to specify di variables wey dey include using one-sided formula.","di alternative way of call di pairs()function, wey dey useful for some situations (kinds of mata wey fit happen for one place or time), dey useful for some situations (kinds of mata wey fit happen for one place or time), dey to specify di variables to include using one-sided formula."
di answer to-42 % % 10 na-5.,di answer to-42 %%10 dey-5.
"for example, employers (ogas wey dey give work) no dey permitted to maintain all-white or all-black work crews even if dem dey demonstrate say do so dey good for business or moral.","for example, employers (ogas wey dey give work) no permitted to maintain all-white or all-black work crews even if dem fit demonstrate say do so dey good for business or morale."
"we take di dierence between each observation yrciand di grand mean y::, square di dierences, and add dem all up sstr r1c c1n i1n i1","we take di dierence between each observation yrciand di grand mean y::, square di dierence between each observation yrciand di grand mean y::, square di dierences, and add dem all up sstr r1c c1n i1c c1n i1c c1n i1c c1n i1c c1n i"
"dem punish (to discipline / give wahala) those wey access a computer to commit (to do bad tin / to promise to do work) fraud, among oda things.","e punish those wey access computer to commit (to do bad tin / to promise to do work) fraud, among oda things."
any propaganda for war go de prohibited (law say make person no do am) by law.,di propaganda for war go prohibited (na wen court or jury find persin guilty of criminal charge) by law.
but you find oda examples?,na you find oda examples?
you fit remember di difference between predictors (wetin fit predict) and outcomes (di results wey e give)?,di dierence between predictors (wetin fit predict) and outcomes (e dey processing a photosensitive material for order make image visible)?
"di only type of source text, writing course go incorporate multimedia sources (where things take start / origins) and assist (to help) l2 writers to work wit dem","di only type of source texts (written words / messages), writing courses go incorporate multimedia source and assist l2 writers to work wit dem"
"di symmetry of di bodi dey enhance by tunic decorations (e dey use to beautify something wey dey use to beautify) wey define di shoulders, di vertical stretch of di chest, and di length (how e long reach) of di arms (guns / weapons).","di symmetry of di bodi dey enhanced by tunic decorations wey define di shoulders, di vertical stretch of di chest, and di length (how e long reach) of di arms."
di intricate int erpla y betw wit di endocrine system and di r eproductiv e system dey shown (bin display / dem don make am clear) for figure 27. 8.,di intricate int erpla y between di endocrine system and di di eproductiv e system dey show for figure 27. 8. 8.
"di legislature sought to criminalize terrorizing conduct na di fact say for di time di statute dey enacted (dem don sign am into law), racial (mata about tribe or de color of person skin) segregation no only di prevailing (for number, quantity, power, status or importance or importance) practice, but also di law for virginia.","first amendment (wey go bring freedom to pipo) 100 strengthening delegate godwin's explanation, as well as my conclusion, say di legislature (de group wey dey make law for de land) sought (bin find / bin look for) to criminalize terrorizing conduct na di fact say for di time di statute dey enacted, racial segregation no only di prevailing practice, but also di law for virginia."
"di military (soja mata / army) inside myanmar(known euphemistically as di state peace plus development council)imprisoned di democratically elected (bin choose through voting) plus nobel peace prize winning prime minister of di country, aung san suu kyi (figure 1. 2 ""aung san suu kyi"" ), under color of authority.","di military (soja mata / army) for m rohingya(known euphemistically as di state peace and development council)imprisone di democratically elected and nobel peace prize winning prime minister of di kontri, aung san suu kyi (figure 1. 2 ""aung san suu kyi"" ), under color of authority."
"di type ii tests, no dey good choice of di null idea.","di type ii tests, no good choice of null idea."
"di computers excel for mindless repetitive tasks, and alot of calculations for statistics dey both mindless and repetitive.","di computers excel at mindless repetitive tasks, and alot of statistical calculations dey both mindless and repetitive."
we fit do dis by specifying (di condition or requirement for contract or agreement) value= true for awa function call.,we fit do dis by specifying value= true for awa function call.
"di arbitration fairness (equal treatment / no wayo) act of 2009 go resolve several issues of unfairness, but dis act no dey pass for law.","di arbitration fairness act of 2009 go resolve several issues of unfairness, but dis act no dey passed into law."
ari rush over to grab piece but his mother's hand swat am away.,di ari rushed over to grab apiece but dey swatted away by hin mother hand.
"we see dis same notion for di english bill of rights of 1689, though th e words use dey somewhat (small / somehow) different.","we see dis same notion for di english bill of rights of 1689, though th e words use dey somewhat different."
"i go very brie y mention (to talk about am small) di one wey i think coolest, for very particular de nition of\cool"", wey dey.","di var(x)[1] 405. 8 8well, i go very brie y mention (to talk about am small) di one wey i think dey coolest, for very particular de nition of\cool"", dat dey."
"if you dey find more details, look d python documentation for greedy vs non-greedy quantfiers.","for more details, see di python documentation on greedy vs non-greedy quantifiers."
"if your parents tok say, you fit get new car, if you graduate from school, then dat would be example of conditional gift.","for example, if your parents tok,""you fit get new car, if you graduate from school,""then dat go be example of conditional gift."
"di cursor dey similar to socket or file handle for network connections and files (folders / official papers / computer data), respectively (di order wey dey given for di order wey dey give).","di cursor dey similar to socket or file handle for network connections and files (folders / official papers / computer data), respectively."
di second line dey print statement wey dey give value ton. di second line dey print statement wey dey display di value of n. di second line dey print statement wey dey display di value of n.,"di second line dey print statement wey display di value of n. wen you type statement, di interpreter execute (to give value) am, wey mean say e do whatever di statement tok say."
"a pin at d top fit dey unscrewed, allowing (to give chance / gree) d container to open.","di pin for di top fit be unscrewed, allow di container to open."
"di means say di defendant no fit prove anything, because di burden dey on di goment to prove im case.","di defendant no get prove anything, because di burden dey on di goment to prove its case."
i dey assum say even di most diligent reader don stop caring(or atleast form di opinion say di tie-correction factor no require dia immediate attention).,di point i dey assuming say even di most diligent reader don stop caring(or atleast formed di opinion say di tie-correction factor dey something wey no require dia immediate (now-now / sharp-sharp) attention).
related to di previous (something wey dey before now) point: r na real kod langwej wey dem dey use write instruksiyon wey komputa go fit undastand.,di previous (something wey dey before now) point: ris real programming language.
"di name don get to be unique plus distinctive, plus must typically include some form of di words""incorporated (company wey don register finish / join body),"" ""company,""""corporation,"" or""limited.""","di name don be unique and distinctive, and must typically include some form of di words""incorporated (for whole world / everywhere),""company,""corporation,"" or""limited"
"for other words, to get big cook's distance, observation must be substantial outlier and get high leverage.","for oda words, for order to get large cook's distance, observation must be fairly substantial outlier and get high leverage."
"e dey call\internal (for inside)"" bikos e to talk about di how two things dey related 22 things\inside"" di study.","e dey call\internal"" because e to talk about di relationships (how people follow deirselves / connections) between-22- things\inside"" di study."
di case ended up before di supreme court.,di case ended up before di supreme court.
di population mean dey xed and no probabilistic (di roman catholic philosophy of probabilism of probabilism) claim go make about am,di population mean dey xed and no probabilistic claims go make about am
di only judgment wey dey award against petitioners (people wey start case or request for court) for di same publication.,di only judgment wey dey award against petitioners (people wey dey stand for oda people / agents) for di same publication.
di program go retrieve di entire document and count di total number of character for di end of di document.,di program go retrieve di entire document and count di total number of character and display di count of di number of character and display di count of di number of character for di end of di document.
"di communications (talk-talk / passing message / network) revolution don see di introduction of radio and television into awa lives, di promise of global community through di use of communications satellites (device wey dey orbit earth to help communication or observation), and di specter of a""wired"" nation by means of expand cable television network wit twoway capabilities (di quality of being capable -- physically or intellectually or legally).","di past half century a communications revolution don see di introduction of radio and television (di broadcasting visual images of stationary or moving objects) into awa lives, di promise of global community through di use of communications (di activity of communicating) satellite television (di broadcasting visual images of stationary or moving objects) network wit twoway capabilities."
e link watch dis video( to observe ovulation and its initiation for response to di release of fsh and lh from di pituitar y gland.,di interactive link interactive link watch dis video( to observe ovulation and its initiation for response to di di elease of fsh and lh from di pituitar y gland.
"di newspapers (di daily or weekly publication on folded sheets) summarize and interpret di evidence, dey devoting particular attention to di material wey incriminated sheppard, and often drew unwarranted inference (to guess from numbers) from testimony.","di newspapers (di daily or weekly publication on folded sheets) summarized and interpret di evidence, devoting particular attention to di material wey incriminated sheppard, and often drew unwarranted inferences from testimony."
"di christian monasticism began (bin start / how e take take off) to thrive for di 4th century, receive imperial patronage for sites (building ground / location) like mount sinai for egypt.","christian monasticism, wey began to thrive for di 4th century, receive imperial patronage for sites like mount sinai for egypt."
di reason why i don give you di human-friendly interpretation of 9with di possible exception of di third question.,di reason why i don give you di human-friendly interpretation of 9with di possible exception of di third question.
"di felony (a very serious crime like murder, robbery or drug trafficking) wey di statute create na crime very unlike (no be like) di old felony of conspiracy or di old misdemeanor of unlawful assembly (gathering / meeting of people).",di felony wey di statute create na crime very unlike (no hard / simple) di old felony of conspiracy or di old misdemeanor of unlawful (something wey no common / different style) assembly (gathering / meeting of people).
"di variance, wey get lot of really nice statistical properties (di tangible or intangible possession wey dey owned by someone) wey i go ignore, 8and one massive psychological aw wey i go make big deal out of for moment.","we obtain measure dey call di variance, wey get alot of really nice statistical properties wey i go ignore, 8and one massive psychological aw wey i go ignore, 8and one massive psychological aw wey i go ignore, 8and one massive psychological aw wey i go make big deal out of for moment."
di multilingual world: sec- ond language writing for composition study,teaching composition for di multilingual world: sec- ond language writing for composition studies.
"di judicial liberals, also known as judicial activists, believe say judges don play for shapin ga more perfect (e set / e correct well-well) union (join-body / workers' group).","di judicial activists, believe say judges don role to play for shapin ga more perfect (e remain small / almost) union (join-body / workers' group)."
we dey like to do nato convert dis two fairly meaningless (na no meaning or direction or purpose or purpose or purpose) numbers into one number,we dey like to do dey convert dis two fairly meaningless numbers into one number.
"di experts test say mcdonald's coffee dey too hot to be consumed for di point of purchase (to buy market / transaction), na hotter than any oda restaurant's coffee or coffee wey dey brew for home, and na so hot say third degree burns go result within three to five seconds of coming (e dey come) into contact (to touch / reach out to person / connection) wit di skin.","di experts testified say mcdonald's coffee dey too hot to be consumed (bin give chance / bin gree) for di point of purchase, dey hotter than any oda restaurant (di building wey pipu de use take start business) or coffee brewed for home, and dey so hot say third-degree burns go result within three to five seconds of coming into contact wit di skin."
we go save your plot as images,you fit save your plots as images.
di howe dey spread dey 1.,di howe dey spread dey 1.
di klan don more members for robson first amendment (wey go bring freedom to pipo) 46 state of ohio than does any oda organization.,di klan don more members for di robson first amendment (wey go bring freedom to pipo) 46 state of ohio than do any oda organization.
di new york times standard defines (explain meaning) di level of constitutional protection appropriate to di how levels be of defamation (na false statement wey dey harm persin reputation or character) of a everybody person.,di new york times standard define di level of constitutional protection appropriate to di context of defamation of public person.
"di surprise of no-one, statistic dey rarely (once in a blue moon / no be always) di favourite part of one's di learning of psychology.","di surprise of no-one, statistics dey rarely (once in a blue moon / no be by force) di favourite part of one's psychological education."
"dat nato say, we wan to subtract: y{ik} - ȳ k.",we wan subtract yikyk
di syntax for call a function for another module by specifying (di condition or requirement for contract or agreement) di module name followed by dot(period) and di function name.,di syntax for call function for one module by specifying di module wey dey follow by dot(period) and di function name.
"di money wey lily's landscaping take for, even if e dey in separate bank account, belongs to lily, and she fit do wit dat money wey she want.","di money wey lily's landscaping take for, even if e dey for separate bank account, belongs to lily, and she fit do wit dat money whatever she wan."
"di doctrine plows wetin dey between two side wey dey argue (to drag mata / try to prove point), wey person fit take am make everybody sabi say dem try balance tori",di doctrine plows a middle ground (di top of earth).
"dem all talk about which value dey\in di middle""or \popular""for di data.","dem all talk about which values dey\in di middle""or \popular""for di data."
"him be like say, dem get one kind law wey allow person use small part of wetin another person own, without say make dem ask am, but e get him own rule, wey be say, no be everything dem fit use, and dem no well define am of trademarks (company brand marks / signs) includes (e carry am follow / join body) comparative advertising (publicizing market / make people sabi wetin you dey sell) plus parody.",di fair use of trademarks (all de tins wey person eyes dey look / benefits) include comparative advertising (di act of examining resemblances wey dey examinin resemblances wey dey examinin resemblances) and parody.
"third, di extent (how far de tin reach / level) of awa di basic freedoms and rights wey law protect every person from government interference (na wrongful disruption or obstruction of anoda persin legal right or business) protections vary from time to time.",di extent (how far de tin reach / level) of our civil liberties protections vary from time to time.
di case don dey intangible dimension wey dey make those rules inapplicable (e no dey capable of being applied).,"di case na intangible dimension wey dey consider just one species of symbolic speech under di logical application of di rules wey di court don develop for its interpretation of first amendment (wey go bring freedom to pipo) for oda contexts (how de levels be / situation), dis case na intangible dimension wey make those rules forpplicable (dem dey capable of being applied)."
"di bar oreceptors, blood-pressure receptors for di arch of di aor ta and di car otid arteries for di neck, det ect decrease (make somtin de turn to small) for blood pressure wey dey results from decreased blood volume.","first, bar oreceptors, blood-pressure receptors for di arch of di aor ta and di car otid arteries for di neck, det ect decrease for blood pressure wey result from decreased blood volume."
"di reason for di error na say strings dey immutable, wey means you no change existing (wetin dey ground now / active) string","di reason for di error na say strings dey immutable, wey means you no change existing string."
di pairs of pants wey i own.,di ve pairs of pants wey i own.
"dem nd some third-year students, wey no get more of university education than di rst-years, and repeat (di third cycle word) di exercise.","di third-year students, wey obviously don get more of university education than di rst-years, and repeat (di third cycle word) di exercise."
"dem dey involved for number of process, including mineral and bone metabolism, and cell and tissue growth (how somtin take de big), and dem act as c ofactors f or energy metabolism.","dem dey involved for number of process, including mineral and bone metabolism, and cell and tissue growth, and dem act as c ofactors f or energy metabolism."
"di frequentist (one wey like frequency way) dey nition of probability for a nutshell: ip fair coin many times, and as ngrows large(approaches for nity, denotedn8), di proportion of heads go converge to 50%","di frequentist (one wey like frequency way) de nition of probability for nutshell: ip fair coin over and over again, and as ngrow large(approaches for nity, denotednn8 ), di proportion of heads go converge to 50%."
"issues such as fgm, deportation of undocumented immigrants wey dey split di family between those wit and without citizenship or documents (files / papers wey get important info), long-time detention of family members, forcing pipo, especially women and children, into prostitution (for pay sexual intercourse for pay pay pay) against their will and other pressing human rights issues all get significant deleterious effects on families for dis country. while much of di conversation dey revolve around rights and obligations for di individual aswell as for di community, there dey very little for di way of specific family reference","di issues such asfgm, deportation of undocumented immigrants wey deyplit di family members, sextrafficking, andother pressing human rights issues allhave significant deleterious effects on families for discountry. while much of di conversation revolves around rights andobligations for di human rights literature."
"for fact, almost all of interest wey i dey talk about for dis book dey rfunction (one r function) of some kind.","di lots of oda functions for r: for fact, almost all of interest wey i dey talk about for dis book dey rfunction of some kind."
di parties agree to submit (give / hand over) mandatory arbitration results wen disputes arise (to show face / start to happen) out of legally (inside law / wetin law gree make person do) binding contract wey dem agree to submit to mandatory arbitration.,di mandatory arbitration results wen disputes arise out of legally (inside law / wetin law gree make person do) binding contract involvin commerce (big-time buying and selling) wey di parties agree to submit (give / hand over) to mandatory arbitration.
"we don tok say dis categories of expression no dey inside di area of constitutionally (follow wetin de grand-papa law talk) protected speech, or say di""protection of first amendment (wey go bring freedom to pipo) no extend (to make am long / increase de reach)""to dem","we get sometimes tok say dis categories of expression no dey within di area of constitutionally (follow wetin de grand-papa law talk) protected speech, or say di""protection of first amendment (wey go bring freedom to pipo) no extend (to make am long / increase de reach)""to dem."
"na some depictions of dis scene include skull for di foot of di cross, wey tradition identify as di skull of adam(the first man), reflect (to show) di christian belief (wetin person believe / faith) say christ dey di new adam as savior of humankind.","di depictions of dis scene include skull for di foot of di cross, wey tradition identify as di skull of adam(the first man), reflecting di christian belief (wetin person tink say go happen) say christ dey di""new adam""as savior of humankind."
"we fit write forloop wey make we look each of di usernodes, and prints (copy / mark / print-am-out) di name andidtext elements aswell as di xattribute from di user node.","we fit write forloop wey make we look each of di user nodes, and print di name andidtext elements aswell as di xattribute from di user node."
di papers wey dey help dey awesome.,"di help documentation dey say, once you dey using rfor along time and dey beginning (from di start) to get feel for how to use am, di help documentation dey awesome."
"di level dey xed for advance (to go front for somtin) for di normal way, e go prevent pipo choosing dia level after looking at di data.","di level dey xed for advance (na wen one persin carry anoda persin go court to seek justice) by convention, e go prevent pipo choosing dia level after looking for di data."
"na special gratitude to those students for di class for di spring (jump / water source) of 2015 wen a""dry run""of di casebook dey use.","di special gratitude to those students for di class for di spring of 2015 wen a""dry run""of di casebook dey use."
di 4th power of 5 dey calculat like dis: 545555 one way we go calculate 54inr go be to type for complete multiplication (times) as e dey show for di equation above.,di 4th power of 5 dey calculate 54inr go type for di complete multiplication as e dey show for di equation above.
"di children dey claim to benefit wey dia undocumented parents no dey, such as money and services wey government give to pipo wey need help(peterson institute (place wey de for skul or to de research) for international economics,2005.","di children areentitled tobenefits (small-small write-up / observations) say their undocumented parents no dey, such as welfare benefits(peterson institute for international economics,2005)."
di respondent and six oda montgomery residents (person wey dey stay for place) testify say dem read some or all of di statement as dem to talk about him for hin capacity (di highest wey somtin fit contain or do) as commissioner.,di respondent and six oda montgomery residents (people wey dey stand for oda people / agents) testified say dem read some or all of di statements as referring to hin for hin capacity (di highest wey somtin fit contain or do) as commissioner.
e just follow dia order,i just follow dia order
di oda party go seek legal remedy (way to settle de damage / solution).,"di oda party no perform under di lease as required, di oda party go seek legal remedy (way to settle de damage / solution)."
"for describing (di description wey dey give a description wey dey give) dia process of carry out di writing tasks, which kind linguistic (dem dey dey related to language) resources, rhetorical (talk for talk sake / grammar) knowledge, and writing experience dem focus group participants dey discuss?","for describing dia process of carry out writing tasks, wac research go ask di following questions: for describing dia process of carry out writing tasks, wey kind of linguistic (dem dey dey related to language) resources, rhetorical knowledge, and writing experience do focus group participants discuss?"
di record includes (e carry am follow / join body) no excerpt (exceprt mean say dem commot short part for text wey long) from newscasts on radio and television but since space dey reserved for courtroom for dis media we assume say dia coverage (how far insurance or news cover de mata) dey equally large.,di record include no excerpt from newscasts on radio and television (di broadcasting visual images of stationary or moving objects) but since space dey reserved for di courtroom (room for kote) for dis media we assume say dia coverage dey equally large.
"for last, last, directory[last, first]) dis loop travers di keys for directory, wey dey tuples","for last, first indirectory: print(first, last, directory[last, last, directory[last, first]) dis loop traverse di keys for directory, wey dey tuples."
di independent (di neutral or uncommitted person (especially for politics)) advocacy wey dey viewed (bin see / bin check am out) as promoting di group legitimacy no dey covered (something wey security or insurance don take care of).,di independent (di neutral or uncommitted person (especially for politics) advocacy wey dey viewed as promoting di group's legitimacy no covered.
"we go think about awa afl winning margin data, and one more time we go start by pretend say na only 5 games for total, wit winning margin of 56, 31, 56, 8 and 32.","we think about awa afl winning margin data, and once again we go start by pretending say only 5 games for total, wit winning margins of 56, 31, 56, 8 and 32."
"di bladder dey retroperit oneal organ wey dey"" dome"" dis tend (e usually be like say / e get style to) superiorl y wen di bladder dey filling wit urine.","di bladder dey retroperit oneal organ wey dey dome"" dis tends superiorl y wen di bladder dey fill wit urine."
di federal department and agencies (offices wey dey run business for people) wey implement immigration law and policy don change significantly since di terrorist attack of 2001.,di federal departments and agencies wey implement immigration laws and policies don change significantly since di terrorist attacks of2001.
"to give example of dis, consider di following example(see gelman and stern,2006).","to give example of dis, consider di following example(see gelman &stern, 2006)."
"na problem for sole (only one / him alone) proprietors (di law) someone wey own (is legal possessor of) business), especially those early for dia business ventures.","di raising work capital (moni wey person use take start business) fit be problem for sole (only one / him alone) proprietors, especially those early for dia business ventures."
"some days she tell me i'm bit thin (lean / something wey no thick), and oda days she tell me i'm complete moron.","di days she tell me i a bit thick, and oda days she tell me i a bit thick, and oda days she tell me i complete moron."
"for example, when we apply dis function to our normal. data, we get:> shapiro. test(x = normal. data) shapiro-wilk normality test data: normal. data w= 0.9903, p-value= 0.6862. so, no surprise, we no get evidence sey dis data no be normal.","for example, wen we apply dis function to awa normal. data, we get di following:> shapiro. test(x= normal. data) shapiro-wilk normality test data: normal. data w=0.9903, p-value= 0. 6862 so, no surprisingly, we get no evidence say dis data depart from normality."
"di byzantine art include works wey dey create from di fourth (number four) century to di fifteenth century and from such diverse (different-different / many kinds) regions as greece, di italian peninsula, di eastern edge of di slavic world, di middle east, and north africa","as result, byzantine art include works wey dey create from di fourth (number four) century to di fifteenth century and from such diverse (different-different / many kinds) regions as greece, di italian peninsula, di eastern edge of di slavic world, di middle east, and north africa."
"di interviewees tell us say dia reading and writing assignments for college dey more demanding than those dem face for highschool, whether for dia native kontri or for di us.","di interviewees told us say dia reading and writing assignments for college dey more demanding than those dem don face for highschool, whether for dia native country or for di us."
state judges maybe either appointed (picked / dem don choose person) by di governor or elected (bin choose through voting) by di public.,di state judges go either appoint (to carry pickin take as your own / follow a style) by di governor or elected by di public.
pipo task forces (pawa / soldiers) and prison visitation committees (special groups for work) continue to play an important role for keeping di everybody informed on deficiencies of prison systems and need for reforms (to change for beta).,citizen task forces and prison visitation committees (people wey dey stand for oda people / agents) continue to play important role for keeping di public informed (person wey get right for de land / indigene) on deficiencies of prison systems and need for reforms.
"di visitor ask whether or no visitor dey human, dem ask whether di visitor prefer puppies, owers or large, properly formatted data les.","for order to determine whether or no visitor dey human, dem ask whether di visitor prefers (people wey buy and use market) puppies, owers or large, properly formatted data les."
di problem two of hin teachers wey dey note for dia final (de very last / conclusion) paper comments (talk-talk / wetin people talk).,di problem two of hin teachers noted for dia final (de very last / conclusion) paper comments (folders / official papers / computer data).
di several students discuss how helpful e go be if instructors (teachers / lecturers / those wey dey give direction) go provide context for di reading beforehand (before).,di several students discuss how helpful e go provide context for di readings beforehand.
"di monumental depictions of christ and di virgin, biblical events, and an array of various (many different-different types) saints wey dey adorned church interiors for both mosaic and frescoes.","di monumental depictions of christ and di virgin, biblical events, and array of various saints adorned church interiors (mistakes / faults) for both mosaics and frescoes."
"families dey seek physical safety (safe condition / no wahala) for themselves and their children by fleeing to new country. u. s, wey don be di final (de very last / conclusion) destination for many of these families wey dey forced (by force-by-force / dem use pawa do am) to flee, fit offer dem refugee or asylee status as protection.","families dey seek physical safety (tins wey dem use for teaching) for themselves and dia children byfleeing to new kontri. di u. s, wey don hold difinal destination formany of dis families wey dey force toflee, fit offer them refugee orasylee status aprotection."
di important aspect na say for each artist go fit be many tracks.,di important aspect na say for each artist no be many tracks.
"di case dey submit (give / hand over) to di jury, e dey sequestered for its deliberations, wey take five days and four nights.","di case dey submit (give / hand over) to di jury, e dey sequestered for its deliberations, wey took five days and four nights."
"if you to start di set of possible values to include all verbal response, how fit you interpret dia answer?","if you open up di set of possible values to include all verbal response, how will you interpret dia answer?"
"we only goal nato nd way of describing (di description wey dey give a description wey dey give), summarising and graphing dat sample.","di only goal dey to nd way of describing, summarising and graphing wey sample."
we go build functions wey take arguments as dia input,we go build functions wey take arguments as dia inputs.
one way to do dis go be to find those numbers using di way to find di parts and den to give those numbers to di function to di way to break into groups.,one way to do dis go be to calculate those values using di quantiles() function and then use those quantiles as input to di cut()function.
di going to do?,we go do?
"di goals (targets / wetin person want reach) of imposing (to force tin on person / looking big) penalties for breaking criminal laws include protecting (to cover / guide / prevent wahala) society, punishing di offender, rehabilitating di offender, plus deterrence from future acts of crime.","di goals (targets / wetin person gats do) of imposing penalties for violating criminal laws include protecting society, punishing di offender, rehabilitating di offender, and deterrence from future act of crime."
"di word, pineapple, kom before banana","di word, pineapple, kom before banana."
"di best way to think about it, for my experience, na to imagine say a hypothesis test dey criminal trial4","di best way to think about am, for my experience, na to imagine say hypothesis test dey criminal trial4. di trial of di null idea."
"di simple example, na easy to remember wich one argument kom rst and wich one kom second, but for more complicated functions dis no easy.","e dey easy to remember which one argument kom rst and which one kom second, but for more complicated functions dis no easy."
di rules)for awa database operations (dem do wit di execution of trades and keeping customer record).,di database operations (dem do wit di execution of trades and keeping customer record).
di litigation move into di discovery phase.,di litigation move into di discovery phase.
dem aid for eleasing hormones from endocrine glands.,still odas aid for releasing hormones from endocrine glands.
"di capacity (di highest wey somtin fit contain or do) of di tubular glucose s ympor ters, resulting (wetin come out for de end / outcome) for glucose for di urine.","for cases of poorly controlled diabetes mel litus, glucose level exceed di capacity (di highest wey somtin fit contain or do) of di tubular glucose s ympor ters, resulting (to carry pickin take as your own / follow a style) for glucose for di urine."
"di affidavit refers (point to / talk about) to""funds (money for ground / capital),"" ""financing (to find money for business / provide funds),""and ""goods""--none of which encompasses di plaintiffs' activities.","di affidavit to""funds (money for ground / capital),"" ""financing,""and ""goods""--none of which encompass di plaintiffs' activities."
"i don draw dis plot for similar, minimalist style to di one for figure 6. 12b, but i use di horizontal (di something wey dey oriented horizontally) argument to draw am sideways for order to save space","i draw dis plot for similar, minimalist style to di one for figure 6. 12b, but i use di horizontal argument to draw am sideways for order to save space."
"di law help websites (a page wey dey on internet) by stat say if a website user uploads infringing material and di website complies wit a copyright holder (person wey carry or get something for hand) request (to ask for help or info / application) to remove di material, di website no dey liable for infringement.",di portion of di law help website (a page wey dey on internet) by stating say if a website (a page wey dey on internet) user uploads infringing material and di website (a page wey dey on internet) no dey liable for infringement.
i dey lying to you a little bit so far,i dey lying to you a little bit so far
"di cyt oplasm, citrate dey converted back for oxaloac etat e and ac etyl coa.","di cyt oplasm, citr ate dey convert back into oxaloac etat e and ac etyl coa."
"di war power, wey dey indeed (true-true / na so / for real) aspect of di power of self-preservation, e dey subject to constitutional limitations.","di war power, wey dey indeed (true-true / na so / for real) aspect of di power of self-preservation, e dey subject to applicable (dem dey capable of being applied) constitutional limitations."
but i wan make exception for logarithms (numbers wey show power) and exponentials (numbers wey dey grow fast).,i go wan make exception for logarithm and exponentials.
di cross bars for di end of di whiskers,di cross bars for di end of di whiskers.
di lot of situations (kinds of mata wey fit happen for one place or time) wey dey infeasible or unethical do dat,di lot of situation wey dey either infeasible or unethical do dat.
"e dey only partial membrane, as menstrual fluid and oda secr etions wey dey able to exit (where person go pass take comot somwhere) di bodi, regardless (di usually follow by `of') without due thought or consideration or consideration) of penile vaginal intercourse.","as menstrual fluid and oda secr etions must be able to exit (fomal talk where two pipu dey talk against each oda) di bodi, regardless (di usually follow by `of') without due thought or consideration or consideration) of penile vaginal intercourse."
"di calls dey place by di jurors themselves; no record dey kept (bin keep) of di jurors wey make call, di phone number or di parties wey call.","di calls dey place by di jurors (mistakes / faults) wey make call, di telephone numbers or di parties wey dey call, di telephone numbers or di parties wey dey call, di telephone numbers or di parties wey dey call, di telephone numbers or di parties call."
di california supreme court decline review by a divide vote (to choose leader / drop thumbprint).,di california supreme court declined review by divided vote (to choose leader / drop thumbprint).
"if you wished to grant ownership rights inside real property to your mother for di length (how e long reach) of im life, but then expected (wetin person tink say go happen) di property to be returned to you upon im death, you might grant a life estate (all de property wey person leave when e die / big land) to im.","if you wished to grant ownership rights for real property to your mother for di length (how e long reach) of her life, but then expect di property to be return to you upon her death, you go grant life estate to her."
soho w dey water intake regulated (something wey under control / rules) by di bodi?,soho w dey water intake regulated (something wey get wahala / e fit cause damage) by di bodi?
"di kidneys dey well vasculariz ed, r eceiving about 25 percent of di cardiac output for r","di kidneys dey well vasculariz ed, r eceiving about 25 percent of di cardiac output for rest."
make we note those p-values and those f statistics.,we make note of those p-values and those f statistics.
"di basic unit (one single piece / section) of data, like number or string, wey a program manipulate.","di value one of di basic units (all de tins wey person eyes dey look / benefits) of data, like number or string, wey a program manipulates."
"nano obvious way wey dey undertaking advocacy for political change through peaceful means or teaching di pkk and ltte, say how to petition di united nations (obodo / different-different countries) for political change through peaceful means or teaching di pkk and ltte, say how to petition di united nations for political change through peaceful means or teaching di pkk and ltte, say how to petition di united nations for political change dey fungible wit oda resources wey dey put to more sinister ends (where e finish / targets)","di united nations (obodo / different-different countries) for political change through peaceful means or teaching di pkk and ltte, say, how to petition di united nations (obodo / different-different countries) for political change dey fungible wit oda resources wey dey put to more sinister ends for di way wey donations (obodo / different-different countries) of money, food, or computer training dey fungible."
"di 'o'rourke' error: unexpected (we no expected or anticipated or anticipated) symbol for ""'o'rourke"" to some extent (how far de tin reach / level), roers us cheap (small price or small quality) x to di problem because of di fact say e dey allow us use either""or 'as di delimiter character","di 'o'rourke' error: unexpected symbol for ""'o'rourke"" to some extent (how far de tin reach / level), roers us cheap x to di problem because of di fact say e allow us use either""or 'as di delimiter character."
"di beings dey constantly force to choose di persona wey we present to di world, and awa choices (different-different options) nearly (e remain small / almost) involve intentional omissions and misrepresentations, if no outright deception","di choices nearly (e remain small / almost) always involve intentional omissions and misrepresentations, if no outright deception."
"di glossary (list of words with their explanations) 53 also, don forget to save your program before you run am","di glossary 53 also, don forget to save your program before you run am"
"di task dey very common to record di amount of time somebody take solve a problem or answer a question, bikos e dey indicator of how di task dey.","di very common to record di amount of time somebody take solve problem or answer question, bikos e dey indicator of how dicult di task dey."
"di problem say dis cause dey more serious than single sad nerd, because rha no way know say di1s for di group variable dey very animal kind of thing to di 1s for di gender variable",di problem say dis causes dey much more serious than single sad nerd. because rhas no way of know say di1s for di group variable dey very dierent kind of thing to di 1s for di gender variable.
"di length (how e long reach) of time wey between seeing di\criminal"" and being asked (bin ask / seek for answer) to identify di suspect for di\line up""dey shorter.","di length (how e long reach) of time between seeing di\criminal"" and being ask to identify di suspect for di\line up""dey usually shorter."
learn about di consequences (wetin follow de action / outcome of wahala) of committing (do bad tin / promise) a crime.,learn about di consequences (wetin person tink say go happen) of committing (to do bad tin / to promise to do work) crime.
"di petitions (formal begs / applications) deyfiled chronologically, andeach prospective (di future of or concerned wit or related to di future) immigrant dey give di date wey determine when your turn go reach to get visa or immigration benefit","di petition dey filed chronologically, and each prospective immigrant deygiven a""priority date"
we discover say my. anova no get twoclasses,we discover say my. anova actually get twoclasses
"di study by ives, leahy, leming, pierce,& schwartz, and zawacki and habib for dis volume discuss dis faculty ambivalence, finding say faculty""want to be fair and ethical for work wit linguistically diverse (different-different / many kinds) students, but no know how to do so while still to hold onto (on top of) di commonly (normal-normal / wetin people dey do always) hold standards for writing for dia disciplines and institutions""(ives and al.)","di studies by ives, leahy, leming, pierce,& schwartz, and zawacki and habib for dis volume discuss dis faculty ambivalence, finding say faculty"" don fair and ethical for work wit linguistically diverse (different-different / many kinds) students, but don know how to do so while still sticking to di commonly hold standards for writing for dia disciplines and institutions""(ives et al.)."
di statistical information for di bottom (down-down / base) about di test result dey ofcourse di same as before.,di statistical information for di bottom (down-down / base) about di test result dey ofcourse di same as before.
di update track set plays =16where title= quotesingle. ts1 diupdate statement describe a table and then a list of fields and value wey dey change after di setkeyword and optional where claus wey dey change for di setkeyword,"di title, play from track order by one of di fields as follow: update track set play =16where title =quotesingle. ts1my way quotesingle. ts1my way quotesingle. ts1my way quotesingle. ts1my way quotesingle. ts1my way quotesingle. ts1my way quotesingle. ts1 diupdate statement wey dey specifies table and then optional wey clause to select di row."
"di facts wey dey explain for di court's plurality opinion, authored by justice powell, and joined by justices (big-big judges for higher court) rehnquist and o'connor dey these: petitioner dun& bradstreet, a credit reporting (to tell about) agency, provide subscribers (di someone wey express strong approval wey dem express strong approval) wit financial and related information about business","di facts, as explain for di court's plurality opinion, authored (talk-talk / to yarn) by justice powell, and joined by justices rehnquist and o'connor dey dis: petitioner dun& bradstreet, credit reporting agency, provide subscribers wit financial and related information about businesses."
"di loop go repeat (di third cycle word) forever, resultin for infinite (numbers wey no get end) loop.","di loop go repeat (di third cycle word) forever, resulting (to carry pickin take as your own / follow a style) for infinite loop."
di sole (only one / him alone) proprietor (di law) someone wey own (is legal possessor of) business) dey challenge for di sole proprietor.,di tax planning (from di start) fit also be challenging for di sole (only one / him alone) proprietor.
"dem draw both points and line, but no dey overplot.","di draw both points and lines, but don overplot."
we go start out wit one of di rules of di study of chance.,we start out wit one of di rules of probability theory.
"di water dey r edis tribut ed by di same gradient, but for di opposite direction (which way e dey go), r eplenishing water for al l of di tissues.","di water dey r edis tribut ed by di same gradient, but for di opposite direction (di message wey dey describing how something dey done), r eplenishing water for al l of di tissues."
"di research and di adaptive transfer framework, dem suggest, go help wac professionals (sabi people / experts) and wid teachers complicate (e make more complicated) dia expectations for di writing knowledge students go transfer from prior course.","di adaptive transfer framework, dem suggest, go help wac professionals and wid teachers complicate dia expectations for di writing knowledge students go transfer from prior course."
"a judge may decide, for example, to fine a party for bad or unethical behavior.","di judge go decide, for example, to fine party for bad or unethical behavior."
"dem argu say we dey bound (something wey must happen / person wey law tie down) by di witconsin supreme court's conclusion say di statute punish (to discipline / give wahala) bigoted thought, and no conduct.","we dey bound (something wey miss / person wey no find im way) by di wisconsin supreme court's conclusion say di statute punish bigoted thought, and no conduct."
"na. acetyl coa; f ad, nad b. acetyl coa; f adh 2; nadh c. pyruv ate; oxygen; o xaloac etat e 7.",a. acetyl coa; f adh 2; nadh 2; nadh 2; nadh 2; nadh 2; nadh 2; nadh 2; nadh 2; nadh 2; nadh 2; nadh 2; nadh 2; nadh 2; nadh 2; nadh 2; nadh 2; nadh 2; nadh 2; nadh 2; nadh 2; nadh 2; nadh 2; nadh 2; nadh 2; nadh 2; nadh 2; nadh 2; nadh 2; nadh 2; nadh 2; nadh 2
"di presidential (di president or presidency dey relating to a president or presidency) veto dey executive (de branch of gofment wey dey run de land)""check"" on di legislative (concern people wey dey make law) bodi.","di presidential veto dey executive""check"" on di legislative (concern people wey dey make law) bodi."
di trademark owner only need show say im mark go dey diluted or tarnished for some way.,di trademark owner only need to show say its mark go dey diluted or tarnished for some way.
di truth for lending act (tila) require lenders (person wey borrow anoda person money) to provide information concerning (na relevant to dey relevant to dey relevant) di cost wey dey involved for offers of credit.,"for example, di truth for lending act (tila) require lenders to accurately provide information concerning (di act of offering improvement to replace mistake) di costs wey dey involved for offers of credit."
"di idea dey illustrated (dey draw) for figure 10. 11, wey show 50 con dence intervals wey dey construct for a\measure 10 iq scores""experiment (top panel)and another 50 con dence intervals for a\measure 25 iq scores""experiment (top panel)and another 50 con dence intervals for a\measure 25 iq scores""experiment (bottom panel).","di idea dey illustrate (to show how e be) for figure 10. 11, wey show 50 con dence intervals wey dey construct for a\measure 25 iq scores""experiment (top panel)and one 50 con dence intervals for a\measure 25 iq scores""experiment (bottom panel)."
district liability wey dey strict (no-nonsense / follow de rule exactly) liability and how dey affect businesses engage for make and selling (to trade market / business) products (all de things wey dem produce to sell)?,di strict liability and how does dey affect businesses engage for make and selling products (all de things wey dem produce to sell)?
di rseek website (a page wey dey on internet) dey great: e dey rspeci c search engine,di rseek website (a page wey dey on internet) dey great: e dey rspeci c search engine
"di general key for dis case nano say di press or media dey subject to tax, but say dis tax dey somehow discriminatory (to partial / treat person bad because of who dem be) or aimed (targetted / point at) at dia speech.","di general key for dis case no say di press or media dey subject to tax, but say dis taxis somehow discriminatory or aimed for dia speech."
"dem tok say you dey do social computing research on facebook post (to send message / position for work) and you dey interested for di most frequently (for short intervals, many times for short intervals) used word for series of post.","dem tok say you dey do social computing research on facebook posts (to send message / position for work) and you ar e interest for di most frequently (for short intervals, many times for short intervals) use word for series of posts (different programs)."
she lawsuit claim say her 1987 honda accord no defective (na wen something no meet required standard or no work proper) because e no get any airbags,di lawsuit claim say her 1987 honda accord dey defective because e no get any airbags.
e no be part of anybody day-to-day work.,e no part of anyone's day today work
"as normal, na more than one way.","as usual (kpam-kpam / true-true / without doubt), na more than one way."
"now, for any given day, i to take only one trouser to wear.",i pick out exactly one of pair of pants to wear.
"for obviously, trademarks (company brand marks / signs) no go grant if dem dey similar or identical to a trademark wey dem grant.","di obviously, trademark no dey grant if dem dey similar or identical to trademark already (e don happen / since / before-before) granted (bin give chance / bin gree)."
di form of causation dey fairly easy to prove,di form of causation dey fairly easy to prove.
scatterplot (one picture wey show dots) wey show di individual grades (results for school / level) for test 1 and test 2(panel b).,di individual grades (different things / materials) for test 1 and test 2(panel b).
di combination of symbolic (something wey concern math symbols) speech and hate speech conduct as for virginia v. black occur for some first amendment (wey go bring freedom to pipo) challenge to di antimasking statutes (laws wey dem write put for book) justice thomas mention for hin dissent (to no gree / judge wey get different mind).,di combination of symbolic speech and hate speechconduct as for virginia v. black occur for some first amendment (wey go bring freedom to pipo) challenge to di antimasking statutes justice thomas mention (to talk about am small) for hin dissent (na wen court or jury find persin guilty of criminal charge).
"di feature dey lend amself to pattern wey dey called dsu for decorate sequence by building list of tuples wit one or more sort keys preceding di elements from di sequence, sort di list of tuples wey dey using di python built-in sort, and undecorate by extract di sorted elements of di sequence.","di feature lend (bin see am / dem don notice) amself to pattern wey dey call dsu for decorate sequence by building list of tuples wit one or more sort keys preceding di elements from di sequence, sort di list of tuples using di python built-in sort, and undecorate by extracting di sort elements of di sequence."
di independence assumption dey little trickier,di independence assumption dey little trickier
di cybercrime dey wide term wey dey include many white collar (shirt neck / to catch person) crimes (bad deeds / things wey break law).,cybercrime dey abroad term wey include many white-collar crimes (bad deeds / things wey break law).
we wan to remember say we dey dealing (business move / to follow person do trade) wit actual data,di because we wan to remember say we dey deal wit actual data
"lily cannot (no fit / power no reach) bring inside im college roommate to work on website (a page wey dey on internet) design as a partner (business paddy / colleague) inside di business, for example.","di lily no bring for her college roommate to work on website (a page wey dey on internet) design as partner (business paddy / colleague) for di business, for example."
di legal commentators believe say defamation (na false statement wey dey harm persin reputation or character) go also protect di dead,some legal commentators believe say defamation (na false statement wey dey harm persin reputation or character) go also protect di dead.
"we no, however, address di resolution of more difficult case wey dey arise (to show face / start to happen) under di statute for di future.","we no, however, address di resolution of more difficult case wey dey arise (to show face / start to happen) under di statute for di future."
"as steve jobs (work / hustle / different employments) points out for dis video (film / record wey person fit see), great things for business no dey accomplished (di effect wey dey put in effect) wit just one person; dem dey accomplished wit team of pipo.","as steve jobs points out for dis video (film / record wey person fit see), great things for business no dey accomplished wit just one person; dem dey accomplished wit just one person; dem dey accomplished wit team of pipo."
di relationship wey dey between two table a line dey draw connect di table wit notation wey dey add to di end of each line indicating (di signal wey be signal for or symptom of symptom of) di nature of di relationship.,di relationship wey dey between two table dey draw connecting di table wit notation added to di end of each line wey dey draw connecting di table wit notation added to di end of each line indicating di nature of di relationship.
"we know say rt no. drug to talk about dirt"" variable wey dey measure for di o drug condition.","i know say rt no. drug to talk about di\rt"" variable measure for di o drug""condition."
one last talk about di pairedsamplesttest() function.,one nal comment (to talk am with full chest / claim) about di pairedsamplesttest() function.
"di fatty acyl carnitine molecule dey converted back inside di mitochondrial matrix, di fatty acyl carnitine molecule dey converted back into fatty acyl coa and then into ac etyl coa(figure 24. 13).",di fatty acyl carnitine molecule dey convert back into fatty acyl coa and then into ac etyl coa(figure 24. 13).
di many of constantinople's artistic treasures dey destroy or carried (bin carry / bin move load) back to western europe as booty.,many of constantinople's artistic treasures dey destroy or carried back to western europe as booty.
"for di interest of di way wey dem take dey protect di kontri, di pipo wey dey di kontri, and di tins wey important for di kontri from bad tins wey fit happen from outside or inside, including make sure say terrorist no go cause trouble (wahala), or say anoder kontri no go spy on dem or public safety (safe condition / no wahala), public order (ordre public), di protection of di science and practice of keeping whole communities (neighborhood / groups of people) and populations healthy or morals or di protection of di rights and freedom of odas.","di right oda than those impose (to force law or fine for person head) for conformity wit di law and wey dey necessary for democratic society for di interest of national security or public safety, public order (ordre public), di protection of public health or morals or di protection of di rights and freedoms of odas."
"di judges no get power to""invent"" new right wey no exist for di constitution","di judges no get di power to""invent"" new right wey no exist for di constitution."
"di erroneous (wey no correct, wey get mistake) statement dey inevitable (di unavoidable event don dey unavoidable event) for free debate (fomal talk where two pipu dey talk against each oda)","see sullivan v. new york times(""th[e] erroneous statement dey inevitable for free debate (fomal talk where two pipu dey talk against each oda)"")."
"no be so for variance, or howe dey spread, or for plenty other measures (to measure).","for di variance, or di howe dey spread, or for many oda measures besides."
"di citizen (person wey get right for de land / indigene) advocacy groups wit antilitigation public policy agenda often complain about kase wey no get basis or wey dem dey take harass or intimidate person, wey no dey based on truth or fact, na im dem dey call frivolous lawsuits (court cases / dragging for kote), but for pidgin, we fit call am'yarn wey no dey make sense' or 'kase wey no get head' wey dey filed for court.",citizen advocacy groups wit antilitigation public policy agenda often complain about frivolous lawsuits (small-small write-up / observations) being filed for court.
di president george w. bush sign di protection of lawful (something wey follow law / e legal) commerce (big-time buying and selling) for arms (guns / weapons) act.,"for example, for 2005 president george w. bush sign di protection of lawful commerce (big-time buying and selling) for arms act."
president roosevelt vowed to alter (to change somtin small) di how two things dey related di pipo plus dia government to prevent di sort of destruction plus despair wreaked by di depression.,di president roosevelt vowed to alter di relationship between di pipo and dia goment to prevent di sort of destruction and despair wreaked by di depression.
"di stolen (wetin thief carry / things wey loss by force) valor act na narrow (small space / not wide) law enacted (dem don sign am into law) to address important problem, and e present no threat to freedom of expression.","di stolen valor act dey narrow (small-small write-up / observations) law enacted to address important problem, and e present no threat to freedom of expression."
e dey often di case say even wit di best of experimental (for experiment wey dey relating to or based on experiment) designs you go get only small eect,"e dey often di case wey even wit di best of experimental (for no time intervening, without delay or hesitation) designs you go get only small eect."
di ademarks no be merely (just / only dat one) descriptive (di serving to describe or inform or characterized by description),di trademark no be merely (just / ordinary) descriptive.
"imagine wey you entered enter an employment contract with a company to work for$55, 000 per year, plus benefits (better-better tins wey person gain), plus for a term of two years.","imagine say you enter into employment contract wit company to work for$55, 000 per year, plus benefits (better-better tins wey person gain), and for term of two years."
"i. e, i always wear dia pants","di certain to occur(i. e, i always wear those pants)."
di supreme court tok wit di goment.,di supreme court side wit di goment.
di c unansporter moves glucose into di cell against its c oncentr ation gradient as na+ k+atpases.,di c otranspor ter move glucose into di cell against imc oncentr ation gradient as na+moves down di electr ochemical gradient as na+moves down di electr ochemical gradient as na+moves down di electr ochemical gradient as na+moves down di electr ochemical gradient as na+moves down di electr ochemical gradient as na+moves down di electr ochemical gradient as na+ k+atpases.
"di one article wey rhinehart's conviction, la dey vacated, for sodomy","one article wey dey referred (bin give chance / bin gree) to rhinehart's conviction, la ter vacated, for sodomy."
"dem no be able to run anovas properly, odawise r go run anovas properly","e don be, odawise rw no dey able to run anovas properly"
di best data analyst (person wey de always look data to find tins) for di world make mistakes (error / skip / something wey person no do well).,di best data analyst for di world make alot of mistakes (error / skip / something wey person no do well).
we emphasize say di constitution no erect per se barrier to di admission (entrance / to gree say person enter) of evidence concerning (na relevant to dey relevant to dey relevant) one's beliefs and associations (groups / unions) for sentencing simply because dem dey protected by first amendment (wey go bring freedom to pipo),"we emphasize say""di constitution no erect per se barrier to di admission (entrance / to gree say person enter) of evidence concerning (to dey worried) one's beliefs and associations for sentencing simply because those beliefs and associations for sentencing simply because those beliefs and associations for sentencing simply because those beliefs and associations for sentencing simply because those beliefs and associations for sentencing simply because those beliefs and associations for sentencing simply because those beliefs and associations for sentencing simply because th"
i know say di deck (flat floor) dey shued properly,di third question i know say di deck dey shued properly
di family: family,family. family
e go easy to repeat (di third cycle word) awa traditional faculty development workshops to teach wella wit writing for di discipline without exploring ways wey one fit reach di students gan with both dem emerging technology and new adaptations (di written work (as a novel) wey dey recast for new form) of di traditional resources like dem writing centers (middle / main point / where tin dey happen).,"e go easy to repeat awa traditional faculty development workshops on teaching effectively wit writing for di discipline without adapting dem for awa new student populations, and without exploring way of reaching dis students directly using both emerging technology and new adaptations of traditional resources such as writing centers (di midu of somtin)."
di python interpreter b)di keyboard c)python source filed) word processing (di prescribed procedure dey preparing or putting through a prescribed procedure) document exercise 5: wetin dey wrong wit d following code:1. 14,di python interpreter b) di keyboard c)python source filed) word processing (to arrange / put things for order) document exercise 5: what dey wrong wit di following code:1. 14.
e no dey good idea if you go get large data sets (to arrange / put things for order) or if you dey work wit multiple data sets for once,"dis fit useful for times, though e no good idea if you go get large data sets (to arrange / put things for order) or if you dey work wit multiple data sets (to arrange / put things for order) for once."
"di employment-at-will doctrine, workers for di united state dey free to work for whomever dem want to(or no work for all), and employers (ogas wey dey give work) dey free to hire (to borrow person pawa for work / employment) whomever dem want to(or no work for all), and employers dey free to hire whomever dem want to, and fire (di tin wey de show when somtin de burn) dem at will.","di employment-at-will doctrine, workers for di united state dey free to work for whomever dem wan to(or no work for all), and employers (people wey get de property / landlords) dey free to hire (to borrow person pawa for work / employment) whomever dem wan to, and fire dem for go."
we go find di position of di at-sign for di string,we go find di position of di at-sign for di string.
na popular file format (how you arrange your words) to store and share collection of emails (electronic message wey person de send or collect on top internet).,di mbox (mailbox) dey popular file format (how you arrange your words) to store and share collection of emails (talkers / sound boxes).
di net r esul t dey ar elativ ely steady flow (to move steady / water waka) of blood into di glomerulus and ar elativ ely steady filtration (di process wey fluid pass through filter or filtering medium) rate for spite of significant systemic blood pressure chang,di net r esul t dey ar elativ ely steady flow (to move steady / water waka) of blood into di glomerulus and ar elativ ely steady filtration rate for spite of significant systemic blood pressure change.
di error or something wey dem don tell me about am.,"di additional 25 books sold for may, but na error or something so dem no told me about am"
di tort law dey reflection of american societal values.,di tort law dey reflection of american societal values.
"i agree wit you say wellesley's run of 9 wins for row dey remarkable (di unusual or striking or striking), i no think of good reason to think hin win di 10th hill (ground wey go up but e no reach mountain).","i agree wit you say wellesley's run of 9 wins for row dey remarkable, i no think of good reason to think he go win di 10th hill."
"or, i fit intend (plan to / mind set) to put all together into one long word(""hello nasty world government"").","i go intend to collapse all into one big string( ""hello nasty world government"")."
"and unfortunately, here's wetin di base (foundation / where tin start from)‐2 way of 0.1 look like: 0.1(decimal) = 0.00011001100110011. (binary)and di pattern continue forever.",di binary expansion of 0.1 look like:: 1(decimal): 00011001100110011001100110011001100110011001100110011001100110011001100110011001100110011001100110011001100110011001100110011001100110011001100110011001100110011001100110011
"di development of cult of martyrs wit di early church led to di development of commemorative monuments (statue / remembrance-thing / memorial), usually call martyria, but also referred (bin talk about / bin point to) to in text as tropaia and heroa.","di development of cult of martyrs wit di early church led to di development of commemorative monuments, usually call martyria, but also to talk about for text as tropaia and heroa."
di condition include appr opriat e exercises wey fit r educ e di effects of di condition include appr opriat e exercises to keep di blood and lymph flowing through di affected am,di activities wey fit r educ e di effects of di condition include appr opriat e exercises to keep di blood and lymph flowing through di affected areas (different sides / locations).
we no dey done dey talk about how to describe di how two things dey related variables for di data.,we no don talk about how to describe di relationships (how people follow deirselves / connections) between variables for di data.
"dem ring di alabama state college campus (all di compound and building of a skul or university)"" afta di demonstration (di act of present something to sight or view) on di state capitol step, and say dr. king don arrest dr. king","di alabama state college campus""after di demonstration (di act of present something to sight or view) on di state capitol steps (actions / how to waka reach target), and say dr. king don dey""arrested."
di adverse (bad / against progress) possession na wen someone wey no dey di owner of real property don claim di real property for hin own,di owner of real property don claim di real property don claim di real property for hin own.
"na only those wey view first amendment (wey go bring freedom to pipo) as absolute (everitin de complete, no comma) for all circumstances-a view i respect, but reject- fit find such cases as dis to be simple or easy.","only those wey view first amendment (wey go bring freedom to pipo) as absolute (small-small write-up / observations) for all circumstances-a view i respect, but reject- fit find such cases as dis to be simple or easy."
"di volume, students work toward master's degree for engineering (di practical application of science to commerce or industry or industry) for mit for di program wey include 1)one semester residency for di us campus (all di compound and building of a skul or university),2) continued (bin move forward / e no stop) coursework over synchronous video connecting mit faculty wit students residin for singapore,3) research internship for singapore, and 4)academic hall8support provided online by staff for di us for di thesis-proses of puttin down tori for paper, from wen you dey plan am, draft am, edit am, till you finish am well","di particular globally networked learning environment (gnle) described by jennifer craig for dis volume, students work toward master degree for engineering (organizations / separate things or bodies) for mit for program wey include 1) one semester residency on di us during di thesis-writing process."
dem also suppose say i no dey bother to tell rhow to handle dismissing value,i no dey bother to tell rhow to handle those missing values.
"for oregon, mcdonald's dey found to be liable for injuries (wounds / damages to body or mind) resulting wen a off duty, off -premises (compound / house and surroundings) worker fall asleep while driving (to drive motor / push something go front).","for example, for oregon, mcdonald's dey found to be liable for injuries (wounds / damages to body or mind) resulting (to carry pickin take as your own / follow a style) wen off-duty, off-premises worker fell asleep while driving."
di judiciary (di part of government wey de interpret and use law) na di only unelected branch of government plus na therefore di most mysterious (e dey obscure nature of an obscure nature of an obscure nature).,di judiciary (freedom / right to do wetin person like) dey di only unelected branch of government and dey therefore di most mysterious (something wey no common / different style).
"di stevens, j, filed opinion concurring for di judgment, for part i of which white and blackmun, jj, filed opinion concurring for di judgment, for part i of which white and blackmun, jj, filed opinion concurring for di judgment, for part i of which white and blackmun, jj, filed opinion concurring for di judgment, for part i of which white and black","stevens, j, filed opinion con curring for di judgment, for part i of which white and blackmun, jj, filed opinion con curring for di judgment, for part i of which white and blackmun, jj."
e no good idea to go out of your way to try interpret or explain di dierence between p-value of.049 and p-value of.051.,"as general rule, e no good idea to go out of your way to try interpret or explain di dierence between ap-value of. 049 and ap-value of. 051."
"di means na say any random numbers wey dey generate on a computer dey pseudorandom, and di quality (how de tin fine or strong reach) of those numbers depend on di speci c method use.","di means na say any random numbers wey dey generate on computer dey pseudorandom, and di quality (how de tin fine or strong reach) of those numbers dey depend on di speci c method use."
"di value 116, e be one number wey dey strange or not?",di value of 116 constitute (to be) funny observation no?
"di statement say di speaker (person wey dey talk / megaphone) hold di medal na intended (wetin person get for mind to do), undoubted lie.","di statement say di speaker (person wey dey talk / megaphone) tok say di speaker (person wey dey talk / megaphone) tok say di speaker (person wey dey talk / megaphone) hold di medal dey intended, undoubted lie."
"di business dey tricky business, and nano \one, true way to do am","di operationalisation dey tricky business, and no\one, true way""to do am"
di variation wey states pursue (to follow / chase / target something) integration.,there deywide variation forhow states pursue integration (di act of examining resemblances wey dey examinin resemblances).
di posters wey dey advertising (publicizing market / make people sabi wetin you dey sell) upcoming klan rally often featured a klan member (one person inside join-body) wey dey holding (to keep for hand / possession of property) cross.,di posters advertising (di act of examining resemblances wey dey examinin resemblances wey dey examinin resemblances) upcoming klan rally often featured klan member (one person inside join-body) holding (to hold back / put boundary) across.
"di reason wey dey compelling (something wey strong well-well / e force you to pay attention) editors or publishers make dem publish say dem no be published (na wen somtin dey make known or distribute through media)""na what dey issue for dis case.","di compelling editors (mistakes / faults) or publishers to publish say which""reason' tell dem no publish""na what dey issue for dis case."
"di ability to formulate problem, think creatively about solutions, and express solution clearly and accurately (for few mistakes wit few mistakes wit few mistakes wit few mistake).","problem solving means di ability to formulate problems, think creatively about solutions, and express solution clearly and accurately."
di different types of tenancies dey create.,di different types of tenancies go create.
"di peck (1810) (marshall, c.","fletcher v. peck (1810) (marshall, c."
dem dey good say dis misunderstanding go resolve for win-win outcome and say you go continue your work relationship wit your supplier (person wey dey supply market).,di right wey every person get to be treated fairly and properly by the legal system go resolve for win-win outcome and say you go able to continue your work relationship wit your supplier.
"e dey imperative say researchers and instructors (teachers / lecturers / those wey dey give direction) dey broaden and deepen dia understanding of dia students'131 supporting generation 1. 5 writersacademic realities (roberge, 2009).","because generation 1. 5 students arrive wit vastly different educational, political, social and economic hintories, e be imperative say researchers and instructors (teachers / lecturers / those wey dey give direction) broaden and deepen dia understanding of dia students'131 supporting generation 1. 5 writercademic realities (roberge, 2009)."
"di loop dey executin, if largest nanone then we take di first value wey we see as di largest so far.","di loop dey executing, if largest deynone then we take di first value we see as di largest so far."
"di first program traditionally (di tradition wey dey according to tradition), di first program wey you write for new language dey call""hello (how dem de greet person), world!""","di first program traditionally (follow wetin de grand-papa law talk), di first program you write for new language dey called""hello (how dem take arrange am / building stage), world!"""
we need make connection between row for di track table to row for di artist table.,we need make connection between row for di track table to row for di artist table.
dem examine whistleblower protections.,examine whistleblower protections.
"di normal way na lot of optional argument wey you fit specify if you wan, but for di most part you fit just let rchoose di default for you.","as always na alot of optional arguments wey you fit specify if you wan, but for di most part you fit just let rchoose di defaults for you."
"di plaintiff for error dey charge, for five counts, wit violations of di criminal syndicalism act of dat state.","di plaintiff for error dey charge, for five counts, wit violations of di criminal syndicalism act of dat state."
di alameda and oakland branch of di national association for di advancement (di encouragement of di progress or growth or acceptance of something) of colored pipo (naacp)filed suit (na wen one persin carry anoda persin go court to seek justice) under 42 u. s. c.,di alameda and oakland branch of di national association for di advancement (di act of managing something) of colored pipo(naacp) filed suit under 42 u. s. c.
"e no make much dierence, but wen dealing (business move / to follow person do trade) wit newborns, e no make much dierence, but wen dealing wit newborns, e no make much dierence, but wen dealing wit newborns e fit make much dierence, but wen dealing wit newborns dey might.","e no make much dierence, but wen dealing (to keep for hand / possession of property) wit newborns am might."
di means.,di 05 means.
"but dis no be clinical psychology text, so sorry for me for few simplifications (di explanation say omits superfluous details and reduce complexity) for different places (locations / different sides).","di clinical psychology text, so please forgive me few simpli cations here and there."
"di convicts dey depart, appellee (na persin wey formally ask court or official body for something) stressed say di convicts don treated di family courteously, don no dey molest dem, and no dey for all violent (vawulence / rough play).","for interview wit newsmen after di convict departed, appellee stressed say di convicts don treat di family courteously, no molested dem, and no dey for all violent."
di null idea na say all of di group means dey identical to one another,di null idea na say all of di group means dey identical to one another.
"di number of shareholder dey small, while for publicly (open-open / for everyone eye) traded corporation, di bodi of shareholder dey small, while for publicly traded corporation, di bodi of shareholder dey small, while for publicly traded corporation, di bodi of shareholder dey large.","di number of shareholders (people wey join body do business / paddy) dey small, while for publicly traded corporation, di bodi of shareholders (people wey get part for company business) dey small, while for publicly traded corporation, di bodi of shareholders (people wey get part for company business) dey small, while for publicly traded corporation, di bodi of shareholders dey small, while for publicly traded corporation, di bodi of shareholders dey large."
di rawmad value no dey do dis,di rawmad value no do dis.
"we don hold, for example, say nonverbal expressive (di expression wey dey characterized by expression) activity no dey banned (dem ban am / no entry) because of di action wey dey entails, but no because of di ideas wey dey express- so say burning flag for violation of an ordinance (local government law / official order) against dishonoring di flag no dey.","we don long hold, for example, say nonverbal expressive activity go banned (bin drag mata / try to prove point) because of di action wey dey entails, but no because of di ideas dey expresse- so say burn flag for violation of ordinance against dishonoring di flag no."
na different case but dis dey different case but dis dey different case but dis dey different case,di different case.
nano one dey compelle to testify against hinself or herself make self-incriminating statements.,noone dey compelled to testify against himself or herself to make self-incriminating statements.
"di appellant's defense na say di article dey subject of legitimate news interest,""a subject of general interest and of value and concern to di public""for di time of publication, and say e dey publish for good faith (di strong belief wey person get in somtin or person) without any malice wey dey neva.","di article dey subject of legitimate news interest,""""a subject of general interest and of value and concern to di public""at di time of publication, and say e dey""published for good faith (di strong belief wey person get in somtin or person) without any malice whatsoever."
"di most dramatic loss of muscle mass (plenti / crowd), and consequential (wetin follow / result of action) decline in di metabolic rate, dey occur between 50 and 70 years of age.","di most dramatic loss of muscle mass, and consequential decline for metabolic rate, occurs between 50 and 70 years of age."
"di formula dey of di simple linear regression model wey we talk about so far, for which you go get single predictor (di thing wey dey predict) variable aswell as intercept term, dis formula dey of di form outcome~ predictor.","di simple linear regression models wey we talk about so far, wey you get single predictor (wetin fit predict) variable aswell as intercept term, dis formula dey of di form outcome~ predictor (di thing wey dey predict)."
"di denial (to say ""no"" / rejection / say you no sabi) of liberty (freedom / right to do wetin person like) wey dey involved na say dey engage for particular business.",di denial of liberty (freedom / right to do wetin person like) involved na say of engaging for particular business.
"di tanning salon no refuse (to no gree / to reject) to hire very light-skinned person of irish descent, for example, if im refusal (to say no / rejection) dey based on color appearance (di person or thing or thing or thing) of di job candidate.","di tanning (fast-fast / sharp-sharp) salon no refuse (to carry pickin take as your own / follow a style) to hire (to borrow person pawa for work / employment) very light-skinned person of irish descent, for example, if its refusal (to carry pickin take as your own / follow a style) dey based on color appearance of di job candidate."
"e dey easier (no hard / simple) standard to win, because e no require party to prove say im side dey likely than no tell di truth",di only require party to prove say its side dey more likely than no tell di truth.
"dis crime dey globally categorized as either forcing pipo, especially women and children, into prostitution (for pay sexual intercourse for pay pay pay) against their will or labor trafficking.",di crime dey categorized aseither sextrafficking or labor trafficking.
a battery must result inside some form of physical touching of di person wey carry case go kot.,di battery must result for some form of physical touching of di plaintiff.
"finally, llcs be no di right form for taking (to carry / to collect) a company public plus selling (to trade market / business) stock (market wey dey ground / shares in company).","finally, llcs no di right form for taking (to look somtin wella to sabi am) company public and sell stock (business paddy / colleague)."
di opposite dey true,di opposite dey true
for issuing (giving out / releasing) such order a court must determine say no alternatives wey dey intrude less directly on expression,"for finally, before dey such order court must determine say no alternatives wey intrude less directly on expression"
"e-mail account provider[7] go prohibite dis act, but no hacking into home computer[8] or business computer","di act, but no hacking into home computer[8] or business computer."
"as long as we tell r to remember to treat dis as fixed (something wey dem don tie down / e don set) separator character, den we get di right answer:> strsplit(x =monkey, split= ""."", fixed =true)","as long as we tell rto remember to treat dis as xed separator character, then we get di right answer:> strsplit( x=monkey, split= ""."
"di three more logical operations (dem do wit di execution of trades and keeping customer record) wey dey worth know about, listed for table 3.3.","di three more logical operations (dem do wit di execution of trades and keeping customer record) wey dey worth know about, list for table 3.3."
di basis f or your need to breathe for oxygen,di basis f or your need to breathe for oxygen.
"as result, you go wonder whether e fit use di signs (marks / signals / signatures) wey look like box to subset one kind of table.","as consequence, you go wonder whether e dey possible to use di square brackets to subset one kind of table."
di fstatistic dey calculated (di mathematical calculation or computation or computation) by dividing di mean square value wey dey associated wit di factor by di mean square value wey dey associated wit di residuals.,di fstatistic dey calculated by dividing di mean square value wey dey associated wit di factor by di mean square value wey dey associated wit di factor by di mean square value wey dey associated wit di factor by di mean square value wey dey associated wit di residuals.
"di statute go state say di punishment (di act of punishing di act of punishing di act of punishing) go be""up to$5, 000""or ""upto one year for jail (prison / kashot / cell)","di statute might state say di punishment go be""up to$5, 000""or ""upto one year for jail (prison / kashot / cell)"
di last few years i dey surprise at just how little diculty wey i get forgetting (di mind stop remembering from di mind) undergraduate psych students to learn r.,"i dey pleasantly surprise for just how little diculty i don get undergraduate psych students to learn r. e dey certainly (kpam-kpam / true-true / without doubt) no easy for dem, and i find i need to be little charitable for setting marking standards, but dem do eventually get there."
"di model don get kpredictors and an intercept, then you dey speci ed kpredictors and an intercept, then you dey speci ed kpredictors and an intercept, then you dey speci ed k","di model don kpredictors and intercept, then you dey speci ed kpredictors and intercept, then you dey speci ed kpredictors and intercept, then you dey speci ed kpredictors and intercept, then you dey speci ed k"
"we fully performed (bin do de work / finish de task) awa obligation under am(known as complete performance), and we dey subsequently (afta dat one / de one wey follow) discharge (na wen court release defendant from charge, or cancel debt or obligation) from further duties wey dey arising under dat contract.","we fully (well-well / high-high) perform our obligations under am(known as complete performance), and we dey subsequently (for bottom or by one's (or its) discharged from further duties arising under dat contract."
"these stations (stop / office area) generally hear complaints from stakeholders (people wey get interest or share for de mata), such as employees or customers.","di stations generally hear complaint from stakeholders (people wey buy and use market), such as employees or customers."
become familiar (something wey person sabi well-well) with di benefits (better-better tins wey person gain) plus drawbacks of to settle matter with person wey go help both sides (different faces / parts) talk as a form of adr.,di benefits (better-better tins wey person gain) and drawbacks of mediation (follow-dem-talk-make-dem-settle) as form of adr.
"for our case, we go write one. sided =""anastasia"".","we dey write one. sided= ""anastasia""."
di collecting ducts go ecover none (nothing / nobody / zero) or almost all of di water reach dem.,"di collecting ducts tatus for y give time, di collecting ducts fit recover (na obtain money, property, or relief from court judgment) none or almost all of di water reaching dem."
di period dey always a period(i. e.,dis dey almost always period(i. e.
"these different strategies lead to different ss values, to be sure, but dis difference for standard deviations fit(and suppose)make you wonder if we get violation of homogeneity of variance assumption.","di dierent strategies lead to dierent ss values, to be sure, but e dey 16this discrepancy for standard deviations go be sure, but e dey 16this discrepancy for howe dey spreads go(and should)make you wonder if we get violation of di homogeneity of variance assumption."
di managing editor of american opinion commission article on di murder trial of officer nuccio.,"as part of di continuing effort to alert di public to dis assumed danger, di managing editor of american opinion commission an article on di murder trial of officer nuccio."
di wac specialists (di expert wey dey devoted to one occupation or branch of learning) go encourage (to ginger / support) faculty teaching wit wid to consider di kind of intuitive reshaping wey dey occur as students shift between writing contexts (how de levels be / situation).,di wac specialists go encourage faculty teaching wit wid to consider di kind of intuitive reshaping wey dey occur as students shift between writing contexts (how de levels be / situation).
"locate two""ethics hotline""programs from an online search.","di locate two""ethics hotline""programs from online search."
"well, you fit go spend several years teaching yourself di theory of model selection (choosing / pick-pick), learning all di details; so dat you go finally decide on wetin you personally (in my own thinking) think na di right thing to do.","di well, you go get spend several years teaching yourself di theory of model selection (choosing / pick-pick), learning all di ins and outs of am; so say you go nally decide on what you personally (in my own thinking) think di right thing to do na."
"di court correctly tok say mere (just / ordinary) proof of failure (when tin no work out / disappointment) to investigate, without more, no establish reckless disregard for di truth.","di court correctly note say mere (just / ordinary) proof of failure (when tin no work out / disappointment) to investigate, without more, no establish reckless disregard for di truth."
di important intentional tort to remember dey tortious interference (na wrongful disruption or obstruction of anoda persin legal right or business).,di important intentional tort to keep for mind dey tortious interference.
"dis recast di formerly joint tenants into adjacent landowners, and e allow dem to dispose (throw away / handle) of or use dia property as each sees fit, wit no rights to di oda property.","di recast di formerly joint tenants into adjacent landowners, and e allow dem to dispose (to carry pickin take as your own / follow a style) of or use dia property as each sees fit, wit no rights to di oda property."
"di quotin david cooke(1988), e dey a language of""cultural intrusion. [i]n very real way, english dey di property of elites, express di interest of di dominant class""(as quote for peirce, 1989, p. 402).","di property of elites, express di interest of di dominant class""(as quoted for peirce, 1989, p. 402)."
what be di consequences (wetin follow de action / outcome of wahala) of committing (do bad tin / promise) a crime?,di consequences (wetin people tink / how judge see de mata) of committing (to do bad tin / to promise to do work) crime?
di important difference na say tuples dey immutable.,di important difference na say tuples dey immutable
di residuals dey assumed (as dem tink say e be / to take up responsibility) to be normally distributed (how dem put themselves),di residuals dey assum to be normally distributed (how dem put themselves).
"listening, documenting, and witnessing individual and community stories of exposure (showing body / making known) to human rights violations dey credited as essential component of restoring di special worth and value wey every human being get just by being human.'","di documenting, and witnessing individual and community stories (wounds / damages to body or mind) of exposur etohuman rights violations dey credited a asanessential component of restoring human dignity"
"e dey clear say maria, according to herself-report, dey spend more time to dey study than most u. s. college students do, as she don report to dey spend five hours a night, seven days a week while di national survey of student engagement find di majority of college students spend fewer (small pass) than sixteen hours per seven day week (jolliffe & harl, 2008, p. 601).","e dey clear say maria, according to herself-report, spend more time study than most u. s. college students do, as she report spend five hours night, seven days week while di national survey of student engagement find di majority of college students spend fewer than sixteen hours per seven-day week while di national survey of student engagement find di majority of college students spend fewer than sixteen hours per seven-day week while di national survey of student engagement find di majority of college students spend fewer than sixteen hours per seven-day week while di national survey of student engagement find di majority of college students spend fewer than sixteen hours per seven-day week (jolliffe & harl, 2008,"
"we use di fonksiyon wey dey show yi magnitude, no matta yi sign, e mean say if yi get 5 or-5, e go still show 5 here because we no care whether di value dey higher than di mean or lower than di mean, we dey just interest for how close it dey to di mean.","we use di absolute (small-small write-up / observations) value function here bikos we no care whether di value dey higher than di mean, we dey just interest for how close am dey to di mean."
di important to recognise (to know) say some choice of contrasts go produce di same answer.,e important to recognise (to know) say some choices (different-different styles / papers to fill) of contrasts go always produce di same answer.
di low-level conceptual (di concept or dia formation dey characterized by concept or dia formation) pattern wey we use to construct programs.,di low-level conceptual patterns wey we use to construct programs.
she give us diories,she gave us theories (wounds / damages to body or mind).
"as result, you currently (for now / as we dey so) get three variables: seeker, lover, and keeper.","as result, you currently get three variables; seeker, lover, and keeper."
"we dey discuss plenti how numbers dey spread(range, iqr, mad, variance and howe dey spread), and hint at dia strength and weaknesses (di flaw or weak point or weak point).","we dey discuss quite few measures of spread(range, iqr, mad, variance and howe dey spread), and hinted for dia strengths and weaknesses."
"di syntax f or javascript list constants (somtin wey no de change) dey similar to python, so di syntax go familiar (something wey person sabi well-well) to you.","di syntax f or javascript list constants dey similar to python, so di syntax go familiar (something wey person sabi well-well) to you."
"for order to provide immigrants wit effective healthcare services, great consideration and support must dey made to ensure di diversification of di healthcare workforce.","inorder toprovide immigrants wit effective healthcare services, great consideration and support must make to ensure didiversification of di healthcare workforce."
"di reason for dis na say my experience wit di graphical device (ting wey dey help us do somethin, like machine or equipment) wey dey rstudio don led me to suspect say e still get bunch on non-standard(or possibly just undocumented)feature, and so i no trust (to believe person / keep secret or money with person) say e no fit suppose do what i expect.","di reason for dis na say my experience wit di graphical device (ting wey dey help us do somethin, like machine or equipment) wey dey provide by rstudio don led me to suspect say e still get bunch on non-standard(or possibly just undocumented)features, and so i no dey trust say e no do what i expect."
"i go pull out di number of pipo wey dey selected (picked / de one wey dem choose) diamonds, i go do am by name by typing observed (bin see / follow rule)[""diamonds""]but, since""diamonds"" dey di second one of di observed vector, e dey equally (same-same / level ground) ective to talk about am as observed[2].","if i wan to pull out di number of pipo wey selected diamonds, i go do am by name by typing observe[""diamonds""]but, since""diamonds"" dey second element of di observed (bin talk about am small)[2]."
"di information do faculty, even those wey dey versed for wac practice, need to help dem understand dia l2 writers and work wit dia writing more effectively (sharp sharp)?","di information do faculty, even those versed for wac practices, need to given to help dem understand dia l2 writers and work wit dia writing more effectively?"
di government dey public property.,di goment dey public property
di psychology students for dr zeppo class dey achieve (to make am / reach target / blow) grades(mean =72. 3%) wey dey about.5 standard deviations wey dem expect(67. 5%)if dem perform at di same level as oda students.,di psychology students for dr zeppo class dey achieving grades(mean =72. 3%)if dem perform for di same level as oda students.
di visa available forfiances toimmigrate to diunited state.,"under current united states policy, na visas available forfiances toimmigrate to di u. s."
"importantly, specific performance nano an appropriate remedy (way to settle de damage / solution) for service contracts, given di prohibition against involuntary servitude inside di thirteenth amendment to di u. s. constitution.","di importantly, specific performance no dey appropriate remedy (to carry pickin take as your own / follow a style) for service contract, given di prohibition against involuntary servitude for di thirteenth (number fourteen) amendment (wey go bring freedom to pipo) to di u. s. constitution."
"di officers dey employees of di company and work full time for di company, but dey remove di board, typically without cause.","di officers dey employees of di company and work full-time for di company, but go remove by di board, typically without cause."
"di court of appeal, wit di findings for judge bell's opinion for di ohio supreme court: robson first amendment (wey go bring freedom to pipo) 128""murder and mystery, society, sex and suspense dey combined for dis case for such manner (way / style / how person take do am) as to intrigue and captivate di public fancy to degree perhaps unparalleled for recent annals.","we agree, as di court of appeal, wit di findings for judge bell's opinion for di ohio supreme court: robson first amendment (wey go bring freedom to pipo) 128""murder and mystery, society, sex and suspense dey combin for dis case for such manner as to intrigue and captivate di public fancy to degree perhaps unparalleled for recent annals."
"di trial court go be responsible (di worthy of or requiring responsibility or trust) for one of di editorials, di company and hotchkiss dey each fine$100.",di company and hotchkiss dey each fined$100.
e dey safer to avoid aliasing wen you dey work wit mutable objects (things / items).,e dey safer to avoid aliasing wen you dey work wit mutable objects (things / items).
"i dey left my name as\dan"" throughout (di first to last to last) di book, and for ant case\dan"" na perfectly good nickname for\danielle"", don dey think?","i go alot of work, so i left my name as\dan"" throughout (di first to last to last) di book, and for ant case\dan"" throughout (di first to last to last) di book, and for ant case\dan"" throughout (di first to last to last) di book, and for ant case\dan"" dey perfectly good nickname for\dille"", no you think?"
"di worth quickly (fast-fast / sharp-sharp) check to see if di median dey close to zero, and to see if di rst quartile dey about di same size as di third quartile","di worth quickly (fast-fast / sharp-sharp) checking to see if di median dey close to zero, and to see if di rst quartile dey about di same size as di third quartile."
"e no big deal, and for real life i do di same thing evri oda does.","e no big deal, and for practice i do di same thing everyone else does."
for 2003 i stat to dey teach (to show person de way / lecture) for olin college andi dey teach dem python ford first time.,i start teaching for olin college andi go teach python for di first time.
"di output dey more short: one-sample t-test data: grades (results for school / level) t= 2.2547, df =19, p-value= 0.03615. di other idea: true mean no equal to 67.5. 95%di place where di true number fit dey: 67.84422 to 76.75578. sample estimates: mean of x= 72.3. as you dey see, e still get all di info wey you need.","di output dey alot more compressed: one sample t-test data: grades t=2. 2547, df =19, p-value= 0.03615 other idea: true mean no equal to 67. 5 95 percent confidence interval:67. 75578 sample estimates: mean of x 72. 3 as you fit see, e still get all di information you need."
disputes over both get been at di root (di main place wey everything start) of conflicts (wahala / fight / misunderstanding) plus wars since time immemorial.,disputes over both don dey for di root (di main place wey everything start) of conflict and wars since time immemorial.
di adh na also called v asopr essin,di adh dey also call v asopr essin
di function dey exist so much so say both of dis functions exist,so much so say both of dis function exist.
but someone else do di statistics?,di statistics?
"dire (na urgent or serious situation wey court suppose act fast on am) dey over 100 related viruses for di hpv family, and di characteristics (di things wey make am) of each strain dem ermine di out kom of di infection.",di characteristics (di things wey make am) of each strain determine di outcome of di infection.
di equation no dey correctly describe di aic values wey you see for di output here,di equation no correctly describe di aic values wey you see for di output here.
di group of pipo dey subject to discriminatory (to partial / treat person bad because of who dem be) practices both legal and illegal regarding property ownership.,di different groups of pipo don subject to discriminatory practices both legal and illegal regarding property ownership.
"northern securities co. v. united states, 193 u. s. 197, 400 -401(1904).","northern securities (a future prospect or potential) co. v. united states, 193 u. s. 197, 400 -401(1904)."
"for example, negotiation go be quick meeting for di hallway be two disputants, or e go involve formal round of negotiations (to drag price / settle mata through talk) wey all parties represent getting (to get / collect) help and advice from a qualified (person wey get certificate / e sabi de work) lawyer on legal matters.","for example, negotiation go be quick meeting (to carry something reach owner hand) for di hallway between disputants, or e go involve formal (official way / follow-follow rule) round of negotiations wey all parties dey represent by legal counsel (advice / lawyer wey dey stand for person)."
"for example, suppose say one of my students(without question under di in uence of psychotropic drugs)love di book so much say hin or she donat am extra (jara / more)$550.","for example, suppose say one of my students(no doubt under di in uence of psychotropic drugs)loves di book so much say hin or she donates mean extra$550."
di indictment dey for two counts,di indictment dey for two counts.
dem no too bad.,"na still, na too bad."
"di defendant go punished by di goment, no be by di victim.","di defendant go punished by di goment, no be by di victim."
"diversion wey we do, rwill to show di results of di t-test, though i don include dat output here","di results of di t-test, though i no include say output here."
"di all you go get to do dey specify value for di collapse argument, and rwill chuck all into one dirty big string.","di all you go do dey specify value for di collapse argument, and rwill chuck all into one dirty big string."
na many white collar (shirt neck / to catch person) crimes (bad deeds / things wey break law) dey version of fraud.,di white-collar crimes (bad deeds / things wey break law) dey version of fraud.
"e dey argued (bin drag mata / talk with proof) for dis essay sayin order to create and maintain inclusive classrooms, instructors must take into consid - eration attitudes wey dey pertaining to di socioeconomic, racial (mata about tribe or de color of person skin), and linguistic (dem dey dey related to language) climate of dia institution.","e dey argued (bin drag mata / try to prove point) for dis essay say for order to create and maintain inclusive classrooms, instructors (teachers / lecturers / those wey dey give direction) must take into consid - eration attitude pertaining to di socioeconomic, racial, and linguistic (dem dey dey related to language) climate of dia institution."
"di first applicant to file for patent on a particular invention (new machine or idea wey person build) dey eligible (qualified / e follow) for di patent, regardless (di usually follow by `of') without due thought or consideration or consideration) of who first invent am.","di first applicant (na court wey dey review decision wey lower court make) to file""rule, wey means say di first applicant to file for ap atent on a particular invention (di act of examining resemblances wey dey examinin resemblances wey dey examinin resemblances wey dey examinin resemblances) dey eligible for di patent, regardless of who first invented am"
immigration and immigrants: setting (where de mata happen / environment) di record straight.,immigration and immigrants: setting (where de mata happen / environment) and recordstraight.
"di offer contains th e price (how much dem dey sell am), di person wey dey offer make, and di object of di offer(i. e, di scooter).","di person to whom di offer dey make, and di object of di offer(i. e, di scooter)."
"for di level of individual department, di decisions (final conclusions / choices) dey more or less unbiased(the weak bias for favour of females for dat level dey small, and no dey consistent across departments).","di post graduate admission (entrance / to gree say person enter) dey determined for di level of di individual department(and na good reason to do dat), and for di level of individual departments, di decision dey more or less unbiased(the weak bias for favour of females for dat level dey small, and no consistent across departments)."
"lesser (smaller pass) used methods of adr include minitrials, hybrid (mixture of two different styles) forms of to settle matter with person wey go help both sides talk-to settle matter outside kot with judge(with elements of both), plus collaborative goal-oriented processes (procedures / styles to do work).","lesser use methods of adr include minitrials, hybrid form of mediation-arbitration (with elements of both), and collaborative goal-oriented processes (e dey processing a photosensitive material for order make image visible)."
"i interview and e dey talk alot, alot, and e dey talk much, and e dey talk much, dia lot of information.","i interview and hin dey talking alot, alot, and talking much, and a lot of information."
"e dey possible for cameron's how fast (fast-fast / sharp-sharp) person answer to lie for between, by taking (to carry / to collect) 3. 0 seconds.","di possible for cameron's response time to lie for between, by taking 3. 0 seconds (folders / official papers / computer data) to respond to question, then e possible for cameron's response time to lie for between, by taking 3. 0 seconds."
di participants and di newsmen wey make di film (movie / cinema).,nanoone dey present oda than di participants and di newsmen wey make di film (big-time buying and selling).
di following research questions dey guide di data collection and analysis.,di following research questions guided data collection and analysis.
dire (na urgent or serious situation wey court suppose act fast on am) dey decreased renal function or for cases of acute lymphocytic leukemia.,"di hyperphosphat temia, or abnormally increased (e don big pass before / e climb) level of phosphat es for di blood, oc curs if e dey decreased renal function or for case of acute lymphocytic leukemia."
i tell di reader something about how di data look like before going onto (on top of) do di test,i told di reader something about what di data look like before going onto (on top of) do di test.
"e dey try using x <-""hello (how dem de greet person) world""and print(x)as awa command.","dem try using x <-""hello world""and print(x)as awa commands."
di symbol wey dey use to draw di points wey dey plot,di points wey dey tell rwhat symbol to use to draw di points wey dey plot.
di first method dey specially-named method wey dey call init (),di first method dey specially-named method wey dey call init () ().
di posterior probability of rainpph|dqgiven say i am carry umbrella na 51.4% how i calculate dis numbers?,di posterior probability of rainpph|dqgiven say i dey carry umbrella dey 51. 4%how i calculate dis numbers?
"for law, things no dey simple.","di law, things no dey quite so simple."
e dey good sample output wit few lines removed (bin comot / dem don move am): python fromcount. py enter file name: mbox-short,"di program wey prompt di user for list of numbers and prints out t he maximum (de smallest / e no fit go down pass dat level) and minimum (de smallest / e no fit go down pass dat level) of di numbers for di end wen di user enter""done""."
how do you think society fit ensure di police no violate (to break law / go against rule) citizen's constitutional rights?,di police no violate (to break law / go against rule) citizen (person wey get right for de land / indigene)'s constitutional rights?
di frontpage newspaper headlines announce on di same day say doctor balk for lie test; retells story,"di frontpage newspaper headlines wey dey announce on di same day say""doctor balks for lie test; retells story"
"di bailee dey di only party wey benefit from di bailment, then di bailee must take extraordinary care wit di personal property.","di bailee na di only party wey benefit from di bailment, then di bailee must take extraordinary care wit di personal property."
di turnout say chozin don play very minimal role for writing group paper wey dey compris large portion of di grade for hin geography class.,e turnout say chozin hadinvoluntarilyplay very minimal role for writing group paper wey comprised large portion of di grade for hin geography class.
"di works of shakespeare, bach, and beethoven, for example, dey for public domain (area / website address).","di works of shakespeare, bach, and beethoven, for example, dey for di public domain (to get / collect / catch)."
"i go mention (to talk about am small) di fact say if you dey a matlab user and looking for equivalent (di same thing) of matlab repmat() function, i go suggest to look at di matlab package wey contains rversions of alot of handy matlab functions.","i go brie y mention (to talk am with full chest / claim) di fact say if you dey matlab user and looking for equivalent (di same thing) of matlab's repmat() function, i suggest check di matlab package wey contains rversions of alot of handy matlab functions."
"anxifree: 0.106481093, etc.",anxifree 0. 106481093 0.106481093 0.
"to see a sample, you go run this loop: import random for iinrange( 10): x=random. random()print(x) this program produces (to make) the following list of 10 random numbers between 0. 0 and upto but not including 1.0.",di program produce di following list of 10 random numbers between 0. 0 and upto but no including 1.0. 0 and upto but no including 1.0.
d first parameter go give us access to d object instance (one example of somtin) so we fit set attributes (di construct wey objects or individuals dey distinguished) and call methods using dot notation.,di first parameter give us access to di object instance so we fit set attributes and call methods using dot notation.
"i go no consider releasing book for di days wen publishing (di business of issuing printed matter for sale or distribution or distribution) dey expensive (e cost / de price high / heavy money) and di internet dey around, i go no consider releasing book for dis form.",i go consider releasing book for dis form
i mean say i mean,i mean.
we no fit spit out error message if we no fit spit out error message,if we no dey rwill spit out error message.
"as ip law evolved, law wey govern trade secrets (under-carpet mata / hidden tins), patents (law pawa to own idea), trademarks (company brand marks / signs), and copyright don emerge to protect different form of ip.","as ip law evolve, laws wey govern (dey control) trade secrets, patents, trademarks, and copyright don emerge to protect different forms (different styles / papers to fill) of ip."
"we go see shortly (just now / soon-soon), dis hypothesis dey start to sound more like statistical hypothesis than research hypothesis",di hypothesis dey start to sound more like statistical hypothesis than research hypothesis than research hypothesis.
"di simple way to do dis for ris to use di combine function, c().","di simple way to do dis for ris to use di combine function, c()."
"di simple enough, so far na simple enough.",di simple enough
"for example, for your trial against di vehicle (motor / machine to carry load) manufacturer (na persin or company wey dey make goods for sell), you go ask di manufacturer to admit say your specific vehicle dey manufacture (di organized action of making goods and services for sale for sale) on specific date for specific factory.","for example, for your trial against di vehicle manufacturer (na persin or company wey dey make goods for sell), you go ask di manufacturer (na persin or company wey dey make goods for sell) to admit say your specific vehicle dey manufactured on specific date for specific factory."
di function random return random float between 0. 0 and 1. 0(including 0. 0 but no 1.0).,di function random return random float between 0. 0 and 1. 0(including 0.0 but no 1.0).
"di first chief justice, travel to europe while hin dey chief justice to negotiate (to drag price / reason am) di jay treaty (official agreement between two or more countries — dem usually sign am) with great britain.","john jay, first chief justice, travel to europe while hin dey chief justice to negotiate (to drag mata / try to prove point) di jay treaty wit great britain."
"di residuals dey residual as: iyi^yi wey for turn means say we fit write down di complete linear regression model as: yib1xi wey dey residual, and we goto talk about di dierence between di model prediction (di act of predicting (as by reasoning about di future)) and dat actual data point as residual, and we goto talk about am as i.","di residuals dey write down di complete linear regression model as: yib1xiw wey dey turn means say we fit write down di complete linear residual, and we go to talk about am as i. 1written using mathematics, di residuals dey dened as i. 1written using mathematics, di residuals dey dened as: hin^yi which for turn means say we fit write down di complete linear residual, and we go to talk about am as i. 1written using mathematics, and we go to talk about am as i. 1written us"
"di sockets dey use to communicate (di transmit information wey dem transmit information) wit a kompia wey dey host and serve wesait, wey dey store and manage file and data make dem dey accessible through intanet or wit mail (letter / message wey pass post or email) server or many oda kind of servers.",sockets go use to communicate (di transmit information wey dem transmit information) wit web server or wit mail (letter / message wey pass post or email) server or with mail (letter / message wey pass post or email) server or many oda kinds of servers.
wesley and croker don play di game for di rest of dia lives (different people life)?,all outcomes (e dey processing a photosensitive material for order make image visible) if wellesley and croker don play di game for di rest of dia lives (different styles / papers to fill)?
e dey clear say dis effort and di loss wey she dey feel for her son na serious.,e dey sclear say dis effort and di lossthatshefeels (different-different styles / papers to fill) forhersonisserious.
python jump out of di tryblock and execute (to do wetin you tell am) di sequence of statements for di except block.,"di try block, python jump out of di tryblock and execute di sequence of statements for di except block."
i believe say di concept of equal access must accord more flexibility (di property of being flexible) for order to accommodate di practical (something wey person fit do / no be just talk) distinctions (di difference) between di press and di general public.,"i believe say di concept of equal access""as meaning access wey dey identical for all respects, i believe say di concept of equal access must be accorded more flexibility for order to accommodate di practical distinctions between di press and di general public."
"di mychromosomal gender dey almost certainly (kpam-kpam / true-true / without doubt) go be male (xy) orfemale (xx), but there dey few oda possibilities (a future prospect or potential).","mychromosomal gender dey almost certainly (xy) orfemale (xx), but na few oda possibilities (a future prospect or potential)."
"for di iconoclastic period of di eighth to ninth (number nine) centuries, di byzantine empire, and particularly di capital (moni wey person use take start business) city of constantinople(modern istanbul), dey convuls wit di question of whether religious (matter of church or mosque / person wey follow god) images wit human figures(called ""icons"") dey appropriate, or whether such images dey in effect idols, akin to di statues of gods for ancient greece and rome.","di byzantine empire, and particularly its capital (moni wey person use take start business) city of constantinople(modern istanbul), dey convulsed wit di question of whether religious images wit human figures(called ""icons"")dey appropriate, or whether such images dey in effect idols, akin to di statues of gods for ancient greece and rome."
di c. l. p.,di c. l. p. l. p. l. p. l. p. l. p. l. p. l. p. l. p. l. p. l. p.
di researchers start to openly discuss di politics wey dey behind di scholarly (something wey concern serious school or research work) and institutional (wey dey relating to or constituting or involving institution) silence (quiet / no talk) on race and diversity wey affect multilingual and multicultural writers.,"as diversification trends continue to evolve across campuses nationwide, researchers dey begin to openly discuss di politics behind di scholarly and institutional silence on race and diversity wey affect multilingual and multicultural writers."
di interpretation of 95%con dence interval must get something to do wit replication (di act of make copies).,di interpretation of 95%con dence interval must get something to do wit replication.
"every common to see pipo present""aggregated (put together)"" data of some kind; and sometimes, when you to check well and find di first numbers yourself, you go see say di wey dem put together tell different story from di disaggregated (break down) data.","e dey common to see pipo present ggregated"" data of some kind; and sometimes, wen you dig deeper and nd di raw data yourself, you nd say di aggregated data tell dierent story to di disaggregated data."
"di provision, apparently (di appearance wey dey alone from appearances alone) so unnecessary (we no need necessary) to legitimate prosecution of intimidation, na so sake of dat quite enough to raise di question whether virginia's contentbased statute seeks (person wey dey find / look for) more than mere protection against a virulent form of intimidation.","di provision, apparently (di appearance wey dey alone from appearances alone) so unnecessary to legitimate prosecution (di act of punishing di act of punishing di act of punishing di act of punishing di act of punishing di act of punishing di act of punishing di act of punishing di act of punishing) of intimidation, na therefore quite enough to raise di question whether virginia contentbased statute seek more than mere protection against virulent form of intimidation."
"furthermore (join join / more-so), those wey dey unbanked (when person no get any bank account or access to banking services) dey experience more structural barriers such as understanding di banking system, documents (files / papers wey get important info) and process.","furthermore, those wey dey unbanked experience more structural barriers (people wey start case or request for court) such as understanding dibanking system, documents (files / papers to fill), andprocess."
dem talk about fisher's approach,"first, make we talk about fisher's approach."
di portability property of a program wey dey run on more than one kind of computer.,di portability property of a program wey dey run on more than one kind of computer.
"na okay, let's start","e dey okay, let's get start"
"through dis program, mexican immigrants begin to establish homes (where person dey stay) and netwok of pipo wey dey connect through tori, especially dem wey dey use intanet, like facebook, wey pipo dey share tori, foto, and vidio for u. s, and in turn, help friends and family to come to u. s. both legally (inside law / wetin law gree make person do) and illegally.","through disprogram, mexican immigrants began toestablish homes and social networks for u. s, and inturn, help friends and family tocome to diunited states both legally (inside law / wetin law gree make person do) and illegally."
i go read di statute as criminalizing firstamendment -protected pure speech and association only wen di defendant know or intend (plan to / mind set) say those activities go assist (to help) di organization's unlawful (something wey law no gree / illegal) terrorist actions.,i go read di statute as criminalizing firstamendment (wey go bring freedom to pipo) -protected pure speech and association only wen di defendant know or intend say those activities go assist di organization's unlawful terrorist actions.
"for di most part, di dierent devices (machines wey dey save) all behave di same way, so you no need to know much about di dierences wey dem dey between dem wen learn how to draw pictures","for di most part, dis dierent devices (film / cinema) all behave di same way, so you no need know much about di dierences between dem wen learning how to draw pictures."
"di court state for ne w york times co. v. sullivan:""allowance (money or somtin wey dem give for somtin wey de wan do) of di defense of truth, wit di burden of proving (to show prove / confirm) am on di defendant, no mean say only false speech go deterred","di court state for ne w york times co. v. sullivan:""allowance of di defense of truth, wit di burden of proving am on di defendant, no mean say only false speech go deterred"
di rst row actually contains di column name and no data.,"di time wen you dey storing data as csv le, di rst row actually contain di column name and no data."
"my default position dey say e dey worth includin di eect size, but no dey worry about di con dence interval unless di assignment ask you to or implies (meaning say / suggest) say you need.","di default position na say e dey usually worth includng di eect size, but no worry about di con dence interval unless di assignment ask you to or implies (to force law or fine for person head) say you go or implies (to force law or fine for person head) say you go or implies (to force law or fine for person head) say you go or implies say you go or implies say you go or implies wey you go."
"na many times for di business world, im pay to be exceptional (di usual for magnitude or degree or degree) and different","di business world, e pay to be exceptional and different."
di kidney dey important for determining (to finalize / find de real answer) di c oncentr ation of red blood cells?,di kidney dey important for determining di c oncentr ation of red blood cells?
"for order to understand dis, you need a slightly deeper understanding of what anova dey and what di mean square value dey actually dey.",di mean slightly deeper understanding of what anova dey and what di mean square values actually dey.
di judgment accordingly dey affirmed,di judgment accordingly dey affirmed
di landlord (person wey get house or land and e use am rent) go be very happy (make person like wetin de happen) about dat,di landlord (person wey buy and use market) go be very happy (make person like wetin de happen) about dat
di main arguments to di function dey x,di main arguments to di function dey x
e tell you what type of test wey dey ran and di data wey dey test am on.,e tell you what type of test wey dey ran and di data wey dey test am on.
"di answer:> sort(fac) [1]zebra swing aardvark levels: zebra swing aardvark dey sort di data into di numerical order wey di factor levels, no di alphabetical order wey di factor levels.",di answer:> sort(fac) [1]zebra swing aardvark levels: zebra swing aardvark levels: zebra swing aardvark e sort di data into di numerical order implied (dem don give am de work / hand over task) by di factor level.
di instance (one example of somtin) wey di falsity of speech bear (to carry load / endure wahala / get fruit) upon whether e dey protected,"as awa law and tradition show, then, na instances wey di falsity of speech bear upon whether e dey protected."
"dem tok say since di fda approve di label, lawsuits (court cases / dragging for kote) arguin say di label dey inadequate (di requisite qualities or resources to meet task) dey pree mpted.","di label, lawsuits (small-small write-up / observations) arguing (to drag mata / try to prove point) say since di fda approve di label, lawsuits (small-small write-up / observations) arguing say di label dey inadequate dey pree mpted."
"we get di simple equationiyi^yi dis dey ofcourse wey we saw earlier, and unless i speci cally to talk about some oda kind of residual, dis na di one wey we dey tok about.","we get di very simple equation iyi^yi dis dey ofcourse wey we saw earlier, and unless i speci cally to some oda kind of residual, dis na di one wey we talk about."
"di family social science department head, tok say 'yes' wen we ask herifwe go develop and teach (to show person de way / lecture) graduate course onimmigrant andrefugee families, dicourse wey dem born.","celia jaes falicov, ph. d. clinical professor, department of family medicine and public health university of california, san diego acknowledgements dr. janmcculloch, former family social science department head, tok say 'yes' wen weasked herifwe go develop andteach agraduate course onimmigrant and refugee families, dicourse wey dia textbook dey born."
"doi: 10.1080 01634372.2014.923085 newburger, e,& gryn, t.(2009).","doi: 10.1080 01634372. 2014. 923085 newbur ger, e,&gryn, t.(2009)."
"for awa example, we go mean we dey calculate x67","di example, wey go mean we calculate x67: 5."
di colour wey we use toll di box?,we use toll (get weapon / gun-dey) di box?
"di nurses shift from academic to workplace (office / site / work area) setting, dem start to see di significance (di quality of being significant) of di genre to dia professional work and""began to perceive differences between di way dem don done care plans (arrangements / formats / goals) while for university and those wey dem go do on di unit""(p. 415).","as these nurses dey suppose from academic to workplace (office / site / work area) setting (where de mata happen / environment), however, dem start to see di significance of di genre to dia professional work and""began to perceive differences between di way dem don done care plans while for university and those wey dem don get care plans while for university and those wey dem don begun to do on di units""(p. 415)."
na women and children wey dey present for di corridor,di women and children present for di corridor.
"i write script, wey i keep tweaking until e produce di gure wey i waned.","i write script, wey i take until e produce di gure wey i dey produce di gure wey i dey produce di gure wey i wanted."
"di roughly 28-day cycle wey dey correlated (di reciprocal or mutual relation to bear reciprocal or mutual relation) wit, but no be di same as, di menstrual cycle (discussed shortly).","e dey roughly 28-day cycle wey dey correlated wit, but no di same as, di menstrual cycle(discussed shortly)."
"for di prevailing (for number, quantity, power, status or importance or importance) diories and methods of measuring transfer work well for studying full blown expertise, but dem represent too blunt instrument for smaller change for learning wey lead to di development of expertise.","prevailing theories and methods of measuring transfer work well for study full blown expertise, but dem represent too blunt instrument for smaller changes (e dey processing a photosensitive material for order make image visible) for learning wey lead to di development of expertise."
di justices (big-big judges for higher court) dey interest no for di attorneys wey dey repeat di facts for di brief but rather for probe di weaknesses (di flaw or weak point or weak point) of dia argument and di implications (wetin something fit cause or mean) should dia side win.,di justices (big-big judges for higher court) dey interest no for di attorneys repeating di facts for di briefs but rather (instead / prefer to) for probing di weaknesses of dia arguments and di implications go dia side win.
gluconeogenesis go also begin for di liver to replace di glucose wey dey used by di peripheral tissues,di gluc oneog enesis go also begin for di liver to replace di glucose wey dey use by di peripheral tissues.
di powertransform() function for di car package wey fit estimate di best value of.,"if wetin you dey try to do dey convert data to normal, or as normal as possible, na di powertransform() function for di car package wey fit estimate di best value of."
"di wise man, therefore, proportion hin belief (wetin person believe / faith) to di evidence.","di wise man, therefore, proportions hin belief (wetin person tink say go happen) to di evidence."
e dey another environment.,di package wey you go loaded (make somtin de complete and no mistake) dey one environment.
na actually wey dey happen wit awa example above.,di example above.
she dey arrest and convicted (na wen court or jury find persin guilty of criminal charge) of conspiracy and provid material support to terrorists (di radical wey employ terror as political weapon).,she dey indicted and convicted (na wen court or jury find persin guilty of criminal charge) of conspiracy and providing material support to terrorists.
"many healthcare providers find am difficult to provide adequate language services, as dem fit be understaffed, underfunded, and often no fit provide service due to other demands (requests / wetin person say ""must"" happen) of di job.","many healthcare providers find amdifficult to provide adequate language services, asthey go beunderstaf fed, underfunded, and often unable toprovide service duetoother demands (to carry pickin take as your own / follow a style) ofthejob(morris etal."
"di endometrium contain c onnectiv e tissue lining, di lamina pr opria, wey dey covered (something wey security or insurance don take care of) by epithelial tin sue wey dey line di lumen.","di endometrium contains ac onnectiv e tissue lining, di lamina pr opria, wey dey covered by epithelial tissue wey lines di lumen."
"grand literary works, such as shakespeare's hamlet or beethoven's fifth symphony, fit be performed (bin do de work / finish de task) plus enjoyed by anyone at anytime without seeking permission or paying (to drop money / settle bill) any fees (money for service / payment for work done) or royalties.","di grand literary works, such as shakespeare's hamlet or beethoven's fifth symphony, fit perform and enjoyed by anyone for anytime without seeking (to look for / desire) permission (di approval to do something) or pay any fees or royalties."
one possible solution to di problem go be to take all dis calculations and turn dem into some rfunctions (one r function) yourself.,one possible solution to di problem go take all dis calculations and turn dem into some rfunctions yourself.
"if we continue for dis sample program, we go seed first line of code wey we go fit execute (to do wetin you tell am): an=partyanimal() na where we go instruct python make e construct(i. e, create) an object or instance (one example of somtin) of d class party animal.","we see di first executable line of code: an=partyanimal() dis na where we instruct python to construct(i. e, create) an object orinstance of di class partyanimal."
di valid reasons dey known as defenses (all de yans wey lawyers talk to protect person for kote) to contract,di valid reasons dey known as defenses to contract.
di death of millions dey statistic,di death of millions dey statistic
"di decision make as to limitations on di size and content of di paper, and treatment of public issues and public officials- whether fair or unfair- constitute (to be) di exercise of editorial control and judgment.","di choice of material to go into newspaper, an decision make as to limitations on di size and content of di paper, and treatment of public issues and public officials- whether fair or unfair- constitute di exercise of editorial control and judgment."
"di convention dey report di test statistic, then di sampling distribution, and then dip-value.","di convention dey report di test statistic, then di sampling distribution, and then di p-value."
"di number of incoming links, di old page rank (to put for order), di new page rank, di id of di page, and di url of di page.","dis show di number of incoming links, di old page rank, di new page rank (to carry pickin take as your own / follow a style), di new page rank, di new page rank, di new page rank, di new page rank, di new page rank, di new page rank, di new page rank, di new page rank, di id of di page, and di url of di page."
di family don release unharmed.,di family dey release unharmed (get weapon / gun-dey)
"di plaintiff's contributory or comparative negligence (na wen persin no dey give proper care, and dis cause harm) no dey defense.","di plaintiff's contributory or comparative negligence (na wen persin no dey give proper care, and dis cause harm) no defense."
di congress don approve cost-of-living increase for judges.,"di judicial salaries no dey reduce, years don pass since congress approve a cost-of-living increase for judges."
"for di study of chance, di model dey known, but di data no dey.","di key thing: for probability theory, di model dey known, but di data no dey."
di question dey no di question,di question dey no di question
"di power to establish post (to send message / position for work) office and post road and to protect ideas, books, music, inventions (di creation of something for di mind) and creative works wey law dey protect as belonging to someone for copyright and patents (law pawa to own idea).",congress h as di power to establish post (to send message / position for work) office and post (to send message / position for work) roads and to protect intellectual property for copyrights and patents.
"di buyer (pesin wey buy market / customer) and seller go negotiate contract, wey go contain all essential terms of di sale, such as location of di real property, price, fixtures (fix-property / things-wey-dey-ground / attachment) wey dey excluded (comot / no follow join) from sale, and di type of ownership interest wey dey transferred.","di buyer and seller go negotiate contract, wey go contain all essential terms of di sale, such as location of di real property, price (how much dem dey sell am), fixtures wey go exclude (to remove) from sale, and di type of ownership interest wey dey transfer."
"as di stipulation note, di demonstrators no respond to verbal directions (di line wey dey leading to place or point or point) from di sheriff to clear di street (road / where houses dey).","di demonstrators no respond to verbal direction (di act of examining resemblances wey dey examinin resemblances wey dey examinin resemblances)""from di sheriff to clear di street (di main place wey everything start)."
"acetyl coa go enter di krebs cycle by combining with four-carbon molecule, oxaloacetate, to form di sx-carbon molecule citrate, or citric acid, at di same time e go release di coenxyme a molecule","ac etyl coa enter di k rebs cycle by combining wit af awa-carbon molecule citr ate, or citric acid, for di same timer eleasing di c oenzyme molecule citr ate, or citric acid, for di same timer eleasing di c oenzyme molecule."
"di statutory statement and di house report use broad (e wide well-well / e cover many things) terms like""contributions (support / money wey people join together)"" and""services"" wey dey construct as encompassing (for scope) di plaintiffs activities.","di statutory statement and di house report use broad (e wide well-well / e cover many things) terms like""contributions"" and""services"" wey dey construct as encompassing di plaintiffs' activities."
"di world dey messy, dis no dey possible.","di world dey messy, dis no dey possible."
"if di factfinder dey to know di prima facie evidence provision, as di jury dey in respondent black case, di provision go get di practical (something wey person fit do / no be just talk) effect of tilting di jury's thinking (to reason / deep thought) for favor (to help person / partial follow-up) of di prosecution.","if di factfinder dey aware of di prima facie evidence provision, as di jury dey in respondent black's case, di provision go get di practical effect of tilting di jury's thinking (to reason / deep thought) for favor of di prosecution."
"e no be scienti c research hypothesis, na pop song.","di scienti c research hypothesis, e dey pop song."
di example of exculpatory clause wey you don sign.,di example of exculpatory clause wey you don sign.
"for 2012 di highest (de oga kpatakpata / top level) number of refugees wey one country set as limit to accept per year dey set at 76,000 and total 58,179 refugees come to u. s.","for 2012 di refugee ceiling wassetat76, 000 and atotal 58, 179 refugees dey came to u. s.(burt &batalova, 2014)."
"di trivial burden on free expression wey dey employed (person wey get work / oga don hire) by requiring (dem need am / e gats dey dere) say a available, alternative mode (di one wey show most) of expression- including uttering words critical of di flag, be employed.","di trivial burden on free expression occasioned by requiring say available, alternative mode (na urgent or serious situation wey court suppose act fast on am) of expression- including uttering words critical of di flag, be employed."
"e dey e good to talk about""twice di how fast (fast-fast / sharp-sharp) person answer""(2 ×rt), or""di how fast person answer plus 1 second""(rt +1).","e dey perfectly sensible to talk about wice di response time"",2 rt, or di esponse time plus 1 second"", rt, or di esponse time plus 1 second"", rt, or di esponse time plus 1 second"", rt, or di esponse time plus 1 second"", rt, or di esponse time plus 1 second"", rt, or di esponse time plus 1 second"", rt, or di esponse time plus 1 second"", rt, or di esponse time plus 1 second"", rt, or di esponse time plus 1 second"", rt, or di esponse time plus 1 second"", rt, or di esponse time plus 1 second"","
"di joint probability of di hypothesis and di data dey written ppd; hq, and you fit calculate am by multiply di prior pphqby di likelihood ppd","di joint probability of di hypothesis and di data dey written ppd; hq, and you fit calculate am by multiplying di prior pphqby di likelihood ppd|hq."
di classic (old-school / standard) dictum of justice holmes for di schenck case wey speech per se receive say emphasis for majority opinion.,di classic (old-school / standard) dictum of justice holmes for di schenck case say speech per se receive say emphasis for majority opinion.
we go ask for di idvalue for awa code and store am for a variable for later use.,we go ask for di idvalue for awa code and store am for variable for later use.
"dem charge wit gross neglect of duty, illicit relations (na legal connections between parties wey define dem rights and duties) wit gangsters, and wit participation for graft.","di charges (accusations / prices for work) dey direct against di chief of police; hin charge wit gross neglect of duty, illicit relations wit gangsters, and wit participation for graft."
"for example, if you rent an apartment (rooms for building wey pipu de live for), house, or dormitory room from campus (all di compound and building of a skul or university), you be a tenant with a leasehold interest.","for example, if you rent apartment, house, or dormitory room from campus, you dey tenant wit leasehold interest."
"your computer or personal digital (computer style / something wey concern internet) assistant (pda) dey usually contain many programs from different programmers, each go dey compete for your attention.","your computer or personal digital assistant (pda) usually contain many different programs from many different groups of programmers, each competing (di act of examining resemblances wey dey examinin resemblances wey dey examinin resemblances) fo r your attention and interest."
i focus exclusively on di logic underpinning bayesian (one kind of statistical method) statistics.,di point i dey focus exclusively on di logic underpinning bayesian statistics.
she wander into one resident (person wey dey stay for place) room and pickup antique vase from di oda resident's bureau.,"di one day, she wanders into one resident (person wey dey talk / megaphone) room and pick up antique vase from di oda resident (person wey dey talk / megaphone) bureau."
"di progesterone fit bind (tie / hold together) to receptors f or which hormone wey, wen released, active (person or tin wey dey move / e dey function) ates water retention?","a. tea b. coffee c. alcohol d. milk 26. progesterone go bind to receptors f or which hormone say, wen released, activate water retention?"
"di bodies dey create from fats and serve as di preferential (di partiality dey manifest partiality) fuel source for di heart (di tin wey de make blood move for bodi) and oda organs, so say di brain fit use glucose.","di ketone bodies ar e create from fats and serve as di preferential fuel source for di heart (di tin wey de make blood move for bodi) and oda organs, so say di brain go till use glucose."
"di central (main side / middle / very important) role reading play for most of di disciplinary course, summarization (di act of preparing summary (or an instance thereof)), wey dey entails adequate reading comprehension, don become tacit need for source-based assignments, although few instructors (teachers / lecturers / those wey dey give direction) directly explain dis to di participants of di study.","di central (main side / middle / very important) role reading play for most of di disciplinary course, summarization, wey entail adequate reading comprehension, don become tacit need for source-based assignments, although very few instructors directly explain dis to di participants of di study."
he don offer example of successful (dem dey having succeeded or being marked by favorable outcome) multilingual student wey dey develop as both professional and as writer.,di example of successful (dem dey having succeeded or being marked by favorable outcome) multilingual student wey develop as both professional and as writer.
so now d output go finally look like wetin we want for our word frequency (how many times something dey happen) analysis.,so now di output finally look like what we wan for awa word frequency analysis.
why go you go get to pay damages to di bank but no to your former (de one before / ex-oga) best friend?,why go you go pay damages to di bank but no to your former (de one before / ex-oga) best friend?
"di work wit graduate students as a writing tutor (private teacher / coach) dey one of my motiva - tions for di project, but i no dey tutor for di study.","di work wit graduate students as writing tutor dey one of my motiva - tions for di project, but i no tutor during di study."
"however, some losses and di accompanying grief dey disenfranchised, meaning say grief dey occur wen loss dey experienced (sabi person / person wey don see things) but e no dey recognized by others as loss.","di losses and diaccompanying grief dey disenfranchised, meaning say grief occur wen a loss isexperienced but no dey recognize by oda as loss."
explore di concept of misappropriation plus di legal consequences (wetin follow de action / outcome of wahala).,explore di concept of misappropriation and di legal consequences (wetin person tink say go happen).
"we go allow state to""prescribe what shall be orthodox (di normal way)""by say one go burn di flag to convey (to pass message / move something from a to b) one attitude toward di flag and its referents only if one no endanger di flag's representation of nationhood and national unity.","we go be permitting state to""prescribe what shall be orthodox (di normal way)""by say one go burn di flag to convey one's attitude toward am and its referents only if one no dey endanger di flag's representation of nationhood and national unity."
for alternative dispute resolution (adr) dey term wey dey compass many different methods of dispute resolution oda than litigation.,di alternative dispute resolution (adr) na term wey encompass many different methods of dispute resolution oda than litigation.
"di extensible markup language(xml) don dey use for longtime and dey best suited for exchanging (one another give to, and receive from, one another) document-style data.",di extensible markup language(xml) don dey use for very longtime and dey best suited for exchanging document-style data.
"studying di how law things be of business helps us understand how to reduce wahala of wey go pay for damage, identify legal problems wey require an help from lawyer, plus identify di links between business plus di law.","di legal environment of business help us understand how to reduce liability risk, identify legal problems wey require attorney's assistance, and identify di links between business and di law."
di example of secondary (level wey follow / not as important as de main one) memory include disk drives and flash memory for usb stick.,examples of secondary (level wey follow / not as important as de main one) memory include disk drives and flash memory for usb sticks.
"pipo wey good for making (to dey build or produce something) tests go actually to try to provide""test norms"" wey fit apply to plenty different populations(e. g, different age groups, nationalities, etc.).","di good test designers go actually goto some length (how e long reach) to provide est norms"" wey fit apply to lots of dierent populations(e. g, dierent age groups, nationalities etc)."
di part of government wey dey carry out and enforce (to force people make dem follow law) laws— led by president or prime minister seem to get forgotten di essential purpose and history of first amendment (wey go bring freedom to pipo).,di executive branch seem to get forgotten di essential purpose and history of first amendment (wey go bring freedom to pipo).
"di judgment, most situations wey di state don get justifiable interest for regulating (di act of controlling or directing according to rule) speech go fall within one or more of di various established (dem set up or find dem) exceptions (di deliberate act of omission wey dey deliberate act of omission) wey dey discuss above but no dey applicable here, to di usual rule say gomental bodies no prescribe di form or content of individual expression.","we no overemphasize say, for awa judgment, most situation wey di state don justifiable interest for regulating (di act of examining resemblances wey dey examinin resemblances wey dey examinin resemblances) speech go fall within one or more of di various established exceptions, discussed above but no applicable (dem dey capable of being applied) here, to di usual rule say governmental bodi no prescribe di form or content of individual expression."
"di data from both groups(male and female)dey pretty borderline: by pure chance, one of dem don end upon di magic side of dip: 05 line, and di oda one no dey borderline","di data from both groups(male and female)dey pretty borderline: by pure chance, one of dem dey happen to end upon di magic side of di p:05 line, and di oda one no dey."
di part of your job dey take these statistics and turn dem into a description (di statement wey represent something for words wey represent something for words),di part of your job dey take dis statistics and turn dem into description (di statement wey represent something for words wey represent something for words wey represent something for words)
di topic wey we go discuss later.,di topic wey we go discuss later
"immigrants dey face significant stressors as dem dey seek employment and new life for u. s, particularly wen dem dey face discrimination along di way.","immigrants dey face significant stressors asthey seek employment and new life for u. s, particularly wen dem face discrimination along diway."
we don show no evidence say substantial numbers of citizens dey standing (level / position / right to carry mata go kote) ready to strike (drop-tool / work-stop) out physically for whoever dey assault dia sensibilities wit execrations like say cohen.,we don show no evidence say substantial numbers of citizens dey standing (e don big pass before / e climb) ready (e don happen / since / before-before) to strike (prison time / group of words) out physically for whoever go assault dia sensibilities (a future prospect or potential) wit execrations like dat uttered by cohen.
na powerfully and directly influence by di hormone adh.,di water recovery dey also powerfully and directly influence by di hormone adh.
di each of dis dey sensible,each of dis seem sensible
di question whether di same standard go be applicable (dem dey capable of being applied) both to persons voluntarily (by choice / no be by force) and involuntarily (di will dey against your will) thrust into di public limelight no dey here before us.,di question whether di same standard go applicable (dem dey capable of being applied) both to persons voluntarily and involuntarily (kpam-kpam / true-true / without doubt) thrust into di public limelight no here before us.
"when you wan do one or very few operations (dem do wit di execution of trades and keeping customer record) for text file, you fit just open am for di editor for words and make d changes (adjustments / turns) wey you want.","when you wan to do one or very few operations on text file, you fit open am for text editor and make di change you wan."
"for one side of di wall dey separated area wit two rows of seats (chair / position), wia di jury sit.","di wallis a separated area wit two rows of seats, where di jury sits."
e dey absolutely (as intensifiers dey use informally as intensifiers) and completely right,"well, you dey absolutely (kpam-kpam / true-true / without doubt) and completely right"
"as you deyfeelguilty, you feel say you dey epunishing someone wey no deypunished","e feel say youdofeelguilty (kpam-kpam / true-true / without doubt), you feel say atyou'r epunish (to do bad tin / to promise to do work) someone wey go t bepunished"
"di null idea na say di population mean equal to some speci ed value 0, and di other idea na say nano.","di null idea na say di population meanis equal to some speci ed value 0, and di other idea na say di population meanis equal to some speci ed value 0, and di other idea na say e no dey."
di point of reporting (to tell about) your results nato communicate (di transmit information wey dem transmit information) to another human being.,di point of reporting (to tell about) your results dey communicate (di transmit information wey dem transmit information) to another human being.
"cox, bobrowski, and maher(2003) support di explicit instruction (di message wey dey describing how something dey done) on summary writing by sharing (to share) dia experience about how one fit teach di business majors to evaluate (to check if something dey correct) source text well and identify di key claim and ideas.","cox, bobrowski, and maher(2003) also support explicit instruction (di message wey dey describing how something dey done) on summary writing by sharing dia experience about how to teach business majors to critically evaluate source text and identify key claims and ideas."
"survivors of all backgrounds dey face substantial barriers (something wey dey prevent you from reaching a place or thing) to seeking (to look for / desire) assistance, such as fear of di abuser (person wey dey mistreat or hurt another person, especially in a relationship) and retaliation.","survivors of all backgrounds face substantial barriers to seeking assistance, such asfear of di abuser and retaliation (bhuyan etal."
di speaker (person wey dey talk / megaphone) no dey.,"di figures for di films (di main place wey everything start) carried weapons, di speaker (person wey dey talk / megaphone) no."
"dire (na urgent or serious situation wey court suppose act fast on am) dey nonr enal mechanism (system wey dey produce one particular result) wey dey involved for dia pr eser vation, including v asoc onstriction, wey go act within seconds ofa drop for pressure.","di blood volume dey important for maintaining sufficient blood pressure, and nonr enal mechanisms (system wey dey produce one particular result) involved for its pr eser vation, including v asoc onstriction, wey fit act within seconds of drop for pressure."
"as di name of a function, and you go avoid having a variable and a function wit di same name.","di name of function, and you go avoid having variable and function wit di same name."
di criminal law differ from civil law for several important way.,criminal law differs from civil law for several important way.
"if someone no read or speak (to yan / talk / express mind) di language wey di contract dey written, e fit also indicate lack of capacity (di highest wey somtin fit contain or do).","if someone no read or speak (to yan / talk / express mind) di language wey di contract dey written, wey fit also indicate lack of capacity (di highest wey somtin fit contain or do)."
di most important reason na say psychology dey statistical science,di most important reason na say psychology dey statistical science.
"remember, too, wey di statute of frauds (different-different wayo moves) requires (e gats happen / e need am) certain contracts to be inside writing plus signed by di person wey dem carry go kot to be enforceable (na wen court fit force persin follow agreement or ruling) against di person wey dem carry go kot.",di statute of frauds (pipo wey sabi science) require certain contracts to be writing and signed by di defendant to be enforceable (na wen court or jury find persin guilty of criminal charge) against di defendant.
"e dey also some key dierences, so e important to talk about matrices for little detail","di key dierences, so e important to talk about matrices for little detail."
"di real world scenario, you go get di actual numbers store for a variable of some kind, just like we get wit di afl. margin variable.","for almost every real world scenario, you go get di actual numbers wey dey store for variable of some kind, just like we get wit di afl. margin variable."
di sense wey student wey turn upto class(i. e.,di sense wey student wey turn upto class(i. e.
dis one na main effect of sugar?,di main eect of sugar?
"if i just create plain (normal-normal / e clear / e no get decoration) vector, i goto remember to know which element correspond to which event.","i don create no-frills vector, i don rely on memory to know which element correspond to which event."
"for justinian' s rebuilding of di church of di holy apostles for constantinople, wey five domes covered (something wey security or insurance don take care of) di cruciform (crossshaped) building.","di five-domed churches di spatial unit form by di dome on pendentives go use as design module, as for justinian' s rebuilding of di church of di holy apostles for constantinople, wey five domes cover di cruciform (crossshaped) (crossshaped) building."
these visas dey give survivors of ipv temporary (for now-now / e no go last) legal status and di ability to work.,di visas give survivors of impv temporary legal status and diability to work.
how true na dat?,"well, how true na say?"
"dem prohibit acts (deeds / many laws wey don pass) of retaliation against anyone wey complain about, or participate for, any employment discrimination complaint.","di title vii also prohibit act of retaliation against anyone wey complain about, or participate for, any employment discrimination complaint."
healthcare providers fit require more training (to learn work / practice to sabi something well) about how to work collaboratively wit new populations of refugees to assess di mental health effects of war.',"""healthcare providers go require more training (to learn work / practice to sabi something well) about how work collaboratively wit new populations of refugees to assess di mental health effects of war""(2014, p.13)."
"di duty of di marshal of di district wey any alien enemy shall be, wey by di president of di united states, or by order of any court, judge or justice, as aforesaid, go dey require to depart, and to execute (to do wetin you tell am) such order, by himself or hin deputy, or oda discreet person or persons wey dem dey employed (person wey get work / oga don hire) by him, as aforesaid, go execute such order, by himself or hin deputy, or oda discreet person or person wey dey employed by him,","di duty of di marshal of di district wey any alien enemy go apprehended, wey by di president of di united state, or by order of any court, judge or justice, as aforesaid, go required to depart, and to execute (to give value) such order, by himself or hin deputy, or any court, judge or justice, as aforesaid, to provide therefor, and to execute such order, by himself or hin deputy, or oda discreet person or persons to employed by him, by causing removal of such alien out of di territory of di united state; and for such removal of such alien out of di territory of di united state; and for such"
"if you go get suggestion (di idea wey dey suggest for di idea wey dey suggest) or correction (di act of offering improvement to replace mistake), please send email (electronic message wey person de send or collect on top internet) to.","if you go get suggestion (di act of examining resemblances wey dey examinin resemblances wey dey examinin resemblances) or correction (di act of examining resemblances wey dey examinin resemblances wey dey examinin resemblances) or correction (di act of examining resemblances wey dey examinin resemblances wey dey examinin resemblances), please send email to."
"for example, pipo fit experience sense of helplessness, damaged (spoil / wound) trust, shame and or humiliation associated wit traumatic experiences such as rape, physical violence, witnessing death, being forced (by force-by-force / dem use pawa do am) to violently turn on one another, and having to flee homes (where person dey stay).","for example, pipo go experience asense of helplessness, damaged trust (to carry pickin take as your own / follow a style), shame, andorhumiliation associated wit traumatic experiences (things person don see) such asrape, physical violence, witnessing death, being forced toviolently turn ononeanother, and having to flee homes."
dis govern (dey control) di colour of di lines wey dey draw di things wey dey matter.,di govern (dey control) di colour of di lines wey dey use to draw di relevant elements.
"di diseases wey dey f di liver or obs tructions of bile dr ainag e from di liver pipo dey a dark"" tea""or ""cola""hue to di urine.","di liver or obs tructions of bile dr ainag e from di liver impar ta dark"" tea""or ""cola""hue to di urine."
di dissenters doubted only di probable (likely / fit happen) effectiveness (di quality of being able to bring about effect) of di puny efforts toward subversion.,di dissenters doubted only di probable effectiveness of di puny efforts toward subversion (di act of examining resemblances wey dey examinin resemblances wey dey examinin resemblances).
"dat nato say, we go start by playing with variances, and e go turnout sey dis one give us useful tool (tinwey or ogbe wey dem dey use do sometin or wok) to investigate means.","we go start out by play around wit variances, and e go turnout say dis give us useful tool (tinwey or ogbe wey dem dey use do sometin or wok) for investigating means."
"di example, let go through an example",e go through example.
di glucose dey eleased into di bloodstream to serve as fuel source for cells throughout (di first to last to last) di bodi.,di glucose dey released into di bloodstream to serve as fuel source for cells throughout (di first to last to last) di bodi.
"p. 913. lack of language appropriate and culturally competent services— wetin dey stop pipo to tok wella becuz dem no sabi same language, na him dey cause problem for communication dey pose (show / bring problem) critical problem for community-based organizations and for systems like di police, to communicate (di transmit information wey dem transmit information) wit di survivors and their families and to help dem effectively (sharp sharp).","p. 913128 immigrant and refugee families lack of language appropriate and culturally competent services language barriers pose critical problem for community-based organizations andforsystems like di police, to communicate (di transmit information wey dem transmit information) wit disurvivors and their families andtohelp dem effectively (yingling, etal."
"di monastery's isolated location, fortifications, continuous occupation by monks, as100 smarthistory guide tobyzantine art well as di dry climate of di region, all likely contribute (di quality wey dey bestow a quality on top quality on top) to di preservation of icons for sinai.","di monastery's deyolated location, fortifications, continuous occupation by monks, as100 smarthistory guide tobyzantine art well as di dry climate of di region, all likely contribute (di quality of being capable of being applied) to di preservation of icons for sinai."
di clause incorporate constitutional protections against di state for addition to di federal goment.,di clause incorporates (tins wey dem use for teaching) constitutional protections against di states for addition to di federal government.
"di sechrist test say dis language make her""very","sechrist testified say dis language make her""very"
"di significant remains (e still dey / e never comot) for rome, wey dey known as tituli, most early sites (building ground / location) of christian worship (to serve god / praise) dey rebuilt and enlarged to give dem suitably public character, thus destroy much of di physical evidence.","di significant remain for rome, where dem dey known as tituli, most early sites of christian worship dey subsequently (for short intervals, many times for short intervals) rebuilt and enlarged to give dem suitably public character, thus destroy much of di physical evidence."
di means say all of di variables( x)and methods( party) from di partyanimal class dey inherited by di cricketfan class.,di means say all of di variables( x)and methods( party) from di partyanimal class dey inherited by di cricketfan class.
i nd myself really lik di help les(most of dem anyway).,i nd myself really liking di help les(most of dem anyway).
"e candidly reported (bin talk wetin happen / record), hin instructor don require students to read four novels (na someting wey new, nobody never see am before for law case) and write three analytic paper, a requirement wey hin find say he no fit meet partly because, as hin instructor dey require students to read four novels and write three analytic paper, a requirement wey hin find say he no fit meet partly because, as hin suppose fit meet partly because, as hin instructor don require students to read four novels and write three analytic paper, a requirement wey hin find he no fit meet partly because","di most demanding, as hin instructor required students to read four novels (different-different kinds) and write three analytic paper, requirement wey hin find hin novels (different-different kinds) before hin became too bored to continue."
"for this reason, some scholars (deep students / book people) dey to talk about byzantium as d""medieval roman""or ""eastern roman""empire.","for dis reason, some scholars (di members of business venture create by contract) wey dey refer to byzantium as di""medieval roman""or ""eastern roman""empire."
"di court historian prokopios criticize young men of di capital (moni wey person use take start business) for dressing and arranging dia hair for""persian"" (i. e. sasanian) and hinnic fashion (style of cloth wey de popular for one time).","di court historian prokopios criticize young men of di capital (moni wey person use take start business) for dressing and arranging dia hair for""persian"" (i. e. tunian) and""hunnic fashion (style of cloth wey de popular for one time)"
di first klan no dey exist.,di first klan no longer existed.
"you cannot (no fit / power no reach) ""get comot"" of di promise without suffering legal detriment.",di promise without suffer legal detriment.
di line wey we dey drawing dey call aregression line,di line wey we draw dey call deygression line.
di judiciary (di part of government wey de interpret and use law) need no dey postpone indefinitely (for an indefinite extent) without dey damaging im fabric,di judiciary's need no dey postpone indefinitely without damaging its fabric.
"di imagination don failed (e no work / person wey fall hand) me completely, let's pretend am aest of awesomeness"", and na two groups of pipo, \a""and \b"".","di imagination don fail me completely, let pretend e est of awesomeness"", and na two groups of pipo,\a"" and\b""."
"at broader (more wide / general pass) level, host of legal, human rights and policy level changes (adjustments / turns) go need to be achieved nationally and globally to reduce di punitive stressors associated wit undocumented immigrant status, which dey impact di daily (make somtin de sup every day) lives of millions for dis country.","atabroader level, ahost oflegal, human rights and policy level changes (e dey processing a photosensitive material for order make image visible) go need to beachieved nationally andglobally to reduce dipunitive stressors wey dey associated wit undocumented immigrant status, wey impact di daily (make somtin de complete and no mistake) lives of millions for dis kontri."
"di supreme court don turn di verdict on appeal on grounds (main reasons why dem carry mata go court) of first amendment (wey go bring freedom to pipo), holding (to keep for hand / possession of property) say as public figure, falwell don endure di advertisement.","di supreme court overturned (bin drag mata / try to prove point) di verdict on appeal on grounds (office / site / work area) of first amendment (wey go bring freedom to pipo), holding (to keep for hand / possession of property) say as public figure, falwell don endure di advertisement."
what be di primary differences between trial plus appellate courts?,di primary differences between trial and appellate courts?
"di civil rights advocate goto show say regardless (di usually follow by `of') without due thought or consideration or consideration) of what di law tok say, discrimination based on race dey wrong.","for example, civil rights advocate go point out say regardless (di usually follow by `of') without due thought or consideration or consideration) of what di law"" tok say,""discrimination based on race dey wrong."
we don hold say liability for di defamation (na false statement wey dey harm persin reputation or character) of public official or figure dey require proof say defamatory statements were make wit knowledge or reckless disregard of dia falsity.,we don hold say liability for di defamation of public official or figure require proof say defamatory statements dey make wit knowledge or reckless disregard of dia falsity.
"for example, if i dey analyse (to look somtin wella to sabi am) data wey dey associated wit football (di kind play wey pipu de use leg knack ball to score) games, i go get factor wey dey call home. team, and another factor wey dey call winning. team","if i dey analysing data associated wit football games, i go get factor wey dey call home. team, and one factor wey dey call home. team, and one factor wey dey call home. team."
"he dey quite willing to share hin own struggles and as hin language proficiency grew, so make hin willingness to talk.","e dey quite willing to share hin own struggle and as hin language proficiency grew, so no dey willingness to talk."
"di internal (for inside) and external constraints (rules wey dey prevent you from going too far) dey all interactive"" (kirkland& saunders,1991, p.114), wey further complicate (e make more complicated) summary proses of puttin down tori for paper, from wen you dey plan am, draft am, edit am, till you finish am well.","di internal and external constraints""dey all interactive"" (kirkland& saunders,1991, p.114), wey further complicate summary writing processes (e dey processing a photosensitive material for order make image visible)."
"di perpetrators (dem wey do bad tin, like people wey throw bomb) dey often trust (to believe person / keep secret or money with person) colleagues wey no fit fall under di suspicion of odas.",di perpetrators (mistakes / faults) dey often trust (to carry pickin take as your own / follow a style) colleagues wey no dey ordinarily fall under di suspicion of odas.
"di idea behind punitive (na damages wey pass compensation to punish wrongdoer and stop future harm) damages na say compensatory damages dey inadequate (di requisite qualities or resources to meet task) to deter future bad conduct, so additional damages dey necessary to ensure di defendant correct dia way to prevent future injuries (wounds / damages to body or mind).","di idea behind punitive (na damages wey pass compensation to punish wrongdoer and stop future harm) damages dey indequate to deter future bad conduct, so additional damages dey necessary to ensure di defendant correct its way to prevent future injuries (wounds / damages to body or mind)."
"while you might enjoy apple products (all de things wey dem produce to sell) as a consumer (person wey buy and use market), get you ever (anytime / since world start) thought about apple as a corporation?","while you go enjoy apple products (all de things wey dem produce to sell) as consumer (person wey buy and use market), don you ever (anytime / since world start) thought about apple as corporation?"
di rationale wey standardised (di standard evaluate by comparing wit standard standard) coecients go like dis.,di rationale behind standardised coecients go like dis.
di brief (small talk / summary wey lawyer write) for veterans (old-timers / soldiers wey don retire) of foreign wars of di united state and al.,di brief (small talk / summary wey lawyer write) for veterans of foreign wars of di united state et al.
di variable friend change for each iteration (doing the same thing again and again) of di loop and controls wen di forloop complete.,di variable friend change for each iteration (di measure of how likely e dey say some event go occur) of di loop and controls wen di forloop completes.
di goment goto find di area wey dey specified (dem mention am clear-clear) by di warrant (official paper to arrest person or search house) for di item (single thing / article) wey dey subject of di warrant.,di goment go search for di area wey dey specified by di warrant (official way / follow-follow rule) for di item (single thing / article) wey dey subject of di warrant (official way / follow-follow rule) for di item (single thing / article) wey dey subject of di warrant (official way / follow-follow rule).
suppose congress pass legislation such as di personal responsibility inside food consumption act to immunize di food industry (hustle / big-big business area) from product liability suits (law cases / coat and trouser)?,dem congress pass legislation such as di personal responsibility for food consumption act to immunize di food industry (hustle / big-big business area) from product liability suits (small-small / with caution)?
"we get all dis terminology (di words wey dem use) and notation, we go use am to state di problem a little more precisely (more clearly).",we go use am to state di problem a little more precisely (kpam-kpam / true-true / without doubt).
dem dey share-1- 1.,background-1- 1.
"di up and down keys go really handy if you wan di text on di screen go away, hit escape20using di up and down keys go really handy if you need di text on di screen go away.","if you wan di text on di screen to go away, hit escape20using di up and down keys fit dey handy if you type long command wey get one typo for am"
"di normal, or healthy, bmi range dey betw 18 and 24. 9 kg m2.","di normal, or healthy, bmi range dey between 18 and 24. 9k g m2."
"for 6 tubular r eabsorp tion 1135 quantities of water to leave di loop and enter di hyper osmolar for di descending loop allows prodigious25. 6 tubular r efor di pyramid, where dey return to di circulation (di dimination of copies of periodicals (as newspaper or magazines)) by di v asa r ecta.","di pr esenc e of aquaporin channels (di daily or weekly publication on folded sheets) for di descending loop allow prodigious25. 6t ubular r eabsorption 1135 quantities of water to leave di loop and enter di hyper osmolar int erstitium of di pyramid, wey dey return to di circulation by di v asa r ecta."
"we no get vigilante system, wey victims go bring dia own form of justice to an offender.","we no get vigilante system, wey victims go bring dia own form of justice to offender."
"dis dey sometimes severe limitation, but no always.","di sometimes a severe limitation, but no always."
"for typically, someone wey dey interest for acquiring (getting / collecting) real property go ask third party, such as real estate (all de property wey person leave when e die / big land) agent or a broker, to help locate suitable property and to facilitate (e dey make easier) di terms of di deal.","di someone wey dey interest for acquiring real property go ask third party, such as real estate agent or broker, to help locate suitable property and to facilitate di terms of di deal."
di bayes factor go be less than 1.,di bayes factor go be less than 1.
"di patent don dey issue by di uspto, however, di patent na merely (just / only dat one)""presume"" to be valid.","di patent dey merely (just / ordinary)""presumed"" to be valid"
di list traversal di sequential (for regular succession without gaps) accessing of each element for a list.,di list traversal di sequential accessing of each element for list.
"di content dey raw, wit inefficient (asteful, wey no dey produce desired results) data model, and no compressed (e dey make more compact by or as if by pressing pressing)","di content. sqlite data dey raw, wit inefficient data model, and no compress."
di type i method dey strictly (by force / no wayo) sequential (for regular succession without gaps).,di type i method dey strictly sequential
"some state constitutions (rules of de land) dey older (senior / old pass) than di federal constitution, while odas dey relatively (if you look am side-by-side with oda things) new.","di state constitution dey older (person wey get wound / damage property) than di federal constitution, while oda state constitution dey older (person wey get wound / damage property) than di federal constitution, while odas dey relatively new."
"when we dey write files (folders / official papers / computer data), e better make we closed file so as to leave nothing to chance.",we wan to explicitly (soft work / e no hard at all) close di files (folders / official papers / computer data) so as to leave nothing to chance.
di way wey di bank don dey incorrect,di way say di bank no dey incorrect
"di four things wey dey try: reading examine your code, read am back to yourself, and check say e tok say e no dey say.","di code, read am back to yourself, and especially if you dey work on hard bug, na four things to try: reading examine your code, read am back to yourself, and check say e say you meant (bin ask / seek for answer) to say."
e dey impossible (no fit happen) for di experimenter to avoid knowing (with full sabi / person wey get info) a little bit about what expectations wey i get,"as result of all dis, e dey impossible (no fit happen) for di experimenter to avoid know a little bit about what expectations i get."
"di numba wey if you multiply am by itself, e go give you the original numba, we dey call am squa root (di main place wey everything start), but for pidgin, we fit say 'numba wey e be root of anoda numba' of di vif dey interpretable: e tell you how much wider di con dence interval for di corresponding coecient bkis, relative (connection / family person) to what you go expect if di predictors dey all nice and uncorrelated (we no dey varying together) wit one another.","di square root (di main place wey everything start) of di vif dey interpretable: e tell you how much wider di con dence interval for di corresponding coecient bkis, relative to what you go expect if di predictors (wetin fit predict) dey all nice and uncorrelated wit one another."
di library()command for everyday use.,di library()command for everyday usage.
di string method wey dey named (mention name / title) find say to find di position of one string within another,"for example, na string method dey find say search for di position of one string within another:6. 9. 9. 9. 9. 9. 9. 9. 9. 9. 9. 9. 9. 9. 9. 9. 9. 9. 9. 9. 9. 9. 9. 9. 9. 9. 9. 9. 9."
"early researchers found sayin case of unusually high secretion of adh, di hormone dey caused (wetin make de tin happen) v asoc onstriction (v asopr essor activity, hinc e di name).","di hormone caused v asoc onstriction (v asopr essor activity, hence di name)."
e dey initiate students into academic culture and discourses,teaching classroom (room for kote) and authentic genres: initiating stu- dents into academic cultures and discourses.
"di rst letter no dey okay, but what if you no fit start from di rst letter?",if you no wan to start from di rst letter?
dem consider di two scatterplots (one picture wey show dots) show for figure 5.8. 8.,"for contrast, make we consider di two scatterplots show for figure 5.8.8."
"di lsrpackage actually include its own function wey you fit use for dis purpose, called who().","di lsrpackage actually include dia own function wey you fit use for dis purpose, called who()."
i think dis dey helpful: you fit make we look dis part of di output and check say e make sense: if e no fit type something incorrecrtly,i think dis dey helpful: you fit make we look dis part of di output and check say e make sense: if e no fit type something incorrecrtly.
we use di class keyword to define di data and code wey go makeup each of di objects (things / items),we use di class keyword to define di data and code wey go makeup each of di objects (things / items).
you fit no get any bad tin for mind and make you no cheat person for business but wahala fit still sup,"while you go get di best intention and be truly diligent for your efforts to do business fairly, inevitably conflicts go arise (to show face / start to happen) for everyday business dealings (business paddy / colleague)."
di notion say regular expression contain special action character wey give us more control as to we fit match di regular expression.,di notion wey regular expressions contain special action character wey give us more control as to what go match di regular expression.
naacp v. button(1963).,naacp v. button(1963).
na you profit (gain / better money from business) from dat discovery?,dem profit (gain / better money from business) from dat discovery?
"di problem dey say almost certainly (kpam-kpam / true-true / without doubt), no single person for dat sample go be grumpy (cross) as me.","di problem na say almost certainly (kpam-kpam / true-true / without doubt), no single person for dat sample go be as grumpy as me."
"texas focus on di precise (correct / exact) nature of johnson expression, moreover (join-am say / apart from dat), miss di point of awa prior decisions: dia enduring lesson, say di goment no prohibit expression simply because dia disagree (i no gree / drag mata) wit dia message, no dey depend on di particular mode wey one choose to express idea","di enduring lesson, say di goment no prohibit expression simply because e disagree wit its message, no depend on di particular mode (di one wey show most) wey one choose to express idea."
di function dey allow us to store a bit of code and give am name and later invoke (to use) say code wey dey use di name of di function.,di function allow us to store bit of code and give am name and then later invoke say code using di name of di function.
"technically speaking (talk-talk / to yarn), operator dey function for r: di addition operator na convenient (e dey suite to your comfort or purpose or needs) way of call di addition function`+`().",di addition operator dey function for r: di addition operator+dey actually convenient (di quantity wey fit fulfill need or requirement but without being abundant) way of call di addition function`+`().
"di only reason wey we get double (one kind of number) summation here na say i dey classi ed pipo into groups, and then assigned (dem don give am de work / hand over task) numbers to pipo within groups.","di only reason wey we get double (one kind of number) summation here na say i classi ed pipo into groups, and then assigned (dem don give am de work / hand over task) numbers to pipo within groups."
"for example, di manufacturer go ask you to produce your vehicle (motor / machine to carry load) so say di engineers (person wey sabi design, build, or maintain systems) go inspect (to check am well-well) am",di manufacturer (na persin or company wey dey make goods for sell) go ask you to produce your vehicle (di energy wey de make somtin hot or cold) so say its engineers fit inspect am
this go be a good case for a court to impose (to force law or fine for person head) di equitable remedy (way to settle de damage / solution) of quasi-contract.,di go be good case for court to impose (to force law or fine for person head) di equitable remedy (way to settle de damage / solution) of quasi-contract.
"di stream of facebook post (to send message / position for work) and pore over di text wey dey look for di most common word, but dat go take longtime and be very mistake (error / skip / something wey person no do well) prone.","di stream of facebook post (to send message / position for work) and pore over di text looking for di most common word, but e go take long time and be very mistake (error / skip / something wey person no do well) prone."
di only pressure moving (e dey waka / e dey shift) fluid across di capil lary wall into di lumen of bowman 's space dey hydrostatic pressure.,di only pressure moving (to carry something reach owner hand) fluid across di capil lary wall into di lumen of bowman 's space dey hydrostatic pressure.
"di issue wey di tax went (bin travel / bin comot)""to di heart of di natural right of dime mbers of an organized (well-arranged / follow order) society, united for dia common good, to impart and acquire (to get / collect) information about dia common interests.","di issue raised (bin drag mata / try to prove point) by di tax went""to di heart (di tin wey de make blood move for bodi) of di natural right of di members of organized society, united for dia common good, to impart and acquire information about dia common interest."
di growth (how somtin take de big) and development of ovarian f ollicles dey described shortly (just now / soon-soon).,di growth and development of ovarian f ollicles go described shortly.
we fit workout how much belief (wetin person believe / faith) to place for di other idea using essentially (for bottom or by one's (or its) very nature) di same equation.,we fit workout how much belief (wetin person tink say go happen) to place for di other idea using essentially (for bottom or by one's (or its) very nature) di same equation.
di casebook deploy organization wey dey work well for previous (something wey dey before now) years and points to doctrinal selection (choosing / pick-pick) issues as dem occur.,di casebook deploys organization wey dey work well for previous (something wey dey before now) years and points to doctrinal selection (choosing / pick-pick) issues as dem occur.
"critically (importantly), almost all of di data points dey fall above di diagonal line: almost all of di students do seem to don improve dia grade, even if e be by small amount.","almost all of di data points fall above di diagonal line: almost all of di data points fall above di diagonal line: almost all of di data points fall above di diagonal line: almost all of di students doseem to get improve dia grade, if only by small amount."
di experiment don yieldx97.,"for contrast, suppose my experiment don yieldedx97."
"plus, if financial matters do no go as anticipated, awa legal system allows businesses to ask di court for protection from creditors (people wey lend money / those wey dey collect debt) under awa bankruptcy law.","if financial matters no go as anticipated, awa legal system allow businesses to ask di court for protection from creditors (people wey get de property / landlords) under awa bankruptcy law."
"if you take your chair to di landfill, you don abandon di chair.","for example, if you take your chair to di landfill, you go abandone di chair."
di illegal or undocumented immigrants.,illegal orundocumented immigrants.
"di practice dey impossible (no fit happen) to measure rt dat exactly, e dey possible for principle.","di practice wey dey impossible (no fit happen) to measure rt say precisely (kpam-kpam / true-true / without doubt), e dey certainly (kpam-kpam / true-true / without doubt) possible for principle."
wetin dey wrong?',"""what dey wrong?"
"not dat one averaging di squared deviations wey we dey when we dey calculating di variance, we just add dem up.","di simple: instead of averaging di squared deviations, wey dey what we do when calculating di variance, we just add dem up."
di boxcox() function for di carpackage.,di boxcox() function for di carpackage.
"di u. s. goment dey system wey no dey stay the same, e dey keep changing (to turn / change style) wey provide opportunities (di possibility due to a favorable combination of circumstances) for special interests (all de tins wey person eyes dey look / benefits) to coalesce and change di law and public policy.",di u. s. goment dey dynamic system wey provide opportunities (di measure of how likely e dey say some event go occur) for special interest to coalesce and change di law and public policy.
"di colour wey line be: boxcol (colour for di box), medcol (colour for di middle line), whiskcol, staplecol, outcol (colour for di outside points).","line colour: boxcol, mcol, whiskcol, staplecol, outcol."
e no tell us anything interesting about di bell way wey deyself,e no tell us anything interesting about di bell way itself.
"she dey depicted with around face, bifur cated by an aquiline nose and delicately balanced by bow-shaped lips.","she dey depict wit around face, bifur cated by aquiline nose and delicately balanced by bow-shaped lips."
"data structure na collection of related values, wey dey always dey organized (well-arranged / follow order) for inside lists (groups of things), dictionaries, tupules, etc.","di data structure collection of related values, often organized for lists, dictionaries, tuples, etc."
diatrical production need no always perform for buildings or even on defined (wetin dem don explain clear / get meaning) area such as conventional stage.,di certainly theatrical productions need no perform for buildings or even on defined area such as conventional stage.
di figure 24. 8 electron transport chain (tins wey join togeda) di electron tr anspor t chain dey series of electron carriers (transporters / things wey carry load) and ion pumps wey dey use to pump h+ions out of di inner mitochondrial matrix.,"without oxygen, electron flow (to move steady / water waka) through di et c ceases. 1070 24 metabolism and nutrition access f or free for open tax. org figure 24. 8 electron transport chain (na wen persin voluntarily agree or give permission make something happen) di electron tr anspor t chain series of electron carriers and ion pumps wey dey use to pump h+ions out of di inner mitochondrial matrix."
i fit type di command wey you wan(or code as e dey generally call when you dey typ di command into script le)and save am when you dey done.,di command wey you wan(or code as e dey generally call when you dey typing di commands into script le)and save am wen you dey done.
di following mapping dey add to di sakai data: iupui. edu ->indiana. edu so all di accounts (bank statement / records of money movement) from di various (many different-different types) indiana university campuses (all di compound and building of a skul or university) dey track together,di following mapping dey add to di sakai data: iupui. edu so all di account from di various indiana university campuses dey tracked to - gether.
finder keepers?,di hyperlink: finders keepers?
"di likelihood dey great say di message go dey present, and for di surrounding (for all sides of simultaneously) circumstances di likelihood dey great say di message go understand di message.","di intent to convey a particularized message dey present, and for di surrounding circumstances di likelihood dey great say di message go dey understood (to carry pickin take as your own / follow a style) by those wey view am"
"di opinion for dennis dey lengthy and review di earlier world war i case, including holmes' dissen ts","di opinions (wetin people tink / how judge see de mata) for dennis dey lengthy and review di earlier world war i case, including holmes' dissen ts."
di rule of law sef provides (to provide) protection for property.,di rule of law also provide protection for property.
di meaning of di commerce (big-time buying and selling) clause don expand greatly,di meaning of di commerce (big-time buying and selling) clause don expand greatly (well-well / high-high).
di failure (when tin no work out / disappointment) to recognize di trap and tricks wey dey incorporated (company wey don register finish / join body) into contracts go dey rail good business idea.,di failure (when tin no work out / disappointment) to recognize di traps and tricks wey dey incorporated (something wey dey prevent you from reaching a place or thing) into contracts fit derail good business idea.
"we realize say di designator ""english as di oda language wey you learn""dey problem- atic, for say english no be di third, fourth (number four), etc, language of di students wey dey referring to","we realize say di designator ""english as second language""dey problem- atic, for dat english go be di third, fourth, etc, language of di students wey dey referring to."
"di two measures wey pipo dey report most frequently (for short intervals, many times for short intervals) na di statistic and di somewhat (small / somehow) superior version, wey dey known as cram er's v. mathematically (we dey respect to mathematics wit respect to mathematics), dem dey simple.","di two measures wey pipo dey report most frequently (for short intervals, many times for short intervals) dey di statistic and di somewhat superior version, wey dey known as cram er's v. mathematically, dem dey simple."
"for example, if there dey spill on store floor and di store owner don put up sign say""caution slippery floor""yet someone decide to run through di spill anyway, then say person go lose negligence (na wen persin no dey give proper care, and dis cause harm) lawsuit if he or she slip and falls (e dey drop / waterfall) because di spill dey open and obvious.","if e dey spill on store's floor and di store owner don put up sign wey say""caution slippery floor,""yet someone decide to run through di spill anyway, then say person go lose negligence (na wen persin no dey give proper care, and dis cause harm) lawsuit if hin or she slip and falls because di spill dey open and obvious."
di complexity of for real life bayesian (one kind of statistical method) way to check if your idea be true kom down to how you calculate di likelihood ppd|hqwhen di hypothesis hin complex and vague (no clear / blurry) thing.,di complexity of real life bayesian hypothesis testing kom down to how you calculate di likelihood ppd|hqwhen di hypothesis hin complex and vague thing.
di court's fundamental error dey compound by di holding (to keep for hand / possession of property) say im lacked power to control di publicity about di trial.,di court's fundamental error dey compounded by di holding (to keep for hand / possession of property) say e lacked power to control di publicity about di trial.
"di complexities (di quality of being intricate and compounded) of summarization, di oda language wey you learn writer researchers don investigate major difficulties (di effort wey dey inconvenient, na effort wey dey inconvenient) and challenges (di demanding or stimulating situation a demanding or stimulating situation) wey novice academic writer dey encounter while work on such tasks.","acknowledging di complexities (organizations / separate things or bodies) of summarization (di act of preparing summary (or an instance thereof)), second language writing researchers don investigate major difficulties and challenge wey novice academic writers encounter while work on such tasks."
di critical point na say assumptions and biases (personal feelings wey dey affect person judgement) dey unavoidable if you wan learn anything about di world.,di critical point na say assumptions and biases dey unavoidable if you wan learn anything about di world.
"di rcommand for dis one dey predictable (di capable of being foretold): dchisq(), pchisq(), pchisq(), rchisq()","di rcommands for dis one dey predictable: dchisq(), qchisq(), qchisq(), rchisq(), rchisq(), rchisq(), rchisq()."
we go treat dis table as di data wey we dey looking to analyse (to look somtin wella to sabi am),we go treat dis table as di data wey we dey look to analyse (to look somtin wella to sabi am).
"di instance (one example of somtin) you go need to, since r go do di division (divide) rst anyway, but wen you dey start out e dey better to make sure r do what you wan","di instance you go need to, since rw go done di division (divide) rst anyway, but wen you dey rst start out e better to make sure rdoes what you wan"
"di white collar (shirt neck / to catch person) crimes dey particularly insidious because white collar criminals work from inside, dey difficult to spot since dem dey hold position of trust (to believe person / keep secret or money with person), and use deception as dia primary tool (tinwey or ogbe wey dem dey use do sometin or wok).","di white-collar crimes (bad deeds / things wey break law) dey particularly insidious because white-collar criminals work from di inside, fit be difficult to spot since dem often hold position of trust, and use deception as dia primary tool (tinwey or ogbe wey dem dey use do sometin or wok)."
first amendment (wey go bring freedom to pipo) command say no injunction go issue.,di first amendment (wey go bring freedom to pipo) command wey no injunction (di act of examining resemblances wey dey examinin resemblances wey dey examinin resemblances) go issue.
di probability of reject di null idea dey small wen di null idea dey true,di probability of reject di null idea dey larger (wey big pass) wen di null idea dey larger (wey big pass) wen di null idea dey true
"di state don laws wey prevent employer from firing worker or take any negative work action, such as demotion, against di worker for jury duty, no legal requirement say employer continue to pay worker on jury duty.","di most states don laws wey prevent employer from firing worker or taking any negative work action, such as demotion, against di worker for being on jury duty, nano legal requirement say employer continue to pay worker on jury duty, nano legal requirement say employer continue to pay worker on jury duty."
dip-values wey dey associated wit di attend (to go meeting / follow join) variable and di reading variable for di regression output.,di p-values associated wit di attend (to go meeting / follow join) variable and di reading variable for di regression output.
di file wey be html and javascript to visualize a google map,di file where. html consists of html and javascript to visualize google map.
"di rst thing you dey see(assuming say you dey look for di rconsole, dat dey)na whole lot of text wey no make much sense.","di rst thing you see(assuming say you dey look for di rconsole, say na)dey whole lot of text wey no make much sense."
di example of offeror wey dey offer to sell hin scooter for four hundred dollars.,let continue our example of offeror wey offer to sell hin scooter for four hundred dollars.
"we get information about di rst choice and di second choice wey dem make, we fit construct di following one table wey dey show how two things connect wey cross-tabulate di rst choice against di second choice.",we fit construct di following contingency table wey cross-tabulates di rst choice against di second choice.
"when d loop exists (e still dey ground / e dey live), count go contain d result: d total number of a's.",di total number of a's.
"di exercise 1: write while loop wey start for di last character for di string and work its way backwards to di first character for di string, printing each letter on separate line, except backwards.","di exercise 1: write awhile loop wey start for di last character for di string and works its way backwards to di first character for di string, printing each letter on separate line, except backwards."
di class dey like cookie cutter and di objects (things / items) wey dey create using di class dey di cookies (small files wey websites keep on your device)2.,di class dey like cookie cutter and di objects (things / items) create using di class dey di cookies2.
di greatest (de highest / de boss) challenge wey dey face during hin program dey devising strategy for complete group projects one of di greatest challenge wey dey face during hin program devising strategy for complete group projects.,di right collaborators (mistakes / faults) for group projects one of di greatest (new school / latest style) challenge chozin face during hin program dey devising strategy for completing group projects.
"dis terminology (di words wey dem use) dey rather old, and e date back to time when""significant"" just mean something like""indicated (wey dem show)"", not dat one im modern (new school / latest style) meaning, wey dey much closer to""important"".","di terminology dey rather (instead / prefer to) old, and dates back to time wen \signi cant""just meant something like\indicated"", no be its modern (new school / latest style) meaning, wey dey much closer to\important""."
"dat mean say, di first one of x dey add to di first one of y, and di second one of x dey add to di second one of y.","di rst element of xis add to di rst element of y, and di second element of xis add to di second element of y, and di second element of xis add to di second element of y."
"di rst version dey much easier (no hard / simple), but cases wey you no fit make we look few of di variables, so e dey nice to use di formula interface.","di rst version dey much easier (no hard / simple), but na cases wey you dey only wan make we look few of di variables, so e dey nice to use di formula interface."
"for mathematical operator, python follow mathematical convention","for mathematical operators, python follow mathematical convention."
"however, a lack of good faith (di strong belief wey person get in somtin or person) by one party fit lead to damages.",di lack of good faith (di strong belief wey person get in somtin or person) by one party go lead to damages.
"different organizations provide different advantages plus disadvantages inside creation cost plus simplicity (di quality of being simple or uncompounded), ongoing maintenance (di activity wey dey involved for maintain something for good work order) requirements, dissolution (di separation into component parts parts) plus continuity, fundraising, managerial control, public ownership, tax planning, plus limited liability.","different organizations provide different advantages (upper hand / better chance) and disadvantages (upper hand / better chance) for creation cost and simplicity (di highest wey somtin fit contain or do), ongoing maintenance requirements, dissolution and continuity, fundraising, managerial control, public ownership, tax planning, and limited liability."
for such scenario?,"di""national"" position for such scenario?"
di cali no warrant (official paper to arrest person or search house) say di information wey dey provided (as far as / if to say / supply) na complete and accurate,di information wey dey provided (e dey processing a photosensitive material for order make image visible) dey complete and accurate.
"e effectively (sharp sharp) own large chunk of houses for australia as security for im money wey you borrow for house and many small loan (kash wey dem dey borrow, wey dem go pay back wit intres) wey dey specifically for business, no be loan wey person dey take care of im personal things, like shop (place of hustle / where market dey) or invest for moni.",e dey eectively own massive swathe of australian housing as security for its home loans aswell as many small business loans.
"na regular publications (books or papers) and press release about trends for migration, both to di united state and internationally (di world throughout di world throughout di world)","dem don regular publications and press release about trends for migration, both to di united state and internationally."
"originally created (something wey dem build or make) to ensure di integration of african americans enter mainstream society, di law prohibits (law say no / e ban am) discrimination on di basis of race, color, religion, sex, plus national origin (where e start from / source).","di law prohibit discrimination on di basis of race, color, religion, sex, and national origin (na wen court or jury find persin guilty of criminal charge)."
"di type= ""o""","di type= ""o"""
"di internal (for inside) statements for di bodi of di function dey executed (na wen di persin dem wey suppose sign done sign contract already), so dem remain invisible (invisinle mean say you no fit see am) to di user.","di internal statements for di bodi of di function dey executed there, so dem remain invisible to di user."
di summons dey send process server to effect service on di defendant.,di summons dey sent to process server to effect service on di defendant
"di current practice for psychology dey misguided, and di reliance (to put mind for person hand / depend on something) on frequentist (one wey like frequency way) methods dey partly to blame","di current practice for psychology dey often misguided, and di reliance on frequentist (one wey like frequency way) methods dey partly to blame."
na make we look di dierence between di average number xand di value wey di null idea predict for di population mean.,"we go do, na make we look di dierence between di sample mean xand di value wey di null idea predict for di population mean."
"for example, kurdish families wey resettle for u. s. while saddam hussein na president fit have found say pipo for u. s. no understand why dem go miss living for iraq.","for example, kurdish families wey dey resettled for u. s. while saadam hussein dey president go find saypeople for u. s. while saadam hussein don find saypeople for u. s. while saadam hussein dey president go miss living for iraq."
"dat mean say, we dey calculate di""observed (bin see / follow rule) minus expected (wetin person tink say go happen)""difference score, di observed minus di expected.","we dey calculate di\observed (dem show am / dem bring am out) minus expected"" dierence score, oiei."
di saint diodosia' scult dey popular for sinai as e dey elsewhere (for anoda place) for di byzantine world,diodosia' scult dey popular for sinai as elsewhere for di byzantine world.
di knowledge wey an to settle matter outside kot with judge go definitely (but without question and beyond doubt) follow a failed (e no work / person wey fall hand) to settle matter with person wey go help both sides (different faces / parts) talk fit be a strong something wey go ginger person to ensure wey di to settle matter with person wey go help both sides talk phase of a med -arb works.,di knowledge say arbitration go definitely (di meaning) follow fail mediation (follow-dem-talk-make-dem-settle) go strong incentive to ensure say di mediation phase of med -arb works.
"di fear of large verdicts for damage suits (law cases / coat and trouser) for innocent (person wey hand clean / no be im do am) or merely negligent (na persin wey no dey give proper care or attention) misstatement, even fear of di expense wey dem dey involved for dia defense, must cause publishers to""steer.","di fear of large verdicts for damage suits (small-small write-up / observations) for innocent (person wey get wound / damage property) or merely negligent misstatement, even fear of di expense involved for dia defense, must inevitably cause publishers to""steer."
di easiest way to explain am na by drawing some pictures.,"di skewness dey basically measure of asymmetry, and di easiest way to explain am dey by draw some pictures."
"am may want to be taxed as a corporation, for example, plus pay corporate (tin wey concern big business join-body) income tax on net income.","e go wan to be taxed as corporation, for example, and pay corporate income tax on net income tax on net income."
we need know di sampling distribution for fif di null idea dey true.,we need know di sampling distribution for fif di null idea dey true.
di avenues (way / street) for document immigration dey limited.,"ifprospective immigrants donotfallintooneof dis categories, dia avenues fordocumented immigration dey quite limited."
"di end of chozin two year program, hin don successfully defend (to back person / fight for your right) both hin thesis proposal (idea / plan dem drop for table) and hin thesis ahead (to de in front of somtin or person) of most of hin classmates.","di end of chozin's two-year program, hin don successfully (for no time intervening, without delay or hesitation) defended both hin thesis proposal and hin thesis ahead of most of hin classmates."
"to add to dis developments for architecture and monumental art, exquisite examples of manuscripts, cloisonne enamels, stonework, and ivory carving survive from dis period aswell.","for addition to dis developments for architecture and monumental art, exquisite examples of manuscripts, cloisonne enamels, stonework, and ivory carving survive from dis period aswell."
"dat mean say, we wan di 95th percentile of di sampling distribution.",we wan di 95th percentile of di sampling distribution.
"as she explain, her analysis dey first motivate by di students' reticence during course meeting (gathering / discussion group) and conferences, a reticence wey she dey able to counter (table / to go against) for her face-to-face interaction wit students through di use of wac pedagogical approaches.","as she explain, her analysis dey first motivated by di students' reticence during course meetings and conferences, reticence say she don previously (to reason / deep thought) dey able to counter for her face-to-face interaction wit students through di use of wac pedagogical approaches."
"as a friend of mine tok say or every experiment wey you go get publish, you also get 10 failures (when tin no work out / disappointment)","as friend of mine tok or every experiment wey you go publish, you also get 10 failures (extra / surplus)""."
"di first theory, wey dey known as disparate treatment, allege say di defendant employer don act intentionally (by choice / person do am with im clear eye) to discriminate (na recognize or perceive di difference) against di victim bikos of di victim membership (di bodi of members of an organization or group or group) for protected class.","di first theory, known as disparate treatment, allege say di defendant employer act intentionally (same-same / level ground) to discriminate against di victim because of di victim's membership for protected class."
"if you wan make your model to generalize (draw conclusion for everybody base on wetin dem see for small group) well to new observations, you go need to avoid throwing too many variables inside.","if you wan your model to be able to generalise well to new observations, you need to avoid throwing for too many variables."
"di notice state say one of respondent's former (de one before / ex-oga) employee (person wey de work for office and e de collect moni), no respondent itself, don filed for bankruptcy and say respondent""continued (bin move forward / e no stop) for business as normal.","di notice state say one of respondent's former employees, no respondent amself, don filed for bankruptcy and say respondent""continued for business as usual"
di tin sues (e carry person go kote) of water and increase di solut e concentratation for dia tissues.,di tissues of water and increase di solut e concentration (di strength of solution) for those tissues of water and increase di solut e concentration (di strength of solution) for those tissues.
"di one kind meeting (gathering / discussion group) wey dem dey call to yarn about somethin, wey dem go take am discuss, wey one person go lead, make dem hear pipo tori, sabi wetin dem like, wetin dem no like dey ideally suite to help wac researchers help identify di instances (examples / cases / times wey tin happen) of di adaptive transfer, whether wit alumni or dem current students.","di interactional nature, focus groups go dey ideally suited to help wac researchers identify instances (different-different types / varieties) of adaptive transfer, whether wit alumni or current students."
"di physical universe no allow for nite anything, because di physical universe no allow for nite anything.","we no tok say an\in nite sequence""of events dey real thing for di physical universe, because di physical universe no allow in nite anything."
"as felix read di textbook for hin fashion (style of cloth wey de popular for one time) design course, clothing construction (di act of construct something), because hin find say e reinforce what di teacher convey (to pass message / move something from a to b) for class.","di textbook for hin fashion (style of cloth wey de popular for one time) design course, clothing construction, bikos hin find say e reinforce (to force people make dem follow law) what di teacher conveyed for class."
"for first, let state di null idea for words: h0: all four suits (law cases / coat and trouser) dey chosen (picked / de one wey dem select) wit equal probability now, because dis dey statistics, we get to say di same thing for mathematical way.","di null idea for words: h0: all four suits (normal-normal / wetin people dey do always) dey chosen (to carry pickin take as your own / follow a style) wit equal probability now, because dis dey statistics, we don able to say di same thing for mathematical way."
"for passing di statute now under review, di virginia legislature (de group wey dey make law for de land) dey concerned (to dey worried) wit anything but penalizing conduct wey dey particularly vicious.","e dey simply beyond belief (wetin person tink say go happen) say, for pass di statute now under review, di virginia legislature (de group wey dey make law for de land) dey concerned wit anything but penalizing conduct dem must don view as particularly vicious."
plenty di editor for words dey to know python syntax and go colour reserved words differ entirely (kpatakpata / everything complete) wey go give you clues to keep your variables and reserved words separate.,di editors dey aware of python syntax and go color reserved words differently to give you clues to keep your variables and reserved words separate.
protect human rights.,protect human rights.
di officials dey convicted (na wen court or jury find persin guilty of criminal charge) for dia absence (di fact say something no dey) and no dey extradit to italy.,di officials dey convicted (na wen court or jury find persin guilty of criminal charge) for dia absence and no dey extradited to italy
"e. g, p1is di true probability of choosing di puppy.","di null idea dey claim say di true choice probabilities (di measure of how likely e dey say some event go occur) don depend on di species of di person make di choice, we fit let pirefer to dis probability: e. g, p1is di true probability of choosing di puppy."
"we need second contrast, one wey enable us to distinguish (to show de difference between two things) between joyzepam and placebo.","we need second contrast, one wey allow us to distinguish (to show de difference between two things) between joyzepam and di placebo."
"we get unbalanced (for balance or equilibrium, throw out of balance or equilibrium) design.",we get unbalanced design.
we get problem of variable selection (choosing / pick-pick).,we get problem of variable selection (choosing / pick-pick).
"to dat end, we fit measure each person working (to dey hustle / de way tin take dey move) memory capacity (di highest wey somtin fit contain or do) for two conditions: with music, and without music.","we go measure each person's work memory capacity (di highest wey somtin fit contain or do) for two conditions: wit music, and without music."
"di name no dey cosmetic, since e no need to pull out di name themselves, then e just type name(profit).","di profit (gain / better money from business)[""q1""] q1""] q1 3. 1 and if i ever (anytime / since world start) need to pull out di name themselves, then i just type name(profit)."
so i fit don type something like sqrt(x =225) or abs(x= -13)earlier.,i go type something like sqrt(x =225) orabs(x =225) orabs(x =225) orabs(x =225) orabs(x =225) earlier.
first amendment (wey go bring freedom to pipo) rights dey ground (di top of earth) for di free speech clause.,di first amendment (wey go bring freedom to pipo) rights dey often ground (office / site / work area) for di free speech clause.
"if you type a function definition (di meaning) for interactive mode (di one wey show most), d interpreter prints (copy / mark / print-am-out) elli pses(.","if you type function definition (di meaning) for interactive mode (na false written order to bank or persin to pay specified money), di interpreter prints elli pses (."
e dey conceptually simple,di multiple regression dey conceptually simple.
"di rehnquist, j, filed dissenting opinion, wey burger, c. j, and white, j. join.","di rehnquist, j, filed dissenting opinion, wey burger, c. j, and white, j, join."
di bom only list di component cost to apple; e no capture di amount of money apple spend for developing (e dey processing a photosensitive material for order make image visible) di product through dir&d process.,di bom only list di component costs to apple; e no dey capture di amount of money apple spent for developing (e dey processing a photosensitive material for order make image visible) di product through di product through di product through di product through di product through di product through di product through di product through di di product through di product through di product through di di product through di di product through di function.
"di public citizen, a nonprofit (no-profit business) organization wey represent consumer (person wey buy and use market) interest for congress, release report concerning (na relevant to dey relevant to dey relevant) arbitration for b2c disputes.","di nonprofit organization wey represent consumer (person wey buy and use market) interest for congress, release report concerning (na relevant to dey relevant to dey relevant) arbitration for b2c disputes."
di time to look a bit more closely (near-near / check am well-well) at di data.,"i dey suspicious (many different-different types), e dey time to look a bit more closely (well-well / high-high) for di data."
"cultural variation for perceptions of ipv — di world health organization(who), which na united nations recognized agency, dey define ipv as 'behavior by intimate partner (business paddy / colleague) or ex-partner wey dey cause physical, sexual (mata wey concern body-to-body) or psychological harm, including physical aggression, when person use pressure or threats to force another person into sexual acts they no want, when person use words, threats or controlling (oga-ship / to manage how things go) behaviour to damage another person's mind and feelings and controlling behaviors'.","di cultural variation for perceptions of ipv di world health organization(who), wey dey united nations (obodo / different-different countries) recognize agency, defines ipv as""behavior byanintimate partner orex-partner wey cause physical, sexual (mata wey concern body-to-body) or psychological harm, including physical aggression, sexual coercion, psychological harm, psychological harm, psychological harm, including physical aggression, sexual coercion, psychological abuse and controlling behaviors""(2016)."
"di entire student body protest to state authorities by refusing (to say ""no"" / reject) to reregister, dia dining hall dey padlocked for an attempt to starve dem into submission","di entire student bodi protest to state authorities by refusing (to carry pickin take as your own / follow a style) tore-register, dia dining hall dey padlocked for attempt to start dem into submission (di act of examining resemblances wey dey examinin resemblances wey dey examinin resemblances)"
"when you see dis, e mean say r dey wait (to stay / hold on / delay) patiently for you to do something!",e means sayris waiting patiently (for bottom or by one's (or its) for you to do something) for you to do something
we human like to write awa numbers for base (foundation / where tin start from) 10 because we don get 10 ngers,we humans (pipo wey sabi science) like to write awa numbers for base (foundation / where tin start from) 10 because we get 10 ngers.
dem run di program and see what error message you go get,di program and see what error message you get.
"we dey contend (drag / struggle), dey offer researcher way to see dis messiness more fully (well) than how traditional notions of transfer dey allow.","we contend, offer researcher away to""see"" dis messiness more fully (well-well / high-high) than traditional notions of transfer allow."
"to start, make we think about di anova model as a whole.","to start wit, make we think about di anova model as whole"
di participants make connections between dia classroom (school room / where dem dey learn) experience wit writing and di attitude of majority students inside and outside di classroom.,all participants make connections between dia classroom (room for kote) experience wit writing and di attitudes of majority students inside and outside di classroom (room for kote).
di following show two executions of di program:3. 11. 11.,di following show two execution of di program:3. 11.
dem to sabi how pattern dey work dis dey de nitely wey you wan.,"as noted above, unless you understand regular expressions dis dey de nitely what you wan."
"dis, privacy concerns (wetin join body with de mata) gave (bin dash / bin provide) way wen balance against di interest for publishing (di business of issuing printed matter for sale or distribution or distribution) matters of public importance.",di privacy concerns (to reason / deep thought) gave way wen balance against di interest for publishing (di statement wey represent something for words wey represent something for words wey represent something for words wey represent something for words wey represent something for words) matters of public importance.
dem no say any oda statute wey dey relating (concern / how things link body) to speech and terrorism go satisfy (to make person bellefull / meet condition) first amendment (wey go bring freedom to pipo).,e no to say any oda statute relating (di act of examining resemblances wey dey examinin resemblances wey dey examinin resemblances wey dey examinin resemblances) to speech and terrorism go satisfy first amendment (wey go bring freedom to pipo).
"di software company don release product to eliminate (comot am kpata-kpata) unwanted e-mails wey dey call""spam arrest"", e dey sued (carry person go kote / drag person for law) by hormel, makers (person wey create something / producer) of spam canned luncheon meat","di software company release product to eliminate unwanted e-mails called""spam arrest,""it dey sued by hormel, makers of spam fitned luncheon meat."
"di simple way to x dis nato rotate di labels (akwele wey dem dey mark for somtin to identify am), so say di text run vertically (for a vertical direction direction) no horizontally.","di simple way to x dis dey to rotate di label, so say di text run vertically no horizontally."
di attorney go probe into any potential biases (personal feelings wey dey affect person judgement) di witness don get or try to prove say di witness's recollection of events no be as clear or certain as di witness believe.,di attorney go probe into any potential biases di witness go get or try to prove say di witness's recollection of events no be clear or certain as di witness believe.
"if you succeed, you fit use am immediately (for no time intervening, without delay or hesitation)","if you succeed (na wen court or jury find persin guilty of criminal charge), you fit use am immediately (for no time intervening, without delay or hesitation)."
"di respondent's complaint allege say hin don libeled by statements for full-page advertisement wey dey carried (bin carry / bin move load) for di new york times on march 29, 1960.","di respondent's complaint allege say hin don libeled by statements for full-page advertisement wey dey carried for di new york times on march 29, 1960."
we think e dey largely (mostly / for de most part) because governmental officials no make principled distinctions (di difference) for dis area say di constitution leave matters of taste and style so largely to di individual.,we think e dey largely because governmental officials no make principled distinctions (di act of examining resemblances wey dey examinin resemblances wey dey examinin resemblances) for dis area say di constitution leave matters of taste and style so largely to di individual.
"we ask each of di six students to complete inventory listing multiple strategies wey di literature dey scribe as typical practice of experienced (sabi person / person wey don see things) readers, we ask each of di six students to complete inventory listing multiple strategies wey dey based on reading inventory wey dey developed (something wey don grow / advanced) by auerbach and paxton(1997).","di demand: reading strategies to explore di students use of di reading strategies wey di literature de - scribes as typical practices of experienced (wetin person get for mind to do) readers, we ask each of di six stu- dents to complete inventory list multiple strategies wey di literature de - scribes as typical practices of experienced readers, we ask each of di six stu- dents to complete inventory develop by auerbach and paxton(1997)."
di rst of dis commands dey di one wey dey load di data,di rst of dis command dey di one wey load di data
di data dey just a uke.,di data dey just uke
"di terms wey then use for immigration research include: unauthorized (without go-ahead / illegal move) immigrants, undocumented immigrants, and illegal immigrants.","di terms also use inimmigration research include: unauthorized immigrants, undocumented immigrants, undocumented immigrants, undocumented immigrants, undocumented immigrants, undocumented immigrants, undocumented immigrants, and illegal immigrants."
e dey probably what you wan,di probably what you wan
for most of di time you go end up wit someone wey dey measurin di 100 to 140 range.,di time you go end up wit someone wey dey iq dey measure for di 100 to 140 range.
world relief (better feeling / wetin person get from kote) spokane— welcome to spokane cc by-nc-nd 2.0.,world relief (better-better tins wey person gain) spokane welcome to spokane cc by-nc-nd 2. 0.
"di paper copies of di financial record!""",di paper copies of di financial records
di lactif erous ducts each extend (to make am long / increase de reach) to alactif erous sinus wey connect to glandular lobe wey dey within di breast itself wey contain groups of milk -secr eting cells for clusters (gathering of tins or pipu wey resemble eachoda) cal ledalveoli (check di picture 27. 17).,di lactif erous ducts each extend (to make am long / increase de reach) to alactif erous gbas wey connect to glandular lobe within di breast wey contains groups of milk -secr eting cells for clusters cal ledalveoli.
di united states for 3 -4 & n.,brief (small talk / summary wey lawyer write) for di united state for 3 -4 & n.2.
how dem dey di same?,how dey di same?
"di consistent observation as teachers of both l1 and l2 students center (di midu of somtin) and niestepski 94 say less able readers dey less able writers, and, conversely (di terms of di relation reversed), di best writers for awa class no dey successful (dem dey having succeeded or being marked by favorable outcome) writers, and, conversely, di best writers for awa class no dey good readers.","e dey virtually impossible (no fit happen) to find successful (dem dey having succeeded or being marked by favorable outcome) writers, and, conversely, di best writers for awa class also read wit facility and insight."
di professors (pipo wey dey teach for university) and mental healthcare providers can tailor reading within di book to meet di needs of dia course or clients (customers / people wey hire expert).,professors and mental healthcare providers fittailor readings within di book tomeet theneeds of their course orclients.
am fit exclude (to remove) certain types of disputes from being bound (something wey must happen / person wey law tie down) to settle matter outside kot with judge through mandatory to settle matter outside kot with judge clauses (sections inside law or agreement).,e go exclude (make somtin end) certain types of disputes from being bound (something wey miss / person wey no find im way) to arbitration through mandatory arbitration clauses.
"di demonstration (di act of present something to sight or view) of real psychic powers (pawa / authority) go actually be cool11, but for oda contexts (how de levels be / situation) 1% dierence no dey interesting, even if e dey real dierence.","di demonstration (di act of offering improvement to replace mistake) of real psychic powers go actually be cool11, but for oda contexts (how de levels be / situation) 1% dierence no dey interesting, even if e dey real dierence."
di free speech don destroy am as effective political party.,di free speech don destroy am as effective political party.
"since am na unlikely (no fit happen / e far) wey letting someone else live inside your housing unit inside your absence (di fact say something no dey) go violate public policy, then di landlord must expressly (direct / dem talk am clear-clear) prohibit di assignment within di original contract if e wishes to prevent tenants from subleasing.",di landlord must expressly prohibit di assignment within di original contract if she wish to prevent tenants from subleasing.
di many pipo dey batter emotionally everyday to varying degrees,di pipo dey battered emotionally everyday to varying degrees.
"we need to incorporate new methods, models, and technology wey potentially (di possibility of becoming actual) offer previously (di earlier time or formerly) unavailable means of implementing strategies wey dey useful to l2 students while also serving (working for / giving food) di needs of l1 student writers.","we also need to incorporate new methods, models, and technologies wey potentially offer previously (for now / as we dey so) unavailable means of implementing strategies tailored to l2 students while also serv di needs of l1 student writers."
"unhcr (di united nations agency wey protect and help refugees around the world): di unhcr hold council (group of people wey dey rule or advise) for 1951 on di status of refugees, and dem create definition (di meaning) of refugee.","di unhcr (di united nations agency wey protect and help refugees around the world) dey hold acouncil for 1951 on di status of refugees, and dem create adefinition of refugee."
"for urllib, you fit treat a webpage much like file","using urllib, you fit treat webpage much like file."
"indeed (true-true / na so / for real), congress routinely (normal-normal / steady) uses (ways wey dem dey take use tin) economic trade sanctions against""rogue"" nations such as cuba plus north korea as a means of economic warfare to try to bring about regime change.","di congress routinely (freedom / right to do wetin person like) use economic trade sanctions against""rogue"" nations (obodo / different-different countries) such as cuba and north korea as means of economic warfare to try to bring about regime change."
"for likewise (de same way / follow suit), contracts possess certain qualities (behavior / how-thing-be / character) wey prohibit parties from acting for certain way, unless those qualities dey expressly (direct / dem talk am clear-clear) waived.","di contracts possess certain qualities wey prohibit parties from acting (person wey dey hold office for small tayam / to play part) for certain way, unless those qualities dey expressly waived."
"na title, artist, album, number of plays, rating (0-100) and length (how e long reach) for milliseconds.","di columns for dis file dey: title, artist, album, number of plays, rating (0-100) and length (how e long reach) for milliseconds."
"justice breyer, wit whom justices (big-big judges for higher court) ginsburg and sotomayor join, dissenting.","justice breyer, wit whom justices ginsburg and sotomayor join, dissenting."
"wieling and colleagues adapt evidence-based intervention called parent management training, oregon model (pmto; patterson,2005) wey include core components (di abstract part of something no dey abstract part of something) of encouragement (di expression of approval and support), positive involvement, setting limits, monitoring (di act of observing something (and sometimes keeping record of am)) and problem solving to di context of mental and emotional pain wey person get after going through terrible experience.","di wieling and colleagues adapted evidence-based intervention wey dey call parent management (di act of offering improvement to replace mistake) training (to learn work / practice to sabi something well), oregon model (pmt o; patterson, 2005) wey dey include core component of encouragement, positive (good / sure / something wey dey certain) stress."
"bartnicki v. vopper for bartnicki v. vopper, 532 u. s. 514(2001), di court tok say statutory wiretapping prohibition no be constitutionally (follow wetin de grand-papa law talk) applied (wetin dem use work / put into action) to radio host wey play tape of intercepted conversation on hin radio show.",di court tok say a statutory wiretapping prohibition no be constitutionally (follow-dem-talk-make-dem-settle) applied (wetin dem talk) to radio host wey play tape of intercepted conversation on hin radio show.
"for di moment wey awa bigger problem dey say e dey pain to type in such long command many times: for example, if your experiment don get 10 groups, then you go run 45t-tests.","for example, if your experiment don 10 groups, then you go run 45t-tests."
"di massachusett constitution, for example, don ratified for 1780, seven years before di federal constitution.","di massachusetts constitution, for example, dey ratified for 1780, seven years before di federal constitution."
di example wey dey surround di nissan. com domain (area / website address).,di example surround di nissan. com domain (to get / collect / catch). com domain (to get / collect / catch).
di law no go favor (to help person / partial follow-up) di user's claim to di land over dat of di actual owner.,di law go just go favor di user's claim to di land over dat of di actual owner.
"di student number 7 don turn upto lectures(i. e, attend =1, x1; 60) wia student number 6 no(i. e, attend =0, x1; 60).","di student number 7 don turn upto lectures(i. e, attend =1, x1; 71)whereas student number 6 no(i. e, attend =1, x1; 60)."
another talk!,"fry: uh, yup!"
"for di four gospels for di christian bible, but odas dey inspired by non-biblical texts (written words / messages), such as di ""protoevangelion of james,""a second century narrative of di life of di virgin wey no dey read by byzantines.","di events dey record for di four gospels for di christian bible, but others dey also inspired by non-biblical texts (written words / messages), such as di ""protoevangelion of james,""a second-century narrative of di life of di virgin wey dey never read by byzantines."
di pyruv ate dey common start material f or gluc oneog enesis.,di pyruvate dey ac ommon starting material f or gluc oneog enesis.
"di approach wey students use when struggling wit di readings nato ask someone, typically classmate or di instructor, for help.","di approach students use wen struggling wit di readings dey ask someone, typically classmate or di instructor, for help."
"if you don read di textbook, for example, you go expect your grade to drop by 28%relative (connection / family person) to someone wey dey do","di attendno and readingno eects dey both negative, though dem dey di same magnitude as before: if you no read di textbook, for example, you go expect your grade to drop by 28%relative to someone wey dey."
this rule or level requires (e gats happen / e need am) di scales of justice to tilt ever (anytime / since world start) so slightly toward one party to declare (to talk am out / announce) wey party di winner.,di standard require di scales of justice to tilt ever (anytime / since world start) so slightly toward one party to declare (to talk am with full chest / claim) say party di winner.
di local citizenry complain say chaplinsky dey denouncing all religion as racket,"di local citizenry complain to di city marshal, bowering, say chaplinsky dey denouncing all religion as a""racket"
di newborn christ appear for a manger (a feed trough for animals)near an ox and ass.,di newborn christ appear for manger (a feeding trough for animals)near ox and ass.
for you think na too many frivolou cases wey dey filed?,di too many frivolous case filed?
di justice typically take on case wen dem believe say lower court don misapplied or misinterpret a prior supreme court precedent.,di justices typically take on case wen dem believe say lower court don misapplied or misinterpret prior supreme court precedent.
"therefore, strict (no-nonsense / follow de rule exactly) liability applies (dey work).","therefore, strict (to hold back / put boundary) liability applies (wetin dem use work / put into action)."
"di warren go later transform di civil rights landscape wit series of decisions (final conclusions / choices), leading (de oga for de group / showing road) eisenhower to describe nominating warren as di biggest damn fool mistake wey i ever (anytime / since world start) make.","di warren go later transform di civil rights landscape wit series of decisions, leading (de oga for de group / showing road) eisenhower to describe nominating warren as""the biggest damned fool mistake (error / skip / something wey person no do well) i ever (anytime / since world start) make"
"dis difference matter for some contexts (how de levels be / situation), but e no important for our purposes (reasons why things dey happen).","di distinction matters for some context, but e no important for awa purposes (reasons why things dey happen)."
"we start talking about di study of chance, e dey helpful to spend moment thinking (to reason / deep thought) about di how two things dey related probability and statistics.","we start talk about probability theory, e dey helpful to spend moment thinking (to reason / deep thought) about di relationship between probability and statistics."
di shared (dem share am / common) experience ofundocumented person's legal classification— whether dem have permission (di approval to do something) to bein a country and under what conditions within mixed-status families.,di multigenerational punishment (di act of punishing di act of punishing di act of punishing di act of punishing di act of punishing): shared (dem don gree / dem don give permission) experience of undocumented immigration status within mixed-status families.
di correlation no mean what you think am means.,di correlation no mean what you think e means.
di physical and emotional conditions go lead to interruption pathway and r esul t for di inability to achieve (to make am / reach target / blow) an erection.,di physical and emotional conditions fit lead to int erruptions for di v asodilation pathway and r esul t for inability to achieve (to make am long / increase de reach) erection.
"uscis (di us government office wey handle all immigration applications and papers) require say esther provide paper wey show say dem born you to prove her relationship to her children, all minors (small children / under-age), but these documents (files / papers wey get important info) no dey exist.","di uscis require say esther provide birth certificates (all de tins wey person eyes dey look / benefits) toprove her relationship to her children, allminors (mistakes / faults), but dis documents (files / papers wey get important info) didnotexist."
dem announce di program and invit all interested persons make arrangements (plans / settings) for di regular public tours.,"on july 8, 1975, hin announce di program and invite all interested persons to make arrangements for di regular public tour."
"ah, but —i hear you ask— how i go calculate di 95th percentile of chi-squared distribution with k minus 1 freedom?",i hear you ask{ how do i calculate di 95th percentile of chi-squared distribution wit k1 degree of freedom?
di riparian owners (people wey get de property / landlords) go very well get actionable claim.,"if you diverted all dat water, oda riparian owners go very well get actionable claim."
di dierence go be about exactly how close to zero dis dierence should be,about exactly how close to zero dis dierence go be.
di part of di value of di contract for locke na di opportunity (chance / open door) to work on projects wey go earn additional money and promote (to push something go front / ginger) and enhance locke career.,di value of di contract for locke na di opportunity (chance / open door) to work on projects wey go earn additional money and promote (to make am long / increase de reach) and enhance locke's career.
"while human rights dey based on moral values, e important to recognize say values dey fundamentally (di main thing be say) different from rights.","while human rights dey based onmoral values, e dey important to recognize sayvalues deyfundamentally different from rights."
"e dey far from obvious say dis advocacy activities go redirect, or go free oda resources wey dey direct, towards terrorist ends (where e finish / targets).","e dey far from obvious say dis advocacy activities fit themselves dey redirect, or will free oda resources wey dey direct, towards terrorist end."
retrieved from who. int hac techguidance health of migrants en world health organization.,retrieved from www. who. int hac techguidance health of migrants en world health organization.
di study don express conflicted feelings wey dey based on where you dey l2 writing.,di study express conflict feelings for relation to l2 writing.
di congressional (concern de law-makers / national assembly mata) intent no to abridge first amendment (wey go bring freedom to pipo) rights be understand?,how should di congressional intent no to abridge first amendment (wey go bring freedom to pipo) rights be understood (to carry pickin take as your own / follow a style)?
"first amendment (wey go bring freedom to pipo) principles wey dey pronounced (e dey speak, pronounce, or utter for certain way) for new york times guide awa conclusion, we reach say conclusion only by apply dis principles for dis discrete (wey dey separate) context.","di first amendment (wey go bring freedom to pipo) principles pronounced for new york times guide our conclusion, we reach say conclusion only by apply dis principles for dis discrete context."
di values di operator dey apply to dey call operands,di values di operator dey applied (bin arrange / build follow plan) to dey call operands
na you ever (anytime / since world start) try to speak (to yan / talk / express mind) a language wey you no dey fluent?,dem ever (anytime / since world start) tried to speak (to yan / talk / express mind) language wey you no fluent?
we dey do?,we go do?
"di stage dey worth taking (to carry / to collect) di time to teach (to show person de way / lecture) you, bikos e dey much cleaner system.","e dey worth take di time to teach (to show person de way / lecture) yourself, because e dey much cleaner system."
"for example, vietnamese generally no dey recognize di concept of preventative medicine, and go not seek treatment unless symptoms dey present and go sometimes discontinue medication wen symptoms dey abate.","for example, v ietnamese generally no recognize di concept of preventative medicine, and no seek treatment unless symptoms dey present and will sometimes discontinue medication wen symptoms abate (cdc, 2008a)."
we dey convinced say congress dey justified for reject say view,we dey convince say congress dey justified (dem don gree / dem don give am kote) for rejecting dat view.
"di concept of a mean dey something wey dey already (e don happen / since / before-before) understand, i go use to introduce some of di way wey math dey write wey statisticians (pipo wey sabi statistics) use to describe dis calculation, and talk about how di calculation dey done for r.","di concept of mean na something wey everyone already understand, i go use dis as excuse (to give reason for mistake / pardon) to start introducing some of di mathematical notation wey statisticians use to describe dis calculation, and talk about how di calculations go done for r. di rst piece of notation wey we dey averaging(in dis case n5)."
di law also affect those for management (di act of managing something).,law also affect those for management (di act of managing something).
"di very simple measure for principle, wit quite few wrinkles wey you start di details.","e dey simple measure for principle, wit quite few wrinkles wen you start digging into di details."
"di quotations (exact words wey somebody write or talk) all derive from case wey defamation, fraud, or some oda legally (inside law / wetin law gree make person do) cognizable harm wey dey associated wit false statement, such as invasion (force entry / enter person space) of privacy or di cost of vexatious litigation.","di quotations all derive from cases discuss defamation, fraud, or some oda legally cognizable harm associated wit false statement, such as invasion of privacy or di cost of vexatious litigation."
"for di brain, go suppose use ketone bodi oxidation organs wey dey dependent (wetin dey depend) solely (him alone / only dat one) on glucose, such as di brain, go suppose use ketone as al ternativ e energy source.","di ketone bodi oxidation organs wey don classical ly dey thought to be dependent solely (small-small / with caution) on glucose, such as di brain, fit actually use ketones as anal ternativ e energy source."
di scholars (deep students / book people) posit different explanations for holmes change over di summer.,scholars (deep students / book people) posit various (many different-different types) explanations (obodo / different-different countries) for holmes' change over di summer.
"di interesting thing wey dey note here na say increase di hours work always increase di grade receive, as di one line wey no cut.","di interesting thing to note here na say na perfect (e remain small / almost) monotonic relationship between di two variables: for dis toy example atleast, increasing di hours work always increase di grade receive, as illustrate by di solid line."
"di problem for your first few years wey you dey learn to speak (to yan / talk / express mind), na problem for your first few years wey you just make cute gurgling noises (unwanted random changes in a signal).",di problem for your first few years wey you just make cute gurgling noises (to look somtin wella to sabi am).
"di function dey pretty exible, and allow you to input your data for few dierent ways.","di function dey exible, and allow you to input your data for few dierent way."
"so let start wit di\what"".","so make we start wit di\what"""
di loop continue until no character dey left,di loop continue until no character dey left
"for most cases you dey interest for pairwise group dierences, so tukey hsd dey useful thing to know about.","di case you probably dey interest for pairwise group dierences, so tukey's hsd dey useful thing to know about."
di court review dey limited to legal errors (mistakes / faults).,di appellate court review dey limited to legal errors (mistakes / faults).
di tension wey dey between trademark protection and free speech.,explore di tension between trademark protection and free speech.
"di technique wey dey especially useful wen sampling from a hidden or hard to access population, and dey especially common for social sciences.","di snowball sampling dey technique wey dey especially useful wen sampling from a\hidden"" or hard to access population, and dey especially common for social sciences."
"robson first amendment (wey go bring freedom to pipo) 181 for farah v. esquire magazine, 736 f.3d 528(d. c. cir.","first amendment (wey go bring freedom to pipo) 181 for farah v. esquire magazine, 736 f.3d 528(d. c. cir. cir. cir."
"di hyperkalemia, an elevated potassium blood level, also don impair di function of skeletal muscles, di nervous system, and di heart (di tin wey de make blood move for bodi).","di elevated potassium blood level, also fit impair di function of skeletal muscles, di nervous system, and di heart. hyperk alemia fit r esul t from increased (e don big pass before / e climb) dietary intake of potassium."
"hinvela (2004)discuss three writing-toread strategies wey help students understand di material wey dem read: summary, synthesis, and response paper.","di hirvela (2004)discuss three writing-toread strategies wey help students to understand di material dem dey reading: summary, synthesis, and response papers."
di fourteenth amendment don render (to give / provide / perform service) di legislatures (law-makers house / people wey dey make rule) of di state as incompetent (dem no competent to take effective action) as congress to enact such laws.,di fourteenth (number fourteen) amendment (wey go bring freedom to pipo) don rendered di legislatures of di states as incompetent as congress to enact such laws.
di bill don pass afta dia statements without any further debate (fomal talk where two pipu dey talk against each oda) by vote (to choose leader / drop thumbprint) of 393 to 1.,di bill dey pass after dia statements without any further debate (fomal talk where two pipu dey talk against each oda) by vote (to choose leader / drop thumbprint) of 393 to 1.
di federal sentencing guidelines wey federal judges dey expect to use when sentencing offenders.,di sentencing commission establish di federal sentencing (di act of examining resemblances wey dey examinin resemblances wey dey examinin resemblances) guidelines wey federal judges dey expect to use when sentencing offenders.
"dis vitamins dey move easily (soft work / e no hard at all) through bodily fluids, wey be water based, so dem no dey store am for bodi","di vitamins move easily (kpam-kpam / true-true / without doubt) through bodily fluids, wey ar e water based, so dem no store for di bodi."
dem start to make sense if you understand say di bayesian (one kind of statistical method) frequentist (one wey like frequency way) distinction (di difference).,di bayesian (one kind of number) frequentist distinction (di act of examining resemblances wey dey examinin resemblances wey dey examinin resemblances).
"di judge no repeat hin ""suggestions (di idea wey dey suggest for di idea wey dey suggest)""and ""requests (ask-for / demand / beg-for-something)""say di jurors no expose themselves to comment (remark / talk) upon di case.","di judge simply repeat (to hold back / put boundary) hin""suggestions"" and""requests (to ask for help or info / application)"" say di jurors no expose themselves to comment upon di case."
"one of di proudest images of our flag, di one wey dey immortalized for our own national anthem, na of di bombardment wey dey survive for fort mchenry.","fordeed (true-true / na so / for real), one of di proudest images of awa flag, di one immortalized for our own national anthem, dey of di bombardment wey dey survive for fort mchenry."
"later, your friend wants (wetin person heart dey find / desires) to move to conventional farming practices.","later, your friend wan to move to conventional farming practices."
we dey teach (to show person de way / lecture) you stats (statistics) because you really-really need am.,"we teach you stats because you really, really need am"
"as you need consider no only di(probably unlikely)possibility (something wey fit happen / chance dey) of outright fraud, but also di(probably quite common)possibility say di research dey unintentionally \slanted","di(probably quite common)possibility (something wey fit happen / chance dey) of outright fraud, but also di(probably quite common)possibility (something wey fit happen / chance dey) say di research dey unintentionally \slanted""."
"na even a certain""look"" go trademark if consumer (person wey buy and use market) identify am wit certain origin (where e start from / source).","di certain""look"" go trademark if ac onsumer identify am wit certain origin (where e start from / source)."
but i think e important to understand dese things before we goto di applications (different programs).,i think e important to understand dis things before moving (to carry something reach owner hand) onto (on top of) di applications (different programs).
di impression dey wrong.,di impression dey wrong.
"society evolves with progress (movement / improvement) plus challenges, plus with wey evolution, different needs arise (to show face / start to happen) inside di realm of di basic freedoms and rights wey law protect every person from government interference (na wrongful disruption or obstruction of anoda persin legal right or business).","society evolve wit progress and challenges (wetin people tink / how judge see de mata), and wit dat evolution (follow-dem-talk-make-dem-settle), different needs arise (to look somtin wella to sabi am) for di realm of civil liberties (freedom / right to do wetin person like)."
"i don do research about immigration because say na what i know di most about from my personal experience and from my research on di topic, often times i go offer add insightful idea about di subject.","i don do research about immigration because say na what i know di most about from my personal experience and from my research on di topic, often times i dey able to offer add insightful idea about di subject."
"if you fit see big departure from linearity here, then e strongly (with pawa / well-well) suggest say you need make some change.","if you fit see big departures from linearity here, then e strongly suggest say you need make some change."
"di approach, to show say reliance (to put mind for person hand / depend on something) on promises dey important part of business wey provide necessary stability (how well a system fit maintain balance), regardless (di usually follow by `of') without due thought or consideration or consideration) of whether keeping di promise make economic sense or no.","di approach, pointing out wey reliance (to keep for hand / possession of property) on promises dey important part of business wey provide necessary stability, regardless (di usually follow by `of') without due thought or consideration or consideration) of whether keep di promise make economic sense or no."
but sometimes you really need know di real day.,"for however, sometimes you go need know di actual date."
di bribery occur wen someone pay government official to influence di official decision or actions for hin or her official capacity (di highest wey somtin fit contain or do) for di benefit of di person pay di bribe (money or gift to make person no do di correct tin).,di bribery occur wen someone pay goment official to influence di official's decision or actions for hin or her official capacity (di highest wey somtin fit contain or do) for di benefit of di person pay di bribe.
"di bookkeeper realize say di physicians (doctor) themselves dey very busy, and dem seem to trust (to believe person / keep secret or money with person) di bookkeeper wit di task of figuring out what needs to pay","di bookkeeper realize say di physicians (pipo wey sabi science) themselves dey very busy, and dem seem to trust (to carry pickin take as your own / follow a style) di bookkeeper wit di task of figuring out what needs to be paid."
"for spite of dis, judicial pay dey low compare to pay for private sector and dey source of tension between di judiciary (di part of government wey de interpret and use law) and di oda branch of government.",di judicial pay dey very low compare to pay for di private sector and dey source of tension between di judiciary and di oda branch of government.
glycogen and triglyceride storage (na keeping of goods or documents for safekeeping or later use) dey slow,glycogen and triglyceride storage slows.
di details don matter for awa purpose,di details no dey matter for awa purpose.
di answer to say question no depend upon di degree of public disclosure (to open de secret / tell de whole truth) wey go attend (to go meeting / follow join) di operation (one calculation) of most governmental activity.,di answer to say question no depend upon di degree of public disclosure wey go attend (to go meeting / follow join) di operation (di act of managing something) of most governmental activity.
"di paragraph (section of writing) wey dey purport to illustrate di""wave of terror""by describing (di description wey dey give a description wey dey give) certain alleged (wetin dem talk say happen but never get proof) events.","succeeding paragraphs purported to illustrate (to show how e be) di""wave of terror""by describing certain alleged events."
"di rules wey apply to trademarks (company brand marks / signs) apply equally (same-same / level ground) to service marks, collective (di cooperative enterprise wey dey cooperative enterprise) marks, plus certification marks.","di rules wey apply to trademarks (all de tins wey person eyes dey look / benefits) apply equally (same-same / level ground) to service marks, collective marks, and certification marks."
we dey wonder say we dey discuss economics,we go wonder why we dey discuss economics.
"di district court tok say di respondents don demonstrated irreparable injury, absence of adequate remedy for law, probability of success on di merits (wetin make am good), a favorable (beta / good side) tin wey concern everybody for society, wey be say e important for all of us, an d balance of hardships (suffer-suffer / hard life) for dia favor.","di district court conclude (make somtin end) say di respondents don""demonstrated irreparable injury, absence of adequate remedy for law, probability of success (victory / when plan work well) on di merits, favorable public interest, an da balance of hardships""for dia favorable public interest, an da balance of hardships""for dia favor."
"di context of to study numbers pipo go use di term \kata data wey dey group tinz into difren group, like color, sex, or brand, wey each group no dey mix wit anoda, no be say one group pass anoda"" no be ominal scale data"".","di context of data analysis pipo go use di term \categorical data""rather than ominal scale data"""
"di national restaurant (di building wey dem go eat pipo go eat) chain cracker barrel, for example, for many years maintain open policy of no hiring (giving work / rent) homosexuals (person wey like pipu wey get hin sex) and dismissing any person wey kom out for work.","di national restaurant (di midu of somtin) chain cracker barrel, for example, for many years maintain open policy of no hiring homosexuals (good / sure / something wey dey certain) and dismissing any person wey dey out for work."
e turnout say di afl winning margin data dey fairly skewed.,e turnout say di afl winning margin data dey fairly skewed.
"dip-value dey. 192, so we no reject di null idea.","dip-value dey.192, so we no reject di null idea."
"di technical distinction wey dey take between disloyal and abusive (to de use bad word or do somtin bad to person) language wey dey applied to di form of our goment into contempt and disrepute, and language wey dey like character and intended to produce like results directed (something wey dem guide or control / aimed at) against di president and congress, di agencies (offices wey dey run business for people) wey dey through awa goment into contempt and disrepute, and language wey dey like character and intended to produce like results wey dey against di president and congress, di agencies wey dem dey","di technical distinction go perhaps be take between disloyal and abusive language wey dey applied (wetin dem use work / put into action) to di form of awa government into contempt and disrepute, and language of like character and intended to produce like results direct against di president and congress, di agencies through wey say form of goment must function for time of war."
"for example, i try unload di lattice package while di matrix package dey still loaded (wey don start)","for example, i try to unload di lattice package while di matrix package dey still loaded (wey don start)."
we dey consider say xshould be big or small for order to reject di null idea.,dem consider what we know: x go be big or small for order to reject di null idea.
"i think e dey especially useful to comment (remark / talk) thoroughly (di exhaustive manner wey dey exhaustive manner for di exhaustive manner), partly because di simple action of typing in explanation of what di code go help you keep am clear for your own mind wey you dey try to achieve (to make am / reach target / blow).","i think e dey especially useful to comment thoroughly, partly because di simple act of typing for explanation of what di code does go help you keep am clear for your own mind what you dey try to achieve (to make am long / increase de reach)."
we dey see di opportunities (di possibility due to a favorable combination of circumstances) wey new technology get for further democratizing knowledge.,we see di opportunities (di possibility due to a favorable combination of circumstances) wey new technologies don for further democratizing knowl -edge.
we need now na statistical test of di null idea wey all group means dey identical,we need now na statistical test of di null idea wey all group means dey identical.
di help document for those functions dey just as dense(if no more dense)than di help le wey you dey reading.,"di help documents (ways wey you fit do) for di parent (papa or mama). frame()function (and sometimes wey dey good idea), but often you go nd say di help documents for those functions dey just as dense(if no more dense)than di help le wey you dey currently reading."
"for fruitful function a function wey dey di tin wey dey come out from function, dem dey call am return value, but make we tok am well, na di result wey function dey bring out after e don finish im work",di fruitful function wey return value.
"di last five years, four new justices (big-big judges for higher court) don join di court.","di last five years, however, four new justices don join di court."
di laws dey cold comfort (make person no get wetin de pain am) for di realities wey face dem afta whistle dey blow,"despite dis protections, many real-world whistleblowers don discover say di laws dey cold comfort for di realities wey face dem after whistle dey blown."
for some cases cultural and religious (matter of church or mosque / person wey follow god) values dey impose (to force law or fine for person head) strict regulations (rules of de land) on gender roles and expectations wey dey affect wit whom immigrant fit interact and under wetin circumstances.,for some cases cultural and religious values impose (to force law or fine for person head) strict regulations (di act of examining resemblances wey dey examinin resemblances wey dey examinin resemblances) on gender roles and expectations wey affect wit whom immigrant fit interact and under what circumstances.
"di prototype no dey release yet, but there you dey wit actual prototype for your hands","e no dey release yet, but na you dey wit actual prototype for your hands"
"di appropriate way to consider di statute's prima facie evidence term, for my view, no be as if e dey overbroad statutory definition (di meaning) amenable to severance or narrowing construction (di act of construct something).","di appropriate way to consider di statute's prima facie evidence term, for my view, no as if e dey overbroad (e wide well-well / e cover many things) statutory definition (di meaning) amenable to severance or narrowing construction."
"wen refugees dey able to remain wit close family members, e fit ease (somtin wey no hard) di strains of relocation and coping wit di traumas dem experience for di home country. for study of refugees for norway, lie, lavik and laake (2001)find say di presence of close family for norway get positive (good / sure / something wey dey certain) impact on mental health symptoms, especially for those wit higher exposure (showing body / making known) to traumatic events.","when refugees dey able to remain wit close family members, e fit ease distrains of relocation and coping wit di traumas experience for di home country. for study of refugees fororway, lie, lavik, andlaake (2001)found say di presence ofclose family innorway hadapositive impact on mental health symptoms, especially forthose wit higher exposure to traumatic events."
"di right to associate (link / padi) nor di right to participate for political activities na absolute (everitin de complete, no comma) for any event.","first amendment (wey go bring freedom to pipo) 185 neither di right to associate nor di right to participate for political activities dey absolute (everitin de complete, no comma) for any event."
"dire (na urgent or serious situation wey court suppose act fast on am) dey additional trace miner wey dey additional trace miner wey dey additional trace miner wey dey say dey still import tant to di bodi 's functions, but dia r equir ed quantities dey much lower.","di additional trace minerals wey ar e still important to di bodi functions, but dia r equir ed quantities (di quality of being capable of being applied) ar e much lower."
"i dey to talk about di fact say often, di data don actually say what di researchers think dem say.","i dey to talk about di fact say often, di data no actually say what di researchers think dem say."
"additionally (join am follow / plus), all common-law contracts must contain valid consideration.","additionally (join am follow / plus), all common-law contract must contain valid consideration."
di mathematicians (pipo wey sabi math) go tok say 0 {0 no get proper answer,"if you fit remember your highschool maths, remember say 0 {0 isunde ned. r no get proper answer: mathematicians (pipo wey sabi science) go say 0 {0 isunde ned."
"di final (de very last / conclusion) clause of 772(f), wey dey leave americans free to praise di war for vietnam but dem send person like schacht to prison for opposing am, no survive for a kontri wey don get first amendment (wey go bring freedom to pipo).","di final (de very last / conclusion) clause of 772(f), wey leave americans free to praise di war for vietnam but fit send persons like schacht to prison for opposing am, no survive for kontri wey get first amendment (wey go bring freedom to pipo)."
di order no apply to information gained by means oda than di discovery process.,di order no apply to information gained by means oda than di discovery process.
"di two wey we care most about for practice dey""complete. obs"" and.","di two wey we care most about for practice tend (e usually be like say / e get style to) to be""complete. obs"" and."
"we fit write down di model like dis: ppheadsq0: 5 wey you go read ashe probability of heads dey 0. 5"".","for example, for di coin ipping example, we go write down di model like dis: ppheadsq0: 5 wey you fit read ashe probability of heads dey 0. 5""."
"for inside square bracket, d period na period.",di period dey period.
"di best test of truth dey di power of di thought to get imself accepted (bin gree collect / welcome idea) for di competition of di market, and say truth dey di only ground (di top of earth) wey dem dey reach for di competition of di market, and say truth dey di only ground wey dem dey reach for di competition of di market, and say truth dey di only ground wey dem dey reach for di competition of di market, and say truth dey di only ground wey dem dey reach di ultimate (last-last / final) good desired dey reach di ultimate good desired","di best test of truth dey di power of di thought to get amself accepted for di competition of di market (place wey dem dey buy and sell), and say truth dey di only ground (di top of earth) upon which dia wishes safely (fast-fast / sharp-sharp) fit carried out."
"one of dem go yell,`be able american,'and then dem go shoot di viet cong wit dia pistols.","one of dem go yell,`be able american, and then dem go shoot di viet cong wit dia pistols."
di result tells (e dey yarn / inform) say di evidence for favour of di alternative dey 0. 5 to 1,"di result tell na say di evidence for favour of di other dey 0. 5 to 1. 5 read literally, dis result tell na say di evidence for favour of di other dey 0. 5 to 1."
e go dey valuable for evaluating julie's written work because e go highlight her rhetorical (talk for talk sake / grammar) process of adaptive transfer.,di information go dey valuable for evaluating julie's written work bikos e go highlight her rhetorical (talk for talk sake / grammar) process of adaptive transfer.
we dey switch from+to* to indicate zero or more non-blank character since [a-za-z0-9] dey already (e don happen / since / before-before) one non-blank character,we switched from+to* to indicate zero or more non-blank character since [a-za-z0-9] dey already (e don happen / since / before-before) one non-blank character.
"if employees wait (to stay / hold on / delay) beyond 180 or 300 days, dia claim go dey dismiss (to sack / throwey case / tell person make e go).","if employees wait (to stay / hold on / delay) beyond 180 or 300 days, dia claims go dey dismiss (to carry pickin take as your own / follow a style)."
we only 6i go note say i dey hid something here,we only 6i go note say i dey hiding something here
excess (extra / surplus) acetyl coa dey converted int ohydroxymeth ylglutar yl coa (hmg coa),"di k etone synthesis reaction, excess acetyl coa dey converted int ohydroxymeth ylglutar yl coa (hmg coa)."
di plaintiff no use related cause of action to avoid di constitutional requisites (wetin must dey) of di defamation (na false statement wey dey harm persin reputation or character) claim,di]plaintiff no use related cause of action to avoid di constitutional requisites (wetin dem talk say happen but never get proof) of defamation claim
"di a theory describing (di description wey dey give a description wey dey give) the different stages a family go through from when dem start to when they old dey describe di normative stages wey family dey go through(i. e, initial coupling, marriage commitment, transitioning to parenthood, etc.).","di family lifecycle model describe thenormative stages wey afamily go through(i. e, initial coupling, marriage commitment, transitioning (di act of managing something) toparenthood, etc.)."
dilution dey allow trademark owner to stop usage of similar word or phrase even if consumers (people wey buy and use market) no dey confused,"di traditionally, trademarks (all de tins wey person eyes dey look / benefits) dey intended (wetin person get for mind to do) to prevent consumer (person wey buy and use market) confusion. dilution permit owner to stop usage of similar word or phrase even if consumers no confused."
"di consumer (person wey buy and use market) misuse di product for way wey dey unforeseeable by di manufacturer (na persin or company wey dey make goods for sell), then strict (no-nonsense / follow de rule exactly) liability no apply.","di consumer (person wey buy and use market) misuse di product for way wey dey unforeseeable by di manufacturer (na persin or company wey dey make goods for sell), then strict liability no apply."
i no dey prepared (something wey don ready / well-arranged) you to do di writing wey dey do for your profession (di bodi of pipo wey dey learned occupation)?,how don prepare (fast-fast / sharp-sharp) you to do di writing you dey do for your profession?
"e no dey pretty, e no dey","di pretty, no dey am?"
"as di x2versusgexample illustrate (to show how e be), two dierent things wit di same sampling distribution dey still, well, dierent","di x2versusgexample illustrate (to show how e be), two dierent things wit di same sampling distribution dey still, well, dierent."
"di several evangelical christian groups don campaign (to find support / struggle for votes) hard to dey emphasize teaching evolution for public high schools (places where dem dey learn book), replacin am wit alternative theory wey dey call intelligent (di capacity for thought and reason especially to high degree) design, wey states say di universe dey so complex wey dey impossible to dey explain by random nature and, therefore, intelligent entity designed am.","di universe dey evangelical christian groups don campaign hard to de-emphasize teaching evolution for public high schools (di members of business venture create by contract), replacing am wit alternative theory wey dey call intelligent design, wey states say di universe dey so complex say e dey impossible (no fit happen) to be explained by random nature and, therefore, intelligent entity designed am."
"if odas discover di secret of di invention(not difficult task since patent applications dey public record), dem dey prohibited (law say make person no do am) from making (to dey build or produce something), using, or selling (to trade market / business) am without di patentee permission.","so even if odas discover di secret of di invention(not difficult task since patent applications (different programs) dey public record), dem dey prohibited (na wen court or jury find persin guilty of criminal charge) from make, using, or sell am without di patentee's permission (di approval to do something)."
"di dynamic (something wey fit change, e no just stay one place) theory of writing along wit informing how faculty teach wit wid interact wit students text, adaptive transfer might also encourage faculty to embrace dynamic theory of writing, wey dey implications (wetin something fit cause or mean) for both native english speakers (talkers / sound boxes) depalma and ringer60and multilingual writers.","di context of writing along wit informing how faculty teaching wit wid interact wit students' text, adaptive transfer go also encourage faculty to embrace dynamic theory of writing, wey dey implications for both native english speakers (people wey dey stand for oda people / agents) depalma and ringer60and multilingual writers."
di length(x= sales. by month),"e dey quite straightforward (di ambiguity dey free from ambiguity):> length(x= sales. by. month) [1]12 secondly, you often wan to alter all of di elements of vector for once."
"di image dey use di data from di histdata package(friendly, 2011), and dey draw minor alterations to di command wey dey provided (as far as / if to say / supply) for di help les.","di image use di data from di hintdata package(friendly, 2011), and dey draw using minor alterations to di command wey dey provide for di help les."
dem see examples for more small tins,see examples for details.
di danger wey dey here,di danger here
"di domed church of st. hripsime for v agarshapat don rising above eight supports (e get), set inside rectangular (di right angles dey having four right angles) building.","di domed church of st. hripsime for v agarshapat don dome rising above eight supports, set within rectangular building."
e member (one person inside join-body) of di grand jury dey state say to bein sympathy wit di gangsters.,on e member (one person inside join-body) of di grand jury dey state to be sympathy wit di gangsters.
"di\logical analysis""reject say assumption entirely (kpatakpata / everything complete).","my\logical analysis""reject say assumption entirely (kpam-kpam / true-true / without doubt)."
di goment make two effort to answer dis question,di goment make two efforts to answer dis question.
"di secondly (second), i care about pipo speed, measured by di mean how fast (fast-fast / sharp-sharp) person answer wey dem take make those decisions (final conclusions / choices), denot mrt.","i care about pipo's speed, measure by di mean response time take make those decisions, denoted mrt."
i use when introducing di idea of correlation,i use when introducing di idea of correlations.
"e. g, wages (salary / pay for work done), salary (pay / monthly money)) h. a fictional story wey you create f. a condominium on di thirty-second floor of a building for lower manhattan g. di right to eceive payment (na wen persin transfer money fulfill obligation or settle debt) for your work(e. g, wages, salary)h. a wig wey someone wear i.","di expected (wetin person tink say go happen) inheritance of stock c. draperies hanging for dining room d. d raperies hanging for dining room d. d raperies hanging for dining room d. d raperies hanging for lower manhattan g. di right to receive payment for your work(e. g, wages, salary)h. wig wey someone dey wear i."
"as we saw wit di previous (something wey dey before now) colour-related parameters, di simplest way to specify dis parameter dey use character string: e. g, col= ""blue""","as we saw wit di previous colour-related parameters, di simple way to specify dis parameter dey using character string: e. g, col= ""blue""."
di implication wey petitioner get criminal record na false.,di implication wey petitioner don criminal record dey false
di impact dia daily (make somtin de sup every day) life activities.,dis impact dia daily (make person like wetin de happen) lifeactivities.
di good samaritan statutes (laws wey dem write put for book) dey designed (bin arrange / build follow plan) to remove any hesitation a bystander for accident (somtin wey person no plan wey cause gbege) go need provide first aid or o dir assistance.,di good samaritan statutes dey designed (bin drag mata / try to prove point) to remove any hesitation bystander for accident go providing first aid or oda assistance.
"di way wey we get rewritten di data, e mean say we don test di hypothesis say di total for one line and column totals kom from di same distribution.","di way wey we get rewritten di data, e mean say we dey test di hypothesis say di row totals and column totals kom from di same distribution."
"e dey true say cross burning, even for political rally, arouses sense of anger or hatred among di most part of citizens wey see a burning cross.","e go true say across burning, even for political rally, arouse sense of anger or hatred among di most part of citizens wey see burning cross."
"di reshape() function, as well as di stack()and unstack() functions, all of which dey useful under certain circumstances.","di core package wey dey distributed (how dem put themselves) wit rthere dey di reshape() function, all of which fit useful under certain circumstances."
one fit tell di intimidating instance (one example of somtin) from di wholly ideological one only by reference (citation / to point to where info dey) to some further circumstance.,one fit tell di intimidating instance (one example of somtin) from di wholly ideological one only by reference (citation / to point to where info dey) to some further circumstance.
di mediator typically explain di process wey di mediation (follow-dem-talk-make-dem-settle) go observe.,di mediator typically explain di process wey di mediation (follow-dem-talk-make-dem-settle) go observe.
di plurality recommend law wey go apply only to lies wey dey intended (wetin person get for mind to do) to secure (to make sure e safe / tie down) money or oda valuable considerations (factors to reason / payment for contract),"di plurality recommend a law wey go apply only to lies wey dey intended (wetin person get for mind to do) to""secure money or oda valuable considerations (how dem take arrange am / building stage)"
"ea nice white lab coat (jacket / covering), or e don get something to do wit researcher control over variables?","di nice white lab coat, or does e get something to do wit researcher control over variables?"
di exception don allow di majority rule.,di exception swallow di majority's rule.
do modern (new school / latest style) politicians (di leader wey dey engage for civil administration) make di same accusation?,di politicians (pipo wey sabi science) make di same accusation?
"e dey also several different functions wey you fit use, including ls() wey dey identical to objects(), and ls. str() wey dey identical to objects(), and ls. str","di moreover na also several oda function wey you fit use, including ls() wey you fit use to get fairly detailed description (di statement wey represent something for words wey represent something for words wey represent something for words) of all di variables for di workspace (di place wey you dey work for r)."
"di pipo wey dey carry di questionnaire for di treatment group but no di control group, we dey introduced (di cause to kom know personally) confound: di pipo wey dey carry di questionnaire for di treatment group but no di control group.","di pipo wey actually took di questionnaire for di treatment group but no di control group, we introduce confound: di pipo wey actually took di questionnaire for di treatment group but no di control group, we introduce confound: di pipo wey actually took di questionnaire for di treatment group."
di most exercises include link to my solution,di exercises include link to my solution.
di rdata contains single variable wey contains di raw likert-scale responses:,"di rdata contains single variable wey dey contains di raw likert-scale responses:> load( ""likert"
"di distinction (di difference) wey we show, na of no moment wey di nonverbal conduct dey expressive (di expression wey dey characterized by expression), as e dey here, and where di regulation of dat conduct dey related to expression, as e dey here.","we don show, na of no moment where di nonverbal conduct dey expressive, as e dey here, and where di regulation of dat conduct dey related to expression, as e dey here, and where di regulation of dat conduct dey related to expression, as e dey here."
di defendant wey dey prosecut for speech or expressive (di expression wey dey characterized by expression) conduct dey challenge di law on its face if dia activities no dey protected by first amendment (wey go bring freedom to pipo).,"di defendant being prosecuted (bin drag mata / try to prove point) for speech or expressive conduct go challenge di law on its face if e reach protected expression, even wen say person's activities no protected expression, even wen say person's activities no protected by first amendment (wey go bring freedom to pipo)."
"di adaptive transfer offers lens, for oda words, wey fit help wac researchers acknowledge di complexity wey dey associated wit multilingual writers writing across di curriculum.","di adaptive transfer offers lens, for oda words, wey fit help wac researchers acknowledge di complexity associated wit multilingual writers writing across di curriculum."
i no alone (only one / by imself) for doing dis,i no alone (only one / by imself) for do dis
"dem dey consider mitchell argument say di wisconsin statute dey unconstitutionally (against de law of de land) overbroad because of its""one kind situation wey dey make journalists (person wey dey write or talk news for akwukwo, magazi, or telivishon) fear to yarn wetin dem wan yarn, because dem dey fear say dem go suffer consequence (as e turn out), like say dem go censor dem, punish dem, or pipo go backlash dem""for free speech.","di wisconsin statute dey unconstitutionally (e against de grand-papa law of de land) overbroad because of its""chilling effect""on free speech."
"di generic (somtin wey fit be anytin) function pass o di hard work to a default""method, wey dey print. default()","di generic function pass o di hard work to a\default"" method, wey dey name for dis case go print. default()."
"di intercept term dey 43. 5, wey dey close to di\group"" mean of 42. 5 observe for di two students wey no read di text or attend (to go meeting / follow join) class.","di intercept term dey 43. 5, wey dey close to di\group"" mean of 42. 5 observe for those two students wey no read di text or attend (to go meeting / follow join) class."
e dey useful to rescale di plots,"di firstly (normal-normal / wetin people dey do always), e dey sometimes useful to rescale di plots."
"i no believe say all contentbased regulations (rules of de land) dey equally infirm and presumptively invalid (something wey no get pawa / e no legal); unlike (no be like) justice white, i no believe say all contentbased regulations dey equally infirm and presumptively invalid; unlike justice white, i no believe say all contentbased regulations dey equally infirm and presumptively invalid; unlike justice white, i no believe say all contentbased regulations dey equally infirm and presumptively invalid; unlike justice white, i no","i no believe say all contentbased regulations dey equally (same-same / level ground) infirm and presumptively invalid; unlike justice white, i no believe say fighting words dey weylly unprotected by first amendment (wey go bring freedom to pipo)."
"di""shed"" be comfortable garage-like room wit cooler and fan and say coach leach dey simply having di player stand inside, out of di sun, in accordance (di concurrence of opinion of opinion) wit medical orders (commands / how gofment or oga say make e be).","di supporters argue say di""shed"" dey comfortable garage-like room wit cooler and fan and say coach leach dey simply having di player stand inside, out of di sun, for accordance wit medical orders."
"private enterprise plus di profit motive allow innovation (di creation (a new device or process) result from study and experimentation) plus entrepreneurship to flourish, leading (de oga for de group / showing road) to prosperity (di economic state of growth wit rising profits and full employment) plus peace.","di profit (gain / better money from business) motive allow innovation and entrepreneurship to flourish, leading to prosperity and peace."
"di video (film / record wey person fit see) clip: al franken"" to hear di details of senator franken work on dis matter","checkout note 4. 44""video clip: al franken"" to hear di details of senator franken work on dis matter."
president eisenhower reluctantly ordered di 101st airborne division (divide) of di u. s. army to little rock to ensure di students fit enroll plus attend (to go meeting / follow join) class.,di president eisenhower reluctantly order di 101st airborne division (divide) of di u. s. army to little rock to ensure di students go enroll and attend class.
we dey goon.,na here's wetin dey go on
dem go wait (to stay / hold on / delay) until for next one of dis book.,"di topic wey deserve fairly detailed treatment, but (again)due to deadline constraints, e go wait (to stay / hold on / delay) until future version of dis book."
"di pvalue don directly measure di probability of di data(or data more extreme)under di null, and which\possible tests""dey tell you to accept di alternative.","di pvalue no directly measure di probability of di data(or data more extreme)under di null, and which\possible tests"" dey tell you to accept di alternative."
"di gain variable wey most pipo don show a mood gain(mean:88), though without knowing (with full sabi / person wey get info) what di scale dey here e hard to say much more than dat","we fit see from looking for di summary of di mood. gain variable wey most pipo dey show mood gain(mean:88), though without know what di scale dey here dey hard to say much more than dat."
di respiratory (di respiration wey dey pertaining to respiration) contribution (di part played by a person for bring about a result) to acid-base balance dey usually discussed (bin talk about de mata / deliberation) fort erms of co2(no be of carbonic acid).,di espir atory contribution to acid-base balance dey discuss for terms of co2(rather than of carbonic acid).
we go use di etasquared() function from di lsrpackage.,we go use di etasquared() function from di lsrpackage.
"as result, you expect di value of ss wto be smaller than di total adding all the squared gaps to measure total error, because di fact say di drugs(if dem work)go get animalt eect on pipo's moods.",di fact say di drugs(if dem work)go get dierent eects on pipo moods.
as you write programs you go makeup your own words wey get meaning to you con call am variables.,later as you write programs you go makeup your own words wey dey meaning to you call variables.
di employees pay attention to di employees?,di employees pay attention to am?
dem dey also immutable,dem dey also immutable
di second priority na di c onser vation of amino acids f or proteins.,di second priority dey di c onser vation of amino acids f or proteins.
"di regulation of drugs dey by glomerular filtration (di process wey fluid pass through filter or filtering medium), tubular secretion, and tubular r eabsorption.","di regulation of drugs dey by glomerular filtration, tubular secretion (di act of examining resemblances wey dey examinin resemblances wey dey examinin resemblances), tubular secretion, tubular secretion, and tubular secretion, and tubular secretion, and tubular secretion, and tubular secretion, and tubular secretion, and tubular secretion, and tubular secretion, and tubular secretion, and tubular secretion, and tubular secretion, and tubular secretion, and tubular secretion, and tubular secretion, and tubular secretion, and tubular secretion, and tubular secretion, and tubular secretion, and tubular secretion, and"
"trademark infringement occurs (e dey happen / e dey show face) when someone uses (ways wey dem dey take use tin) someone else's mark, either completely or to a substantial degree, when marketing goods or services, without di permission (di approval to do something) of di mark's owner.","di trademark infringement occur wen someone use someone else's mark, either completely or to substantial degree, wen marketing goods or services, without di permission (di approval to do something) of di mark's owner."
research dey show say family violence na even stronger predictor (di thing wey dey predict) of ptsd for children than war exposure (showing body / making known).,research show say family violence naneven stronger predictor (wetin fit predict) ofptsd for children than warexposure (catani etal.
"di right includes (e carry am follow / join body) freedom to change hin religion or belief, and freedom, either alone or for community wit odas and for public or private, to manifest (show clear / list of load) hin religion or belief for teaching, practice, worship (to serve god / praise) and observance.","di universal declaration (di act of examining resemblances wey dey examinin resemblances wey dey examinin resemblances wey dey examinin resemblances) of human rights(1947) provide: article 18 everyone don get di right to freedom of thought, conscience and religion; dis right include freedom to change hin religion or belief (wetin person tink say go happen) for teaching, practice, worship and observance."
"di grief response wey dey come wit loss fit manifest (show clear / list of load) as physical, emotional and psychological responses including crying, anger, numbness, confusion, anxiety (worry), agitation, fatigue and guilt.","di grief response wey kom wit loss fitmanifest as physical, emotional, and psychological responses including crying, anger, numbness, confusion, anxiety, agitation, fatigue, and psychological responses including crying, anger, numbness, confusion, anxiety, agitation, fatigue, and psychological responses including crying, anger, numbness, confusion, anxiety, agitation, fatigue, andguilt."
you may spend your entire life without ever (anytime / since world start) meeting (gathering / discussion group) a single judge.,you go spend your entire life without ever (anytime / since world start) meeting (to carry pickin take as your own / follow a style) single judge.
di several considerations (factors to reason / payment for contract) persuade me say di st. paul ordinance (local government law / official order) no dey unconstitutional (e against de grand-papa law of de land) contentbased regulation of speech.,di several considerations persuade me say di st. paul ordinance no dey unconstitutional (e against de grand-papa law of de land) contentbased regulation of speech.
"na such requirements aim to reduce incentives (di positive motivational influence influence a positive motivational influence influence) for undocumented immigration, but also pose (show / bring problem) burdens (heavy loads / serious responsibilities) of liability and reduce labor availability for employers.","such requirements aim to reduce incentives forundocumented immigration, but sef pose burdens ofliability and reduced (e don big pass before / e climb) labor availability for employers (people wey join body do business / paddy)."
e dey because you don place condition on di consideration.,di because you go place condition on di consideration.
e dey good idea to read dis book for front of a computer so you go try out di examples as you go,e dey good idea to read dis book for front of computer so you fit try out di examples as you go.
e no make us perfect (e set / e correct well-well) though,e no make us perfect (e remain small / almost) though
wey immigrant small business help local economies grow,how immigrant small businesses help local economies grow. retrieved from www. fiscalpolicy. org.
"she dey assume say di harasser dey drunk and misses, but for return you take swing and hit him, knock him to di ground (di top of earth).","di harasser dey drunk and misses, but for return you take swing and hit him, knocking him to di ground (di top of earth)."
examine excuse (to give reason for mistake / pardon) for kots available to strict (no-nonsense / follow de rule exactly) product liability.,examine defenses available to strict product liability.
"na some attempts (to try / struggle to do something) to workout di how two things dey related di two, and na somewhat (small / somehow) surprising.","di attempt to workout di relationship between di two, and e dey somewhat (small-small / with caution) surprising."
di deluge (very big or overwhelming amount of something) of publicity reach atleast some of di jury.,di deluge of publicity reach atleast some of di jury.
di probability dey add to di probability.,di expression of approval (to talk about am small) add to di probability.
"if we import awa data from csv le, rwill store am as one kind of table.","if we import awa data from csv le, rwill store am as one kind of table."
"di evidentiary rules dey(in theory, at least)designed (bin arrange / build follow plan) to ensure say there no chance of wrongfully convictin an innocent (person wey hand clean / no be im do am) defendant.","di evidentiary rules dey(in theory, at least)designed (dem don give am de work / hand over task) to ensure say na(almost) no chance of wrongfully convicting innocent defendant."
"di goment don dey interest for encouraging proper treatment of di flag, however, dey no say di goment don encourage (to ginger / support) proper treatment of di flag as means of political protest.","di goment don interest for encouraging proper treatment of di flag, however, no say e fit criminally punish person for burning flag as means of political protest."
"di record now before us no clear say further publicity, unchecked, go so distort (to change or twist something comot from its true form) di views of potential jurors wey 12 no fit find wey go, under proper instructions (directions / orders from oga), fulfill dia sworn duty to render (to give / provide / perform service) just verdict exclusively on di evidence wey dey present for open court.","di record now before us no clear say further publicity, unchecked, go so distort di views (how people take see de mata / opinion) of potential jurors wey 12 no dey found wey go, under proper instructions (directions / orders from oga), fulfill dia sworn duty to render just verdict exclusively on di evidence wey dey present for open court."
"di next step for di process dey convert dis deviation to absolute (everitin de complete, no comma) deviations.","di next step for di process dey convert dis deviations to absolute (everitin de complete, no comma) deviations."
di statement wey call a method.,di statement wey call method
di statement must know or reckless falsehood.,di statement must be know or reckless falsehood.
di landowners don higher duty of care to such person.,di landowners don higher duty of care to such person.
"we don use di json library to dig through di parsed json, since di return data dey simply native python structure.","we no use di json library to dig through di parsed json, since di return data dey simply native python structure."
"di link for disassignment, write down your perceptions of federal prison camp","before listening to di link for dis assignment, write down your perceptions of""federal prison camp"
"di last point dey see as drawback or benefit, based on di circumstances of di negotiation","di last point go see as drawback or benefit, based on di circumstances of di negotiation."
you go need learn how to talk fast (fast-fast / sharp-sharp) to keep up with the cpu.,dem go learn how to talk fast (fast-fast / sharp-sharp) to keep up wit di cpu.
"di important to note, however, say no all law dey public law","e important to note, however, say no all law dey public law."
"because say sort dey return none (nothing / nobody / zero), d next operation (one calculation) wey you go perform dey likely to fail.",di next operation (one calculation) you perform wit tis likely to fail.
"di command wey dey use to do dis, save() and save. image()","di two command wey you fit use to do dis, save() and save. image()."
"di faa's broad (e wide well-well / e cover many things) interpretation, no all binding arbitration clauses (sections inside law or agreement) dey upheld (dem support de first decision / law stand) by courts for b2c case.","di faa's broad (e wide well-well / e cover many things) interpretation, no all binding arbitration clauses don upheld (dem support de first decision / law stand) by courts for b2c case."
"di formal (official way / follow-follow rule) methods of adr include mediation-arbitration (med-arb), wey dey essentially (for bottom or by one's (or its) very nature) a mediation (follow-dem-talk-make-dem-settle) followed by arbitration (med-arb), wey dey essentially a mediation followed by arbitration.","more formal (official way / follow-follow rule) methods of adr include mediation-arbitration (med-arb), wey dey essentially (for bottom or by one's (or)) a mediation (follow-dem-talk-make-dem-settle) follow by an arbitration."
"inside wey case, a married (don marry) couple, composed of a judge plus an attorney, met di requirements for adverse (bad / against progress) possession plus successfully brought (bin carry come / fetch) an action for quiet title.","for dat case, married couple (two / husband and wife), composed of judge and attorney, met di requirements for adverse (na wen court or jury find persin guilty of criminal charge) possession and successfully (for no time intervening, without delay or hesitation) brought action for quiet title."
one seriously (no be play-play / with full seriousness) believe say di media- properly free and untrammeled for di fullest sense of dis terms- no fit protect themselves.,"di solicitude repeatedly show by dis court for first amendment (wey go bring freedom to pipo) freedoms go sufficient (di quantity wey fit fulfill need or requirement but without being abundant) assurance against any such effort, even if one seriously believe say di media- properly free and untrammeled for di fullest sense of dis terms- dey notable to protect themselves."
i fit understand di academic article more clearly if i use my own words to express di information,i fit understand di academic articles more clearly if i use my own words to express di information.
di legend no dey quite properly.,di legend no dey notice say di legend no dey quite t properly
diunited state must complete interview for diunited state.,dem must then complete interview attheunited states.
"di ordinance (local government law / official order) only proscribed class of""fighting words"" wey dey particularly offensive (something wey dey disrespect or abuse person) by di city- i. e, those wey dey contain.","di ordinance (local government law / official order) only proscribed class of""fighting words""deemed particularly offensive (e cost / de price high / heavy money) by di city- i. e, those""that contain."
di framers no assess di relative (connection / family person) value of di first and sixth(or fifth)amendments (adjustments to change law or agreement)?,di framers no assess di relative value of di first and sixth(or fifth)amendments?
di why dey biased?,"so, why dey ^biased?"
we fit use dis distribution as tool (tinwey or ogbe wey dem dey use do sometin or wok) for assess how closely (near-near / check am well-well) di null idea agree wit awa data.,we fit use dis distribution as tool (tinwey or ogbe wey dem dey use do sometin or wok) for assessing how closely di null idea agree wit awa data.
di suppose i interest for proportion of babies born for particular hospital wey dey boys,i dey interest for proportion of babies born for particular hospital wey dey boys.
"di 1960's don narrow (small space / not wide) di scope of di traditional categorical exceptions (di deliberate act of omission wey dey deliberate act of omission) for defamation, see new york times co. v. sullivan(1964) and for obscenity (dirty behavior or talk wey go against morals), see miller v. california(1973) and for obscenity, see miller v. california(1973) and for obscenity, see miller v. california(1973) and for obscenity, see miller v. california(1973) and for obscenity, see","di decision afta di 1960'shave narrowed di scope of di traditional categorical exceptions for defamation (na false statement wey dey harm persin reputation or character), see miller v. california(1974); gertz v. robert welch, inc. (1974); gertz v. robert welch, inc. (1974)and for obscenity, see miller v. robert welch, inc. (1974), but for obscenity, see miller v. robert welch, inc. (1974), but for obscenity, see miller v. robert welch, inc. (19"
dis don happen sometimes.,dis happen sometimes
di most databases dey organize like dictionary (book or app wey dey explain word meanings) for di sense say dem map from keys to value,di most databases dey organize like dictionary (book or app wey dey explain word meanings) for di sense say dem map from keys to value.
"di revetment covers much of di wooden surface wit swirling filigree pattern, and smaller icons of various (many different-different types) saints populate di icon frame.","di revetment cover much of di wooden surface wit swirling filigree pattern, and smaller icons of various saints populate di icon' s frame."
"unless person quick think of something, the pipo wey dey d planet fit stab person wit their spears, put you for spit, still roast person over fire (di tin wey de show when somtin de burn), con chop you as night food.","di inhabitants of di planet dey likely to stab you wit dia spears, put you on spit, roast you over fire (di tin wey de show when somtin de burn), and eat you for dinner."
using mental health indicators to identify post-disaster gender-based violence among women displaced by hurricane katrina.,using mental health indicators to imdentify post (to send message / position for work) disaster gender- based violence among women displaced by hurricane katrina.
dem dey reserve words and wey dey just dem name wey dey represent figure wey fit change for kompyuta program?,di reserved words and which dey just variable name?
"di answer, show for figure 11. 5, na say almost di entirety of di sampling distribution don move into di critical region","di answer, show for figure 11. 5, na say almost di entirety of di sampling distribution don move into di critical region."
di petitioners (people wey start case or request for court) go declare (to talk am out / announce) di right of accused (person wey dem talk say e do bad) subordinate to dia right to publish for all circumstances.,di petitioners (people wey dey stand for oda people / agents) go get us declare (to talk am with full chest / claim) di right of accused subordinate to dia right to publish for all circumstances.
"di fact say many of di prejudicial news items (different things / materials) dey traced to di prosecution, as well as di defense, aggravate di judge's failure (when tin no work out / disappointment) to take any action.","di fact say many of di prejudicial news items (different things / materials) go traced to di prosecution, as well as di defense, aggravat di judge's failure (when tin no work out / disappointment) to take any action."
"if you sign such agreement wit a party wey hold inherently great power than you, such as your employer, then you go find you at extreme (too much / over) disadvantage (di quality of having inferior or less favorable position) for arbitration proceeding.","if you sign such agreement wit party wey hold inherently greater (e big pass / more-more) power than you, such as your employer, then you go find yourself for extreme (na wen persin voluntarily agree or give permission make something happen) disadvantage (upper hand / better chance) for arbitration proceeding."
dem influence byzantine art and architecture widely influenced by dis many connections wit lands and pipo far and near.,byzantine art and architecture widely influencedand dey influence by dis many connection wit lands and pipo dey far and near.
di geocoding api go call di geocoding api to retrieve di data and store am for di database.,"di openstreetmap data for di location, e go call di geocoding api to retrieve di data and store am for di database."
di steps (actions / how to waka reach target) fore xchang e for h+by antipor t mechanism (system wey dey produce one particular result) for di apical membranes of cells wey dey lining di renal tubule.,di steps wey dey involved for supply (to make am long / increase de reach) bicarbonat e ions to di system ar e xchang e for h+by an antipor t mechanism for di apical membranes of cells lining di enal tubule.
di owner don think about timbering di forest f or some extra (jara / more) money.,di owner don think about timbering di forest f or some extra money.
di application a sample code to help get you start for solving real-world problem.,you go use dis applications (different programs) as sample code to help get you start for solving real-world problem.
set dis to true to display di plot horizontally not dat one vertically (for a vertical direction direction).,di plot horizontally no be vertically.
"di axis scales on both di horizontal (di something wey dey oriented horizontally) and vertical dimensions don expand, di axes (di lines for side) don dey suppress (press am down / hide) as dem dey suppress, but di axes don dey suppress as dem dey suppress, but di axes don dey suppress as dey annotations, but i've keep box around di plot.","di axes don suppress as get di annotations, but i dey kept box around di plot."
we goto talk about dis as rcfactorial anova.,"if we let rdenote di number of rows for di table, and cdenote di number of columns, we fit talk about dis as rcfactorial anova."
for many years di joint judgment of di executive and congress don be say to protect di rights of federal employees wit respect to dia jobs (work / hustle / different employments) and dia political acts and beliefs nano enough merely (just / only dat one) to forbid one employee to influence or coerce (to change by force) another.,e go urge say prohibitions against coercion dey sufficient protection; but for many years di joint judgment of di executive (de branch of gofment wey dey run de land) and congress don say to protect di rights of federal employees wit respect to dia jobs and dia political act and beliefs (wetin person get for mind to do) e no dey enough merely to forbid one employee to attempt to influence or coerce another.
"dat one na one thing wey dey help for real numbers work, but e no be something we need right now.","di useful skill for real world data analysis, but e no something wey we need right now."
di means say any contract wit a minor dey voidable by di minor under di infancy doctrine,di means say any contract wit minor dey voidable by di minor under di infancy doctrine.
"di really plausible to think say dis\common sense""approach dey trustworthy?","e dey plausible to think say dis\common sense""approach dey trustworthy?"
"di odds na you gured na typo, since andxlook pretty similar","di odds dey you gured e dey typo, since andxlook pretty similar"
"compare plus contrast how awa criminal justice system go differ if di goal of punishment bin dey each of di following: retribution (di justly deserved penalty a justly deserved penalty), rehabilitation (di restoration of someone to useful place for society), protection of society, or deterrence from future acts (deeds / many laws wey don pass) of crime.","di criminal justice system go differ if di goal of punishment (di act of punishing di act of punishing di act of punishing di act of punishing) dey each of di following: retribution, rehabilitation, protection of society, or deterrence from future act of crime."
"di manufacturers (na persin or company wey dey make goods for sell) must warn say misuse dey foreseeable (something wey person fit sabi say e go happen), manufacturers must warn say misuse aswell.","if consumer (person wey buy and use market) misuse dey foreseeable, manufacturers must warn against dat misuse aswell."
"operation (one calculation): addition(+), one example wey you give 10+2, output 12; subtraction (-),9-3, 6; multiplication (),55, 25; division ( ),10 3, 3.333; power(^), 5^2, 25.",operation operator example input example output addition+ 10+2 12 subtraction -9-36 multiplication*5*5 25 division (divide) 10+2 12 subtraction -9-36 multiplication*5*5 25.
"di plurality analysis, di determination of whether interest dey sufficiently compelling (something wey strong well-well / e force you to pay attention) depend not on di harm wey dey regulation for question seeks (person wey dey find / look for) to prevent, but on di area of society wey dey suppose prevent, but on di area of society wey dey which dey aims.","di determination of whether interest dey sufficiently compelling (di act of examining resemblances wey dey examinin resemblances wey dey examinin resemblances wey dey examinin resemblances) depend no on di harm regulation for question seeks to prevent, but on di area of society for which e aims."
"di additional difficulties (di effort wey dey inconvenient, na effort wey dey inconvenient) include limitations on students' time for reading and writing posed by di requirements of oda kinds of assigned work, student activities, and team sports; di difficulty of performing (to do de work / show-working) kritikal tinin be say make we dey examine tori and ideas well, sabi wetin dey happen, and use am take make sense decision tasks; and di challenge of sustaining (di lengthen or extend for duration or space) di concentration wey di subject no dey among one interest.","di additional difficulties include limitations on students' time for reading and writing posed by di requirements of oda kind of assigned work, student activities, and team sports; di difficulty of perform critical thinking (to reason / deep thought) tasks; and di challenge of sustaining di concentration (di strength of solution) required for reading wen di subject no among one's interests."
di majority somehow conclude (make somtin end) say di advocacy no direct towards inciting imminent action.,di majority somehow conclude (make somtin end) say di advocacy no direct towards inciting imminent action.
"di provision as so interpreted (bin give meaning to law or talk)"" ' go create unacceptable (we no dey adequate to give satisfaction) risk of di suppression of ideas.","e dey apparent say th e provision as so interpret"" go create unacceptable risk of di suppression of ideas."
di form of invasion (force entry / enter person space) of privacy go take di form of invasion of physical solitude.,invasion of privacy fit also take di form of invasion (di act of examining resemblances wey dey examinin resemblances wey dey examinin resemblances) of physical solitude.
di young white boy approach di group on di opposite side of di street (road / where houses dey) wey dem dey standing (level / position / right to carry mata go kote).,di young white boy approach di group on di opposite side of di street (road / where houses dey) wey dem stand.
we see say di 95. 4%chance wey dey fall within two standard deviations of di mean.,we see say 95. 4%chance say observation go fall within two howe dey spread of di mean.
e no surprise given say di good line dey di one wey go right through di middle of di data.,di good line dey di one wey go right through di middle of di data.
"as a physical threat, dey no concern to di plurality.","di cross burning subjects (things / items) its targets, and, sometimes, unintended audience to extreme (showing body / making known) emotional distress, and dey virtually never viewed merely (just / ordinary) as""unwanted communication,""but rather (instead / prefer to), as physical threat, dey of no concern to di plurality."
e no even protect a man from injunction against uttering words wey dey suppose get all di effect of force.,e no even protect man from injunction against uttering words wey dey get all di effect of force.
di contract contains markedly unfair (wayo / no be so e suppose be / injustice) terms against di party wit less bargaining power or sophistication (e dey uplifting enlightenment) than di party wey create di terms and induce di oda party to sign am.,di contract contains markedly unfair terms against di party wit less bargaining power or sophistication than di party wey create di terms and induce di oda party to sign am.
"di however, sometimes, especially wen you start out, e fit convenient (e dey suite to your comfort or purpose or needs) to pull dis variables out of di list, and into di workspace (di place wey you dey work for r).","di sometimes {especially wen you dey start out{ e fit convenient (e dey suite to your comfort or purpose or needs) to pull dis variables out of di list, and into di workspace (di place wey you dey work for r)."
di truth dey complete defense to defamation (na false statement wey dey harm persin reputation or character),di truth dey complete defense to defamation (na false statement wey dey harm persin reputation or character).
"di mathematically (we dey respect to mathematics wit respect to mathematics) elegant way to describe variation around di mean, but e dey completely uninterpretable because e no use di same unit (one single piece / section) as di data.","e dey mathematically elegant, and dey probably di ight"" way to describe variation around di mean, but e dey completely uninterpretable because e no use di same units as di data."
di faster way wey dey use di split()function,di faster way do am dey use di split()function.
di fact say first amendment (wey go bring freedom to pipo) no be self-defining and self-enforcing no dey impairs its usefulness (di quality of being of practical use) nor compels (force person) dia paralysis as a living instrument.,di fact say first amendment (wey go bring freedom to pipo) no t self-defining and self-enforcing neither impairs (to force law or fine for person head) its usefulness nor compels its paralysis as living instrument.
"di new vocabulary, discipline-specific terminologies, and cultural jokes (somtin wey dem talk or do to make pipu laugh) wey dey frequently (for short intervals, many times for short intervals) appear for di guest lectures dey cause her additional difficulties (di effort wey dey inconvenient, na effort wey dey inconvenient) to understand di information.","di vocabulary, discipline-specific terminologies, and cultural jokes wey dey frequently (for short intervals, many times for short intervals) appear for di guest lectures cause her additional difficulties to understand di information."
"di klan victims include blacks, s outhern whites wey disagree (i no gree / drag mata) wit di klan, and ""carpetbagger"" northern whites.","di klan's victims include blacks, s outhern whites wey disagreed wit di klan, and ""carpetbagger"" northern whites."
e no matter how careful (to look well / watch out) or reasonable di company or individual dey liable for any injury resulting (wetin come out for de end / outcome) from dia actions.,e no matter how careful or reasonable di company or individual dey liable for any injury result from dia actions.
for di parents.,"if no children, then to di parents."
allowing (to give chance / gree) di media to avoid liability only by proving (to show prove / confirm) di truth of all injurious statements does no accord adequate protection to first amendment (wey go bring freedom to pipo) liberties (freedom / rights).,di media to avoid liability only by proving di truth of all injurious statements no dey accord adequate protection to first amendment (wey go bring freedom to pipo) liberties (people wey start case or request for court).
we go create dictionary (book or app wey dey explain word meanings) wit character as keys and counters (table / to go against) as di corresponding value.,dictionary (book or app wey dey explain word meanings) wit character as keys and counters as di corresponding values.
"na suppose i wan name a variable wey stores (shops / supermarkets)\my new salary (pay / monthly money)"".","suppose i wan name variable wey store\my new salary (pay / monthly money)""."
"di same input wey dey deterministic (di inevitable consequence of antecedent sufficient causes) pertaining to a program wey dey do di same thing each time wey dey run, give di same inputs.","di deterministic (di quantity wey fit fulfill need or requirement but without being abundant) pertaining to program wey dey do di same thing each time wey dey run, given di same inputs."
foreign-born workers labor force characteristics (di things wey make am).,foreign-born workers labor forcecharacteristics (di quantity wey fit fulfill need or requirement but without being abundant).
trypsin go den bind (tie / hold together) to chymotrypsinog en to convert am to di active (person or tin wey dey move / e dey function) chymotrypsin,di t rypsin go bind to ch ymotr ypsinog en to convert am into di active (person or tin wey dey move / e dey function) ch ymotr ypsin.
"di time around awa reasoning go be slightly dierent, but go still lead nato di same answer.","di time around awa reasoning go slightly dierent, but go still lead dey to di same answer."
"dem pay acoyote (person wey dey smuggles pipo across borders)$10, 000, wey cover attempts (to try / struggle to do something) to bring dia sons to di united states.","dem paid acoyote (someone wey smuggles pipo acrossborders) $10, 000, wey cover ed3attempt tobring dia sons to diunited states."
"e recognize say writers shape and dey shape by rhetorical (talk for talk sake / grammar) practice, and, because of dat, e allow for di possibility (something wey fit happen / chance dey) say newcomers work wit a genre go act as a broker wey dey introduce new way of seeing, doing, doing, or knowing (with full sabi / person wey get info) into writing practice(beech, 1999; wenger, 1998).","e recognize say writers shape and dey shape by rhetorical practice, and, as such, e allow for di possibility (something wey fit happen / chance dey) say newcomers work wit genre go act as brokers wey introduce new way of seeing, doing, or knowing into writing practice(beech, 1999; wenger, 1998)."
e to write for screen matrix wey dey indicating (di signal wey be signal for or symptom of symptom of) di sample size(number of pairwise complete case) wey contribute (di quality wey dey bestow a quality on top quality on top) to each correlation.,e print matrix indicating di sample size(number of pairwise complete case) wey dey contribute (to make am long / increase de reach) to each correlation.
"di state law wey discriminate (na recognize or perceive di difference) against out-of-state commerce (big-time buying and selling), or place undue burden on interstate (between two or more states / travels) commerce, go violate di dormant commerce clause.","di state law wey discriminate (di act of examining resemblances wey dey examinin resemblances) against out-of-state commerce (big-time buying and selling), or place undue burden on interstate commerce (big-time buying and selling), go violate (to break law / go against rule) di dormant commerce clause."
"di second thing to note na say, although di t-statistic and degree of freedom no change, di p-value don.","di second thing to note na say, although di t-statistic and degree of freedom no change, di p-value don."
i dey try pretty hard to clear on which thing r dey to talk about for each case.,i dey hard to be clear on which thing r dey to talk about for each case.
"as starvation dey continue, and more glcose dey needed (wetin dem want / something wey must dey ground), glycerol from fatty acids fit dey libertaed and used as as source for gluconeogenesis","as starvation continue, and more glucose dey need, glucose dey need, gl ycerol from fatty acids fit be liberated and use as source for gluc oneog enesis."
how we take capture dis distinction (di difference) for r?,how we dey capture dis distinction (di act of examining resemblances wey dey examinin resemblances wey dey examinin resemblances) for r?
"essentially (for bottom or by one's (or its) very nature), di ucc contains two sets (to arrange / put things for order) of rules for contracts.",di ucc contain two sets (to arrange / put things for order) of rules for contracts.
"for example, if you talk say""i wish say plenty pipo go work to make their health better"", wetin d dog go hear na""and soon"".","for example, if you say,""i wish more pipo go walk to improve dia overall (everything join together / de whole tin) health"", what most dogs likely hear dey,""blah blah blah blah blah blah blah blah blah blah blah blah blah blah blah blah blah blah blah blah blah blah blah blah blah blah blah blah blah blah blah blah blah blah blah blah blah blah blah blah blah blah blah blah blah blah blah blah blah blah blah blah blah blah blah blah blah blah blah blah blah blah blah blah blah blah blah blah blah blah blah blah blah bla"
"if di dierence between di two numbers dey below certain threshold value, we dey equal for all practical (something wey person fit do / no be just talk) purposes (reasons why things dey happen).","if di dierence between di two numbers dey below certain threshold value, we go equal for all practical purposes (reasons why things dey happen)."
"so dat na wetin ""installed (wey dey present)""mean: e mean say""e dey for your computer somewhere (one place)"".","e means\it's on your computer somewhere""."
"when you run a""xerox"" photocopy, na di xerox photocopier or some oda machine?","when you run a""xerox"" photocopy, na e on xerox photocopier or some oda machine?"
"na one impressive table for di opposite side, di defense.","di impressive table for di opposite side, di defense."
di iqr dey di range covered (something wey security or insurance don take care of) by dat middle half (one of two tins wey de equal from anoda tin).,di iqr dey di range covered by dat middle half (one of two tins wey de equal from anoda tin)
"di first, simplest to study numbers dey to determine""who send di most mail (letter / message wey pass post or email)?""","di first, simple data analysis dey determine""who sent di most mail (letter / message wey pass post or email)?"
"di null idea dey wrong, but e no dey clear say we dey care, because di eect size dey so small.","di null idea dey wrong, but e no dey clear say we actually care, because di eect size dey so small."
di petitioners' motion for judgment notwithstanding (even with all dat / despite say) di verdict dey denied (bin reject / talk say no be so).,di petitioners (people wey dey stand for oda people / agents)' motion for judgment notwithstanding di verdict dey denied (bin drag mata / try to prove point).
"di harlan, j, filed opinion concurring for part and dissenting for part","di harlan, j, filed opinion con curring for part and dissenting for part."
"di ductus def erens dey thin (lean / something wey no thick), muscular tube wey dey bundle together inside di scr otum wit c onnectiv e tissue, blood vessels (container wey dem design to hold chemicals or reactions), and nerves int oas tructur e called di sperma tic cord(check di picture 27. 2 and figure 27. 3).","di ductus def erens dey thick, muscular tube wey dey bundled together inside di scr otum wit c onnectiv e tissue, blood vessels, and nerves int oas tructur e call di sperma tic cord(see figure 27. 2 and figure 27. 3 )."
"for example, another way to describe where di lsr. pdf file dey for my mac be ~ rbook lsr. pdf. dat about all you really need know about file paths.",di other way to describe di location of di lsr. pdf leon my mac go be ~\rbook\lsr. pdf leon my mac go be ~\rbook\lsr. pdf leon my mac go be ~\rbook\lsr.
"di blood of co2and reduces di level of carbonic acid, make di blood t oo alkaline.","di blood of co2and r educ e di level of carbonic acid, make di blood t oo alkaline."
"di statute prohibiting (law wey say ""no do am"" / ban) cross burning wit intent to intimidate sweeps beyond a prohibition once rtain conduct into di zone of expression na only di words of di statute but also reality.",di statute prohibit cross burning wit intent to intimidate sweeps beyond a prohibition once rtain conduct into di zone of expression overlooks no only di words of di statute but also reality.
"di conclusion feel true conclusion feel true argument dey valid 92%say alid"" 46%say alid"" argument dey valid 92%say alid"" argument dey valid 92%say alid"" 8%say alid""","di intuitive feelings about di truth of di conclusion run against di logical structure of di argument: conclusion feel true conclusion feels false argument dey valid 92%say alid"" 92%say alid"" 9%say alid"" 9%say alid"" 9%say alid"" 9%say alid"" 9%say alid"" 9%say alid"" oh dear, no as good."
"i dey to talk about di f-test as way of testing (check-am / confirm-am) whether a particular term for di model(e. g, main eect of factor a)dey signi cant.","i dey to talk about di f-test as way of testing whether a particular term for di model(e. g, main eect of factor a)dey signi cant."
di holmes dey dissenting for closely (near-near / check am well-well) divided (shared / e no dey as one) case wey no involve first amendment (wey go bring freedom to pipo) but monopoly.,di holmes dey dissenting for closely (near-near / check am well-well) divide case wey no dey involve first amendment (wey go bring freedom to pipo) but monopoly.
"e dey difficult to assess di goment's claim, especially wen one database of congressional (concern de law-makers / national assembly mata) medal of honor winners exist, e dey difficult to assess di government's claim, especially wen one database of congressional medal of honor winners exist","e dey difficult to assess di goment claim, especially wen atleast one database of congressional medal of honor winners already (e don happen / since / before-before) exist."
di usually possible to treat dem as if dem dey arguments of di plotting function,di usually possible to treat dem as if dem arguments of di plotting function.
"di nonhuman legal person, such as corporation, go own property","di nonhuman legal person, such as corporation, fit own property."
"di core (de main-main part / de heart of de matter) political speech occupy di highest (de oga kpatakpata / top level), most protected position; commercial speech and nonobscene, sexually explicit speech dey regar as a sort of secondclass expression; obscenity (dirty behavior or talk wey go against morals) and fighting words receive di least protection of all.","di core political speech occupies di highest (de oga kpatakpata / top level), most protected position; commercial speech and nonobscene, sexually explicit speech dey regarded as sort of secondclass expression; obscenity and fighting words receive di least protection of all."
di recent debates (fomal talk where two pipu dey talk against each oda) don sought (bin find / bin look for) to recast di viability of tort law for political terms.,"e don endured for many years, recent debates (fomal talk where two pipu dey talk against each oda) don sought (bin find / bin look for) to recast di viability of tort law for political terms."
"di book close wit di foreword by jonathan hall, di book close wit afterword by christopher (di christian martyr and patron saint of travellers (3rd century)) thaiss.","di book close wit afterword by jonathan hall, di book close wit afterword by christopher thaiss."
"statistics and indicators on forced (by force-by-force / dem use pawa do am) labor and forcing pipo, especially women and children, into prostitution (for pay sexual intercourse for pay pay pay) against their will.",statistics and indicators (mistakes / faults) onforce (to force people make dem follow law) labor and sextrafficking.
di meaning of branzburg dey hotly debated,di meaning of branzburg dey hotly debated (fomal talk where two pipu dey talk against each oda).
di question for every case dey whether di words wey dey use for such circumstances and dey of such a nature as to create clear and present danger wey dem go bring about di substantive (mata wey get weight / real issue for law) evils (bad tin / wicked) wey congress get right to prevent.,"di""question for every case na whether di words use dey use for such circumstances and dey of such nature as to create clear and present danger wey dem go bring about di substantive (mata wey get weight / real issue for law) evils wey congress get right to prevent"
but no completely.,"di extent (how far de tin reach / level), but no completely."
we dey gather go di interview,we always go together to interview
"di character wey dey printed whenever you hit di eturn"" key on your keyboard.","di character wey dey print wenever you hit di eturn"" key on your keyboard."
"how we gotake define""open?""","how we define""open?"""
"e go dey well, and all go dey well","di komback, and all go well."
di osmor eceptors ar e sensory receptors for di thirst center (di midu of somtin) for di h ypothalamus wey monitor di concentrat ation of solut es (osmolality) of di blood.,osmor eceptors ar e sensory receptors for di thirst center (di midu of somtin) for di h ypothalamus wey monitor di concentration (di strength of solution) of solut es (osmolality) of di blood.
"if i dey measure how fast (fast-fast / sharp-sharp) person answer(rt) for ve dierent events, i go store di data for milliseconds, as dey conventional for di psychological literature.","if i dey measure response time(rt) for ve dierent events, i go store di data for rlike dis:> rt<- c(342, 401, 590, 391, 590, 391, 590, 391, 590, 391, 554)where di data here dey measure for milliseconds, as dey conventional for di psychological literature."
"di trial courts dey di triers of fact, and dia judgment no question by appellate courts.","di trial courts dey di triers of fact, and dia judgment no question by appellate courts."
di condition wey a person get difficulty either initiating or maintain an erection,di male r eproductiv e system erectile dysfunction (ed)dey ac ondition wey person get difficulty either initiating or maintaining erection.
"journal of general internal (for inside) medicine,22(2), 283-288.","journal of general internal medicine,22(2),283-288."
"if di kidneys fail, ds functions dey comprised or lost (something wey miss / person wey no find im way) altogether (di formal terms wey dey informal for nakedness), with devastating effects on homeostasis (when a system maintain a state of balance and stability).","di function dey compromised or lost (something wey miss / person wey no find im way) altogether, wit devastating effects on homeos tasis."
di balance of power lie between congress and di president for prosecuting di war on terror?,di balance of power lie between congress and di president for prosecuting (di act of punishing di act of punishing di act of punishing di act of punishing di act of punishing di act of punishing di act of punishing) di war on terror?
"e seem like you go save single le wey dey use(in conjunction wit your di first numbers les)and reproduce everything(or atleast, everything interesting) wey you do during your to study numbers.","e seem like you ought (bin find / bin look for) to save single le wey r go use(in conjunction wit your raw data les)and reproduce all(or atleast, all interesting) wey you dey during your data analysis."
"for example, muscles go switch to dey use glucose to fatty acids as fuel.","for example, muscles go switch from using glucose to fatty acids as fuel."
di idea dey simple,di idea dey simple.
am applies (dey work) to employers (ogas wey dey give work) with more than fifteen employees.,e applies (dey work) to employers (people wey join body do business / paddy) wit more than fifteen employees.
di probability of say event ppxqis a number wey dey between 0 and 1,di probability of dat event ppxqis number wey lies between 0 and 1.
"di channels (ways to pass info / media stations) of communication (di activity of communicating) no be sufficient, therefore, say di channels of communication be free of governmental restraints (things wey dey hold person back)",di channels (di daily or weekly publication on folded sheets) of communication (di activity of communicating) be free of governmental restraints.
e make sure you remember what dem dey,dem make sure you remember what dem dey
"di defendant go make motion for directed (something wey dem guide or control / aimed at) verdict, arguing (to drag mata / talk back and forth) say no reasonable juror go find for favor (to help person / partial follow-up) of di prosecution or plaintiff before hear di evidence wey dey present so far.","di defendant go make motion for direct verdict, arguing (to drag mata / try to prove point) say no reasonable juror go possibly find for favor of di prosecution or plaintiff after hear di evidence present so far."
"di cells no dey active (person or tin wey dey move / e dey function) as those for di pct; thus, dire (na urgent or serious situation wey court suppose act fast on am) no dey active as those for di pct; thus, dir e no dey active as those for di pct; thus, dire no dey active as those for di pct; thus, dire no dey fewer (small pass) micr ovilli on di apical surface","di cells ar e no as active (person or tin wey dey move / e dey function) as those for di pct; thus, na fewer micr ovilli on di apical surface."
di two terms dey related to both di predictors (wetin fit predict) and di outcomes (di results wey e give).,"di two terms dey de ned for di following way: confound: confound: additional, often unmeasured variable5 wey turnout to be related to both di predictors (wetin fit predict) and di outcomes (di results wey e give)."
"for time, consumers began (bin start / how e take take off) to identify""sam smith""as your business, then your name don acquired (bin get / collect / buy) secondary (level wey follow / not as important as de main one) meaning and trademarked.","if, however, you call your business sam smith anyway, and start grow grow your business so say eventually, over time, consumers (people wey buy and use market) began to identify""sam smith""as your business, then your name don acquired secondary (level wey follow / not as important as de main one) meaning and fit be trademark."
"as your choices (different-different options) dey depend on statistical inference, trade-off dey between simplicity (di quality of being simple or uncompounded) and goodness of fit. as you add more predictors to di model, e dey become more complex; each predictor add new free parameter(new regression coefficient), and each new parameter increase di model ability to""absorb"" random variations (di rate or magnitude of change).","di trade o between simplicity (di highest wey somtin fit contain or do) and goodness oft. as you add more predictors (wetin fit predict) to di model, you make am more complex; each predictor add new free parameter(i. e, new regression coecient), and each new parameter increase di model's capacity (di highest wey somtin fit contain or do) to bsorb"" random variations."
very short: notice sey di nested model m0 dey correspond to di full model m1 when we constrain some of di regression coefficients (numbers wey you use multiply variables in a formula) to zero.,di nested model m0 correspond to di full model m1 wen we constrain some of di regression coecients to zero.
first amendment (wey go bring freedom to pipo) dey guarantee against infringement by di government no be private actors (person wey de act feem).,di first amendment (wey go bring freedom to pipo) dey guarantee against infringement by di goment no be private actors (person wey dey talk / megaphone).
"di values wey dey store for tuple fit be any type, and dem dey indexed by integers.","di values wey dey store for tuple fit be any type, and dem dey indexed by integers."
"di second nominee, president george w. bush selected (picked / de one wey dem choose) samuel alito, safe (no wahala / secure / place to keep money) decision wey dem give alito's prior judicial record","for hin second nominee, president george w. bush selected samuel alito, safe decision give alito's prior judicial record."
di argument dey value or variable wey we dey pass into di function as input to di function,di argument dey value or variable wey we dey pass into di function as input to di function.
"di activist shareholders (people wey get part for company business) for wal-mart under most state laws, including delaware's business laws, shareholders don give unique right to sue third party on behalf (to stand for anoda person) of di corporation.","di activist shareholders (people wey join body do business / paddy) for wal-mart under most state laws, shareholders (people wey get part for company business) dey also give unique right to sue third party on behalf (to carry pickin take as your own / follow a style) of di corporation."
"i dey ready to assume say im go be to di greater (e big pass / more-more) public good, at least over di long run.","di election (di process wey pipu de use take vote) go turn on just such factor; if e go, i dey ready to assume say e go be to di greater public good, for least over di long run."
el students' use of academic skills for content course.,esl students' use of academic skills for content course.
one thing to remember wen thinking (to reason / deep thought) about sampling distributions dey say anysample statistic you go care to calculate a sampling distribution.,one thing to keep for mind wen thinking (to reason / deep thought) about sampling distributions na say anysample statistic you go care to calculate get sampling distribution.
"di final (de very last / conclusion) addition to semen dey made by tw obulbour ethr al glands(or co wper 's glands) wey release a thick, sal ty fluid wey lubricat am di end of di ur ethr a and di vagina, and help to clean (neat / no stain) urine residues from di penile ur ethr a.","di final (de very last / conclusion) addition to semen dey make by tw obulbour ethr al glands(or co wper 's glands) wey dey release thick, sal ty fluid say lubricat dey di end of di ur ethr a and di vagina, and help to clean urine residues from di penile ur ethr a."
"di computer storeowner, don owned (wetin person get for hand / property) di domain (area / website address) for years before nissan motors don tempt to gain ownership of di domain.","uzi nissan, computer storeowner, don own di domain (to get / collect / catch) for years before nissan motors attempt to gain ownership of di domain."
we get some beliefs (wetin you believe) pphqabout which hypotheses (di proposal wey dey suppose explain certain facts or observations) dey true,di experiment wey we get some beliefs (wetin person tink say go happen) pphqabout wey hypotheses (different-different types / varieties) dey true.
"now open your favorite di editor for words or software for writing papers, and paste am.","now open up your favourite text editor or word processing (e dey processing a photosensitive material for order make image visible) software, and past am."
di heck dey di population wey dey referred (bin talk about / bin point to) to for dis case?,di one-sample z-test and di one-sample t-test and di one-sample t-test and di one-sample t-test)we don dey precise 8a funny question almost always pops up for dis point: what di heck dey di population being referred (bin give chance / bin gree) to for dis case?
"white, j, concurring [omitted (bin forget or comot am / e no dey inside)].","white, j, concurring [omitted]."
"di complication (di act or process of complicating di act or process of complicating): you need tell step()what di largest possible model wey dey willing to entertain na, using di scope argument.","di one complication: you also need to tell step() wey dey use di largest possible model you dey go entertain na, using di scope argument."
dem go through di output,now lets go through di output.
di immediate (now-now / sharp-sharp) danger dey none (nothing / nobody / zero) di less real and substantial because di effect of a given utterance no be accurately (for few mistakes wit few mistakes wit few mistakes wit few mistake) foreseen.,di immediate (now-now / sharp-sharp) danger none di less real and substantial because di effect of given utterance no be accurately foreseen.
"di aw""mad value wey i described above dey completely interpretable on its own terms, although di aw""mad value wey i described above dey completely interpretable on its own terms, na no actually howe dey use for real world contexts (how de levels be / situation).","di aw""mad value wey i describe above dey completely interpretable on its own terms, na no actually how e use for alot of real world contexts (how de levels be / situation)."
"di scope of interests (all de tins wey person eyes dey look / benefits) for real property scope of ownership matters, bikos e dey determinative of what fit(or no)be done wit di land.","di scope of interests (all de tins wey person eyes dey look / benefits) for real property scope of ownership matters, bikos e dey determinative of what fit(or no)be done wit di land."
di package wey i dey to talk about alot for dis book dey call carand psych,di package wey i go to talk about alot for dis book dey call carand psych
we specify di value as question marks(?),we specify di values as question marks(?))
"for simple example, let start wit simple example","di probably no make much sense yet, so let start wit simple example."
available treatments fit also be limited for their abilities to treat immigrants and refugees.,available treatments go also belimited for their abilities (a future prospect or potential) to treat immigrants and refugees.
"di center (di midu of somtin) for victims of torture (cvt): cvt. org — cvt dey believe for di exchange of knowledge, ideas and creative strategies to heal torture (di way dem dey hurt person) survivors and inspire effective action to end torture worldwide.","di center (di midu of somtin) for victims of t ortur e (cvt). cvt. or g resources#sthash. myqihj8t. dpuf cvt believe for di exchange of knowledge, ideas and creative strategies to heal torture survivors and inspire effective action to end torture survivors and inspire effective action to end torture worldwide."
di virginia cross -burning statute pass constitutional muster because e proscribe only conduct wey constitute (to be) true threat.,di virginia cross -burning statute pass constitutional muster because e proscribes only conduct wey constitute (to be) true threat.
di vector of character strings wey dey containing (wey get) di data wey you wan split (divide / tear),di vector of character string wey dey containing (wey get) di data wey you wan to split (divide / tear).
"input and output devices (machines wey dey save) software main memory central processing (di prescribed procedure dey preparing or putting through a prescribed procedure) unit (one single piece / section), wetin be next?",input and output devices (different-different types / varieties) software main memory central (main side / middle / very important) processing (e dey processing a photosensitive material for order make image visible) unit what next?
e dey straightforward (di ambiguity dey free from ambiguity) enough.,so dat seem straightforward (di ambiguity dey free from ambiguity) enough.
e dey active (person or tin wey dey move / e dey function) transport process r equir e atp to move some solut e ag ains t dia c oncentr ation gr adients betw e compartments (di space wey dey subdivide a space into which area dey subdivide).,active transport processes (e dey processing a photosensitive material for order make image visible) r equir e ag ains t dia c oncentr ation gr adients between compartments.
di case wey di united states dey a party dey subject to federal court jurisdiction.,di case wey dey involvin di interpretation of treaties (na false statement wey dey harm persin reputation or character) to which di united state dey subject to federal court jurisdiction.
"di time around, my experiment involves (e carry am follow / e concern) ipping fair coin repeatedly (every time / again and again), and di outcome wey i dey interest for dey di number of heads wey i observe.","di time around, my experiment involve ipping fair coin repeatedly, and di outcome say i dey interest for na di number of heads wey i observe."
"i must renew di judiciary's small cost, and its critical role for protect di constitution and rights wey we enjoy, i must renew di judiciary's modest petition: simply provide cost-of-living increases wey dey unfairly denied (bin reject / talk say no be so)!","i must renew di judiciary (freedom / right to do wetin person like) small cost, and its absolutely critical role for protect di constitution and rights we enjoy, i must renew di judiciary's modest petition: simply provide cost-of-living increase wey dey unfairly denied (bin reject / talk say no be so)!"
"justice douglas, dissenting.","justice douglas, dissenting."
"di right of free speech no absolute (everitin de complete, no comma) for since forever and under all circumstances","di right of free speech no dey absolute (everitin de complete, no comma) for all times and under all circumstances"
"by di end of dis chemical-priming or energy-consuming phase, one glucose go breakdown to two glyceraldehyde-3-phosphate molecules (the smallest unit of a substance, wey get atoms joined together).","di end of dis chemical -priming or energy-consuming phase, one glucose molecule dey broken down into tw o glyceraldeh yde-3-phosphat e molecules (the smallest unit of a substance, wey get atoms joined together)."
di two jurors dey admitted (bin gree / bin enter (like school)) for open court say dem hear am,di two jurors (mistakes / faults) admitted for open court say dem hear am
"e dey wrong to say 20istwice as hot as 10, just as e dey weird (strange) and meaningless (na no meaning or direction or purpose or purpose or purpose) to try to claim say 20is negative two times as hot as 10. just as e dey weird and meaningless to try to claim say 20is negative two times as hot as 10.","e dey wrong to say 20istwice as hot as 10, just as e dey weird and meaningless (di meaning or purpose dey having a meaning or purpose) to try claim say 20is negative two times as hot as 10."
"di le for version 3. 0. 2 dey about 54mb for size, so e go take sometime based on how fast (fast-fast / sharp-sharp) your how your internet be dey.","di le for version 3. 0. 2 dey about 54mb for size, so e fit take sometime depending on how fast (fast-fast / sharp-sharp) your internet connection dey."
civil rights activists often rely on natural law arguments to advance (to go front for somtin) dia platforms.,di civil rights activists often rely on natural law arguments to advance (to carry pickin take as your own / follow a style) dia platforms (business paddy / colleague).
"likewise (de same way / follow suit), someone wey suffers from a temporary or permanent cognitive defect (fault / damage) lacks capacity to be bound (something wey must happen / person wey law tie down) to a contract.",di someone wey suffer from temporary or permanent cognitive defect lacks capacity (di highest wey somtin fit contain or do) to be bound (something wey miss / person wey no find im way) to contract.
her apparent crime na say some months before she don lead march for women's rights at di college she attend (to go meeting / follow join).,herapparent crime dey say some months before shehadledamarch forwomen' srights atthecollege she attended.
"di policy determine whether immigrants get access to employment, to health or educational (di process of education dey relating to di process of education) resources, and to family reunification (when family members wey been separated finally come back together)","policy determines whether immigrants get access to employment, to healthcare and educational resources, and to family reunification (menjivar,2012)."
e don get two argument: x,e don get two arguments: x
di python interpreter go display value on di screen.,di python interpreter to display value on di screen.
"for example, we fit group di data into three big groups: young(0-20), adult(21-40), and older(41-60).","we go group di data into three broad (e wide well-well / e cover many things) categories: young(0-20), adult(21-60) and older(41-60) and older(41-60)."
na now take make we look di output above,now take make we look di output above.
"di brand dey essential to carry out dis objective (to stand for truth / no be because of person face), and e fit lead to startling profits (gain / extra money wey comot from business)","di brand dey essential to carry out dis objective (to stand for truth / no be because of person face), and e fit lead to startling profits (gain / better money from business)."
di mode (di one wey show most) of a variable to talk about di format (how you arrange your words) of di information wey di variable stores (shops / supermarkets).,di mode (di one wey show most) of a variable to talk about di format (how you arrange your words) of di information wey di variable store.
"i dey ranking (to arrange from best to worst) from smallest to largest, because dat's di default way wey dey rdo am.","i ranking (to choose leader / drop thumbprint) from smallest to largest, because dat di default way wey rdoes am"
"di big problem wey dey interpret di results of di tests, especially for main eect terms","di big problem wen interpret di results of di tests, especially for main eect terms."
examine methods of acquisition of real property.,examine methods of acquisition of real property.
"if you dey schedule a vacation on royal caribbean cruise ship wey dey docked for private beach (di place wey get sand or small small stone beside oshimiri) during di week following di earthquake, go?","if you dey scheduled to begin vacation on royal caribbean cruise ship wey docked for its private beach during di week following di earthquake, go you go?"
di process dey call genericide,di process dey call genericide (di tin wey de show when somtin de burn).
"di policy dey known as stare decisis, or""let di decision stand""","di policy dey known as stare decisis, or""let di decision stand"
di+and*characters for regular expression expand outward to match di largest possible string.,di notion say di+and*characters for regular expression expand outward (di ambiguity dey free from ambiguity) to match di largest possible string.
e no make alot of sense simply to assume say di true population di average iq dey 100.,"e no make alot of sense simply to compare iq scores among pipo for port pirie to compare iq scores among pipo for port pirie to comparable sample for whyalla, south australian industrial town wit steel re nery."
di next two systems na di exo-and macro-systems.,di next two systems dey diexoandmacro-systems.
"dem wan measure di eectiveness of visual illusion, and your participants dey all psychology students","you wan to measure di eectiveness of visual illusion, and your participants dey all psychology students."
"for example, for my esp study di data wey i obtained (bin collect / bin get de tin for hand) only just fall inside di critical region- so i go get signi cant eect, but na a pretty near thing.","for example, for my esp study di data i obtained only just fell inside di critical region- so i don get signi cant eect, but na pretty near thing."
e dey simply an invitation to bargain (to price market / agreement price),e dey simply invitation to bargain
"di reflective assignment wey dem suggest(e. g, literacy narratives, journals, blogs, or eportfolio) go help faculty and wac researchers understand how students go draw on dia""history as writers""and on dia multilingual background to navigate (find your way through something or control am) novel (na someting wey new, nobody never see am before for law case) rhetorical (talk for talk sake / grammar) tasks.","many of di reflective assignments wey dem suggest(e. g, literacy narratives, journals, blogs, or eportfolios) go help faculty and wac researchers understand how students go draw on dia""history as writers""and on dia multilingual backgroundsto navigate (to dey worried) novel rhetorical tasks."
di residualplots() function for dicarpackage.,di residualplots() function for dicarpackage.
i go try make clear what type of input produce what kind of outputs.,i go try make clear what type of inputs produce what kinds (different types / varieties) of outputs.
di contract dey internal (for inside) to di contract.,di restrictions (di act of examining resemblances wey dey examinin resemblances wey dey examinin resemblances) wey dey internal to di contract
"di certain welldefined and narrowly (small-small / by whiskers / e remain small) limited class of speech, di prevention (di act of preventing di act of preventing) and punishment (di act of punishing di act of punishing di act of punishing) of which no dey thought to raise any constitutional problem","e. g, chaplinsky v. new hampshire(1942) (""there dey certain welldefined and narrowly limited class of speech, di prevention and punishment of which no dey thought to raise any constitutional problem"")."
"di oda hand, sequential (for regular succession without gaps) page numbers or listings for phone directory show no creativity and no dey copyrightable.","di oda hand, sequential page numbers or listings for phone directory show no creativity and dey therefore no copyrightable."
"di researchers don find sayamong those without highschool diploma, wages (salary / pay for work done) decreased byapproximately 1%for di long run(shierholz, 2010; ottaviano & peri, 2012)but dey increased (e don big pass before / e climb) slightly for di long run (ottaviano & peri, 2012)","di researchers don find say among those without ahigh school diploma, wages decreased byapproximately 1%int heshort run(shierholz, 2010; ottaviano & peri, 2012)but dey increase slightly for di long run (ottaviano & peri, 2012)."
di specialists (di expert wey dey devoted to one occupation or branch of learning) go use adaptive transfer to complicate (e make more complicated) faculty expectations regarding what students don learn prior to entering dia course and how dem go do wit dat knowledge wey dem follow di course.,di wac specialists go use adaptive transfer to complicate faculty expectations regarding what students don learn prior to enter dia course and what dem go do wit dat knowledge following those course.
"we dey create disturbance (di activity wey dey malfunction, intrusion, or interruption).",di disturbance (di act of examining resemblances wey dey examinin resemblances wey dey examinin resemblances)
di interest wey dey protected here na your right to travel and move about freely (free-free / anyhow) without impediment,di interest being protected here dey your right to travel and move about freely without impediment.
di wordplay na wordplay,di wordplay
di more granulosa and dica cells f ollicle don produce e for response to lh stimulation.,"di more granulosa and dica cells af ollicle don(that dey, di larger and more develop am dey), di more estrogen wey dey produce for response to lh stimulation."
di fatty acyl coa combines wit carnitine to create fatty acyl carnitine molecule wey help to transport di fatty acid across di mitochondrial membrane.,"di fatty acyl coa combines wit carnitine to create fatty acyl carnitine molecule, wey help to transport di fatty acid across di mitochondrial membrane."
"di informant wey dey tok say,""just hate myself, i no fit get good english""(2001, p.57), chozin tok say,""i no care whether dem[my group members]understand my language or no; hin dey determined (di calculation, investigation, experiment, survey, or study, or study) to press ahead (to de in front of somtin or person) within learning","i no care whether dem[my group members]understand my language or no""; hin dey determined to press ahead wit hin learning."
"i use try to explain am, but after awhile i give up, because e no really all dat important, and to be true i no remember myself.","di book wey i use to try explain am, but after awhile i gave up, bikos e no dey all dat important, and to be honest i no remember myself."
di impossibility na defense wey dey use when performi di contract don become truly impossible (no fit happen).,di impossibility (something wey fit happen / chance dey) dey defense wey dey use wen perform di contract don become truly impossible (no fit happen).
"di data dey fairly normally distributed (how dem put themselves), wit di mean grumpiness (crossness) score being 17 out of 50 questions wey dey answer for grumpy (cross) way, and di howe dey spread na 5.","di data dey fairly normally distributed (how dem put themselves), wit di mean grumpiness score being 17 out of 50 questions answer for grumpy way, and di howe dey spread dey 5."
di only dierence na say di speci c value wey di null idea predicts na 0.,di only dierence na say di speci c value say di null identical to di way we describe di hypotheses (di thing wey dey predict) for di one-sample t-test: di only dierence na say di speci c value wey di null idea predicts (wetin fit predict) dey 0.
"dem give us a\long run guarantee"".","di things, all e give us dey a\long run guarantee"
di difference wey dey between downloading a song on peer-to-peer network versus (against / vs) walking into store and putting cd into your jacket and walking out without pay for am?,di difference between downloading song on peer-to-peer network versus walking (to look somtin wella to sabi am) into store and putting acd into your jacket and walking out without paying for am?
di lack of clarity associated wit a loss wey no be clear or final (de very last / conclusion)— like when person dey missing but you no know if dem dey alive fit lead to confusion about who dey inside the family and who no dey— who count as family expressed (dem talk am out / dem clear de doubt) for conflict and ambivalence for di new roles family members dey take after resettlement.,di lack ofclarity wey dey associated wit ambiguity express for conflict and ambivalence for di new role family members take after resettlement.
"di xml""person"" tag dey gone (e don go / finish), replace di set of outer curly braces.","di xml""person"" tag dey gone, replaced by set of outer curly braces."
di justice stevens no participate for di cert pool process,di justice stevens also no participate for di cert pool process.
di hyperlink: finder keepers?,"checkout note 8. 32 ""hyperlink: finders keepers?"
"dis dey di dicult situation wey dey interpret, and pipo often get a bit confused about dis.","di dicult situation to interpret, and pipo often get bit confused about am"
"e tok say i wan to load di data 12notably wit. rda,",i wan to load di data 12notably those wit. rda.
"as entrepreneur (di someone wey organiz business venture and assum di risk for am) wey wish to form her own company but no want to take di thirty hours of classes (groups for school / different kinds) wey dey sues (e carry person go kote) di state for unconstitutional law, say lawsuit go dey pass yet.","di lawsuit go take di thirty hours of class sues di state for unconstitutional (e against de grand-papa law of de land) law, say lawsuit go dey dismiss (to carry pickin take as your own / follow a style) too early e no ripe since di law no dey pass yet."
di researcher get fairly vague (no clear / blurry) idea of what di population dey and design di study as best he she fit on dat basis.,di researcher don fairly vague idea of what di population dey and design di study as best hin she fiton dat basis.
e no dey leave notes (small-small write-up / observations) for yourself,you no leave notes (small-small write-up / observations) for yourself
di suppose correct?,di seem correct?
"dis go be number, specifying (di condition or requirement for contract or agreement) di con dence level","di number, specifying (di act of examining resemblances wey dey examinin resemblances wey dey examinin resemblances) di con dence level."
di third argument no dey so obvious,di third argument no so obvious
"di bonferroni correction (di act of offering improvement to replace mistake) tell say: p1mp and therefore, if you use di bonferroni correction, you go reject di null idea if p1","if we let pdenote di original p-value, and letp1 jbe di correct value, then di bonferroni correction (di act of examining resemblances wey dey examinin resemblances) tell say: p1mp and therefore, if you dey using di bonferroni correction (di act of examining resemblances wey dey examinin resemblances wey dey examinin resemblances) tell say: p1mp and therefore, if you dey using di bonferroni correction, you go reject di null idea if p1."
"di trademark no dey associated wit specific origin (where e start from / source), e become generic (somtin wey fit be anytin) and lose legal protection.","di trademark no longer associated wit specific origin (where e start from / source), e become generic and lose legal protection."
i get my hands on di testing (check-am / confirm-am) data wey di civil authorities ofchapek 9 use check dis.,i go my hands on di testing data say di civil authorities ofchapek 9 use to check dis.
"sadly, di relationship deteriorated plus, allegedly, ended on unfriendly terms.","di relationship deteriorated and, allegedly, ended on unfriendly terms."
loss of connections na death: family wey get members living indifferent (e dey marked by lack of interest) countries at the same time ties (relationship / things wey join people together) among sudanese refugee families resettling for u. s.,transnational family ties among sudanese refugee families resettling for di united state.
"additionally (join am follow / plus), immigrants fit face language and cultural barriers (something wey dey prevent you from reaching a place or thing) for accessing financial products (all de things wey dem produce to sell).","additionally (join am follow / plus), immigrants fit face language and cultural barriers forccessing financial products (all de things wey dem produce to sell)."
"for example, someone wey lose case for federal district court for pennsylvania (one of di original 13 colonies) go appeal hin or her case to di third circuit court of appeals (to carry mata go higher court because you no gree), while litigant (na persin wey involved for lawsuit as plaintiff or defendant) wey lose for florida go appeal hin or her case to di eleventh circuit court of appeals, while litigant wey lose for florida go appeal hin or her case to di eleventh circuit court of appeals, while litigant wey lose for florida go appeal hin or her case to di eleventh circ","for example, someone wey lose case for federal district court for pennsylvania go appeal hin or her case to di third circuit court of appeal hin or her case to di third circuit court of appeal, while litigant wey lose for florida go appeal hin or her case to di eleventh circuit court of appeal."
immigrant and refugee families dey typically starting over economically; dem dey arrive wit few or no financial resources and dem no dey familiar (something wey person sabi well-well) wit di financial system for di host countries.,immigrant and refugee families dey typically start over economically; dem arrive wit fewornofinancial resources and dey unfamiliar (we no dey known or well known or well known or well known) wit di financial system for dihost counties.
di how two things dey related di two depend on di procedure wey di sample dey selected (picked / de one wey dem choose).,di relationship wey dey between di two depend on di procedure by which di sample dey selected.
di item (single thing / article) one name for key-value pair,item (single thing / article) another name for key-value pair.
"e no dey uncommon to base (foundation / where tin start from) such penalties (fines / punishments for offense) on some percentage of profits (gain / extra money wey comot from business), or all profits wey dey from di ill-gotten gains of criminal activity.",di ill-gotten gains of criminal activity.
psychological trauma most often no dey limited to single traumatic event but dey include direct and indirect events over di course of person's life.,psychological trauma no dey limited toasingle traumatic event but include direct and indirect events over dicourse ofaperson' slife(jamil etal.
"di such proceedings (all de things wey dey happen for kote or meeting) no open to di public for common law and, for general, dem dey conduct for private as a matter of modern (new school / latest style) practice.","di such proceedings no open to di public for common law and, for general, dem dey conduct for private as matter of modern (new school / latest style) practice."
"di california supreme court tok say wen di radio station (stop / office area) start di contest (competition / drag), e dey foreseeable say young and inexperienced driver go drive negligently (na di way persin do someting wey no have proper care) to claim di prize and say therefore ad uty of care exist.","di california supreme court tok say wen di radio station start di contest, e dey foreseeable say young and inexperienced driver go drive negligently to claim di prize and say therefore ad uty of care existed."
"san francisco arts& athletics, inc. v. united states olympic comm,","san francisco arts& athletics, inc. v. united states olympic comm,"
di major difference wey dey between general and limited partnerships (business join-body / two or more people wey dey work).,explore di major differences between general and limited partnerships (di members of business venture create by contract).
"di kidneys share ph regulation wit di lungs and plasma buffers, so say proteins fit preserve (keep am safe / maintain) dia three-dimensional c onformation and thus dia function.","di kidneys share ph regulation wit di lungs and plasma buffers, so say proteins fit preserve dia three-dimensional c onformation and thus dia function."
"di pastor, fred phelps, believe say american soldier deaths for iraq and afghanistan dey punishment (di act of punishing di act of punishing di act of punishing) from g od for di kontri tolerance of homosexuality.","di church, led by dia pastor, fred phelps, believe say american soldier deaths for iraq and afghanistan dey punishment (di act of punishing di act of punishing di act of punishing di act of punishing di act of punishing di act of punishing) from g od for di kontri tolerance of homosexuality."
"di book go include more detailed discussion of one way to see if test fit catch difference, but for now dis dey about as much as i dey comfortable say about di topic","i go convinced odawise for di future, and probably future version of dis book go include more detailed discussion of power analysis, but for now dis dey about as much as much as i dey comfortable say di topic."
"di undisputed facts dey say appellant (na court wey dey review decision wey lower court make) ""wanted (wetin person desire / person wey police dey find) pipo to know say i thought america stood (bin stand) for peace","di undisputed facts dey say appellant (na court wey dey review decision wey lower court make) ""wanted pipo to know say i thought america stood for peace"
di cross burnings dey accompanied (dem present or associated wit event or entity or entity or entity) by shooting.,di cross burnings dey accompanied by shooting.
"di only thing we need know how to do dey pull out di residuals (i. e, diikvalues) so we fit draw awa shapiro-wilk test.","di only thing we need know how to do dey pull out di residuals (i. e, theikvalues) so say we fit draw awa qq plot and run awa shapiro-wilk test."
di parties enter mediation (follow-dem-talk-make-dem-settle) or negotiation to resolve dia dispute.,di parties enter into mediation (follow-dem-talk-make-dem-settle) or negotiation to resolve dia dispute.
"if my interest dey solely (him alone / only dat one) for di home and away season, i think e go be shame to throw away information pertaining to one of di most distinctive(if boring)games of di year.","if my interest dey solely (small-small write-up / observations) for di home and away season wey deyself, i think e go be shame to throw away information pertaining to one of di most distinctive(if boring)game of di year."
"if someone na di wrong race and dem dey for place where there dey terrorist attack, dem fit pick dem up, dem fit hold dem without charge or trial for month after month, year after year.'","ifsomeone dey isofthewrong race and dem dey inaplace where e dey terrorist attack, dem go bepicked up, dem go bepicked up, dem go bepicked up, dem go bepicked up, dem go dey hold without chargeortrial for month, year after year."
wesley's win streak continue for di next three hills (ground wey go up but e no reach mountain).,wellesley's winning streak continue for di next three hills.
"suppose, but, say i wan know di chance to get 4 or less.",i wan know di probability of rolling 4 or fewer skulls.
di shareholders wey dey different class dey give preferential (di partiality dey manifest partiality) treatment wen dey kom to corporate actions such as pay dividends (gain for stockholders) or voting (thumbprint / choosing leader) at shareholder meetings.,shareholders (people wey join body do business / paddy) indifferent class go give preferential treatment wen dem kom to corporate actions such as paying dividends or voting (di act of examining resemblances wey dey examinin resemblances) for shareholder meetings.
"di time, however, you no dey interest for di sample for and of itself.","di time, however, you no dey interest for di sample for and of itself."
di nation well know say one of di cost of first amendment (wey go bring freedom to pipo) na say e protect di speech wey detest aswell as di speech we embrace.,di nation well know say one of di cost of first amendment (wey go bring freedom to pipo) na say one of di cost of first amendment (wey go bring freedom to pipo) na say e protect di speech we detest aswell as di speech we dey embrace.
"these experiences fit include witnessing and experiencing violence, fleeing from family home located (e dey for dat side / position) for city or village wey dey being destroyed (bin spoil kpatakpata / scatter), and walking to find refuge and safety (safe condition / no wahala) for days or weeks wit limited food, water and resources.","these experiences (things person don see) go include witnessing and experiencing violence, fleeing from afamily home located (e don big pass before / e climb) for buildingor village wey dey destroy, and walking tofindrefuge and safety fordays orweeks wit limited food, water, andresources."
"di court tok say""actual malice, di standard wey dey from new york times v. sullivan, no dey applicable (dem dey capable of being applied) and concluded (bin finish / end de matter) say damages- - -even presumed damages or punitive (na damages wey pass compensation to punish wrongdoer and stop future harm) damages- - -dey permissible.","di court tok say""actual malice,""di standard derived from new york times v. sullivan, no applicable (dem dey capable of being applied) and concluded say damages- - -even presumed damages or punitive damages- --even presumed damages or punitive damages- - - dey permissible."
di second one go display table show di data for rstudio.,di second one go display pretty table show di data for rstudio.
"to fit request (to ask for help or info / application) document from a kompia wey dey host and serve wesait, wey dey store and manage file and data make dem dey accessible through intanet, we go make connectio, e. g","to request (to ask for help or info / application) document from web server, we make connection, e. g."
di main point here na say whenever you go get signi cant interaction you go stop and think about what di main eect actually means for dis context.,di main point here na say whenever you get signi cant interaction you go stop and think about what di main eect actually means for dis context.
"di court don tok say when""speech"" and ""nonspeech"" elements dey combined for di same course of conduct, sufficiently important goment interest for regulating (di act of controlling or directing according to rule) di nonspeech element fit justify (to give good reason why person do something) incidental limitations on first amendment (wey go bring freedom to pipo) freedoms.","di court don hold say when""speech"" and ""nonspeech"" and ""nonspeech"" elements dey combined for di same course of conduct, sufficiently important governmental interest for regulating (di act of examining resemblances wey dey examinin resemblances wey dey examinin resemblances wey dey examinin resemblances) di nonspeech element fit justify incidental limitations on first amendment (wey go bring freedom to pipo) freedoms."
"di lanham act excludes (to remove) a few categories from trademark registration (to put name for list / official record), mainly for public policy purposes (reasons why things dey happen).","di lanham act exclude (make somtin end) few categories from trademark registration (di act of managing something), mainly for public policy purposes (reasons why things dey happen)."
"if i set v <-m[2,] and then try to calculate m %%v, wey you think go fail, e actually works because rtreat di one dimensional array as if e dey column vector for di purpose of matrix multiplication (times).","if i set v <-m[2,] and then try to calculate m%*% v, wey you think go fail, e actually work because rtreat di one dimensional array as if e dey column vector for di purpose of matrix multiplication."
di paper no dey bad,di paper no dey bad
"furthermore (join join / more-so),'international human rights arguments often dey seen (bin see am / dem don notice) as di advocates' last refuge pulled out only wen there no dey other authority to cite.'","di human rights arguments dey often see as di advocates' last refuge pulled out only wen no oda authority to cite""(cole, 2006, p. 628)."
di truthful report of public judicial proceedings (all de things wey dey happen for kote or meeting) don afford special protection against subsequentpunishment.,di truthful report of public judicial proceedings don afford special protection against subsequent punishment (di act of punishing di act of punishing di act of punishing di act of punishing di act of punishing di act of punishing).
"immigrants and refugees dey at high risk for clinical depression due to their extensive (wide / big / plenti) histories of loss, potential trauma and resettlement.","immigrants and refugees dey thigh risk for clinical depression due to their extensive (wide / big / plenti) histories (wounds / damages to body or mind) of loss, potential trauma, andresettlement."
di erection of press table for reporter inside di bar dey unprecedented.,di erection of press table for reporters inside di bar dey unprecedented.
di next case consider press access to prison and imprisoned persons.,di next case consider press access to prisons and imprisoned persons.
"dem focus on source-based writing, wit summary writing constitute (to be) major component of di curricula, although for di most advanced (high-level / front) course, summarization dey often taught (bin teach) for relation to research paper writing.","di courses focus on source-based writing, wit summary writing constituting (di act of examining resemblances wey dey examinin resemblances wey dey examinin resemblances) major component of di curricula, although for di most advanced (e dey processing a photosensitive material for order make image visible) course, summarization dey often taught for relation to research paper writing."
"di cause of metabolic acidosis ar e decrease (make somtin de turn to small) for di e xcretion of bicarbonat e ions, wey inhibit di c onser vation of bicarbonat e ions, and excessive (too much / over-load) loss of bicarbonat e ions for di gastrointestinal tract due to diarrhea.","di cause of metabolic acidosis dey decrease for di e xcretion of hydrogen ions, wey inhibit di c onser vation of bicarbonat e ions through di gastrointestinal tract due to diarrhea."
"for likewise (de same way / follow suit), terms wey dey left open go be filled for.",di terms wey dey left open go filled for
"di doctrine of judicial review, wey allow courts to determine di final (de very last / conclusion) validity (how true something be) of laws aswell as di meaning of di constitution.","marbury v. madison establish di doctrine of judicial review, wey allow courts to determine di final (de very last / conclusion) validity of laws aswell as di meaning of di constitution."
di entire community go suffer di consequences (wetin follow de action / outcome of wahala) of few bad actors (person wey de act feem),di entire communities (organizations / separate things or bodies) go suffer di consequences (wetin something fit cause or mean) of few bad actors.
di teaching summarization (di act of preparing summary (or an instance thereof)) skills: di influence of student ability level and strategy difficulty,teaching summarization skills: influences of student ability level and strategy difficulty.
"if you don sabi one kod langwej wey dem dey use write instruksiyon wey komputa go fit undastand like python, you go find am easy to learn another kod langwej wey dem dey use write instruksiyon wey komputa go fit undastand like javascript orc++","once you learn one programming language such as python, you go find am much easier (no hard / simple) to learn di oda programming language such as javascript orc++."
di mood. gain) for every person,di mood. gain) for each person.
"some states don allow same-sex marriage, but most do no.","some states permit same-sex marriage, but most no."
"di american college of obstetricians (doctor for pregnant women) and gynec ologis t recommend say pipo no douche, and say di y allow di vagina t maintain dia normal healthy population of protective microbial flora.","di american college of obstetricians and gynec ologis ts recommend say pipo no douche, and say dem allow di vagina to maintain its normal healthy population of protective microbial flora. ovaries di ovaries dey di female g onads (see figure 27. 9 )."
"di testimony, schenck tok say he dey general secretary (person wey dey help run office work) of di socialist parti, and dey charge of di socialist headquarters (di office wey dey serve as di administrative center of enterprise) from which di robson first amendment (wey go bring freedom to pipo) 13 document dey send.","di testimony, schenck tok say hin dey general secretary (person wey dey hold office for small tayam / to play part) of di socialist party, and don charge of di socialist headquarters from which di robson first amendment (wey go bring freedom to pipo) 13 documents (ways wey you fit do) dey sent."
"di corporations don also dey convicted (na wen court or jury find persin guilty of criminal charge) of crimes, though unique questions wey dey relating (concern / how things link body) to appropriate means of punishment arise (to show face / start to happen) for dat context.","di corporations fit also dey convicted (na wen court or jury find persin guilty of criminal charge) of crimes (bad deeds / things wey break law), though unique questions wey dey relating to appropriate means of punishment (di act of punishing di act of punishing di act of punishing di act of punishing di act of punishing di act of punishing di act of punishing) arise for dat context."
di reason say dis happens na say dis ow numbers dey actually row name,di reason say dis ow numbers dey actually row name
"di messed-up data caused (wetin make de tin happen) awa elegant, clever, and very pythonic program to fail?","di elegant, clever, and very pythonic program to fail?"
"di unscrupulous (wey no get conscience, no dey fair, dey do wetin dem like) person entered say elderly person life and exerted influence over dat person so say di elderly person no fit exercise hin free go any longer.",di unscrupulous person enter say elderly person's life and exerted influence over dat person so say di elderly person no exercise hin free go any longer.
di place wey you dey standing (level / position / right to carry mata go kote) dey holy ground (di top of earth),"di sandals from your feet (somtin wey no de change), for di place on which you dey standing (to carry something reach owner hand) dey holy ground (di top of earth)"
e dey generic (somtin wey fit be anytin) functions.,di generic functions.
t. test() wey automatically run all of di t-tests for you.,"to help keep di typing to minimum (de smallest / e no fit go down pass dat level), rprovides a function wey dey call pairwise. t. test() wey automatically run all of di t-tests for you."
di usually happen na say you nd way of testing (check-am / confirm-am) relational (dem having relation or being related) claims wey dey follow from your ontological ones.,di usually happen na say you nd ways of testing relational claims wey follow from your ontological ones.
di example of dis dey show for figure 15. 6.6.,di example of dis dey show for figure 15. 6. 6.
di united states dey better serve by strong or weak unitary executive (de branch of gofment wey dey run de land)?,di united states dey better serve by strong or weak unitary executive (de branch of gofment wey dey run de land)?
"di next laziest, putting in only 6 hours of work for over di whole semester, so dem get di next lowest rank(rank = 2)","di next laziest, putting (di act of examining resemblances wey dey examinin resemblances wey dey examinin resemblances) for only 6 hours of work for over di whole semester, so dem get di next lowest rank(rank =2)."
"di court don make di claim say cohen's distasteful mode (di one wey show most) of expression dey thrust upon unwilling or unsuspecting viewers, and say di state go legitimately act as e go protect di sensitive from odawise unavoidable exposure (showing body / making known) to appellant (na court wey dey review decision wey lower court make) crude form of protest.","di court much don make of di claim say cohen's distasteful mode (di one wey show most) of expression dey thrust upon unwilling or unsuspecting viewers (people wey get de property / landlords), and say di state go therefore legitimately act as dem do for order to protect di sensitive from odawise unavoidable exposure to appellant's crude form of protest."
"e dey fairly straightforward (di ambiguity dey free from ambiguity), though there dey some subtleties wey i dey ignorin.","e dey fairly straightforward (di ambiguity dey free from ambiguity), though na some subtleties say i ignoring."
"di textbooks often don say about assessing (checking levels) di validity (how true something be) of di study, i no fit help but notice say dem make di assumption say di researcher dey honest (to de always talk true and to no do wayo).","di textbooks often don say about assessing di validity of di study, i go help but notice say dem seem make di assumption say di researcher dey honest."
"di state supreme court tok say wen worker for burger king ignor a group of boisterous (na noisy and lacking for restraint or discipline or discipline) and loud teenagers, burger king dey liable wen dem dey attack oda customers.","for example, for one case supreme court tok say when worker for burger king ignored group of boisterous and loud teenagers, burger king dey liable wen those teenagers go assault oda customers."
"di neighbor dey hir painters to paint hin house, but di painters accidentally (for advance planning without advance planning) appear for your house to work.","for example, imagine say your neighbor hired painters to paint hin house, but di painter accidentally appear for your house to work."
di judge go get more closely (near-near / check am well-well) regulat di conduct of newsmen for di courtroom (room for kote).,di judge go get more closely (near-near / check am well-well) regulated di conduct of newsmen for di courtroom (room for kote).
"di chief justice and justice blackmun filed dissenting opinion, wey di chief justice and justice blackmun joined.",di chief justice and justice blackmun join.
di dissent (to no gree / judge wey get different mind) for hess suggest say di statement and act of hess dey less clear say di court describe dem,di dissent (na wen court or jury find persin guilty of criminal charge) for hess suggest say di statements and act of hess dey less clear say di court describe dem
d main memory dey almost fast (fast-fast / sharp-sharp) as the cpu.,di main memory dey nearly (e remain small / almost) as fast (fast-fast / sharp-sharp) as fast (fast-fast / sharp-sharp) as di cpu.
di point some of you go wonder say i don dey careful (to look well / watch out) to choose my examples for such away as to ensure say di output always get plenty lines and plenty up-down sets (to arrange / put things for order).,di point some of you go wonder why i dey so terribly careful to choose my examples for such way as to ensure say di output always don dey multiple rows and multiple columns.
di coroner call inquest di same day and subpoena ed sheppard,di coroner wey dey call inquest di same day and subpoena ed sheppard.
di hintogram wey dey show for figure 5. 1 wey dey generate using di hist() function.,di hintogram {which dey show for figure 5.1{ dey generate using di hint() function.
we go nd you wan to change di contrast only for one speci c analysis,i go nd yourself wan to change di contrasts only for one speci c analysis.
"di case, my research hypothesis relates (get connection / concern) to di population meanfor di psychology student grade, wey dey unknown.","di research hypothesis relates to di population meanfor di psychology student grades (results for school / level), wey dey unknown."
di suicide (to kill self) of prisoner for di greystone portion of di santa rita jail (prison / kashot / cell).,"on march 31, 1975, kqed report di suicide of prisoner for di greystone portion of di santa rita jail (prison / kashot / cell)."
"we go use di relevel() function for rto change which level of di reading variable dey set to ""","we fit use di relevel() function for rto change which level of di reading variable dey set to""."
"di meantime, royal caribbean operat a cruise line wey make regular stop for haiti, for private beach (di place wey get sand or small small stone beside oshimiri) wey dem don spend millions of dollars for improvement to ensure say di vacationer s on dia cruise ships go enjoy dia overnight stops.","for di meantime, royal caribbean operated (e don big pass before / e climb) a cruise line wey make regular stop for haiti, at private beach wey dey enjoy themselves during dia overnight stops."
dem seek to limit one party's liability to another.,dem seek to limit one party's liability to another.
na careful (to look well / watch out) wetin you wish for.,di careful (to look well / watch out) what you wish for.
nano warrant (official paper to arrest person or search house) dey required,nano warrant (official way / follow-follow rule) dey required
"di dierence for mood gain for pipo wey given anxifree and treated wit cbt, versus (against / vs) pipo wey give placebo and given no therapy, versus pipo wey give placebo and given no therapy.","if we wan consider di possibility (something wey fit happen / chance dey) of signi cant interaction(and try to nd di group dierence for mood gain for pipo givenxifree and treated wit cbt, versus pipo give di placebo and treated wit cbt, versus pipo give di placebo and given no therapy, versus pipo give di placebo and given no therapy."
"di freedom of speech and freedom of di press, wey dey protected by first amendment (wey go bring freedom to pipo) from infringement by congress, dey among di fundamental personal rights and liberties (freedom / rights) wey dey protected by di fourteenth (number fourteen) amendment from invasion (force entry / enter person space) by state action.","di fundamental personal rights and freedom of di press, wey dey protected by first amendment (wey go bring freedom to pipo) from infringement by congress, dey among di fundamental personal rights and liberties wey dey protected by di fourteenth (number fourteen) amendment (wey go bring freedom to pipo) from invasion by state action"
dem dey matters for di minnesota supreme court to address and resolve for di first instance (one example of somtin) on remand (na wen court send case back to lower court for more proceeding),di minnesota supreme court to address and resolve for first instance (one example of somtin) on remand.
"di results dey somewhat (small / somehow) encouraging: di true population mean dey 100, and di average number of 98","di true population mean na 100, and di sample mean of 98. 5 dey pretty reasonable approximation to am."
