id,subject,term,reference_gloss,hypothesis_gloss,similarity,glossed,correct
engpidginedu-09805,Business study,acceptable,dem worthy of acceptance or satisfactory,,0.0,False,False
engpidginedu-12876,Social studies,harmful,bad tin / something wey fit wound person,,0.0,False,False
engpidginedu-12876,Social studies,increasingly,E dey advancing for amount or intensity,,0.0,False,False
engpidginedu-25722,Biology,increased,E don big pass before / e climb,don big pass before / e climb,96.22,True,True
engpidginedu-25722,Biology,greater,E big pass / more-more,big pass / more-more,94.71,True,True
engpidginedu-25408,Biology,occurs,E dey happen / e dey show face,,0.0,False,False
engpidginedu-04880,Business study,moreover,join-am say / apart from dat,,0.0,False,False
engpidginedu-04880,Business study,prohibitions,things dem say make you no do,,0.0,False,False
engpidginedu-04880,Business study,trading,business / exchange,business move / to follow person do trade,34.2,True,False
engpidginedu-15523,Computer science,ranking,to arrange from best to worst,,0.0,False,False
engpidginedu-23382,Computer science,fundamentally,di main thing be say,,0.0,False,False
engpidginedu-04490,Business study,violating,to break law / mess up rule,to break law / go against rule,52.94,True,True
engpidginedu-04490,Business study,penalties,fines / punishments for offense,,0.0,False,False
engpidginedu-04490,Business study,compliance,di acting according to certain accepted standards,di place wey you dey work for,7.31,True,False
engpidginedu-01275,Government,subjects,topics / people under authority,,0.0,False,False
engpidginedu-01275,Government,nations,obodo / different-different countries,obodo / different-different countries,100.0,True,True
engpidginedu-01484,Government,appellant,na court wey dey review decision wey lower court make,na court wey dey review decision wey lower court make,100.0,True,True
engpidginedu-01484,Government,jail,prison / kashot / cell,prison / kashot / cell,100.0,True,True
engpidginedu-16386,Computer science,beliefs,wetin you believe,wetin you believe,100.0,True,True
engpidginedu-13152,Social studies,contribute,di quality wey dey bestow a quality on top quality on top,,0.0,False,False
engpidginedu-13152,Social studies,taxes,money wey gofment dey collect from people hustle,money wey gofment dey collect from people hustle,100.0,True,True
engpidginedu-23957,Computer science,confidence,di freedom from doubt,,0.0,False,False
engpidginedu-06522,Business study,vehicle,motor / machine to carry load,motor / machine to carry load,100.0,True,True
engpidginedu-06522,Business study,safety,safe condition / no wahala,safe condition / no wahala,100.0,True,True
engpidginedu-18279,Computer science,grumpiness,crossness,,0.0,False,False
engpidginedu-12907,Social studies,exposure,showing body / making known,showing body / making known,100.0,True,True
engpidginedu-03168,Government,restraint,to hold body / control / limitation,to hold body / control / limitation,100.0,True,True
engpidginedu-03168,Government,communication,di activity of communicating,di activity of communicating,100.0,True,True
engpidginedu-04216,Government,recover,"na obtain money, property, or relief from court judgment","na obtain money, property, or relief from court judgment",100.0,True,True
engpidginedu-04216,Government,caused,wetin make de tin happen,wetin person tink say go happen,37.9,True,False
engpidginedu-04216,Government,offensive,something wey dey disrespect or abuse person,,0.0,False,False
engpidginedu-20022,Computer science,hello,how dem de greet person,,0.0,False,False
engpidginedu-18017,Computer science,meaningful,di meaning or purpose dey having a meaning or purpose,di mean or di median,15.24,True,False
engpidginedu-18017,Computer science,reference,citation / to point to where info dey,citation / to point to where info dey,100.0,True,True
engpidginedu-16523,Computer science,caused,wetin make de tin happen,wetin make de tin happen,100.0,True,True
engpidginedu-12659,Social studies,perpetration,di act of committing a crime or causing harm to another person,,0.0,False,False
engpidginedu-02409,Government,attend,to go meeting / follow join,,0.0,False,False
engpidginedu-02409,Government,meeting,gathering / discussion group,gathering / discussion group,100.0,True,True
engpidginedu-02409,Government,member,one person inside join-body,one person inside join-body,100.0,True,True
engpidginedu-09456,Business study,capital,moni wey person use take start business,moni wey person use take start business,100.0,True,True
engpidginedu-09456,Business study,firm,company / business office,,0.0,False,False
engpidginedu-09456,Business study,exit,where person go pass take comot somwhere,where person go pass take comot somwhere,100.0,True,True
engpidginedu-25787,Biology,features,karakata wey dey make am sweet or wey dey help,karakata wey dey make am sweet or wey dey help,100.0,True,True
engpidginedu-25787,Biology,filtration,di process wey fluid pass through filter or filtering medium,,0.0,False,False
engpidginedu-01676,Government,appeals,to carry mata go higher court because you no gree,to carry mata go higher court because you no gree,100.0,True,True
engpidginedu-13126,Social studies,traditionally,di tradition wey dey according to tradition,,0.0,False,False
engpidginedu-13126,Social studies,broad,E wide well-well / e cover many things,wide well-well / e cover many things,97.16,True,True
engpidginedu-13126,Social studies,deciding,to choose / finalize decision,,0.0,False,False
engpidginedu-01482,Government,manner,way / style / how person take do am,way / style / how person take do am,100.0,True,True
engpidginedu-13213,Social studies,permanent,something wey no go change / follow-come,,0.0,False,False
engpidginedu-24750,Biology,formed,bin make / bin arrange or build,,0.0,False,False
engpidginedu-04388,Business study,industry,hustle / big-big business area,hustle / big-big business area,100.0,True,True
engpidginedu-04388,Business study,investment,di act of investing,,0.0,False,False
engpidginedu-04388,Business study,profit,gain / better money from business,gain / better money from business,100.0,True,True
engpidginedu-14120,Computer science,beginning,from di start,from di start,100.0,True,True
engpidginedu-14120,Computer science,memorize,when person read and keep information for head,,0.0,False,False
engpidginedu-14120,Computer science,descriptive,di serving to describe or inform or characterized by description,,0.0,False,False
engpidginedu-03522,Government,appropriately,di appropriate manner for di appropriate manner,,0.0,False,False
engpidginedu-03522,Government,convicted,na wen court or jury find persin guilty of criminal charge,,0.0,False,False
engpidginedu-03522,Government,rehabilitation,di restoration of someone to useful place for society,,0.0,False,False
engpidginedu-00267,Government,capitalism,di economic system wey dey based on private ownership of capital,,0.0,False,False
engpidginedu-15420,Computer science,follows,"dey come after, becos of sometin wey don happen before",,0.0,False,False
engpidginedu-16216,Computer science,humble,wey dey simple,,0.0,False,False
engpidginedu-16216,Computer science,tool,tinwey or ogbe wey dem dey use do sometin or wok,tinwey or ogbe wey dem dey use do sometin or wok,100.0,True,True
engpidginedu-09219,Business study,organized,well-arranged / follow order,,0.0,False,False
engpidginedu-01656,Government,enacted,dem don sign am into law,,0.0,False,False
engpidginedu-01656,Government,describing,di description wey dey give a description wey dey give,,0.0,False,False
engpidginedu-01656,Government,recommendations,advice,,0.0,False,False
engpidginedu-11563,Social studies,opportunities,di possibility due to a favorable combination of circumstances,di possibility due to a favorable combination of circumstances,100.0,True,True
engpidginedu-07888,Business study,exclusion,to comot person or tin / no allow join,,0.0,False,False
engpidginedu-12885,Social studies,adult,big person / person wey don pass 18,,0.0,False,False
engpidginedu-12885,Social studies,reported,bin talk wetin happen / record,bin talk wetin happen / record,100.0,True,True
engpidginedu-12885,Social studies,rates,prices / levels / speed,prices / levels / speed,100.0,True,True
engpidginedu-00759,Government,destructive,dem dey caus destruction or much damage,,0.0,False,False
engpidginedu-00759,Government,safety,safe condition / no wahala,safe condition / no wahala,100.0,True,True
engpidginedu-16297,Computer science,smoking,to smoke / puffs,,0.0,False,False
engpidginedu-10110,English Language,educational,di process of education dey relating to di process of education,,0.0,False,False
engpidginedu-10110,English Language,aspirations,di will to succeed,,0.0,False,False
engpidginedu-16343,Computer science,failure,when tin no work out / disappointment,when tin no work out / disappointment,100.0,True,True
engpidginedu-16343,Computer science,relationships,how people follow deirselves / connections,how people follow deirselves / connections,100.0,True,True
engpidginedu-16866,Computer science,easier,no hard / simple,no hard / simple,100.0,True,True
engpidginedu-05221,Business study,decisions,final conclusions / choices,final conclusions / choices,100.0,True,True
engpidginedu-06220,Business study,contractors,builders / work people,people wey join body do business / paddy,25.98,True,False
engpidginedu-06220,Business study,sexual,mata wey concern body-to-body,,0.0,False,False
engpidginedu-10729,English Language,oral,talk-talk / wetin comot from mouth,talk-talk / to yarn,33.57,True,False
engpidginedu-09509,Business study,partnerships,business join-body / two or more people wey dey work,,0.0,False,False
engpidginedu-09509,Business study,sole,only one / him alone,only one / him alone,100.0,True,True
engpidginedu-01658,Government,foster,support / train pikin,,0.0,False,False
engpidginedu-03172,Government,request,to ask for help or info / application,to ask for help or info / application,100.0,True,True
engpidginedu-04616,Business study,secondary,level wey follow / not as important as de main one,level wey follow / not as important as de main one,100.0,True,True
engpidginedu-04616,Business study,adopted,to take pikin as your own / pick new style,,0.0,False,False
engpidginedu-25982,Biology,already,E don happen / since / before-before,,0.0,False,False
engpidginedu-08764,Business study,secrets,under-carpet mata / hidden tins,,0.0,False,False
engpidginedu-08764,Business study,patents,law pawa to own idea,,0.0,False,False
engpidginedu-08764,Business study,processes,procedures / styles to do work,,0.0,False,False
engpidginedu-04014,Government,injured,person wey get wound / damage property,person wey get wound / damage property,100.0,True,True
engpidginedu-07921,Business study,emancipation,di parent's relinquishing authority and control over a minor child,,0.0,False,False
engpidginedu-07921,Business study,proclamation,public talk / announcement,,0.0,False,False
engpidginedu-07921,Business study,truck,trailer / lorry / big motor for load,,0.0,False,False
engpidginedu-03479,Government,receipt,"na written proof say money, goods, or property done receive",,0.0,False,False
engpidginedu-24683,Computer science,bayesian,one kind of statistical method,one kind of statistical method,100.0,True,True
engpidginedu-04284,Government,post,to send message / position for work,to send message / position for work,100.0,True,True
engpidginedu-04284,Government,executed,na wen di persin dem wey suppose sign done sign contract already,,0.0,False,False
engpidginedu-24553,Computer science,frequentist,one wey like frequency way,one wey like frequency way,100.0,True,True
engpidginedu-24553,Computer science,bayesian,one kind of statistical method,,0.0,False,False
engpidginedu-10463,English Language,repeatedly,every time / again and again,,0.0,False,False
engpidginedu-25385,Biology,maximum,de highest level / e no fit pass dere,de smallest / e no fit go down pass dat level,41.97,True,False
engpidginedu-25385,Biology,covered,something wey security or insurance don take care of,,0.0,False,False
engpidginedu-10242,English Language,argue,to drag mata / try to prove point,to drag mata / try to prove point,100.0,True,True
engpidginedu-25608,Biology,sues,E carry person go kote,,0.0,False,False
engpidginedu-11147,English Language,teach,to show person de way / lecture,,0.0,False,False
engpidginedu-06685,Business study,clauses,sections inside law or agreement,sections inside law or agreement,100.0,True,True
engpidginedu-15218,Computer science,internally,di inside or from inside di inside,inside law / wetin law gree make person do,20.19,True,False
engpidginedu-15867,Computer science,fashion,style of cloth wey de popular for one time,style of cloth wey de popular for one time,100.0,True,True
engpidginedu-14404,Computer science,iteration,doing the same thing again and again,doing the same thing again and again,100.0,True,True
engpidginedu-01963,Government,expressive,di expression wey dey characterized by expression,di expression wey dey characterized by expression,100.0,True,True
engpidginedu-02391,Government,narrow,small space / not wide,small space / not wide,100.0,True,True
engpidginedu-02391,Government,professionally,di professional manner wey dey professional manner for professional manner,,0.0,False,False
engpidginedu-09746,Business study,fire,di tin wey de show when somtin de burn,di tin wey de show when somtin de burn,100.0,True,True
engpidginedu-25616,Biology,thin,lean / something wey no thick,,0.0,False,False
engpidginedu-26226,Biology,molecules,"the smallest unit of a substance, wey get atoms joined together","the smallest unit of a substance, wey get atoms joined together",100.0,True,True
engpidginedu-24832,Biology,caused,wetin make de tin happen,wetin make de tin happen,100.0,True,True
engpidginedu-24832,Biology,respiratory,di respiration wey dey pertaining to respiration,,0.0,False,False
engpidginedu-09491,Business study,forth,to come out / move forward,,0.0,False,False
engpidginedu-09491,Business study,partners,people wey join body do business / paddy,,0.0,False,False
engpidginedu-09491,Business study,partnership,di members of business venture create by contract,di members of business venture create by contract,100.0,True,True
engpidginedu-25748,Biology,freely,free-free / anyhow,,0.0,False,False
engpidginedu-00992,Government,suggestion,di idea wey dey suggest for di idea wey dey suggest,di message wey dey describing how something dey done,24.57,True,False
engpidginedu-00992,Government,scrutiny,to check mata with searchlight / deep inspection,to check mata with searchlight / deep inspection,100.0,True,True
engpidginedu-21336,Computer science,distinct,different / clear,,0.0,False,False
engpidginedu-21336,Computer science,hypotheses,di proposal wey dey suppose explain certain facts or observations,di proposal wey dey suppose explain certain facts or observations,100.0,True,True
engpidginedu-08672,Business study,trading,business / exchange,business move / to follow person do trade,34.2,True,False
engpidginedu-08672,Business study,partners,people wey join body do business / paddy,people wey join body do business / paddy,100.0,True,True
engpidginedu-21019,Computer science,highest,de oga kpatakpata / top level,,0.0,False,False
engpidginedu-02661,Government,rare,no dey plenti,,0.0,False,False
engpidginedu-02661,Government,viewpoint,how person take see de mata / opinion,how person take see de mata / opinion,100.0,True,True
engpidginedu-00929,Government,constitutionality,if e follow de law of de land,,0.0,False,False
engpidginedu-00929,Government,fourteenth,number fourteen,number fourteen,100.0,True,True
engpidginedu-00929,Government,amendments,adjustments to change law or agreement,,0.0,False,False
engpidginedu-01349,Government,proving,to show prove / confirm,,0.0,False,False
engpidginedu-01349,Government,purposes,reasons why things dey happen,reasons why things dey happen,100.0,True,True
engpidginedu-01349,Government,preferred,dem like more,,0.0,False,False
engpidginedu-18468,Computer science,fully,well,,0.0,False,False
engpidginedu-18468,Computer science,inference,to guess from numbers,to guess from numbers,100.0,True,True
engpidginedu-11063,English Language,materials,tins wey dem use for teaching,,0.0,False,False
engpidginedu-20462,Computer science,assuming,to tink say na so e be / suppose,,0.0,False,False
engpidginedu-05609,Business study,dismiss,to sack / throwey case / tell person make e go,to sack / throwey case / tell person make e go,100.0,True,True
engpidginedu-05052,Business study,making,to dey build or produce something,,0.0,False,False
engpidginedu-05052,Business study,careful,to look well / watch out,,0.0,False,False
engpidginedu-19392,Computer science,capability,to get pawa to do somtin,how numbers dey different,7.65,True,False
engpidginedu-26057,Biology,waste,to trowey something wey useful / dirt,,0.0,False,False
engpidginedu-26057,Biology,products,all de things wey dem produce to sell,all de things wey dem produce to sell,100.0,True,True
engpidginedu-03061,Government,proceedings,all de things wey dey happen for kote or meeting,,0.0,False,False
engpidginedu-03061,Government,neither,no be one or di other,no be one or di other,100.0,True,True
engpidginedu-03061,Government,restrict,to hold back / put boundary,to hold back / put boundary,100.0,True,True
engpidginedu-20133,Computer science,setting,where de mata happen / environment,where de mata happen / environment,100.0,True,True
engpidginedu-24309,Computer science,analyse,to look somtin wella to sabi am,to look somtin wella to sabi am,100.0,True,True
engpidginedu-24309,Computer science,experimental,for experiment wey dey relating to or based on experiment,for experiment wey dey relating to or based on experiment,100.0,True,True
engpidginedu-24309,Computer science,somewhere,one place,,0.0,False,False
engpidginedu-08993,Business study,extend,to make am long / increase de reach,to make am long / increase de reach,100.0,True,True
engpidginedu-25008,Biology,greater,E big pass / more-more,big pass / more-more,94.71,True,True
engpidginedu-06432,Business study,larger,wey big pass,wey big pass,100.0,True,True
engpidginedu-06432,Business study,frequent,many times / always,di quantity wey fit fulfill need or requirement but without being abundant,9.92,True,False
engpidginedu-08211,Business study,interests,all de tins wey person eyes dey look / benefits,,0.0,False,False
engpidginedu-08211,Business study,recognise,to know,,0.0,False,False
engpidginedu-02584,Government,stolen,wetin thief carry / things wey loss by force,wetin thief carry / things wey loss by force,100.0,True,True
engpidginedu-23243,Computer science,predictors,wetin fit predict,wetin fit predict,100.0,True,True
engpidginedu-05395,Business study,honest,to de always talk true and to no do wayo,,0.0,False,False
engpidginedu-05014,Business study,election,di process wey pipu de use take vote,di process wey pipu de use take vote,100.0,True,True
engpidginedu-04068,Government,negligence,"na wen persin no dey give proper care, and dis cause harm","na wen persin no dey give proper care, and dis cause harm",100.0,True,True
engpidginedu-04068,Government,impose,to force law or fine for person head,to force law or fine for person head,100.0,True,True
engpidginedu-01815,Government,neutral,no-man's land / e no follow any side,,0.0,False,False
engpidginedu-04228,Government,impose,to force law or fine for person head,to force law or fine for person head,100.0,True,True
engpidginedu-04228,Government,strict,no-nonsense / follow de rule exactly,,0.0,False,False
engpidginedu-20964,Computer science,intuition,to understand wetin somtin mean when person neva think am,,0.0,False,False
engpidginedu-20964,Computer science,statisticians,pipo wey sabi statistics,pipo wey sabi science,54.28,True,True
engpidginedu-04205,Government,libel,na false written statement wey dey damage persin reputation,,0.0,False,False
engpidginedu-04205,Government,describing,di description wey dey give a description wey dey give,,0.0,False,False
engpidginedu-11289,English Language,assign,to give value,,0.0,False,False
engpidginedu-11289,English Language,gets,E dey collect / e reach,,0.0,False,False
engpidginedu-11289,English Language,published,na wen somtin dey make known or distribute through media,,0.0,False,False
engpidginedu-16952,Computer science,situations,kinds of mata wey fit happen for one place or time,kinds of mata wey fit happen for one place or time,100.0,True,True
engpidginedu-15264,Computer science,parent,papa or mama,,0.0,False,False
engpidginedu-15264,Computer science,child,pikin / smallie,pikin / smallie,100.0,True,True
engpidginedu-02430,Government,inquiry,ask-ask / find-out,,0.0,False,False
engpidginedu-10388,English Language,achieve,to make am / reach target / blow,,0.0,False,False
engpidginedu-10388,English Language,ends,where e finish / targets,,0.0,False,False
engpidginedu-10388,English Language,effectively,sharp sharp,,0.0,False,False
engpidginedu-04106,Government,speakers,talkers / sound boxes,,0.0,False,False
engpidginedu-04106,Government,comment,remark / talk,,0.0,False,False
engpidginedu-02416,Government,stolen,wetin thief carry / things wey loss by force,wetin follow de action / outcome of wahala,16.14,True,False
engpidginedu-02416,Government,congressional,concern de law-makers / National Assembly mata,,0.0,False,False
engpidginedu-02416,Government,meeting,gathering / discussion group,gathering / discussion group,100.0,True,True
engpidginedu-18838,Computer science,mention,to talk about am small,to talk about am small,100.0,True,True
engpidginedu-13416,History,objects,things / items,things / items,100.0,True,True
engpidginedu-24947,Biology,provided,as far as / if to say / supply,as far as / if to say / supply,100.0,True,True
engpidginedu-17225,Computer science,grammar,di rules for language,,0.0,False,False
engpidginedu-23492,Computer science,concerned,to dey worried,to dey worried,100.0,True,True
engpidginedu-24670,Computer science,sentence,prison time / group of words,prison time / group of words,100.0,True,True
engpidginedu-24670,Computer science,meaningless,na no meaning or direction or purpose or purpose or purpose,di usually follow by `of',3.85,True,False
engpidginedu-25635,Biology,lost,something wey miss / person wey no find im way,something wey miss / person wey no find im way,100.0,True,True
engpidginedu-02154,Government,convey,to pass message / move something from A to B,to pass message / move something from  to,90.21,True,True
engpidginedu-04252,Government,prominent,well-known or important,,0.0,False,False
engpidginedu-04252,Government,debate,fomal talk where two pipu dey talk against each oda,fomal talk where two pipu dey talk against each oda,100.0,True,True
engpidginedu-12088,Social studies,inform,to tell / give info,,0.0,False,False
engpidginedu-12088,Social studies,clients,customers / people wey hire expert,customer / person wey hire expert for work,62.87,True,True
engpidginedu-18752,Computer science,statisticians,pipo wey sabi statistics,pipo wey sabi science,54.28,True,True
engpidginedu-18752,Computer science,nevertheless,but still,even as e be so / still yet,31.53,True,False
engpidginedu-18154,Computer science,mathematically,we dey respect to mathematics wit respect to mathematics,,0.0,False,False
engpidginedu-18154,Computer science,unit,one single piece / section,,0.0,False,False
engpidginedu-00861,Government,broader,more wide / general pass,,0.0,False,False
engpidginedu-00861,Government,erotic,somtin wey de related to konji,,0.0,False,False
engpidginedu-25723,Biology,freely,free-free / anyhow,,0.0,False,False
engpidginedu-06585,Business study,physician,doctor,,0.0,False,False
engpidginedu-25545,Biology,decrease,make somtin de turn to small,make somtin de turn to small,100.0,True,True
engpidginedu-25545,Biology,ratio,wey get true zero,wey get true zero,100.0,True,True
engpidginedu-25413,Biology,extend,to make am long / increase de reach,to make am long / increase de reach,100.0,True,True
engpidginedu-11845,Social studies,unnecessary,we no need necessary,we no dey known or well known or well known,15.15,True,False
engpidginedu-22944,Computer science,equally,same-same / level ground,same-same / level ground,100.0,True,True
engpidginedu-22944,Computer science,straightforward,di ambiguity dey free from ambiguity,di ambiguity dey free from ambiguity,100.0,True,True
engpidginedu-22944,Computer science,variability,how numbers dey different,,0.0,False,False
engpidginedu-23859,Computer science,statisticians,pipo wey sabi statistics,pipo wey sabi science,54.28,True,True
engpidginedu-23324,Computer science,distributed,how dem put themselves,how dem put themselves,100.0,True,True
engpidginedu-05161,Business study,preserving,di cause to remain or last,,0.0,False,False
engpidginedu-09828,Business study,alleged,wetin dem talk say happen but never get proof,wetin dem talk say happen but never get proof,100.0,True,True
engpidginedu-09828,Business study,discriminatory,to partial / treat person bad because of who dem be,,0.0,False,False
engpidginedu-09828,Business study,taking,to carry / to collect,,0.0,False,False
engpidginedu-11384,Social studies,enforcement,di act of enforcing,di act of enforcing,100.0,True,True
engpidginedu-10472,English Language,relief,better feeling / wetin person get from kote,to keep for hand / possession of property,12.74,True,False
engpidginedu-10472,English Language,contact,to touch / reach out to person / connection,,0.0,False,False
engpidginedu-10472,English Language,email,electronic message wey person de send or collect on top internet,electronic message wey person de send or collect on top internet,100.0,True,True
engpidginedu-22345,Computer science,relies,E lean on / trust,lean on / trust,92.01,True,True
engpidginedu-22345,Computer science,extent,how far de tin reach / level,how far de tin reach / level,100.0,True,True
engpidginedu-02876,Government,entitled,to get right to something / e gats reach your hand,to get right to something / e gats reach your hand,100.0,True,True
engpidginedu-23375,Computer science,indicating,di signal wey be signal for or symptom of symptom of,di signal wey be signal for or symptom of symptom of,100.0,True,True
engpidginedu-05657,Business study,statutes,laws wey dem write put for book,,0.0,False,False
engpidginedu-05657,Business study,forth,to come out / move forward,,0.0,False,False
engpidginedu-05657,Business study,defendants,people wey dem carry go court to answer mata,people wey join body do business / paddy,24.73,True,False
engpidginedu-04447,Business study,jurisprudence,way to reason law,way to settle de damage / solution,25.35,True,False
engpidginedu-04447,Business study,greater,E big pass / more-more,,0.0,False,False
engpidginedu-04018,Government,impose,to force law or fine for person head,to force law or fine for person head,100.0,True,True
engpidginedu-06559,Business study,interstate,between two or more states / travels,,0.0,False,False
engpidginedu-06559,Business study,commerce,big-time buying and selling,big-time buying and selling,100.0,True,True
engpidginedu-16095,Computer science,annoying,e dey vex,,0.0,False,False
engpidginedu-22740,Computer science,curious,make person wan know somtin wey e no sabi before,,0.0,False,False
engpidginedu-09357,Business study,encourage,to ginger / support,to ginger / support,100.0,True,True
engpidginedu-09357,Business study,violate,to break law / go against rule,,0.0,False,False
engpidginedu-09357,Business study,training,to learn work / practice to sabi something well,,0.0,False,False
engpidginedu-07031,Business study,merchants,many big traders / market people,,0.0,False,False
engpidginedu-07031,Business study,purchase,to buy market / transaction,to buy market / transaction,100.0,True,True
engpidginedu-07031,Business study,materials,tins wey dem use for teaching,tins wey dem use for teaching,100.0,True,True
engpidginedu-14623,Computer science,recover,"na obtain money, property, or relief from court judgment","na obtain money, property, or relief from court judgment",100.0,True,True
engpidginedu-14623,Computer science,files,folders / official papers / computer data,folders / official papers / computer data,100.0,True,True
engpidginedu-08577,Business study,owned,wetin person get for hand / property,wetin person get for hand / property,100.0,True,True
engpidginedu-03858,Government,inconsistent,E dey show lack of consistency,,0.0,False,False
engpidginedu-12680,Social studies,couple,two / husband and wife,two / husband and wife,100.0,True,True
engpidginedu-12680,Social studies,adult,big person / person wey don pass 18,,0.0,False,False
engpidginedu-16352,Computer science,mistake,error / skip / something wey person no do well,error / skip / something wey person no do well,100.0,True,True
engpidginedu-16352,Computer science,mention,to talk about am small,,0.0,False,False
engpidginedu-06096,Business study,mediation,follow-dem-talk-make-dem-settle,follow-dem-talk-make-dem-settle,100.0,True,True
engpidginedu-00849,Government,sought,bin find / bin look for,bin find / bin look for,100.0,True,True
engpidginedu-00849,Government,punish,to discipline / give wahala,to discipline / give wahala,100.0,True,True
engpidginedu-00849,Government,communication,di activity of communicating,di activity of communicating,100.0,True,True
engpidginedu-09132,Business study,convicted,na wen court or jury find persin guilty of criminal charge,na wen court or jury find persin guilty of criminal charge,100.0,True,True
engpidginedu-10301,English Language,unfamiliar,we no dey known or well known or well known,we no dey known or well known or well known,100.0,True,True
engpidginedu-13042,Social studies,challenges,di demanding or stimulating situation a demanding or stimulating situation,di demanding or stimulating situation a demanding or stimulating situation,100.0,True,True
engpidginedu-12024,Social studies,decrease,make somtin de turn to small,make somtin de turn to small,100.0,True,True
engpidginedu-17349,Computer science,selling,to trade market / business,,0.0,False,False
engpidginedu-04511,Business study,fairness,equal treatment / no wayo,equal treatment / no wayo,100.0,True,True
engpidginedu-02519,Government,expressing,di expression wey dey give expression to give expression,,0.0,False,False
engpidginedu-02519,Government,sacrifice,give up beta tin for anoda,,0.0,False,False
engpidginedu-02519,Government,accomplishment,di action of accomplishing something,,0.0,False,False
engpidginedu-14547,Computer science,folder,di place wey you keep work,many different-different types,8.96,True,False
engpidginedu-12190,Social studies,root,di main place wey everything start,di main place wey everything start,100.0,True,True
engpidginedu-12155,Social studies,recognition,to sabi person / award,,0.0,False,False
engpidginedu-12155,Social studies,older,senior / old pass,mistakes / faults,9.39,True,False
engpidginedu-05027,Business study,election,di process wey pipu de use take vote,di process wey pipu de use take vote,100.0,True,True
engpidginedu-19827,Computer science,subtraction,minus,,0.0,False,False
engpidginedu-01061,Government,deliver,to carry something reach owner hand,to carry something reach owner hand,100.0,True,True
engpidginedu-12545,Social studies,vast,very big / plenty,,0.0,False,False
engpidginedu-11866,Social studies,regularly,steady / every time,,0.0,False,False
engpidginedu-12003,Social studies,unions,join-body groups / workers association,join-body / workers' group,48.64,True,False
engpidginedu-07733,Business study,mills,factories / places where dem dey grind things,,0.0,False,False
engpidginedu-07733,Business study,beach,di place wey get sand or small small stone beside oshimiri,,0.0,False,False
engpidginedu-02203,Government,expressly,direct / dem talk am clear-clear,,0.0,False,False
engpidginedu-02203,Government,construction,di act of construct something,,0.0,False,False
engpidginedu-02203,Government,precise,correct / exact,,0.0,False,False
engpidginedu-24934,Biology,excess,extra / surplus,extra / surplus,100.0,True,True
engpidginedu-24934,Biology,raises,to carry go up / add money,,0.0,False,False
engpidginedu-01140,Government,nations,obodo / different-different countries,obodo / different-different countries,100.0,True,True
engpidginedu-25805,Biology,flow,to move steady / water waka,to move steady / water waka,100.0,True,True
engpidginedu-19908,Computer science,copy,photocopy / duplicate,,0.0,False,False
engpidginedu-24599,Computer science,beliefs,wetin you believe,wetin you believe,100.0,True,True
engpidginedu-24599,Computer science,hypotheses,di proposal wey dey suppose explain certain facts or observations,di proposal wey dey suppose explain certain facts or observations,100.0,True,True
engpidginedu-24599,Computer science,revised,dem check am again / change small,,0.0,False,False
engpidginedu-26079,Biology,ratio,wey get true zero,wey get true zero,100.0,True,True
engpidginedu-13310,Social studies,unauthorized,without go-ahead / illegal move,,0.0,False,False
engpidginedu-02458,Government,inevitable,di unavoidable event don dey unavoidable event,,0.0,False,False
engpidginedu-02458,Government,views,how people take see de mata,how people take see de mata,100.0,True,True
engpidginedu-02458,Government,seeks,person wey dey find / look for,person wey dey find / look for,100.0,True,True
engpidginedu-01879,Government,ordinance,local government law / official order,local government law / official order,100.0,True,True
engpidginedu-01879,Government,expressive,di expression wey dey characterized by expression,di expression wey dey characterized by expression,100.0,True,True
engpidginedu-24661,Computer science,daily,make somtin de sup every day,,0.0,False,False
engpidginedu-24661,Computer science,humans,pipo,pipo,100.0,True,True
engpidginedu-24661,Computer science,meaningful,di meaning or purpose dey having a meaning or purpose,di meaning or purpose dey having a meaning or purpose,100.0,True,True
engpidginedu-08996,Business study,warrant,official paper to arrest person or search house,official paper to arrest person or search house,100.0,True,True
engpidginedu-08996,Business study,probable,likely / fit happen,,0.0,False,False
engpidginedu-14252,Computer science,items,different things / materials,different things / materials,100.0,True,True
engpidginedu-11552,Social studies,rebuttal,A strong argument wey person give to fight against an accusation,,0.0,False,False
engpidginedu-11552,Social studies,processing,di prescribed procedure dey preparing or putting through a prescribed procedure,,0.0,False,False
engpidginedu-23816,Computer science,comparison,di act of examining resemblances wey dey examinin resemblances,,0.0,False,False
engpidginedu-01387,Government,crowd,many pipu wey stay for on place,,0.0,False,False
engpidginedu-01387,Government,began,bin start / how e take take off,bin start / how e take take off,100.0,True,True
engpidginedu-14545,Computer science,communicate,di transmit information wey dem transmit information,di transmit information wey dem transmit information,100.0,True,True
engpidginedu-22602,Computer science,larger,wey big pass,wey big pass,100.0,True,True
engpidginedu-05460,Business study,complexities,di quality of being intricate and compounded,organizations / separate things or bodies,14.31,True,False
engpidginedu-05460,Business study,success,victory / when plan work well,victory / when plan work well,100.0,True,True
engpidginedu-05460,Business study,representing,standing for person,,0.0,False,False
engpidginedu-19746,Computer science,coerce,to change by force,,0.0,False,False
engpidginedu-10043,English Language,critique,analysis of somtin wey dey detailed,,0.0,False,False
engpidginedu-10043,English Language,communicative,dem dey relating to communication of or relating to communication,,0.0,False,False
engpidginedu-10043,English Language,limiting,to hold back / put boundary,,0.0,False,False
engpidginedu-21657,Computer science,feasible,somtin wey de possible,,0.0,False,False
engpidginedu-21657,Computer science,successfully,for successful manner,"for no time intervening, without delay or hesitation",12.58,True,False
engpidginedu-02623,Government,stolen,wetin thief carry / things wey loss by force,wetin thief carry / things wey loss by force,100.0,True,True
engpidginedu-02623,Government,meant,bin get de sense say / intention,bin get de sense say / intention,100.0,True,True
engpidginedu-26223,Biology,aspects,different sides of de mata,,0.0,False,False
engpidginedu-10525,English Language,provided,as far as / if to say / supply,as far as / if to say / supply,100.0,True,True
engpidginedu-10525,English Language,seeking,to look for / desire,to look for / desire,100.0,True,True
engpidginedu-09626,Business study,elect,to vote person / pick,,0.0,False,False
engpidginedu-09626,Business study,authorized,person or tin wey get go-ahead / dem don give license,person wey put body for de work,17.46,True,False
engpidginedu-09626,Business study,asset,property / wetin person get,,0.0,False,False
engpidginedu-17874,Computer science,measures,to measure,to measure,100.0,True,True
engpidginedu-17874,Computer science,mode,di one wey show most,di one wey show most,100.0,True,True
engpidginedu-14110,Computer science,comment,remark / talk,remark / talk,100.0,True,True
engpidginedu-14110,Computer science,assign,to give value,,0.0,False,False
engpidginedu-23825,Computer science,possibility,something wey fit happen / chance dey,something wey fit happen / chance dey,100.0,True,True
engpidginedu-02707,Government,distinction,di difference,di difference,100.0,True,True
engpidginedu-02707,Government,extent,how far de tin reach / level,how far de tin reach / level,100.0,True,True
engpidginedu-08739,Business study,registered,show,,0.0,False,False
engpidginedu-08739,Business study,domain,area / website address,area / website address,100.0,True,True
engpidginedu-17015,Computer science,specifying,di condition or requirement for contract or agreement,,0.0,False,False
engpidginedu-12037,Social studies,arrived,reach ground / show face,,0.0,False,False
engpidginedu-12037,Social studies,greatest,de highest / de boss,,0.0,False,False
engpidginedu-16302,Computer science,half,one of two tins wey de equal from anoda tin,one of two tins wey de equal from anoda tin,100.0,True,True
engpidginedu-16259,Computer science,reliability,how reliable something be,how reliable something be,100.0,True,True
engpidginedu-11109,English Language,notebook,one kind for Windows,,0.0,False,False
engpidginedu-12669,Social studies,greater,E big pass / more-more,,0.0,False,False
engpidginedu-14409,Computer science,happy,make person like wetin de happen,make person like wetin de happen,100.0,True,True
engpidginedu-13107,Social studies,documents,files / papers wey get important info,files / papers wey get important info,100.0,True,True
engpidginedu-14318,Computer science,assign,to give value,,0.0,False,False
engpidginedu-14318,Computer science,named,mention name / title,,0.0,False,False
engpidginedu-12059,Social studies,contributions,support / money wey people join together,support / money wey people join together,100.0,True,True
engpidginedu-12059,Social studies,contribute,di quality wey dey bestow a quality on top quality on top,di quality of having inferior or less favorable position,25.24,True,False
engpidginedu-12059,Social studies,amounts,figures / total quantities,,0.0,False,False
engpidginedu-08952,Business study,indeed,true-true / na so / for real,,0.0,False,False
engpidginedu-08952,Business study,causes,"all de ""why"" behind de mata",,0.0,False,False
engpidginedu-21487,Computer science,somewhere,one place,,0.0,False,False
engpidginedu-01566,Government,deliver,to carry something reach owner hand,to carry something reach owner hand,100.0,True,True
engpidginedu-09375,Business study,recall,to remember,,0.0,False,False
engpidginedu-01199,Government,violent,vawulence / rough play,,0.0,False,False
engpidginedu-08300,Business study,profits,gain / extra money wey comot from business,,0.0,False,False
engpidginedu-17794,Computer science,base,foundation / where tin start from,foundation / where tin start from,100.0,True,True
engpidginedu-10160,English Language,rhetorical,talk for talk sake / grammar,talk for talk sake / grammar,100.0,True,True
engpidginedu-10160,English Language,grip,to hold somtin well,,0.0,False,False
engpidginedu-10341,English Language,located,E dey for dat side / position,dey processing a photosensitive material for order make image visible,21.86,True,False
engpidginedu-10341,English Language,ongoing,E still dey go on,,0.0,False,False
engpidginedu-01373,Government,successfully,for successful manner,"for no time intervening, without delay or hesitation",12.58,True,False
engpidginedu-06536,Business study,debate,fomal talk where two pipu dey talk against each oda,fomal talk where two pipu dey talk against each oda,100.0,True,True
engpidginedu-06605,Business study,popularity,di quality of being widely admired or accepted or sought am,,0.0,False,False
engpidginedu-06605,Business study,transactions,all de business moves wey involve exchange,,0.0,False,False
engpidginedu-06605,Business study,sellers,people wey dey trade market,,0.0,False,False
engpidginedu-09615,Business study,vote,to choose leader / drop thumbprint,to choose leader / drop thumbprint,100.0,True,True
engpidginedu-01211,Government,enforce,to force people make dem follow law,,0.0,False,False
engpidginedu-02067,Government,commit,to do bad tin / to promise to do work,to do bad tin / to promise to do work,100.0,True,True
engpidginedu-04418,Business study,dynamic,"something wey fit change, e no just stay one place",,0.0,False,False
engpidginedu-20700,Computer science,maximum,de highest level / e no fit pass dere,,0.0,False,False
engpidginedu-15224,Computer science,items,different things / materials,different things / materials,100.0,True,True
engpidginedu-15224,Computer science,attributes,di construct wey objects or individuals dey distinguished,di construct wey objects or individuals dey distinguished,100.0,True,True
engpidginedu-21063,Computer science,australian,di native or inhabitant of Australia,,0.0,False,False
engpidginedu-24804,Biology,functionally,for function wey dey respect to function,,0.0,False,False
engpidginedu-24804,Biology,regulating,di act of controlling or directing according to rule,,0.0,False,False
engpidginedu-10895,English Language,restaurant,di building wey dem go eat pipo go eat,di building wey pipu de live for,45.46,True,False
engpidginedu-10895,English Language,management,di act of managing something,di act of managing something,100.0,True,True
engpidginedu-10895,English Language,seen,bin see am / dem don notice,,0.0,False,False
engpidginedu-03396,Government,jail,prison / kashot / cell,prison / kashot / cell,100.0,True,True
engpidginedu-11298,English Language,approval,go-ahead / when oga gree,,0.0,False,False
engpidginedu-02213,Government,indicates,dey show,laws wey dem write put for book,12.91,True,False
engpidginedu-00532,Government,concerning,na relevant to dey relevant to dey relevant,na relevant to dey relevant to dey relevant,100.0,True,True
engpidginedu-08311,Business study,permission,di approval to do something,di approval to do something,100.0,True,True
engpidginedu-08311,Business study,estate,all de property wey person leave when e die / big land,,0.0,False,False
engpidginedu-12677,Social studies,learned,sabi person / someone wey read book well,,0.0,False,False
engpidginedu-12677,Social studies,increased,E don big pass before / e climb,don big pass before / e climb,96.22,True,True
engpidginedu-01426,Government,consequently,because of dat / wetin follow,"for short intervals, many times for short intervals",12.61,True,False
engpidginedu-01426,Government,constitutionally,follow wetin de grand-papa law talk,,0.0,False,False
engpidginedu-01426,Government,violating,to break law / mess up rule,,0.0,False,False
engpidginedu-12794,Social studies,lives,different people life,,0.0,False,False
engpidginedu-00666,Government,powers,pawa / authority,,0.0,False,False
engpidginedu-00666,Government,defeat,to beat / win person,,0.0,False,False
engpidginedu-00666,Government,ease,somtin wey no hard,,0.0,False,False
engpidginedu-02217,Government,intend,plan to / mind set,plan to / mind set,100.0,True,True
engpidginedu-11816,Social studies,regarded,see am as / tink say,,0.0,False,False
engpidginedu-17153,Computer science,applied,wetin dem use work / put into action,wetin dem use work / put into action,100.0,True,True
engpidginedu-25294,Biology,internal,for inside,,0.0,False,False
engpidginedu-21770,Computer science,experimental,for experiment wey dey relating to or based on experiment,,0.0,False,False
engpidginedu-21770,Computer science,deck,flat floor,,0.0,False,False
engpidginedu-21770,Computer science,suit,na wen one persin carry anoda persin go court to seek justice,na wen one persin carry anoda persin go court to seek justice,100.0,True,True
engpidginedu-06137,Business study,arbitrator,middle-man wey dey settle palava,,0.0,False,False
engpidginedu-06137,Business study,proceedings,all de things wey dey happen for kote or meeting,all de tins wey person eyes dey look / benefits,26.91,True,False
engpidginedu-13650,History,immediately,"for no time intervening, without delay or hesitation","for no time intervening, without delay or hesitation",100.0,True,True
engpidginedu-13650,History,site,building ground / location,building ground / location,100.0,True,True
engpidginedu-07882,Business study,wait,to stay / hold on / delay,,0.0,False,False
engpidginedu-07882,Business study,armed,get weapon / gun-dey,get weapon / gun-dey,100.0,True,True
engpidginedu-07882,Business study,fire,di tin wey de show when somtin de burn,di tin wey de show when somtin de burn,100.0,True,True
engpidginedu-20146,Computer science,constant,somtin wey no de change,somtin wey no de change,100.0,True,True
engpidginedu-00051,Government,prohibiting,"law wey say ""no do am"" / ban",,0.0,False,False
engpidginedu-00051,Government,numerous,plenty-plenty / dem many,plenty-plenty / dem many,100.0,True,True
engpidginedu-00051,Government,controversies,"na disagreements or legal disputes between parties about rights, obligations, or facts",,0.0,False,False
engpidginedu-14065,Computer science,assign,to give value,,0.0,False,False
engpidginedu-14065,Computer science,named,mention name / title,,0.0,False,False
engpidginedu-09544,Business study,products,all de things wey dem produce to sell,all de things wey dem produce to sell,100.0,True,True
engpidginedu-04704,Business study,powers,pawa / authority,,0.0,False,False
engpidginedu-04704,Business study,enforce,to force people make dem follow law,,0.0,False,False
engpidginedu-23545,Computer science,formal,official way / follow-follow rule,,0.0,False,False
engpidginedu-07927,Business study,estate,all de property wey person leave when e die / big land,all de tins wey person eyes dey look / benefits,30.44,True,False
engpidginedu-07927,Business study,reflect,to show,to show,100.0,True,True
engpidginedu-20707,Computer science,meaningless,na no meaning or direction or purpose or purpose or purpose,di meaning or purpose dey having a meaning or purpose,45.28,True,False
engpidginedu-19553,Computer science,split,divide / tear,divide / tear,100.0,True,True
engpidginedu-16378,Computer science,strict,no-nonsense / follow de rule exactly,,0.0,False,False
engpidginedu-02058,Government,beach,di place wey get sand or small small stone beside oshimiri,,0.0,False,False
engpidginedu-26039,Biology,synthesize,joining different things together to make one complete thing,,0.0,False,False
engpidginedu-07813,Business study,suing,carrying to court,,0.0,False,False
engpidginedu-07813,Business study,manufacturer,na persin or company wey dey make goods for sell,na persin or company wey dey make goods for sell,100.0,True,True
engpidginedu-07813,Business study,defect,fault / damage,,0.0,False,False
engpidginedu-01564,Government,materials,tins wey dem use for teaching,tins wey dem use for teaching,100.0,True,True
engpidginedu-01564,Government,communications,talk-talk / passing message / network,di activity of communicating,7.7,True,False
engpidginedu-03992,Government,remedy,way to settle de damage / solution,way to settle de damage / solution,100.0,True,True
engpidginedu-03992,Government,thereby,by dat way / because of dat,,0.0,False,False
engpidginedu-03992,Government,adverse,bad / against progress,,0.0,False,False
engpidginedu-07786,Business study,began,bin start / how e take take off,bin start / how e take take off,100.0,True,True
engpidginedu-25141,Biology,core,de main-main part / de heart of de matter,,0.0,False,False
engpidginedu-03643,Government,dissent,to no gree / judge wey get different mind,to no gree / judge wey get different mind,100.0,True,True
engpidginedu-03643,Government,makes,to dey build or create,,0.0,False,False
engpidginedu-17294,Computer science,installed,wey dey present,,0.0,False,False
engpidginedu-17294,Computer science,loaded,wey don start,wey don start,100.0,True,True
engpidginedu-25013,Biology,carbon,chemical wey God create wey de inside everi living tin,chemical wey od create wey de inside everi living tin,92.02,True,True
engpidginedu-25013,Biology,bond,connection / legal paper for money or bail,,0.0,False,False
engpidginedu-25013,Biology,split,divide / tear,,0.0,False,False
engpidginedu-24605,Computer science,frequentist,one wey like frequency way,,0.0,False,False
engpidginedu-24605,Computer science,bayesian,one kind of statistical method,,0.0,False,False
engpidginedu-17983,Computer science,core,de main-main part / de heart of de matter,,0.0,False,False
engpidginedu-17983,Computer science,mode,di one wey show most,,0.0,False,False
engpidginedu-08386,Business study,making,to dey build or produce something,,0.0,False,False
engpidginedu-08386,Business study,rich,money-miss-road / wealthy,,0.0,False,False
engpidginedu-00622,Government,manner,way / style / how person take do am,way / style / how person take do am,100.0,True,True
engpidginedu-00622,Government,inconsistent,E dey show lack of consistency,,0.0,False,False
engpidginedu-20163,Computer science,execute,to do wetin you tell am,to do wetin you tell am,100.0,True,True
engpidginedu-23119,Computer science,introduced,di cause to kom know personally,,0.0,False,False
engpidginedu-04547,Business study,differentiate,di mark as different mark as different,,0.0,False,False
engpidginedu-22808,Computer science,grumpiness,crossness,,0.0,False,False
engpidginedu-15481,Computer science,item,single thing / article,single thing / article,100.0,True,True
engpidginedu-15481,Computer science,reference,citation / to point to where info dey,citation / to point to where info dey,100.0,True,True
engpidginedu-15481,Computer science,elsewhere,for anoda place,,0.0,False,False
engpidginedu-01255,Government,extend,to make am long / increase de reach,to make am long / increase de reach,100.0,True,True
engpidginedu-01255,Government,domestic,house mata / local tin,,0.0,False,False
engpidginedu-04508,Business study,viewed,bin see / bin check am out,,0.0,False,False
engpidginedu-04508,Business study,determining,to finalize / find de real answer,,0.0,False,False
engpidginedu-10986,English Language,proficient,for having or show knowledge and skill and aptitude and aptitude,,0.0,False,False
engpidginedu-10986,English Language,infrequently,but many times wey dey no many times,"for short intervals, many times for short intervals",27.52,True,False
engpidginedu-10986,English Language,experienced,sabi person / person wey don see things,wetin person tink say go happen,23.5,True,False
engpidginedu-21297,Computer science,relational,dem having relation or being related,,0.0,False,False
engpidginedu-03246,Government,union,join-body / workers' group,,0.0,False,False
engpidginedu-07357,Business study,duties,responsibilities / wetin person gats do,responsibilities / wetin person gats do,100.0,True,True
engpidginedu-07357,Business study,discharge,"na wen court release defendant from charge, or cancel debt or obligation",,0.0,False,False
engpidginedu-02674,Government,argue,to drag mata / try to prove point,,0.0,False,False
engpidginedu-12653,Social studies,consequences,wetin follow de action / outcome of wahala,wetin follow de action / outcome of wahala,100.0,True,True
engpidginedu-12653,Social studies,features,karakata wey dey make am sweet or wey dey help,karakata wey dey make am sweet or wey dey help,100.0,True,True
engpidginedu-12253,Social studies,cook,person wey de prepare foor,,0.0,False,False
engpidginedu-16449,Computer science,assessing,checking levels,,0.0,False,False
engpidginedu-16449,Computer science,measurement,to measure something,to measure something,100.0,True,True
engpidginedu-12991,Social studies,prevention,di act of preventing di act of preventing,,0.0,False,False
engpidginedu-12991,Social studies,communities,neighborhood / groups of people,,0.0,False,False
engpidginedu-01745,Government,prohibiting,"law wey say ""no do am"" / ban",,0.0,False,False
engpidginedu-01745,Government,demonstration,di act of present something to sight or view,,0.0,False,False
engpidginedu-13595,History,render,to give / provide / perform service,,0.0,False,False
engpidginedu-13595,History,easily,soft work / e no hard at all,soft work / e no hard at all,100.0,True,True
engpidginedu-00873,Government,broader,more wide / general pass,,0.0,False,False
engpidginedu-00873,Government,effectively,sharp sharp,sharp sharp,100.0,True,True
engpidginedu-00873,Government,silence,quiet / no talk,as e turn out,13.2,True,False
engpidginedu-11455,Social studies,ever,anytime / since world start,anytime / since world start,100.0,True,True
engpidginedu-07275,Business study,legally,inside law / wetin law gree make person do,inside law / wetin law gree make person do,100.0,True,True
engpidginedu-03005,Government,trials,court cases / testing,,0.0,False,False
engpidginedu-03005,Government,election,di process wey pipu de use take vote,,0.0,False,False
engpidginedu-14335,Computer science,opportunity,chance / open door,chance / open door,100.0,True,True
engpidginedu-14335,Computer science,easier,no hard / simple,no hard / simple,100.0,True,True
engpidginedu-14335,Computer science,debug,the work of finding and fixing mistakes in a program,,0.0,False,False
engpidginedu-04085,Government,refuse,to no gree / to reject,,0.0,False,False
engpidginedu-23311,Computer science,central,main side / middle / very important,main side / middle / very important,100.0,True,True
engpidginedu-25212,Biology,waste,to trowey something wey useful / dirt,,0.0,False,False
engpidginedu-12163,Social studies,furthermore,join join / more-so,,0.0,False,False
engpidginedu-12163,Social studies,debt,na money wey persin suppose pay to anoda persin or entity,,0.0,False,False
engpidginedu-21010,Computer science,sets,to arrange / put things for order,to arrange / put things for order,100.0,True,True
engpidginedu-08192,Business study,owned,wetin person get for hand / property,wetin person tink say go happen,38.44,True,False
engpidginedu-04535,Business study,allowed,bin give chance / bin gree,bin give chance / bin gree,100.0,True,True
engpidginedu-04535,Business study,racial,mata about tribe or de color of person skin,mata about tribe or de color of person skin,100.0,True,True
engpidginedu-19813,Computer science,relative,connection / family person,connection / family person,100.0,True,True
engpidginedu-19813,Computer science,occurs,E dey happen / e dey show face,,0.0,False,False
engpidginedu-19813,Computer science,standardised,di standard evaluate by comparing wit standard standard,,0.0,False,False
engpidginedu-06543,Business study,disagreement,say dem no agree,,0.0,False,False
engpidginedu-06543,Business study,domestic,house mata / local tin,,0.0,False,False
engpidginedu-06543,Business study,commerce,big-time buying and selling,big-time buying and selling,100.0,True,True
engpidginedu-05310,Business study,received,wetin enter hand / something wey person collect,,0.0,False,False
engpidginedu-05310,Business study,petitions,formal begs / applications,people wey start case or request for court,12.63,True,False
engpidginedu-17283,Computer science,already,E don happen / since / before-before,don happen / since / before-before,97.06,True,True
engpidginedu-12513,Social studies,identifying,finding out / sabi,,0.0,False,False
engpidginedu-12513,Social studies,making,to dey build or produce something,,0.0,False,False
engpidginedu-09233,Business study,payments,money matters / paying of bills,money matters / paying of bills,100.0,True,True
engpidginedu-25436,Biology,frequently,"for short intervals, many times for short intervals","for short intervals, many times for short intervals",100.0,True,True
engpidginedu-14437,Computer science,progress,movement / improvement,movement / improvement,100.0,True,True
engpidginedu-12053,Social studies,restrict,to hold back / put boundary,,0.0,False,False
engpidginedu-12053,Social studies,permission,di approval to do something,,0.0,False,False
engpidginedu-12053,Social studies,benefits,better-better tins wey person gain,better-better tins wey person gain,100.0,True,True
engpidginedu-15368,Computer science,modeling,using math to represent how a real thing work,,0.0,False,False
engpidginedu-10140,English Language,positively,dem dey extremely extremely,,0.0,False,False
engpidginedu-10140,English Language,linguistic,dem dey dey related to language,dem dey dey related to language,100.0,True,True
engpidginedu-17498,Computer science,central,main side / middle / very important,main side / middle / very important,100.0,True,True
engpidginedu-07667,Business study,supplement,for di end of di publication,,0.0,False,False
engpidginedu-07667,Business study,caused,wetin make de tin happen,wetin make de tin happen,100.0,True,True
engpidginedu-07667,Business study,manufacturer,na persin or company wey dey make goods for sell,na persin or company wey dey make goods for sell,100.0,True,True
engpidginedu-09336,Business study,entirely,kpatakpata / everything complete,kpatakpata / everything complete,100.0,True,True
engpidginedu-23579,Computer science,models,samples / fine people for picture,samples / fine people for picture,100.0,True,True
engpidginedu-22163,Computer science,introductory,di serving to open or begin,,0.0,False,False
engpidginedu-11937,Social studies,proposed,to suggest / plan wey dem bring out for discussion,to suggest / plan wey dem bring out for discussion,100.0,True,True
engpidginedu-11937,Social studies,admissions,to gree say na you do am / entrance to school,entrance / to gree say person enter,40.32,True,False
engpidginedu-13463,History,numerous,plenty-plenty / dem many,plenty-plenty / dem many,100.0,True,True
engpidginedu-13463,History,coming,E dey come,,0.0,False,False
engpidginedu-13463,History,defend,to back person / fight for your right,to back person / fight for your right,100.0,True,True
engpidginedu-23631,Computer science,mention,to talk about am small,to talk about am small,100.0,True,True
engpidginedu-05424,Business study,standing,level / position / right to carry mata go kote,level / position / right to carry mata go kote,100.0,True,True
engpidginedu-20471,Computer science,relying,to lean on / trust person,,0.0,False,False
engpidginedu-20471,Computer science,frequentist,one wey like frequency way,one wey like frequency way,100.0,True,True
engpidginedu-05925,Business study,settled,bin settle / no more wahala,,0.0,False,False
engpidginedu-05925,Business study,tried,bin try / test,,0.0,False,False
engpidginedu-05316,Business study,poor,sapa / person wey no get money,sapa / person wey no get money,100.0,True,True
engpidginedu-05316,Business study,convicted,na wen court or jury find persin guilty of criminal charge,na wen court or jury find persin guilty of criminal charge,100.0,True,True
engpidginedu-05316,Business study,handwritten,di hand wey hand written by hand,,0.0,False,False
engpidginedu-05054,Business study,routinely,normal-normal / steady,normal-normal / steady,100.0,True,True
engpidginedu-05054,Business study,confirm,to make sure,,0.0,False,False
engpidginedu-05054,Business study,choices,different-different options,different-different options,100.0,True,True
engpidginedu-12344,Social studies,institute,place wey de for skul or to de research,di midu of somtin,4.83,True,False
engpidginedu-04294,Government,abandonment,di act of giving something up,,0.0,False,False
engpidginedu-20251,Computer science,hill,ground wey go up but e no reach mountain,,0.0,False,False
engpidginedu-11035,English Language,seeking,to look for / desire,,0.0,False,False
engpidginedu-24441,Computer science,entirely,kpatakpata / everything complete,kpatakpata / everything complete,100.0,True,True
engpidginedu-17687,Computer science,capacity,di highest wey somtin fit contain or do,di highest wey somtin fit contain or do,100.0,True,True
engpidginedu-17687,Computer science,older,senior / old pass,,0.0,False,False
engpidginedu-09692,Business study,statutes,laws wey dem write put for book,laws wey dem write put for book,100.0,True,True
engpidginedu-09692,Business study,contact,to touch / reach out to person / connection,to touch / reach out to person / connection,100.0,True,True
engpidginedu-02528,Government,chosen,picked / de one wey dem select,picked / de one wey dem choose,74.72,True,True
engpidginedu-02528,Government,achieve,to make am / reach target / blow,to make am / reach target / blow,100.0,True,True
engpidginedu-05077,Business study,appointed,picked / dem don choose person,,0.0,False,False
engpidginedu-05077,Business study,confirm,to make sure,,0.0,False,False
engpidginedu-05077,Business study,election,di process wey pipu de use take vote,,0.0,False,False
engpidginedu-04507,Business study,comply,to follow rule / obey wetin dem talk,,0.0,False,False
engpidginedu-04507,Business study,compulsory,for rule wey dey required by rule,,0.0,False,False
engpidginedu-04507,Business study,conscription,di compulsory military service service compulsory military service,,0.0,False,False
engpidginedu-06291,Business study,wait,to stay / hold on / delay,to stay / hold on / delay,100.0,True,True
engpidginedu-15934,Computer science,honest,to de always talk true and to no do wayo,to carry pickin take as your own / follow a style,17.53,True,False
engpidginedu-07018,Business study,minors,small children / under-age,,0.0,False,False
engpidginedu-07018,Business study,capacity,di highest wey somtin fit contain or do,di highest wey somtin fit contain or do,100.0,True,True
engpidginedu-07018,Business study,sole,only one / him alone,,0.0,False,False
engpidginedu-10120,English Language,directors,big ogas wey dey control company,deep students / book people,8.96,True,False
engpidginedu-00597,Government,justification,reason why dem do wetin dem do,,0.0,False,False
engpidginedu-00597,Government,historic,something wey big for history,,0.0,False,False
engpidginedu-00597,Government,guaranteed,sure / dem promise,dem don gree / dem don give permission,27.1,True,False
engpidginedu-13874,Computer science,quotes,the exact words wey dem write or talk somewhere,,0.0,False,False
engpidginedu-21969,Computer science,choices,different-different options,different-different options,100.0,True,True
engpidginedu-03062,Government,numerous,plenty-plenty / dem many,plenty-plenty / dem many,100.0,True,True
engpidginedu-23030,Computer science,distinct,different / clear,,0.0,False,False
engpidginedu-25061,Biology,formed,bin make / bin arrange or build,,0.0,False,False
engpidginedu-10763,English Language,asks,to ask / request,,0.0,False,False
engpidginedu-10144,English Language,inform,to tell / give info,,0.0,False,False
engpidginedu-10144,English Language,disciplines,areas of study or field of knowledge,,0.0,False,False
engpidginedu-02776,Government,seeks,person wey dey find / look for,,0.0,False,False
engpidginedu-02776,Government,submit,give / hand over,give / hand over,100.0,True,True
engpidginedu-02776,Government,scrutiny,to check mata with searchlight / deep inspection,to check mata with searchlight / deep inspection,100.0,True,True
engpidginedu-25116,Biology,provides,to provide,,0.0,False,False
engpidginedu-25116,Biology,controlling,oga-ship / to manage how things go,,0.0,False,False
engpidginedu-04225,Government,debate,fomal talk where two pipu dey talk against each oda,fomal talk where two pipu dey talk against each oda,100.0,True,True
engpidginedu-04225,Government,bound,something wey must happen / person wey law tie down,,0.0,False,False
engpidginedu-04225,Government,areas,different sides / locations,,0.0,False,False
engpidginedu-12843,Social studies,aspects,different sides of de mata,,0.0,False,False
engpidginedu-21696,Computer science,frequentist,one wey like frequency way,one wey like frequency way,100.0,True,True
engpidginedu-10165,English Language,thinking,to reason / deep thought,,0.0,False,False
engpidginedu-10165,English Language,implications,wetin something fit cause or mean,,0.0,False,False
engpidginedu-10165,English Language,carried,bin carry / bin move load,bin carry / bin move load,100.0,True,True
engpidginedu-11462,Social studies,highest,de oga kpatakpata / top level,,0.0,False,False
engpidginedu-11462,Social studies,granted,dem don gree / dem don give permission,,0.0,False,False
engpidginedu-04634,Business study,legislative,concern people wey dey make law,,0.0,False,False
engpidginedu-21514,Computer science,contention,dragging / wetin person talk for argument,dragging / wetin person talk for argument,100.0,True,True
engpidginedu-23715,Computer science,frequencies,di number of occurrences wey dey within given time period period,,0.0,False,False
engpidginedu-23715,Computer science,equivalent,di same thing,di same thing,100.0,True,True
engpidginedu-08257,Business study,expressly,direct / dem talk am clear-clear,di expression wey dey characterized by expression,11.13,True,False
engpidginedu-12666,Social studies,identity,who person be / real name and face,who person be / real name and face,100.0,True,True
engpidginedu-22229,Computer science,observed,bin see / follow rule,bin talk wetin happen / record,12.75,True,False
engpidginedu-18283,Computer science,grumpiness,crossness,crossness,100.0,True,True
engpidginedu-18283,Computer science,extraversion,how person dey social,,0.0,False,False
engpidginedu-03096,Government,manner,way / style / how person take do am,,0.0,False,False
engpidginedu-03096,Government,interference,na wrongful disruption or obstruction of anoda persin legal right or business,na wrongful disruption or obstruction of anoda persin legal right or business,100.0,True,True
engpidginedu-03096,Government,added,bin join follow / increase,,0.0,False,False
engpidginedu-02159,Government,intend,plan to / mind set,,0.0,False,False
engpidginedu-02159,Government,recipient,person wey collect,,0.0,False,False
engpidginedu-02159,Government,lives,different people life,different faces / parts,40.88,True,False
engpidginedu-10965,English Language,designed,bin arrange / build follow plan,,0.0,False,False
engpidginedu-20672,Computer science,weird,strange,,0.0,False,False
engpidginedu-01715,Government,tend,E usually be like say / e get style to,,0.0,False,False
engpidginedu-01715,Government,nonetheless,even as e be so / still yet,even as e be so / still yet,100.0,True,True
engpidginedu-01715,Government,seriously,no be play-play / with full seriousness,,0.0,False,False
engpidginedu-19591,Computer science,hello,how dem de greet person,how dem de greet person,100.0,True,True
engpidginedu-22246,Computer science,domain,area / website address,area / website address,100.0,True,True
engpidginedu-22246,Computer science,kingdom,country wey get king or queen,,0.0,False,False
engpidginedu-11087,English Language,texts,written words / messages,written words / messages,100.0,True,True
engpidginedu-11087,English Language,classes,groups for school / different kinds,,0.0,False,False
engpidginedu-13394,History,military,soja mata / army,soja mata / army,100.0,True,True
engpidginedu-13394,History,unanswered,we no return for kind kind,,0.0,False,False
engpidginedu-11924,Social studies,millennium,"for 1000 years, a span of 1000 years",,0.0,False,False
engpidginedu-05201,Business study,refuse,to no gree / to reject,,0.0,False,False
engpidginedu-25101,Biology,relies,E lean on / trust,lean on / trust,92.01,True,True
engpidginedu-08118,Business study,purchaser,na di persin wey buy di property or goods or rights,,0.0,False,False
engpidginedu-08118,Business study,faith,di strong belief wey person get in somtin or person,di strong belief wey person get in somtin or person,100.0,True,True
engpidginedu-08118,Business study,competing,dragging / to contest with oda people,,0.0,False,False
engpidginedu-01282,Government,unlawful,something wey law no gree / illegal,something wey law no gree / illegal,100.0,True,True
engpidginedu-05654,Business study,favor,to help person / partial follow-up,to help person / partial follow-up,100.0,True,True
engpidginedu-21172,Computer science,root,di main place wey everything start,di main place wey everything start,100.0,True,True
engpidginedu-16533,Computer science,perfect,E set / e correct well-well,,0.0,False,False
engpidginedu-02763,Government,debate,fomal talk where two pipu dey talk against each oda,fomal talk where two pipu dey talk against each oda,100.0,True,True
engpidginedu-23406,Computer science,distributed,how dem put themselves,how dem put themselves,100.0,True,True
engpidginedu-11253,English Language,perceived,as eye see am / tink say,,0.0,False,False
engpidginedu-11253,English Language,latter,de second one / de one wey follow,,0.0,False,False
engpidginedu-11253,English Language,identifying,finding out / sabi,,0.0,False,False
engpidginedu-03391,Government,denying,"to say ""No"" / reject",to say no / rejection,51.87,True,True
engpidginedu-03391,Government,personnel,staff / workers / people wey dey work for company,,0.0,False,False
engpidginedu-03391,Government,preventing,to stop wahala before e start,,0.0,False,False
engpidginedu-19824,Computer science,modern,new school / latest style,new school / latest style,100.0,True,True
engpidginedu-19824,Computer science,annoying,e dey vex,,0.0,False,False
engpidginedu-10535,English Language,courses,subjects wey student dey learn for school,,0.0,False,False
engpidginedu-10535,English Language,taught,bin teach,bin teach,100.0,True,True
engpidginedu-18732,Computer science,options,ways wey you fit do,ways wey you fit do,100.0,True,True
engpidginedu-01344,Government,conflicts,wahala / fight / misunderstanding,matter of church or mosque / person wey follow od,10.76,True,False
engpidginedu-01344,Government,favor,to help person / partial follow-up,,0.0,False,False
engpidginedu-24212,Computer science,declare,to talk am out / announce,to talk am with full chest / claim,34.01,True,False
engpidginedu-18163,Computer science,frequently,"for short intervals, many times for short intervals","for short intervals, many times for short intervals",100.0,True,True
engpidginedu-18163,Computer science,measures,to measure,,0.0,False,False
engpidginedu-18163,Computer science,variability,how numbers dey different,,0.0,False,False
engpidginedu-19016,Computer science,labels,akwele wey dem dey mark for somtin to identify am,,0.0,False,False
engpidginedu-15162,Computer science,applications,different programs,,0.0,False,False
engpidginedu-15162,Computer science,retain,to keep / hold on to,to keep / hold on to,100.0,True,True
engpidginedu-15162,Computer science,advantage,upper hand / better chance,upper hand / better chance,100.0,True,True
engpidginedu-16615,Computer science,internalise,to make am part of you,,0.0,False,False
engpidginedu-20152,Computer science,decrease,make somtin de turn to small,make somtin de turn to small,100.0,True,True
engpidginedu-02514,Government,alone,only one / by imself,only one / by imself,100.0,True,True
engpidginedu-02514,Government,sufficient,di quantity wey fit fulfill need or requirement but without being abundant,,0.0,False,False
engpidginedu-02514,Government,absent,make person or somtin no de available somwhere,,0.0,False,False
engpidginedu-09406,Business study,dangers,risks / wahala,,0.0,False,False
engpidginedu-09406,Business study,sole,only one / him alone,only one / him alone,100.0,True,True
engpidginedu-12082,Social studies,ineffective,di intended effect no produce di intended effect,,0.0,False,False
engpidginedu-12082,Social studies,accurately,for few mistakes wit few mistakes wit few mistakes wit few mistake,,0.0,False,False
engpidginedu-12082,Social studies,outcomes,di results wey e give,,0.0,False,False
engpidginedu-01232,Government,disagree,I no gree / drag mata,,0.0,False,False
engpidginedu-01232,Government,executive,de branch of gofment wey dey run de land,de branch of gofment wey dey run de land,100.0,True,True
engpidginedu-25584,Biology,critically,importantly,,0.0,False,False
engpidginedu-02431,Government,enacted,dem don sign am into law,,0.0,False,False
engpidginedu-11532,Social studies,residence,na place wey persin dey live or keep as permanent home,,0.0,False,False
engpidginedu-11532,Social studies,vote,to choose leader / drop thumbprint,to choose leader / drop thumbprint,100.0,True,True
engpidginedu-11532,Social studies,elections,voting tayam / to choose leader,"uscis, 2015",2.19,True,False
engpidginedu-01840,Government,existence,to dey alive / stay for ground,to dey alive / stay for ground,100.0,True,True
engpidginedu-01840,Government,asserted,bin talk am with full chest / claim,,0.0,False,False
engpidginedu-01840,Government,justification,reason why dem do wetin dem do,reasons why things dey happen,25.43,True,False
engpidginedu-09000,Business study,warrant,official paper to arrest person or search house,official paper to arrest person or search house,100.0,True,True
engpidginedu-09922,English Language,authors,di pipo wey write am,di pipo wey write am,100.0,True,True
engpidginedu-15365,Computer science,deciding,to choose / finalize decision,,0.0,False,False
engpidginedu-15365,Computer science,modeling,using math to represent how a real thing work,,0.0,False,False
engpidginedu-14410,Computer science,asset,property / wetin person get,,0.0,False,False
engpidginedu-14410,Computer science,named,mention name / title,mention name / title,100.0,True,True
engpidginedu-04946,Business study,violate,to break law / go against rule,to break law / go against rule,100.0,True,True
engpidginedu-10359,English Language,opportunity,chance / open door,chance / open door,100.0,True,True
engpidginedu-10359,English Language,composing,making / writing,,0.0,False,False
engpidginedu-10359,English Language,suit,na wen one persin carry anoda persin go court to seek justice,,0.0,False,False
engpidginedu-20552,Computer science,probabilities,di measure of how likely e dey say some event go occur,di measure of how likely e dey say some event go occur,100.0,True,True
engpidginedu-10590,English Language,meeting,gathering / discussion group,gathering / discussion group,100.0,True,True
engpidginedu-20464,Computer science,mathematically,we dey respect to mathematics wit respect to mathematics,,0.0,False,False
engpidginedu-20817,Computer science,currently,for now / as we dey so,for now / as we dey so,100.0,True,True
engpidginedu-22319,Computer science,relying,to lean on / trust person,,0.0,False,False
engpidginedu-14709,Computer science,mode,di one wey show most,di one wey show most,100.0,True,True
engpidginedu-18988,Computer science,clean,neat / no stain,,0.0,False,False
engpidginedu-15202,Computer science,fourth,number four,,0.0,False,False
engpidginedu-15202,Computer science,item,single thing / article,single thing / article,100.0,True,True
engpidginedu-02469,Government,careful,to look well / watch out,to look well / watch out,100.0,True,True
engpidginedu-21479,Computer science,larger,wey big pass,wey big pass,100.0,True,True
engpidginedu-05685,Business study,lawsuits,court cases / dragging for kote,when family members wey been separated finally come back together,13.63,True,False
engpidginedu-05685,Business study,organized,well-arranged / follow order,,0.0,False,False
engpidginedu-05685,Business study,prosecuted,bin charge to court,person wey put body for de work,8.43,True,False
engpidginedu-08387,Business study,progress,movement / improvement,movement / improvement,100.0,True,True
engpidginedu-04798,Business study,direction,which way e dey go,which way e dey go,100.0,True,True
engpidginedu-25731,Biology,sexual,mata wey concern body-to-body,,0.0,False,False
engpidginedu-07742,Business study,applies,dey work,dey work,100.0,True,True
engpidginedu-04839,Business study,deceptive,wayo / to trick person,,0.0,False,False
engpidginedu-04839,Business study,manufacture,di organized action of making goods and services for sale for sale,,0.0,False,False
engpidginedu-04839,Business study,defective,na wen something no meet required standard or no work proper,,0.0,False,False
engpidginedu-11504,Social studies,eligible,qualified / e follow,qualified / e follow,100.0,True,True
engpidginedu-11504,Social studies,temporary,for now-now / e no go last,,0.0,False,False
engpidginedu-11504,Social studies,medicaid,US government health insurance programme wey dey help poor and low-income people,,0.0,False,False
engpidginedu-11448,Social studies,sent,dem don dispatch am / e don travel go,,0.0,False,False
engpidginedu-11448,Social studies,ahead,to de in front of somtin or person,bin start / how e take take off,9.52,True,False
engpidginedu-11448,Social studies,separation,di state of lacking unity,di state of lacking unity,100.0,True,True
engpidginedu-16710,Computer science,usual,normal-normal / as e dey always be,normal-normal / as e dey always be,100.0,True,True
engpidginedu-02502,Government,meeting,gathering / discussion group,gathering / discussion group,100.0,True,True
engpidginedu-10913,English Language,instructors,teachers / lecturers / those wey dey give direction,teachers / lecturers / those wey dey give direction,100.0,True,True
engpidginedu-10913,English Language,email,electronic message wey person de send or collect on top internet,electronic message wey person de send or collect on top internet,100.0,True,True
engpidginedu-10167,English Language,scholars,deep students / book people,deep students / book people,100.0,True,True
engpidginedu-12968,Social studies,behaviour,wetin e do,,0.0,False,False
engpidginedu-12968,Social studies,describing,di description wey dey give a description wey dey give,,0.0,False,False
engpidginedu-02577,Government,congressional,concern de law-makers / National Assembly mata,,0.0,False,False
engpidginedu-17169,Computer science,protagonist,di main person,,0.0,False,False
engpidginedu-17169,Computer science,torture,di way dem dey hurt person,,0.0,False,False
engpidginedu-14276,Computer science,definition,di meaning,di meaning,100.0,True,True
engpidginedu-14276,Computer science,execute,to do wetin you tell am,to do wetin you tell am,100.0,True,True
engpidginedu-03468,Government,injunctive,e be like court order wey require or prohibit someting specific,,0.0,False,False
engpidginedu-03468,Government,decree,na court order wey get force of law,,0.0,False,False
engpidginedu-03468,Government,institutional,wey dey relating to or constituting or involving institution,,0.0,False,False
engpidginedu-14310,Computer science,fortunately,for good fortune by good fortune by good fortune,,0.0,False,False
engpidginedu-02887,Government,prospective,di future of or concerned wit or related to di future,di meaning or purpose dey having a meaning or purpose,11.24,True,False
engpidginedu-11857,Social studies,situations,kinds of mata wey fit happen for one place or time,kinds of mata wey fit happen for one place or time,100.0,True,True
engpidginedu-00683,Government,restrict,to hold back / put boundary,to hold back / put boundary,100.0,True,True
engpidginedu-00683,Government,assembly,gathering / meeting of people,gathering / meeting of people,100.0,True,True
engpidginedu-13272,Social studies,child,pikin / smallie,pikin / smallie,100.0,True,True
engpidginedu-03774,Government,extent,how far de tin reach / level,how far de tin reach / level,100.0,True,True
engpidginedu-03774,Government,libel,na false written statement wey dey damage persin reputation,na false written statement wey dey damage persin reputation,100.0,True,True
engpidginedu-09486,Business study,growth,how somtin take de big,how somtin take de big,100.0,True,True
engpidginedu-13252,Social studies,relationships,how people follow deirselves / connections,how people follow deirselves / connections,100.0,True,True
engpidginedu-18789,Computer science,extra,jara / more,,0.0,False,False
engpidginedu-14066,Computer science,meaningful,di meaning or purpose dey having a meaning or purpose,di meaning or purpose dey having a meaning or purpose,100.0,True,True
engpidginedu-18866,Computer science,boxfill,colour for inside di box,,0.0,False,False
engpidginedu-10258,English Language,speak,to yan / talk / express mind,,0.0,False,False
engpidginedu-10258,English Language,experiences,things person don see,things person don see,100.0,True,True
engpidginedu-10258,English Language,training,to learn work / practice to sabi something well,to learn work / practice to sabi something well,100.0,True,True
engpidginedu-02551,Government,recipients,di person wey receive something wey dey receive something,di act of examining resemblances wey dey examinin resemblances,20.66,True,False
engpidginedu-02551,Government,cynical,wey dey doubt,,0.0,False,False
engpidginedu-02551,Government,earned,bin work get money,,0.0,False,False
engpidginedu-00614,Government,existence,to dey alive / stay for ground,to dey alive / stay for ground,100.0,True,True
engpidginedu-00614,Government,jurisprudence,way to reason law,way to settle de damage / solution,25.35,True,False
engpidginedu-14294,Computer science,objects,things / items,things / items,100.0,True,True
engpidginedu-01386,Government,crowd,many pipu wey stay for on place,many pipu wey stay for on place,100.0,True,True
engpidginedu-01386,Government,agents,people wey dey represent oda people,,0.0,False,False
engpidginedu-01386,Government,investigation,di inquiry into unfamiliar or questionable activities,,0.0,False,False
engpidginedu-24315,Computer science,stats,statistics,,0.0,False,False
engpidginedu-13011,Social studies,necessities,di condition of being essential or indispensable or indispensable,,0.0,False,False
engpidginedu-13011,Social studies,opportunities,di possibility due to a favorable combination of circumstances,di possibility due to a favorable combination of circumstances,100.0,True,True
engpidginedu-13011,Social studies,achieve,to make am / reach target / blow,,0.0,False,False
engpidginedu-24806,Biology,sexual,mata wey concern body-to-body,mata wey concern body-to-body,100.0,True,True
engpidginedu-04233,Government,speaker,person wey dey talk / megaphone,person wey dey talk / megaphone,100.0,True,True
engpidginedu-16298,Computer science,illustrate,to show how e be,to show how e be,100.0,True,True
engpidginedu-16298,Computer science,scientists,pipo wey sabi science,,0.0,False,False
engpidginedu-16298,Computer science,situations,kinds of mata wey fit happen for one place or time,,0.0,False,False
engpidginedu-00253,Government,defendants,people wey dem carry go court to answer mata,,0.0,False,False
engpidginedu-00253,Government,unlawfully,di law no fit conform to di law,,0.0,False,False
engpidginedu-00253,Government,ammunition,di projectiles wey dey fire from gunstation wey dey fire from gun,,0.0,False,False
engpidginedu-03931,Government,member,one person inside join-body,one person inside join-body,100.0,True,True
engpidginedu-03931,Government,industrial,dem dey relating to or result from industry,di act of beginning something new,11.25,True,False
engpidginedu-10751,English Language,instructors,teachers / lecturers / those wey dey give direction,teachers / lecturers / those wey dey give direction,100.0,True,True
engpidginedu-10751,English Language,clarification,di interpretation wey remove obstacles to understanding,,0.0,False,False
engpidginedu-10751,English Language,demands,"requests / wetin person say ""must"" happen",,0.0,False,False
engpidginedu-08372,Business study,capitalist,di conservative advocate of capitalism,,0.0,False,False
engpidginedu-08372,Business study,economy,how money dey run for country,how people follow deirselves / connections,15.26,True,False
engpidginedu-04496,Business study,disagree,I no gree / drag mata,,0.0,False,False
engpidginedu-04496,Business study,sovereign,oga kpatakpata / power to rule,,0.0,False,False
engpidginedu-06921,Business study,faith,di strong belief wey person get in somtin or person,di strong belief wey person get in somtin or person,100.0,True,True
engpidginedu-06921,Business study,dealing,business move / to follow person do trade,business move / to follow person do trade,100.0,True,True
engpidginedu-09876,Business study,unfair,wayo / no be so e suppose be / injustice,,0.0,False,False
engpidginedu-00251,Government,defendants,people wey dem carry go court to answer mata,people wey join body do business / paddy,24.73,True,False
engpidginedu-00251,Government,convicted,na wen court or jury find persin guilty of criminal charge,na wen court or jury find persin guilty of criminal charge,100.0,True,True
engpidginedu-00251,Government,violate,to break law / go against rule,to break law / go against rule,100.0,True,True
engpidginedu-01795,Government,imposes,to force rule or task for person head,,0.0,False,False
engpidginedu-07225,Business study,unscrupulous,"wey no get conscience, no dey fair, dey do wetin dem like",,0.0,False,False
engpidginedu-07225,Business study,contact,to touch / reach out to person / connection,to touch / reach out to person / connection,100.0,True,True
engpidginedu-07225,Business study,assets,all de beta tins and property wey person get,all de tins wey person eyes dey look / benefits,35.88,True,False
engpidginedu-01488,Government,owned,wetin person get for hand / property,wetin person tink say go happen,38.44,True,False
engpidginedu-10106,English Language,broader,more wide / general pass,,0.0,False,False
engpidginedu-10106,English Language,educational,di process of education dey relating to di process of education,,0.0,False,False
engpidginedu-10106,English Language,increasingly,E dey advancing for amount or intensity,,0.0,False,False
engpidginedu-19435,Computer science,format,how you arrange your words,how you arrange your words,100.0,True,True
engpidginedu-09281,Business study,endangered,di danger to,,0.0,False,False
engpidginedu-09281,Business study,banned,dem ban am / no entry,,0.0,False,False
engpidginedu-14087,Computer science,acronym,word wey dem use the first letters of many words form,,0.0,False,False
engpidginedu-14087,Computer science,precedence,di status wey establish for order of importance or urgency,,0.0,False,False
engpidginedu-11310,English Language,grammatical,di grammar of or pertaining to grammar of or pertaining to grammar,,0.0,False,False
engpidginedu-11310,English Language,errors,mistakes / faults,mistakes / faults,100.0,True,True
engpidginedu-03729,Government,disappearance,di act of leaving secretly or without explanation,,0.0,False,False
engpidginedu-03729,Government,vast,very big / plenty,,0.0,False,False
engpidginedu-03729,Government,entry,di thing wey dey inside,di thing wey dey inside,100.0,True,True
engpidginedu-07063,Business study,formation,how dem take arrange am / building stage,,0.0,False,False
engpidginedu-07063,Business study,allowing,to give chance / gree,,0.0,False,False
engpidginedu-07063,Business study,formed,bin make / bin arrange or build,,0.0,False,False
engpidginedu-08951,Business study,suit,na wen one persin carry anoda persin go court to seek justice,,0.0,False,False
engpidginedu-08951,Business study,injuries,wounds / damages to body or mind,wounds / damages to body or mind,100.0,True,True
engpidginedu-08951,Business study,injured,person wey get wound / damage property,,0.0,False,False
engpidginedu-13571,History,throughout,di first to last to last,di first to last to last,100.0,True,True
engpidginedu-25027,Biology,charged,dem don hold am for neck / accuse for kote,,0.0,False,False
engpidginedu-25027,Biology,molecules,"the smallest unit of a substance, wey get atoms joined together","the smallest unit of a substance, wey get atoms joined together",100.0,True,True
engpidginedu-25027,Biology,bind,tie / hold together,,0.0,False,False
engpidginedu-15914,Computer science,neutral,no-man's land / e no follow any side,no-man's land / e no follow any side,100.0,True,True
engpidginedu-15914,Computer science,evaluate,to check if something dey correct,,0.0,False,False
engpidginedu-15914,Computer science,biases,personal feelings wey dey affect person judgement,,0.0,False,False
engpidginedu-21690,Computer science,extreme,too much / over,,0.0,False,False
engpidginedu-21690,Computer science,alpha,de first / de leader / beginning,,0.0,False,False
engpidginedu-14519,Computer science,boolean,way of thinking wey only use yes or no,,0.0,False,False
engpidginedu-02673,Government,analyse,to look somtin wella to sabi am,,0.0,False,False
engpidginedu-02673,Government,manner,way / style / how person take do am,way / style / how person take do am,100.0,True,True
engpidginedu-01630,Government,preferred,dem like more,bin make / bin arrange or build,13.48,True,False
engpidginedu-25863,Biology,absorption,di process wey one substance permeates one,,0.0,False,False
engpidginedu-01723,Government,preserving,di cause to remain or last,di cause to remain or last,100.0,True,True
engpidginedu-01723,Government,quality,how de tin fine or strong reach,how de tin fine or strong reach,100.0,True,True
engpidginedu-01723,Government,asset,property / wetin person get,,0.0,False,False
engpidginedu-02783,Government,satisfied,bellefull / when condition don meet,bin change small-small / adjusted,12.98,True,False
engpidginedu-02783,Government,absence,di fact say something no dey,,0.0,False,False
engpidginedu-02783,Government,appropriately,di appropriate manner for di appropriate manner,,0.0,False,False
engpidginedu-18598,Computer science,files,folders / official papers / computer data,,0.0,False,False
engpidginedu-24879,Biology,lost,something wey miss / person wey no find im way,something wey miss / person wey no find im way,100.0,True,True
engpidginedu-23645,Computer science,comparison,di act of examining resemblances wey dey examinin resemblances,,0.0,False,False
engpidginedu-10211,English Language,possibility,something wey fit happen / chance dey,,0.0,False,False
engpidginedu-10211,English Language,author,person wey write de tin / originator,person wey write de tin / originator,100.0,True,True
engpidginedu-12125,Social studies,primarily,mostly / de main reason,mostly / de main reason,100.0,True,True
engpidginedu-05157,Business study,claiming,to talk say na you get am / bin assert,,0.0,False,False
engpidginedu-05157,Business study,acting,person wey dey hold office for small tayam / to play part,person wey dey hold office for small tayam / to play part,100.0,True,True
engpidginedu-11170,English Language,correspondingly,di corresponding manner wey dey corresponding manner for corresponding manner,,0.0,False,False
engpidginedu-11170,English Language,enrollment,di act of enrolling di act of enrolling,,0.0,False,False
engpidginedu-13757,History,belief,wetin person believe / faith,wetin person believe / faith,100.0,True,True
engpidginedu-07049,Business study,comparison,di act of examining resemblances wey dey examinin resemblances,di act of examining resemblances wey dey examinin resemblances,100.0,True,True
engpidginedu-17382,Computer science,annoying,e dey vex,e dey vex,100.0,True,True
engpidginedu-24448,Computer science,easier,no hard / simple,no hard / simple,100.0,True,True
engpidginedu-03006,Government,tried,bin try / test,,0.0,False,False
engpidginedu-03006,Government,prejudice,when you don judge something without knowing the full matter,,0.0,False,False
engpidginedu-24280,Computer science,versus,against / vs,,0.0,False,False
engpidginedu-04648,Business study,elected,bin choose through voting,bin choose through voting,100.0,True,True
engpidginedu-04648,Business study,vote,to choose leader / drop thumbprint,,0.0,False,False
engpidginedu-04648,Business study,calculated,di mathematical calculation or computation or computation,,0.0,False,False
engpidginedu-02280,Government,hill,ground wey go up but e no reach mountain,,0.0,False,False
engpidginedu-02280,Government,feet,leg / foundation,,0.0,False,False
engpidginedu-13132,Social studies,drastically,di drastic manner wey dey drastic manner for drastic manner,,0.0,False,False
engpidginedu-13132,Social studies,promote,to push something go front / ginger,to push something go front / ginger,100.0,True,True
engpidginedu-04694,Business study,legislature,de group wey dey make law for de land,de group wey dey make law for de land,100.0,True,True
engpidginedu-04694,Business study,administrative,for administration of or relating to or responsible for administration,,0.0,False,False
engpidginedu-04694,Business study,agencies,offices wey dey run business for people,offices wey dey run business for people,100.0,True,True
engpidginedu-05944,Business study,implications,wetin something fit cause or mean,wetin something fit cause or mean,100.0,True,True
engpidginedu-00200,Government,proposed,to suggest / plan wey dem bring out for discussion,to talk am with full chest / claim,10.62,True,False
engpidginedu-00200,Government,prevention,di act of preventing di act of preventing,,0.0,False,False
engpidginedu-00200,Government,promote,to push something go front / ginger,,0.0,False,False
engpidginedu-11135,English Language,texts,written words / messages,written words / messages,100.0,True,True
engpidginedu-11135,English Language,effectively,sharp sharp,,0.0,False,False
engpidginedu-10124,English Language,benefits,better-better tins wey person gain,better-better tins wey person gain,100.0,True,True
engpidginedu-10124,English Language,assigned,dem don give am de work / hand over task,dem don give am de work / hand over task,100.0,True,True
engpidginedu-24881,Biology,occurs,E dey happen / e dey show face,,0.0,False,False
engpidginedu-24881,Biology,absent,make person or somtin no de available somwhere,,0.0,False,False
engpidginedu-08763,Business study,patents,law pawa to own idea,,0.0,False,False
engpidginedu-08763,Business study,trademarks,company brand marks / signs,company brand marks / signs,100.0,True,True
engpidginedu-08763,Business study,protects,E dey cover person / e no allow wahala reach,,0.0,False,False
engpidginedu-22723,Computer science,description,di statement wey represent something for words wey represent something for words,di statement wey represent something for words wey represent something for words,100.0,True,True
engpidginedu-21555,Computer science,suppress,press am down / hide,,0.0,False,False
engpidginedu-19955,Computer science,annoying,e dey vex,e dey vex,100.0,True,True
engpidginedu-19955,Computer science,beginning,from di start,from di start,100.0,True,True
engpidginedu-19955,Computer science,mistake,error / skip / something wey person no do well,error / skip / something wey person no do well,100.0,True,True
engpidginedu-00860,Government,obscenity,dirty behavior or talk wey go against morals,dirty behavior or talk wey go against morals,100.0,True,True
engpidginedu-18243,Computer science,convenient,E dey suite to your comfort or purpose or needs,dey suite to your comfort or purpose or needs,97.73,True,True
engpidginedu-22117,Computer science,consequence,as e turn out,as e turn out,100.0,True,True
engpidginedu-22117,Computer science,usual,normal-normal / as e dey always be,,0.0,False,False
engpidginedu-22117,Computer science,answers,tori wey dem dey give for dis queshun,,0.0,False,False
engpidginedu-20372,Computer science,adopt,to carry pickin take as your own / follow a style,to carry pickin take as your own / follow a style,100.0,True,True
engpidginedu-09128,Business study,initial,de first one / start-start,,0.0,False,False
engpidginedu-03764,Government,scheme,plan / format / sometimes e be like wayo,plan / format / sometimes e be like wayo,100.0,True,True
engpidginedu-03764,Government,newspapers,di daily or weekly publication on folded sheets,di daily or weekly publication on folded sheets,100.0,True,True
engpidginedu-03764,Government,profession,di bodi of pipo wey dey learned occupation,,0.0,False,False
engpidginedu-12044,Social studies,successful,dem dey having succeeded or being marked by favorable outcome,dem dey having succeeded or being marked by favorable outcome,100.0,True,True
engpidginedu-12044,Social studies,difficulties,"di effort wey dey inconvenient, na effort wey dey inconvenient",,0.0,False,False
engpidginedu-11472,Social studies,entry,di thing wey dey inside,di thing wey dey inside,100.0,True,True
engpidginedu-03546,Government,interests,all de tins wey person eyes dey look / benefits,,0.0,False,False
engpidginedu-03546,Government,served,bin do de work / dem don give am kote paper,,0.0,False,False
engpidginedu-21519,Computer science,acceptable,dem worthy of acceptance or satisfactory,,0.0,False,False
engpidginedu-05070,Business study,southern,south side / part of map,south side / part of map,100.0,True,True
engpidginedu-05070,Business study,continued,bin move forward / e no stop,,0.0,False,False
engpidginedu-06971,Business study,statutes,laws wey dem write put for book,laws wey dem write put for book,100.0,True,True
engpidginedu-06971,Business study,respectively,di order wey dey given for di order wey dey give,,0.0,False,False
engpidginedu-06971,Business study,consumers,people wey buy and use market,people wey buy and use market,100.0,True,True
engpidginedu-25793,Biology,sues,E carry person go kote,,0.0,False,False
engpidginedu-11522,Social studies,navigate,find your way through something or control am,find your way through something or control am,100.0,True,True
engpidginedu-10238,English Language,namely,wey be,wey get true zero,22.93,True,False
engpidginedu-10238,English Language,significance,di quality of being significant,,0.0,False,False
engpidginedu-10238,English Language,forecasting,di statement wey dey make about di future,,0.0,False,False
engpidginedu-25361,Biology,decrease,make somtin de turn to small,figure 26. 9,4.13,True,False
engpidginedu-25361,Biology,manufacture,di organized action of making goods and services for sale for sale,,0.0,False,False
engpidginedu-24846,Biology,minutes,meeting-report / wetin-dem-talk-for-meeting / record,meeting-report / wetin-dem-talk-for-meeting / record,100.0,True,True
engpidginedu-01685,Government,opinions,wetin people tink / how judge see de mata,wetin people tink / how judge see de mata,100.0,True,True
engpidginedu-13858,Computer science,keywords,special words,,0.0,False,False
engpidginedu-21801,Computer science,intuitively,di intuitive manner wey dey intuitive manner for intuitive manner,,0.0,False,False
engpidginedu-21801,Computer science,observed,bin see / follow rule,,0.0,False,False
engpidginedu-13461,History,facilitate,E dey make easier,dey make easier,92.76,True,True
engpidginedu-13461,History,prayer,talk-talk with God / strong request for kote,,0.0,False,False
engpidginedu-04005,Government,controversies,"na disagreements or legal disputes between parties about rights, obligations, or facts",,0.0,False,False
engpidginedu-10801,English Language,weaknesses,di flaw or weak point or weak point,,0.0,False,False
engpidginedu-10801,English Language,attend,to go meeting / follow join,,0.0,False,False
engpidginedu-18402,Computer science,designed,bin arrange / build follow plan,bin arrange / build follow plan,100.0,True,True
engpidginedu-01965,Government,maximum,de highest level / e no fit pass dere,de smallest / e no fit go down pass dat level,41.97,True,False
engpidginedu-01965,Government,motivated,ginger / get reason,,0.0,False,False
engpidginedu-01965,Government,discriminatory,to partial / treat person bad because of who dem be,,0.0,False,False
engpidginedu-12210,Social studies,neither,no be one or di other,,0.0,False,False
engpidginedu-12210,Social studies,tracking,when dem dey watch and record wetin you dey do online,,0.0,False,False
engpidginedu-03164,Government,defamation,na false statement wey dey harm persin reputation or character,na false statement wey dey harm persin reputation or character,100.0,True,True
engpidginedu-14151,Computer science,precedence,di status wey establish for order of importance or urgency,,0.0,False,False
engpidginedu-14151,Computer science,governing,de way dem dey rule / how things dey run,dey control,6.94,True,False
engpidginedu-14151,Computer science,involving,something wey carry oda things follow,,0.0,False,False
engpidginedu-25004,Biology,compression,di increase for di density of something,,0.0,False,False
engpidginedu-25004,Biology,increased,E don big pass before / e climb,don big pass before / e climb,96.22,True,True
engpidginedu-25004,Biology,frequency,how many times something dey happen,,0.0,False,False
engpidginedu-02797,Government,presumably,probably,kpam-kpam / true-true / without doubt,6.51,True,False
engpidginedu-02797,Government,capacity,di highest wey somtin fit contain or do,di highest wey somtin fit contain or do,100.0,True,True
engpidginedu-02797,Government,trustee,person wey dem keep property for im hand to manage,,0.0,False,False
engpidginedu-25067,Biology,decrease,make somtin de turn to small,make somtin de turn to small,100.0,True,True
engpidginedu-02199,Government,sufficient,di quantity wey fit fulfill need or requirement but without being abundant,,0.0,False,False
engpidginedu-15540,Computer science,base,foundation / where tin start from,,0.0,False,False
engpidginedu-22505,Computer science,capacity,di highest wey somtin fit contain or do,di highest wey somtin fit contain or do,100.0,True,True
engpidginedu-05001,Business study,repeatedly,every time / again and again,every year / yearly,15.47,True,False
engpidginedu-08352,Business study,distinguish,to show de difference between two things,to show de difference between two things,100.0,True,True
engpidginedu-21794,Computer science,expected,wetin person tink say go happen,,0.0,False,False
engpidginedu-21794,Computer science,progress,movement / improvement,,0.0,False,False
engpidginedu-13984,Computer science,changes,adjustments / turns,,0.0,False,False
engpidginedu-23907,Computer science,irrelevant,na no bearing on or connection wit di subject at issue,na no bearing on or connection wit di subject at issue,100.0,True,True
engpidginedu-13631,History,settings,different environments / locations,where de mata happen / environment,37.18,True,False
engpidginedu-13065,Social studies,introduction,di act of beginning something new,di act of beginning something new,100.0,True,True
engpidginedu-14860,Computer science,dictionary,book or app wey dey explain word meanings,,0.0,False,False
engpidginedu-14860,Computer science,operation,one calculation,one calculation,100.0,True,True
engpidginedu-11106,English Language,professors,pipo wey dey teach for university,big-big judges for higher court,12.1,True,False
engpidginedu-11106,English Language,regularly,steady / every time,,0.0,False,False
engpidginedu-11106,English Language,presented,dem show am / dem bring am out,,0.0,False,False
engpidginedu-13559,History,infant,pikin wey neva fit talk or waka,,0.0,False,False
engpidginedu-14796,Computer science,existing,wetin dey ground now / active,wetin dey ground now / active,100.0,True,True
engpidginedu-14796,Computer science,item,single thing / article,single thing / article,100.0,True,True
engpidginedu-14092,Computer science,intend,plan to / mind set,plan to / mind set,100.0,True,True
engpidginedu-07045,Business study,frauds,different-different wayo moves,,0.0,False,False
engpidginedu-07045,Business study,parliament,di legislative assembly for certain kontri,,0.0,False,False
engpidginedu-23620,Computer science,excuse,to give reason for mistake / pardon,to give reason for mistake / pardon,100.0,True,True
engpidginedu-21329,Computer science,possibility,something wey fit happen / chance dey,something wey fit happen / chance dey,100.0,True,True
engpidginedu-21329,Computer science,reversed,to change de judgment / turn am back,to change de judgment / turn am back,100.0,True,True
engpidginedu-03749,Government,crucial,very important / pata-pata,,0.0,False,False
engpidginedu-03249,Government,conducted,bin do de work / bin manage de event,bin give chance / bin gree,17.97,True,False
engpidginedu-16565,Computer science,deliberate,we dey think about carefully,freedom / right to do wetin person like,12.48,True,False
engpidginedu-16565,Computer science,malicious,na when persin act with intention to hurt or injure anoda persin,,0.0,False,False
engpidginedu-09663,Business study,fire,di tin wey de show when somtin de burn,di tin wey de show when somtin de burn,100.0,True,True
engpidginedu-09663,Business study,moving,E dey waka / e dey shift,,0.0,False,False
engpidginedu-09663,Business study,headquarters,di office wey dey serve as di administrative center of enterprise,people wey dey stand for oda people / agents,19.04,True,False
engpidginedu-17385,Computer science,prominent,well-known or important,,0.0,False,False
engpidginedu-12481,Social studies,prevention,di act of preventing di act of preventing,,0.0,False,False
engpidginedu-12481,Social studies,relational,dem having relation or being related,,0.0,False,False
engpidginedu-12481,Social studies,commonly,normal-normal / wetin people dey do always,,0.0,False,False
engpidginedu-10655,English Language,failure,when tin no work out / disappointment,when tin no work out / disappointment,100.0,True,True
engpidginedu-17968,Computer science,preserve,keep am safe / maintain,keep am safe / maintain,100.0,True,True
engpidginedu-17968,Computer science,characteristics,di things wey make am,di things wey make am,100.0,True,True
engpidginedu-17968,Computer science,extreme,too much / over,,0.0,False,False
engpidginedu-19181,Computer science,couple,two / husband and wife,two / husband and wife,100.0,True,True
engpidginedu-20457,Computer science,frequentist,one wey like frequency way,,0.0,False,False
engpidginedu-20457,Computer science,bayesian,one kind of statistical method,one kind of statistical method,100.0,True,True
engpidginedu-04135,Government,held,wetin judge or court bin decide,,0.0,False,False
engpidginedu-04135,Government,pennsylvania,one of di original 13 colonies,,0.0,False,False
engpidginedu-10554,English Language,iteration,doing the same thing again and again,,0.0,False,False
engpidginedu-10554,English Language,developing,E dey processing a photosensitive material for order make image visible,,0.0,False,False
engpidginedu-10554,English Language,success,victory / when plan work well,,0.0,False,False
engpidginedu-02647,Government,deemed,as dem see am / dem count am as,,0.0,False,False
engpidginedu-02647,Government,contribution,di part played by a person for bring about a result,di thing wey dey inside,8.26,True,False
engpidginedu-02647,Government,collision,when two things hit each other and force dey involved,,0.0,False,False
engpidginedu-02408,Government,congressional,concern de law-makers / National Assembly mata,,0.0,False,False
engpidginedu-02408,Government,ground,di top of earth,di top of earth,100.0,True,True
engpidginedu-02408,Government,stolen,wetin thief carry / things wey loss by force,wetin thief carry / things wey loss by force,100.0,True,True
engpidginedu-03537,Government,preferences,choices / wetin person like pass,citation / to point to where info dey,14.0,True,False
engpidginedu-03537,Government,discriminate,na recognize or perceive di difference,,0.0,False,False
engpidginedu-22482,Computer science,format,how you arrange your words,how you arrange your words,100.0,True,True
engpidginedu-22482,Computer science,tutor,private teacher / coach,,0.0,False,False
engpidginedu-13968,Computer science,grammar,di rules for language,,0.0,False,False
engpidginedu-13160,Social studies,reunification,when family members wey been separated finally come back together,when family members wey been separated finally come back together,100.0,True,True
engpidginedu-15695,Computer science,multiplication,times,,0.0,False,False
engpidginedu-01993,Government,brief,small talk / summary wey lawyer write,small talk / summary wey lawyer write,100.0,True,True
engpidginedu-01020,Government,merely,just / only dat one,just / ordinary,32.03,True,False
engpidginedu-01020,Government,crowd,many pipu wey stay for on place,,0.0,False,False
engpidginedu-21080,Computer science,caused,wetin make de tin happen,wetin make de tin happen,100.0,True,True
engpidginedu-09883,Business study,crowd,many pipu wey stay for on place,many pipu wey stay for on place,100.0,True,True
engpidginedu-09883,Business study,employee,person wey de work for office and e de collect moni,person wey de work for office and e de collect moni,100.0,True,True
engpidginedu-09883,Business study,advancement,di encouragement of di progress or growth or acceptance of something,,0.0,False,False
engpidginedu-17086,Computer science,double,one kind of number,one kind of number,100.0,True,True
engpidginedu-17086,Computer science,copy,photocopy / duplicate,,0.0,False,False
engpidginedu-21590,Computer science,possibility,something wey fit happen / chance dey,something wey fit happen / chance dey,100.0,True,True
engpidginedu-01420,Government,communication,di activity of communicating,di activity of communicating,100.0,True,True
engpidginedu-01420,Government,draft,na written order to bank or persin to pay specified money,,0.0,False,False
engpidginedu-16509,Computer science,definition,di meaning,,0.0,False,False
engpidginedu-14811,Computer science,dictionary,book or app wey dey explain word meanings,book or app wey dey explain word meanings,100.0,True,True
engpidginedu-03573,Government,punitive,na damages wey pass compensation to punish wrongdoer and stop future harm,na damages wey pass compensation to punish wrongdoer and stop future harm,100.0,True,True
engpidginedu-19453,Computer science,transformation,di change wey e take,,0.0,False,False
engpidginedu-14689,Computer science,distinguish,to show de difference between two things,to show de difference between two things,100.0,True,True
engpidginedu-14689,Computer science,modify,change am small,,0.0,False,False
engpidginedu-14689,Computer science,lists,groups of things,,0.0,False,False
engpidginedu-15605,Computer science,java,programming language wey de common wey dem de use take build applications,,0.0,False,False
engpidginedu-15605,Computer science,introduced,di cause to kom know personally,dem don give am de work / hand over task,12.39,True,False
engpidginedu-02082,Government,justices,big-big judges for higher court,big-big judges for higher court,100.0,True,True
engpidginedu-02082,Government,unlike,no be like,,0.0,False,False
engpidginedu-02082,Government,ordinance,local government law / official order,,0.0,False,False
engpidginedu-03724,Government,vast,very big / plenty,,0.0,False,False
engpidginedu-03724,Government,changes,adjustments / turns,,0.0,False,False
engpidginedu-03724,Government,people,pipu / crowd / everybody,,0.0,False,False
engpidginedu-13794,Computer science,changes,adjustments / turns,,0.0,False,False
engpidginedu-13794,Computer science,informatics,"di sciences concerned wit gathering, manipulating, storing, retrieving, and classifying recorded information",,0.0,False,False
engpidginedu-24304,Computer science,hypotheses,di proposal wey dey suppose explain certain facts or observations,di proposal wey dey suppose explain certain facts or observations,100.0,True,True
engpidginedu-24304,Computer science,ahead,to de in front of somtin or person,,0.0,False,False
engpidginedu-01717,Government,speaker,person wey dey talk / megaphone,,0.0,False,False
engpidginedu-08695,Business study,settled,bin settle / no more wahala,bin settle / no more wahala,100.0,True,True
engpidginedu-05709,Business study,organisation,one big group,,0.0,False,False
engpidginedu-05709,Business study,defraud,to do wayo for money,,0.0,False,False
engpidginedu-05709,Business study,investors,people wey dey put money for business to gain,,0.0,False,False
engpidginedu-00517,Government,largely,mostly / for de most part,mostly / de main reason,33.88,True,False
engpidginedu-00517,Government,relied,bin put mind for dere / trust,,0.0,False,False
engpidginedu-10609,English Language,concerned,to dey worried,to dey worried,100.0,True,True
engpidginedu-10609,English Language,exclude,to remove,to remove,100.0,True,True
engpidginedu-10609,English Language,successful,dem dey having succeeded or being marked by favorable outcome,,0.0,False,False
engpidginedu-07796,Business study,warning,notice / alarm,notice / alarm,100.0,True,True
engpidginedu-07796,Business study,consumers,people wey buy and use market,,0.0,False,False
engpidginedu-11738,Social studies,nations,obodo / different-different countries,obodo / different-different countries,100.0,True,True
engpidginedu-11738,Social studies,domain,area / website address,area / website address,100.0,True,True
engpidginedu-00486,Government,justification,reason why dem do wetin dem do,reason why dem do wetin dem do,100.0,True,True
engpidginedu-00486,Government,denying,"to say ""No"" / reject",,0.0,False,False
engpidginedu-00486,Government,acting,person wey dey hold office for small tayam / to play part,,0.0,False,False
engpidginedu-00844,Government,commit,to do bad tin / to promise to do work,to do bad tin / to promise to do work,100.0,True,True
engpidginedu-21661,Computer science,substantive,mata wey get weight / real issue for law,mata wey get weight / real issue for law,100.0,True,True
engpidginedu-05717,Business study,begins,E dey start / e take off,,0.0,False,False
engpidginedu-08213,Business study,describes,to talk about,,0.0,False,False
engpidginedu-08213,Business study,owners,people wey get de property / landlords,,0.0,False,False
engpidginedu-24698,Biology,thinking,to reason / deep thought,to reason / deep thought,100.0,True,True
engpidginedu-04259,Government,pejorative,dem express disapproval,,0.0,False,False
engpidginedu-04259,Government,outrageous,E dey grossly offensive to decency or morality,,0.0,False,False
engpidginedu-04259,Government,supply,to provide market / give wetin people need,to provide market / give wetin people need,100.0,True,True
engpidginedu-04741,Business study,recognition,to sabi person / award,to sabi person / award,100.0,True,True
engpidginedu-04741,Business study,govern,dey control,dey control,100.0,True,True
engpidginedu-04741,Business study,provides,to provide,,0.0,False,False
engpidginedu-09085,Business study,punishment,di act of punishing di act of punishing di act of punishing,di act of punishing di act of punishing di act of punishing,100.0,True,True
engpidginedu-00092,Government,qualification,na skill or requirement wey persin must get to hold office,court cases / dragging for kote,9.2,True,False
engpidginedu-00092,Government,iccpr,international agreement wey protect civil and political rights of people across countries,,0.0,False,False
engpidginedu-00092,Government,mandate,official order or authority wey somebody receive to do a particular thing,,0.0,False,False
engpidginedu-07634,Business study,foreseeable,something wey person fit sabi say e go happen,,0.0,False,False
engpidginedu-07634,Business study,risks,danger / chances of wahala or loss,,0.0,False,False
engpidginedu-07076,Business study,constitute,to be,to be,100.0,True,True
engpidginedu-06788,Business study,forth,to come out / move forward,,0.0,False,False
engpidginedu-06788,Business study,reasonably,normal way / de way person wey get sense suppose act,normal way / de way person wey get sense suppose act,100.0,True,True
engpidginedu-25411,Biology,electrical,E dey relating to or concerned wit electricity,,0.0,False,False
engpidginedu-06724,Business study,freely,free-free / anyhow,,0.0,False,False
engpidginedu-06724,Business study,voters,people wey dey thumbprint for election,choose leader / drop thumbprint,33.83,True,False
engpidginedu-06724,Business study,advertisements,many promos / adverts for market,,0.0,False,False
engpidginedu-04126,Government,entitled,to get right to something / e gats reach your hand,to get right to something / e gats reach your hand,100.0,True,True
engpidginedu-04126,Government,subtitle,di small name under,,0.0,False,False
engpidginedu-04126,Government,gives,to dash / drop / provide,,0.0,False,False
engpidginedu-07981,Business study,indeed,true-true / na so / for real,,0.0,False,False
engpidginedu-07981,Business study,purchase,to buy market / transaction,to buy market / transaction,100.0,True,True
engpidginedu-07981,Business study,acquiring,getting / collecting,,0.0,False,False
engpidginedu-10928,English Language,annotating,di act of adding notes,,0.0,False,False
engpidginedu-10928,English Language,mention,to talk about am small,,0.0,False,False
engpidginedu-25911,Biology,dire,na urgent or serious situation wey court suppose act fast on am,,0.0,False,False
engpidginedu-00699,Government,validity,how true something be,,0.0,False,False
engpidginedu-00699,Government,distinction,di difference,di difference,100.0,True,True
engpidginedu-00699,Government,tool,tinwey or ogbe wey dem dey use do sometin or wok,tinwey or ogbe wey dem dey use do sometin or wok,100.0,True,True
engpidginedu-21027,Computer science,decrease,make somtin de turn to small,make somtin de turn to small,100.0,True,True
engpidginedu-25306,Biology,decreasing,"di decrease for size, extent, or range",,0.0,False,False
engpidginedu-25306,Biology,filtration,di process wey fluid pass through filter or filtering medium,,0.0,False,False
engpidginedu-25306,Biology,formation,how dem take arrange am / building stage,,0.0,False,False
engpidginedu-04002,Government,purposeful,di existence of a purpose or goal or goal,,0.0,False,False
engpidginedu-04002,Government,instances,examples / cases / times wey tin happen,one example of somtin,22.31,True,False
engpidginedu-04002,Government,rare,no dey plenti,,0.0,False,False
engpidginedu-06219,Business study,appeals,to carry mata go higher court because you no gree,,0.0,False,False
engpidginedu-06219,Business study,sexual,mata wey concern body-to-body,,0.0,False,False
engpidginedu-06219,Business study,brought,bin carry come / fetch,bin carry come / fetch,100.0,True,True
engpidginedu-09040,Business study,rise,to go up / increase,to go up / increase,100.0,True,True
engpidginedu-13046,Social studies,professionals,sabi people / experts,sabi people / experts,100.0,True,True
engpidginedu-13046,Social studies,challenges,di demanding or stimulating situation a demanding or stimulating situation,di demanding or stimulating situation a demanding or stimulating situation a demanding or stimulating situation,90.71,True,True
engpidginedu-11753,Social studies,domain,area / website address,area / website address,100.0,True,True
engpidginedu-17841,Computer science,various,many different-different types,many different-different types,100.0,True,True
engpidginedu-12036,Social studies,households,di social unit wey dey living together,"chilton, 2009",4.78,True,False
engpidginedu-12036,Social studies,substantially,well-well / plenty / significant amount,,0.0,False,False
engpidginedu-12036,Social studies,household,people for house,,0.0,False,False
engpidginedu-03255,Government,articles,items / sections for law book,items / sections for law book,100.0,True,True
engpidginedu-03255,Government,television,di broadcasting visual images of stationary or moving objects,di broadcasting visual images of stationary or moving objects,100.0,True,True
engpidginedu-14528,Computer science,identified,di identity of someone or something,dem don change de decision / flip,12.53,True,False
engpidginedu-07119,Business study,expressly,direct / dem talk am clear-clear,"for no time intervening, without delay or hesitation",9.3,True,False
engpidginedu-12141,Social studies,length,how e long reach,,0.0,False,False
engpidginedu-12141,Social studies,unbanked,when person no get any bank account or access to banking services,error / skip / something wey person no do well,20.27,True,False
engpidginedu-01072,Government,secretary,person wey dey help run office work,person wey dey help run office work,100.0,True,True
engpidginedu-09166,Business study,contexts,how de levels be / situation,how de levels be / situation,100.0,True,True
engpidginedu-13373,History,religious,matter of church or mosque / person wey follow God,matter of church or mosque / person wey follow od,93.91,True,True
engpidginedu-13373,History,apparently,di appearance wey dey alone from appearances alone,,0.0,False,False
engpidginedu-16034,Computer science,humans,pipo,pipo,100.0,True,True
engpidginedu-03244,Government,beliefs,wetin you believe,wetin you believe,100.0,True,True
engpidginedu-03244,Government,communicate,di transmit information wey dem transmit information,di transmit information wey dem transmit information,100.0,True,True
engpidginedu-13733,History,incorporated,company wey don register finish / join body,,0.0,False,False
engpidginedu-13733,History,numerous,plenty-plenty / dem many,plenty-plenty / dem many,100.0,True,True
engpidginedu-21970,Computer science,humans,pipo,,0.0,False,False
engpidginedu-12157,Social studies,funds,money for ground / capital,money for ground / capital,100.0,True,True
engpidginedu-12157,Social studies,sent,dem don dispatch am / e don travel go,,0.0,False,False
engpidginedu-14864,Computer science,previous,something wey dey before now,something wey dey before now,100.0,True,True
engpidginedu-12735,Social studies,partner,business paddy / colleague,business paddy / colleague,100.0,True,True
engpidginedu-04445,Business study,dynamic,"something wey fit change, e no just stay one place",,0.0,False,False
engpidginedu-04445,Business study,changing,to turn / change style,,0.0,False,False
engpidginedu-04445,Business study,interactions,how people relate / communication,,0.0,False,False
engpidginedu-07693,Business study,length,how e long reach,how e long reach,100.0,True,True
engpidginedu-03184,Government,probable,likely / fit happen,,0.0,False,False
engpidginedu-03184,Government,crimes,bad deeds / things wey break law,bad deeds / things wey break law,100.0,True,True
engpidginedu-03184,Government,selected,picked / de one wey dem choose,,0.0,False,False
engpidginedu-03805,Government,dire,na urgent or serious situation wey court suppose act fast on am,,0.0,False,False
engpidginedu-09973,English Language,subtle,small-small,,0.0,False,False
engpidginedu-09973,English Language,opening,hole / start / vacancy,,0.0,False,False
engpidginedu-09973,English Language,arise,to show face / start to happen,to show face / start to happen,100.0,True,True
engpidginedu-01219,Government,dissent,to no gree / judge wey get different mind,to no gree / judge wey get different mind,100.0,True,True
engpidginedu-01219,Government,secure,to make sure e safe / tie down,,0.0,False,False
engpidginedu-22972,Computer science,conclude,make somtin end,make somtin end,100.0,True,True
engpidginedu-15213,Computer science,dictionary,book or app wey dey explain word meanings,book or app wey dey explain word meanings,100.0,True,True
engpidginedu-15213,Computer science,objects,things / items,things / items,100.0,True,True
engpidginedu-20820,Computer science,intelligent,di capacity for thought and reason especially to high degree,,0.0,False,False
engpidginedu-02071,Government,sufficient,di quantity wey fit fulfill need or requirement but without being abundant,di quantity wey fit fulfill need or requirement but without being abundant,100.0,True,True
engpidginedu-07253,Business study,debt,na money wey persin suppose pay to anoda persin or entity,,0.0,False,False
engpidginedu-07253,Business study,discharged,na wen persin free from legal duty or work obligation,na wen court or jury find persin guilty of criminal charge,25.09,True,False
engpidginedu-10748,English Language,draft,na written order to bank or persin to pay specified money,,0.0,False,False
engpidginedu-10748,English Language,grammar,di rules for language,,0.0,False,False
engpidginedu-10748,English Language,anxiety,worry,different-different kinds,4.55,True,False
engpidginedu-20301,Computer science,impossible,no fit happen,no fit happen,100.0,True,True
engpidginedu-00820,Government,absolute,"everitin de complete, no comma","everitin de complete, no comma",100.0,True,True
engpidginedu-15449,Computer science,member,one person inside join-body,,0.0,False,False
engpidginedu-15449,Computer science,existing,wetin dey ground now / active,,0.0,False,False
engpidginedu-03550,Government,negotiations,to drag price / settle mata through talk,,0.0,False,False
engpidginedu-03550,Government,respondents,people wey dey answer case for kote,people wey dey answer case for kote,100.0,True,True
engpidginedu-03550,Government,debate,fomal talk where two pipu dey talk against each oda,,0.0,False,False
engpidginedu-12172,Social studies,receiving,to collect / receive,to commot / travel / leave something,21.03,True,False
engpidginedu-12172,Social studies,clients,customers / people wey hire expert,,0.0,False,False
engpidginedu-12172,Social studies,loans,borrowed money / credit,,0.0,False,False
engpidginedu-12485,Social studies,responsibilities,de loads or work wey person get for head,,0.0,False,False
engpidginedu-12485,Social studies,developmental,di development of or relating to or constituting development,,0.0,False,False
engpidginedu-12485,Social studies,disagreement,say dem no agree,,0.0,False,False
engpidginedu-22031,Computer science,correction,di act of offering improvement to replace mistake,di act of examining resemblances wey dey examinin resemblances,22.7,True,False
engpidginedu-12077,Social studies,communicate,di transmit information wey dem transmit information,,0.0,False,False
engpidginedu-12077,Social studies,patient,person wey dey hospital / person wey get endurance,person wey get house or land and e use am rent,35.33,True,False
engpidginedu-14902,Computer science,dictionary,book or app wey dey explain word meanings,book or app wey dey explain word meanings,100.0,True,True
engpidginedu-04049,Government,allowed,bin give chance / bin gree,bin give chance / bin gree,100.0,True,True
engpidginedu-04049,Government,impose,to force law or fine for person head,to force law or fine for person head,100.0,True,True
engpidginedu-08665,Business study,collective,di cooperative enterprise wey dey cooperative enterprise,,0.0,False,False
engpidginedu-00456,Government,denied,bin reject / talk say no be so,bin reject / talk say no be so,100.0,True,True
engpidginedu-11985,Social studies,compared,bin compare,,0.0,False,False
engpidginedu-18262,Computer science,percentiles,di numbers wey divide into 100,,0.0,False,False
engpidginedu-13022,Social studies,scholars,deep students / book people,deep students / book people,100.0,True,True
engpidginedu-13022,Social studies,scientists,pipo wey sabi science,pipo wey sabi science,100.0,True,True
engpidginedu-22098,Computer science,analyse,to look somtin wella to sabi am,to look somtin wella to sabi am,100.0,True,True
engpidginedu-22098,Computer science,accused,person wey dem talk say e do bad,,0.0,False,False
engpidginedu-22098,Computer science,stake,share / interest for something,,0.0,False,False
engpidginedu-23731,Computer science,describing,di description wey dey give a description wey dey give,,0.0,False,False
engpidginedu-07392,Business study,knowing,with full sabi / person wey get info,,0.0,False,False
engpidginedu-07392,Business study,convicted,na wen court or jury find persin guilty of criminal charge,na wen court or jury find persin guilty of criminal charge,100.0,True,True
engpidginedu-24712,Biology,altered,changed,,0.0,False,False
engpidginedu-04612,Business study,scholars,deep students / book people,deep students / book people,100.0,True,True
engpidginedu-02467,Government,advances,progress / front money,"na wen persin no dey give proper care, and dis cause harm",13.84,True,False
engpidginedu-15346,Computer science,delete,to comot somtin kpata kpata from file or system wey e dey,to comot somtin kpata kpata from file or system wey e dey,100.0,True,True
engpidginedu-15346,Computer science,selection,choosing / pick-pick,choosing / pick-pick,100.0,True,True
engpidginedu-11099,English Language,extensive,wide / big / plenti,,0.0,False,False
engpidginedu-11099,English Language,relying,to lean on / trust person,,0.0,False,False
engpidginedu-11099,English Language,extensively,di widespread way,,0.0,False,False
engpidginedu-24463,Computer science,easier,no hard / simple,no hard / simple,100.0,True,True
engpidginedu-09671,Business study,obligations,all de things wey people gats do,all de things wey people gats do,100.0,True,True
engpidginedu-08420,Business study,boundaries,di line or plane indicating di limit or extent of something,,0.0,False,False
engpidginedu-05391,Business study,prominent,well-known or important,,0.0,False,False
engpidginedu-05391,Business study,politicians,di leader wey dey engage for civil administration,di leader wey dey engage for civil administration,100.0,True,True
engpidginedu-08930,Business study,fake,somtin wey no de real,,0.0,False,False
engpidginedu-16442,Computer science,testing,check-am / confirm-am,,0.0,False,False
engpidginedu-11988,Social studies,conducted,bin do de work / bin manage de event,bin arrange / build follow plan,14.68,True,False
engpidginedu-11988,Social studies,paying,to drop money / settle bill,,0.0,False,False
engpidginedu-11988,Social studies,jobs,work / hustle / different employments,work / hustle / different employments,100.0,True,True
engpidginedu-25416,Biology,movement,to waka / shift / group wey get goal,to waka / shift / group wey get goal,100.0,True,True
engpidginedu-04330,Government,practicing,as of jobs and professions wey dey carry out or practice,,0.0,False,False
engpidginedu-04330,Government,representative,di person wey represent oda person wey represent odas,,0.0,False,False
engpidginedu-04330,Government,disastrous,for events,,0.0,False,False
engpidginedu-06579,Business study,bans,ban / block-am / no-gree-make-e-happen,,0.0,False,False
engpidginedu-06579,Business study,driving,to drive motor / push something go front,,0.0,False,False
engpidginedu-13615,History,references,di books and papers wey dem use,citation / to point to where info dey,10.33,True,False
engpidginedu-13615,History,site,building ground / location,,0.0,False,False
engpidginedu-10705,English Language,lived,stay life / bin stay,how dem take arrange am / building stage,15.8,True,False
engpidginedu-10705,English Language,resource,one thing wey fit help,,0.0,False,False
engpidginedu-02953,Government,author,person wey write de tin / originator,person wey write de tin / originator,100.0,True,True
engpidginedu-02953,Government,child,pikin / smallie,pikin / smallie,100.0,True,True
engpidginedu-04306,Government,tried,bin try / test,,0.0,False,False
engpidginedu-04306,Government,stipulated,mention for agreement,,0.0,False,False
engpidginedu-04306,Government,oral,talk-talk / wetin comot from mouth,,0.0,False,False
engpidginedu-11955,Social studies,safety,safe condition / no wahala,,0.0,False,False
engpidginedu-01093,Government,violate,to break law / go against rule,,0.0,False,False
engpidginedu-01093,Government,requiring,dem need am / e gats dey dere,,0.0,False,False
engpidginedu-01093,Government,acts,deeds / many laws wey don pass,,0.0,False,False
engpidginedu-14444,Computer science,half,one of two tins wey de equal from anoda tin,one of two tins wey de equal from anoda tin,100.0,True,True
engpidginedu-10123,English Language,authors,di pipo wey write am,di pipo wey write am,100.0,True,True
engpidginedu-10123,English Language,variations,di rate or magnitude of change,,0.0,False,False
engpidginedu-10123,English Language,taught,bin teach,bin get de sense say / intention,22.12,True,False
engpidginedu-01291,Government,achieve,to make am / reach target / blow,to make am / reach target / blow,100.0,True,True
engpidginedu-01291,Government,ends,where e finish / targets,,0.0,False,False
engpidginedu-01291,Government,necessarily,di essential manner wey dey essential for di essential manner,di essential manner wey dey essential for di essential manner,100.0,True,True
engpidginedu-26080,Biology,becomes,turn to / start to be,,0.0,False,False
engpidginedu-26080,Biology,destroyed,bin spoil kpatakpata / scatter,,0.0,False,False
engpidginedu-03183,Government,coverage,how far insurance or news cover de mata,how far insurance or news cover de mata,100.0,True,True
engpidginedu-03183,Government,county,area / local government division,,0.0,False,False
engpidginedu-03183,Government,initial,de first one / start-start,,0.0,False,False
engpidginedu-04481,Business study,draft,na written order to bank or persin to pay specified money,,0.0,False,False
engpidginedu-04481,Business study,compulsory,for rule wey dey required by rule,,0.0,False,False
engpidginedu-04481,Business study,fire,di tin wey de show when somtin de burn,,0.0,False,False
engpidginedu-22310,Computer science,arises,E show face / e start to happen,show face / e start to happen,96.22,True,True
engpidginedu-24758,Biology,carried,bin carry / bin move load,,0.0,False,False
engpidginedu-22208,Computer science,standardised,di standard evaluate by comparing wit standard standard,,0.0,False,False
engpidginedu-08212,Business study,profit,gain / better money from business,,0.0,False,False
engpidginedu-06230,Business study,favor,to help person / partial follow-up,,0.0,False,False
engpidginedu-06230,Business study,consumers,people wey buy and use market,people wey buy and use market,100.0,True,True
engpidginedu-07176,Business study,interfering,E dey kom between so as to be hindrance or obstacle,di prescribed procedure dey preparing or putting through a prescribed procedure,15.86,True,False
engpidginedu-07176,Business study,permission,di approval to do something,di approval to do something,100.0,True,True
engpidginedu-11544,Social studies,currently,for now / as we dey so,for now / as we dey so,100.0,True,True
engpidginedu-11544,Social studies,permission,di approval to do something,di approval to do something,100.0,True,True
engpidginedu-11544,Social studies,respective,E dey consider individually,,0.0,False,False
engpidginedu-25975,Biology,unlike,no be like,,0.0,False,False
engpidginedu-25975,Biology,birth,born pikin,born pikin,100.0,True,True
engpidginedu-09378,Business study,bind,tie / hold together,,0.0,False,False
engpidginedu-09378,Business study,generalizations,to generalize about something,,0.0,False,False
engpidginedu-09378,Business study,operations,dem do wit di execution of trades and keeping customer record,dem do wit di execution of trades and keeping customer record,100.0,True,True
engpidginedu-24401,Computer science,interactions,how people relate / communication,,0.0,False,False
engpidginedu-22472,Computer science,constraints,rules wey dey prevent you from going too far,different-different types / varieties,13.7,True,False
engpidginedu-00265,Government,fourth,number four,,0.0,False,False
engpidginedu-00265,Government,publishing,di business of issuing printed matter for sale or distribution or distribution,di first to last to last,7.0,True,False
engpidginedu-00265,Government,referred,bin talk about / bin point to,,0.0,False,False
engpidginedu-08994,Business study,obtained,bin collect / bin get de tin for hand,bin collect / bin get de tin for hand,100.0,True,True
engpidginedu-08994,Business study,fourth,number four,number four,100.0,True,True
engpidginedu-25831,Biology,caused,wetin make de tin happen,,0.0,False,False
engpidginedu-21568,Computer science,kinds,different types / varieties,different types / varieties,100.0,True,True
engpidginedu-00718,Government,profit,gain / better money from business,gain / better money from business,100.0,True,True
engpidginedu-09674,Business study,entities,organizations / separate things or bodies,organizations / separate things or bodies,100.0,True,True
engpidginedu-11762,Social studies,nationalist,one wey love and defend hin or her kontri,,0.0,False,False
engpidginedu-11762,Social studies,reflect,to show,,0.0,False,False
engpidginedu-18740,Computer science,settings,different environments / locations,where de mata happen / environment,37.18,True,False
engpidginedu-12496,Social studies,opportunities,di possibility due to a favorable combination of circumstances,di possibility due to a favorable combination of circumstances,100.0,True,True
engpidginedu-12496,Social studies,challenges,di demanding or stimulating situation a demanding or stimulating situation,,0.0,False,False
engpidginedu-03494,Government,taxes,money wey gofment dey collect from people hustle,,0.0,False,False
engpidginedu-15833,Computer science,forward,front / moving on,di ambiguity dey free from ambiguity,9.82,True,False
engpidginedu-12605,Social studies,religious,matter of church or mosque / person wey follow God,matter of church or mosque / person wey follow od,93.91,True,True
engpidginedu-09899,Business study,problematic,di open to doubt or debate,di quality of having inferior or less favorable position,12.7,True,False
engpidginedu-14969,Computer science,email,electronic message wey person de send or collect on top internet,electronic message wey person de send or collect on top internet,100.0,True,True
engpidginedu-08195,Business study,absolute,"everitin de complete, no comma","everitin de complete, no comma",100.0,True,True
engpidginedu-22620,Computer science,expected,wetin person tink say go happen,wetin person tink say go happen,100.0,True,True
engpidginedu-22620,Computer science,larger,wey big pass,wey big pass,100.0,True,True
engpidginedu-14474,Computer science,length,how e long reach,how e long reach,100.0,True,True
engpidginedu-14474,Computer science,executed,na wen di persin dem wey suppose sign done sign contract already,,0.0,False,False
engpidginedu-02420,Government,dissent,to no gree / judge wey get different mind,to no gree / judge wey get different mind,100.0,True,True
engpidginedu-02420,Government,denied,bin reject / talk say no be so,bin reject / talk say no be so,100.0,True,True
engpidginedu-09425,Business study,legally,inside law / wetin law gree make person do,inside law / wetin law gree make person do,100.0,True,True
engpidginedu-15245,Computer science,instance,one example of somtin,one example of somtin,100.0,True,True
engpidginedu-08366,Business study,invention,new machine or idea wey person build,new machine or idea wey person build,100.0,True,True
engpidginedu-15059,Computer science,blank,empty / nothing dey,,0.0,False,False
engpidginedu-15059,Computer science,prints,copy / mark / print-am-out,,0.0,False,False
engpidginedu-08322,Business study,inventions,di Creation of something for di mind,,0.0,False,False
engpidginedu-15110,Computer science,effectively,sharp sharp,di act of examining resemblances wey dey examinin resemblances,5.32,True,False
engpidginedu-04689,Business study,acronym,word wey dem use the first letters of many words form,,0.0,False,False
engpidginedu-19108,Computer science,frequency,how many times something dey happen,,0.0,False,False
engpidginedu-19108,Computer science,speak,to yan / talk / express mind,to yan / talk / express mind,100.0,True,True
engpidginedu-16307,Computer science,making,to dey build or produce something,,0.0,False,False
engpidginedu-22384,Computer science,denominator,di divisor of a fraction of fraction,,0.0,False,False
engpidginedu-25706,Biology,rise,to go up / increase,,0.0,False,False
engpidginedu-25706,Biology,sustained,E hold ground / e last,,0.0,False,False
engpidginedu-19971,Computer science,clean,neat / no stain,,0.0,False,False
engpidginedu-02587,Government,strict,no-nonsense / follow de rule exactly,,0.0,False,False
engpidginedu-05570,Business study,attempts,to try / struggle to do something,,0.0,False,False
engpidginedu-05570,Business study,resulted,bin cause / lead to,,0.0,False,False
engpidginedu-05570,Business study,juries,kote people wey dey judge,kote people wey dey judge,100.0,True,True
engpidginedu-05900,Business study,argued,bin drag mata / talk with proof,,0.0,False,False
engpidginedu-05900,Business study,received,wetin enter hand / something wey person collect,,0.0,False,False
engpidginedu-05900,Business study,discriminatory,to partial / treat person bad because of who dem be,,0.0,False,False
engpidginedu-17405,Computer science,informative,di tendence to increase knowledge or dissipate ignorance,,0.0,False,False
engpidginedu-04770,Business study,amendments,adjustments to change law or agreement,wey go bring freedom to pipo,10.32,True,False
engpidginedu-11746,Social studies,permit,to allow / give license,,0.0,False,False
engpidginedu-11746,Social studies,seen,bin see am / dem don notice,,0.0,False,False
engpidginedu-11746,Social studies,fashion,style of cloth wey de popular for one time,style of cloth wey de popular for one time,100.0,True,True
engpidginedu-09613,Business study,shareholders,people wey get part for company business,people wey get part for company business,100.0,True,True
engpidginedu-09613,Business study,direction,which way e dey go,which way e dey go,100.0,True,True
engpidginedu-09613,Business study,publicly,open-open / for everyone eye,,0.0,False,False
engpidginedu-01838,Government,compelling,something wey strong well-well / e force you to pay attention,something wey miss / person wey no find im way,28.31,True,False
engpidginedu-01838,Government,ordinance,local government law / official order,,0.0,False,False
engpidginedu-01838,Government,promote,to push something go front / ginger,,0.0,False,False
engpidginedu-10629,English Language,presented,dem show am / dem bring am out,,0.0,False,False
engpidginedu-10629,English Language,thereby,by dat way / because of dat,,0.0,False,False
engpidginedu-10629,English Language,coming,E dey come,,0.0,False,False
engpidginedu-09812,Business study,sexual,mata wey concern body-to-body,mata wey concern body-to-body,100.0,True,True
engpidginedu-14538,Computer science,thinking,to reason / deep thought,,0.0,False,False
engpidginedu-03293,Government,narrowly,small-small / by whiskers / e remain small,small-small / with caution,34.41,True,False
engpidginedu-03293,Government,drawn,bin write / bin pull something,,0.0,False,False
engpidginedu-03293,Government,precise,correct / exact,correct / exact,100.0,True,True
engpidginedu-14220,Computer science,errors,mistakes / faults,mistakes / faults,100.0,True,True
engpidginedu-14220,Computer science,invisible,invisinle mean say you no fit see am,,0.0,False,False
engpidginedu-02961,Government,representative,di person wey represent oda person wey represent odas,di person wey represent oda person wey represent odas,100.0,True,True
engpidginedu-24470,Computer science,settings,different environments / locations,where de mata happen / environment,37.18,True,False
engpidginedu-02242,Government,merely,just / only dat one,just / ordinary,32.03,True,False
engpidginedu-01176,Government,enacted,dem don sign am into law,,0.0,False,False
engpidginedu-01176,Government,simultaneously,di same instant for di same instant,,0.0,False,False
engpidginedu-15989,Computer science,none,nothing / nobody / zero,,0.0,False,False
engpidginedu-23550,Computer science,covariance,how two things dey move same way,,0.0,False,False
engpidginedu-23550,Computer science,errors,mistakes / faults,mistakes / faults,100.0,True,True
engpidginedu-20538,Computer science,quantity,how plenty tin be / amount,how plenty tin be / amount,100.0,True,True
engpidginedu-10376,English Language,encourage,to ginger / support,to ginger / support,100.0,True,True
engpidginedu-10376,English Language,adopt,to carry pickin take as your own / follow a style,to carry pickin take as your own / follow a style,100.0,True,True
engpidginedu-12452,Social studies,seen,bin see am / dem don notice,,0.0,False,False
engpidginedu-12452,Social studies,compared,bin compare,,0.0,False,False
engpidginedu-17485,Computer science,tool,tinwey or ogbe wey dem dey use do sometin or wok,tinwey or ogbe wey dem dey use do sometin or wok,100.0,True,True
engpidginedu-22097,Computer science,instance,one example of somtin,one example of somtin,100.0,True,True
engpidginedu-10766,English Language,assigned,dem don give am de work / hand over task,,0.0,False,False
engpidginedu-10766,English Language,decrease,make somtin de turn to small,,0.0,False,False
engpidginedu-10766,English Language,texts,written words / messages,written words / messages,100.0,True,True
engpidginedu-02631,Government,brief,small talk / summary wey lawyer write,small talk / summary wey lawyer write,100.0,True,True
engpidginedu-02631,Government,features,karakata wey dey make am sweet or wey dey help,karakata wey dey make am sweet or wey dey help,100.0,True,True
engpidginedu-21293,Computer science,easier,no hard / simple,no hard / simple,100.0,True,True
engpidginedu-13024,Social studies,identified,di identity of someone or something,,0.0,False,False
engpidginedu-22698,Computer science,fast,fast-fast / sharp-sharp,,0.0,False,False
engpidginedu-20422,Computer science,humans,pipo,pipo,100.0,True,True
engpidginedu-20422,Computer science,happy,make person like wetin de happen,make person like wetin de happen,100.0,True,True
engpidginedu-11093,English Language,trouble,wahala,,0.0,False,False
engpidginedu-11093,English Language,movement,to waka / shift / group wey get goal,,0.0,False,False
engpidginedu-11093,English Language,video,film / record wey person fit see,film / record wey person fit see,100.0,True,True
engpidginedu-08684,Business study,southern,south side / part of map,south side / middle / very important,45.16,True,False
engpidginedu-13434,History,objects,things / items,things / items,100.0,True,True
engpidginedu-04723,Business study,thin,lean / something wey no thick,,0.0,False,False
engpidginedu-00502,Government,punish,to discipline / give wahala,to discipline / give wahala,100.0,True,True
engpidginedu-00502,Government,commit,to do bad tin / to promise to do work,to do bad tin / to promise to do work,100.0,True,True
engpidginedu-03267,Government,petitioners,people wey start case or request for court,people wey start case or request for court,100.0,True,True
engpidginedu-03267,Government,request,to ask for help or info / application,to ask for help or info / application,100.0,True,True
engpidginedu-03267,Government,compelling,something wey strong well-well / e force you to pay attention,,0.0,False,False
engpidginedu-14427,Computer science,accumulate,we dey get or gather together,,0.0,False,False
engpidginedu-14427,Computer science,accumulator,somtin wey de keep energy or data,,0.0,False,False
engpidginedu-03288,Government,contend,drag / struggle,bin talk wetin happen / record,8.66,True,False
engpidginedu-03288,Government,sources,where things take start / origins,,0.0,False,False
engpidginedu-03288,Government,purposes,reasons why things dey happen,reasons why things dey happen,100.0,True,True
engpidginedu-10878,English Language,beginning,from di start,from di start,100.0,True,True
engpidginedu-10878,English Language,courses,subjects wey student dey learn for school,,0.0,False,False
engpidginedu-16459,Computer science,extent,how far de tin reach / level,how far de tin reach / level,100.0,True,True
engpidginedu-16459,Computer science,decrease,make somtin de turn to small,make somtin de turn to small,100.0,True,True
engpidginedu-16459,Computer science,validity,how true something be,,0.0,False,False
engpidginedu-16230,Computer science,measurement,to measure something,to measure something,100.0,True,True
engpidginedu-04984,Business study,judiciary,di part of government wey de interpret and use law,di part of government wey de interpret and use law,100.0,True,True
engpidginedu-21365,Computer science,retain,to keep / hold on to,to keep / hold on to,100.0,True,True
engpidginedu-12651,Social studies,shared,dem share am / common,,0.0,False,False
engpidginedu-12651,Social studies,experiences,things person don see,things person don see,100.0,True,True
engpidginedu-12651,Social studies,highlighted,wey dem mark,,0.0,False,False
engpidginedu-23108,Computer science,calculated,di mathematical calculation or computation or computation,,0.0,False,False
engpidginedu-23108,Computer science,rather,instead / prefer to,instead / prefer to,100.0,True,True
engpidginedu-10426,English Language,identity,who person be / real name and face,who person be / real name and face,100.0,True,True
engpidginedu-01430,Government,continuing,"for certain state, condition, or activity, or activity",shelter mata / buildings,7.24,True,False
engpidginedu-13460,History,containing,wey get,wey get,100.0,True,True
engpidginedu-13460,History,heavenly,somtin wey de related to heaven,,0.0,False,False
engpidginedu-07653,Business study,proximate,na cause of injury wey connect to di harm and establish liability,,0.0,False,False
engpidginedu-18736,Computer science,completeness,di state of being complete and entire,,0.0,False,False
engpidginedu-07825,Business study,commonly,normal-normal / wetin people dey do always,mostly / de main reason,10.78,True,False
engpidginedu-06181,Business study,bear,to carry load / endure wahala / get fruit,to carry pickin take as your own / follow a style,24.24,True,False
engpidginedu-06181,Business study,arbitrator,middle-man wey dey settle palava,,0.0,False,False
engpidginedu-06181,Business study,retain,to keep / hold on to,to keep / hold on to,100.0,True,True
engpidginedu-14920,Computer science,errors,mistakes / faults,mistakes / faults,100.0,True,True
engpidginedu-14920,Computer science,caused,wetin make de tin happen,wetin make de tin happen,100.0,True,True
engpidginedu-18085,Computer science,distinction,di difference,di difference,100.0,True,True
engpidginedu-10893,English Language,courses,subjects wey student dey learn for school,,0.0,False,False
engpidginedu-11309,English Language,perfect,E set / e correct well-well,set / e correct well-well,95.82,True,True
engpidginedu-15870,Computer science,comprehensive,di intensive examination testing student's proficiency for some special field of knowledge,di intensive examination testing student's proficiency for some special field of knowledge,100.0,True,True
engpidginedu-15870,Computer science,existence,to dey alive / stay for ground,to dey alive / stay for ground,100.0,True,True
engpidginedu-14632,Computer science,files,folders / official papers / computer data,folders / official papers / computer data,100.0,True,True
engpidginedu-04869,Business study,exposure,showing body / making known,showing body / making known,100.0,True,True
engpidginedu-04869,Business study,successfully,for successful manner,"for no time intervening, without delay or hesitation",12.58,True,False
engpidginedu-16044,Computer science,core,de main-main part / de heart of de matter,,0.0,False,False
engpidginedu-21624,Computer science,seriously,no be play-play / with full seriousness,,0.0,False,False
engpidginedu-09783,Business study,employers,ogas wey dey give work,ogas wey dey give work,100.0,True,True
engpidginedu-09268,Business study,punish,to discipline / give wahala,,0.0,False,False
engpidginedu-09268,Business study,commit,to do bad tin / to promise to do work,to do bad tin / to promise to do work,100.0,True,True
engpidginedu-00084,Government,prohibited,law say make person no do am,na wen court or jury find persin guilty of criminal charge,15.59,True,False
engpidginedu-16637,Computer science,predictors,wetin fit predict,wetin fit predict,100.0,True,True
engpidginedu-16637,Computer science,outcomes,di results wey e give,,0.0,False,False
engpidginedu-11137,English Language,sources,where things take start / origins,,0.0,False,False
engpidginedu-11137,English Language,assist,to help,,0.0,False,False
engpidginedu-13596,History,decorations,E dey use to beautify something wey dey use to beautify,,0.0,False,False
engpidginedu-13596,History,length,how e long reach,how e long reach,100.0,True,True
engpidginedu-13596,History,arms,guns / weapons,,0.0,False,False
engpidginedu-25299,Biology,shown,bin display / dem don make am clear,,0.0,False,False
engpidginedu-02287,Government,enacted,dem don sign am into law,,0.0,False,False
engpidginedu-02287,Government,racial,mata about tribe or de color of person skin,,0.0,False,False
engpidginedu-02287,Government,prevailing,"for number, quantity, power, status or importance or importance",,0.0,False,False
engpidginedu-04473,Business study,military,soja mata / army,soja mata / army,100.0,True,True
engpidginedu-04473,Business study,elected,bin choose through voting,bin choose through voting,100.0,True,True
engpidginedu-19640,Computer science,specifying,di condition or requirement for contract or agreement,,0.0,False,False
engpidginedu-06245,Business study,fairness,equal treatment / no wayo,equal treatment / no wayo,100.0,True,True
engpidginedu-04739,Business study,somewhat,small / somehow,,0.0,False,False
engpidginedu-18063,Computer science,mention,to talk about am small,to talk about am small,100.0,True,True
engpidginedu-15473,Computer science,files,folders / official papers / computer data,folders / official papers / computer data,100.0,True,True
engpidginedu-15473,Computer science,respectively,di order wey dey given for di order wey dey give,,0.0,False,False
engpidginedu-13614,History,allowing,to give chance / gree,,0.0,False,False
engpidginedu-16674,Computer science,previous,something wey dey before now,something wey dey before now,100.0,True,True
engpidginedu-09563,Business study,incorporated,company wey don register finish / join body,for whole world / everywhere,8.48,True,False
engpidginedu-16330,Computer science,internal,for inside,,0.0,False,False
engpidginedu-21224,Computer science,probabilistic,di Roman Catholic philosophy of probabilism of probabilism,,0.0,False,False
engpidginedu-03849,Government,petitioners,people wey start case or request for court,people wey start case or request for court,100.0,True,True
engpidginedu-03717,Government,communications,talk-talk / passing message / network,,0.0,False,False
engpidginedu-03717,Government,capabilities,di quality of being capable -- physically or intellectually or legally,,0.0,False,False
engpidginedu-03054,Government,newspapers,di daily or weekly publication on folded sheets,di daily or weekly publication on folded sheets,100.0,True,True
engpidginedu-03054,Government,inference,to guess from numbers,,0.0,False,False
engpidginedu-13369,History,began,bin start / how e take take off,bin start / how e take take off,100.0,True,True
engpidginedu-00448,Government,felony,"A very serious crime like murder, robbery or drug trafficking",,0.0,False,False
engpidginedu-00448,Government,unlike,no be like,no be like,100.0,True,True
engpidginedu-00448,Government,assembly,gathering / meeting of people,gathering / meeting of people,100.0,True,True
engpidginedu-18049,Computer science,properties,di tangible or intangible possession wey dey owned by someone,,0.0,False,False
engpidginedu-05189,Business study,perfect,E set / e correct well-well,set / e correct well-well,95.82,True,True
engpidginedu-05189,Business study,union,join-body / workers' group,join-body / workers' group,100.0,True,True
engpidginedu-23258,Computer science,meaningless,na no meaning or direction or purpose or purpose or purpose,di meaning or purpose dey having a meaning or purpose,45.28,True,False
engpidginedu-07841,Business study,purchase,to buy market / transaction,,0.0,False,False
engpidginedu-07841,Business study,coming,E dey come,,0.0,False,False
engpidginedu-07841,Business study,contact,to touch / reach out to person / connection,to touch / reach out to person / connection,100.0,True,True
engpidginedu-03978,Government,defines,explain meaning,,0.0,False,False
engpidginedu-03978,Government,defamation,na false statement wey dey harm persin reputation or character,,0.0,False,False
engpidginedu-15883,Computer science,rarely,once in a blue moon / no be always,once in a blue moon / no be always,100.0,True,True
engpidginedu-14356,Computer science,specifying,di condition or requirement for contract or agreement,,0.0,False,False
engpidginedu-04293,Government,argue,to drag mata / try to prove point,,0.0,False,False
engpidginedu-08750,Business study,trademarks,company brand marks / signs,company brand marks / signs,100.0,True,True
engpidginedu-08750,Business study,includes,E carry am follow / join body,,0.0,False,False
engpidginedu-08750,Business study,advertising,publicizing market / make people sabi wetin you dey sell,publicizing market / make people sabi wetin you dey sell,100.0,True,True
engpidginedu-06670,Business study,extent,how far de tin reach / level,how far de tin reach / level,100.0,True,True
engpidginedu-06670,Business study,interference,na wrongful disruption or obstruction of anoda persin legal right or business,,0.0,False,False
engpidginedu-01691,Government,inapplicable,E no dey capable of being applied,,0.0,False,False
engpidginedu-24903,Biology,decrease,make somtin de turn to small,,0.0,False,False
engpidginedu-14484,Computer science,existing,wetin dey ground now / active,wetin dey ground now / active,100.0,True,True
engpidginedu-16334,Computer science,repeat,di third cycle word,di third cycle word,100.0,True,True
engpidginedu-24787,Biology,growth,how somtin take de big,how somtin take de big,100.0,True,True
engpidginedu-20402,Computer science,frequentist,one wey like frequency way,one wey like frequency way,100.0,True,True
engpidginedu-11854,Social studies,documents,files / papers wey get important info,files / papers wey get important info,100.0,True,True
engpidginedu-11854,Social studies,prostitution,for pay sexual intercourse for pay pay pay,,0.0,False,False
engpidginedu-11854,Social studies,references,di books and papers wey dem use,citation / to point to where info dey,10.33,True,False
engpidginedu-16988,Computer science,rfunction,one R function,,0.0,False,False
engpidginedu-06146,Business study,submit,give / hand over,give / hand over,100.0,True,True
engpidginedu-06146,Business study,arise,to show face / start to happen,to show face / start to happen,100.0,True,True
engpidginedu-06146,Business study,legally,inside law / wetin law gree make person do,inside law / wetin law gree make person do,100.0,True,True
engpidginedu-01776,Government,constitutionally,follow wetin de grand-papa law talk,follow wetin de grand-papa law talk,100.0,True,True
engpidginedu-01776,Government,extend,to make am long / increase de reach,to make am long / increase de reach,100.0,True,True
engpidginedu-13541,History,reflect,to show,,0.0,False,False
engpidginedu-13541,History,belief,wetin person believe / faith,wetin person believe / faith,100.0,True,True
engpidginedu-15138,Computer science,prints,copy / mark / print-am-out,,0.0,False,False
engpidginedu-21550,Computer science,advance,to go front for somtin,high-level / front,17.36,True,False
engpidginedu-00037,Government,spring,jump / water source,di highest wey somtin fit contain or do,9.6,True,False
engpidginedu-16862,Computer science,multiplication,times,,0.0,False,False
engpidginedu-13244,Social studies,institute,place wey de for skul or to de research,,0.0,False,False
engpidginedu-03798,Government,capacity,di highest wey somtin fit contain or do,di highest wey somtin fit contain or do,100.0,True,True
engpidginedu-08270,Business study,remedy,way to settle de damage / solution,way to settle de damage / solution,100.0,True,True
engpidginedu-10306,English Language,describing,di description wey dey give a description wey dey give,,0.0,False,False
engpidginedu-10306,English Language,linguistic,dem dey dey related to language,dem dey dey related to language,100.0,True,True
engpidginedu-10306,English Language,rhetorical,talk for talk sake / grammar,talk for talk sake / grammar,100.0,True,True
engpidginedu-02885,Government,includes,E carry am follow / join body,,0.0,False,False
engpidginedu-02885,Government,excerpt,exceprt mean say dem commot short part for text wey long,,0.0,False,False
engpidginedu-02885,Government,coverage,how far insurance or news cover de mata,how far insurance or news cover de mata,100.0,True,True
engpidginedu-01202,Government,viewed,bin see / bin check am out,,0.0,False,False
engpidginedu-01202,Government,covered,something wey security or insurance don take care of,something wey security or insurance don take care of,100.0,True,True
engpidginedu-24920,Biology,tend,E usually be like say / e get style to,don big pass before / e climb,9.06,True,False
engpidginedu-13122,Social studies,agencies,offices wey dey run business for people,offices wey dey run business for people,100.0,True,True
engpidginedu-09444,Business study,sole,only one / him alone,only one / him alone,100.0,True,True
engpidginedu-16235,Computer science,thin,lean / something wey no thick,,0.0,False,False
engpidginedu-13488,History,fourth,number four,,0.0,False,False
engpidginedu-13488,History,diverse,different-different / many kinds,different-different / many kinds,100.0,True,True
engpidginedu-05269,Business study,appointed,picked / dem don choose person,bin drag mata / try to prove point,9.21,True,False
engpidginedu-05269,Business study,elected,bin choose through voting,bin choose through voting,100.0,True,True
engpidginedu-03427,Government,forces,pawa / soldiers,pawa / authority,25.11,True,False
engpidginedu-03427,Government,committees,special groups for work,group wey dem set up to do special work,43.67,True,False
engpidginedu-10520,English Language,final,de very last / conclusion,de very last / conclusion,100.0,True,True
engpidginedu-10520,English Language,comments,talk-talk / wetin people talk,talk-talk / wetin comot from mouth,54.69,True,True
engpidginedu-10921,English Language,instructors,teachers / lecturers / those wey dey give direction,,0.0,False,False
engpidginedu-10921,English Language,beforehand,before,,0.0,False,False
engpidginedu-13380,History,various,many different-different types,many different-different types,100.0,True,True
engpidginedu-11401,Social studies,safety,safe condition / no wahala,safe condition / no wahala,100.0,True,True
engpidginedu-11401,Social studies,final,de very last / conclusion,,0.0,False,False
engpidginedu-11401,Social studies,forced,by force-by-force / dem use pawa do am,,0.0,False,False
engpidginedu-02989,Government,submit,give / hand over,give / hand over,100.0,True,True
engpidginedu-20800,Computer science,describing,di description wey dey give a description wey dey give,,0.0,False,False
engpidginedu-09114,Business study,goals,targets / wetin person want reach,targets / wetin person want reach,100.0,True,True
engpidginedu-09114,Business study,imposing,to force tin on person / looking big,,0.0,False,False
engpidginedu-09114,Business study,protecting,to cover / guide / prevent wahala,,0.0,False,False
engpidginedu-15417,Computer science,operations,dem do wit di execution of trades and keeping customer record,dem do wit di execution of trades and keeping customer record,100.0,True,True
engpidginedu-25005,Biology,capacity,di highest wey somtin fit contain or do,di highest wey somtin fit contain or do,100.0,True,True
engpidginedu-25005,Biology,resulting,wetin come out for de end / outcome,wetin come out for de end / outcome,100.0,True,True
engpidginedu-01318,Government,refers,point to / talk about,,0.0,False,False
engpidginedu-01318,Government,funds,money for ground / capital,money for ground / capital,100.0,True,True
engpidginedu-01318,Government,financing,to find money for business / provide funds,,0.0,False,False
engpidginedu-18882,Computer science,horizontal,di something wey dey oriented horizontally,,0.0,False,False
engpidginedu-08831,Business study,holder,person wey carry or get something for hand,,0.0,False,False
engpidginedu-08831,Business study,request,to ask for help or info / application,to ask for help or info / application,100.0,True,True
engpidginedu-00679,Government,indeed,true-true / na so / for real,true-true / na so / for real,100.0,True,True
engpidginedu-19238,Computer science,logarithms,numbers wey show power,,0.0,False,False
engpidginedu-19238,Computer science,exponentials,numbers wey dey grow fast,di quality of having inferior or less favorable position,12.7,True,False
engpidginedu-22095,Computer science,situations,kinds of mata wey fit happen for one place or time,,0.0,False,False
engpidginedu-25967,Biology,exit,where person go pass take comot somwhere,where person go pass take comot somwhere,100.0,True,True
engpidginedu-25967,Biology,regardless,di usually follow by `of',di usually follow by `of',100.0,True,True
engpidginedu-02992,Government,kept,bin keep,,0.0,False,False
engpidginedu-00847,Government,vote,to choose leader / drop thumbprint,to choose leader / drop thumbprint,100.0,True,True
engpidginedu-08204,Business study,length,how e long reach,how e long reach,100.0,True,True
engpidginedu-08204,Business study,expected,wetin person tink say go happen,,0.0,False,False
engpidginedu-08204,Business study,estate,all de property wey person leave when e die / big land,to drag price / reason am,10.5,True,False
engpidginedu-26179,Biology,regulated,something wey under control / rules,,0.0,False,False
engpidginedu-14156,Computer science,unit,one single piece / section,,0.0,False,False
engpidginedu-01306,Government,nations,obodo / different-different countries,obodo / different-different countries,100.0,True,True
engpidginedu-01306,Government,ends,where e finish / targets,,0.0,False,False
engpidginedu-19596,Computer science,unexpected,we no expected or anticipated or anticipated,,0.0,False,False
engpidginedu-19596,Computer science,extent,how far de tin reach / level,how far de tin reach / level,100.0,True,True
engpidginedu-19596,Computer science,cheap,small price or small quality,,0.0,False,False
engpidginedu-02635,Government,choices,different-different options,different-different options,100.0,True,True
engpidginedu-02635,Government,nearly,E remain small / almost,remain small / almost,95.04,True,True
engpidginedu-14344,Computer science,glossary,list of words with their explanations,,0.0,False,False
engpidginedu-16399,Computer science,length,how e long reach,how e long reach,100.0,True,True
engpidginedu-16399,Computer science,asked,bin ask / seek for answer,bin ask / seek for answer,100.0,True,True
engpidginedu-08920,Business study,consequences,wetin follow de action / outcome of wahala,wetin follow de action / outcome of wahala,100.0,True,True
engpidginedu-08920,Business study,committing,do bad tin / promise,do bad tin / promise,100.0,True,True
engpidginedu-13189,Social studies,petitions,formal begs / applications,people wey start case or request for court,12.63,True,False
engpidginedu-13189,Social studies,prospective,di future of or concerned wit or related to di future,,0.0,False,False
engpidginedu-09964,English Language,diverse,different-different / many kinds,different-different / many kinds,100.0,True,True
engpidginedu-09964,English Language,onto,on top of,,0.0,False,False
engpidginedu-09964,English Language,commonly,normal-normal / wetin people dey do always,,0.0,False,False
engpidginedu-22566,Computer science,bottom,down-down / base,down-down / base,100.0,True,True
engpidginedu-04074,Government,justices,big-big judges for higher court,,0.0,False,False
engpidginedu-04074,Government,reporting,to tell about,to tell about,100.0,True,True
engpidginedu-14390,Computer science,repeat,di third cycle word,di third cycle word,100.0,True,True
engpidginedu-14390,Computer science,infinite,numbers wey no get end,,0.0,False,False
engpidginedu-09457,Business study,sole,only one / him alone,only one / him alone,100.0,True,True
engpidginedu-09457,Business study,proprietor,di law,,0.0,False,False
engpidginedu-25857,Biology,direction,which way e dey go,which way e dey go,100.0,True,True
engpidginedu-10079,English Language,professionals,sabi people / experts,sabi people / experts,100.0,True,True
engpidginedu-10079,English Language,complicate,E make more complicated,,0.0,False,False
engpidginedu-01954,Government,bound,something wey must happen / person wey law tie down,something wey security or insurance don take care of,33.15,True,False
engpidginedu-01954,Government,punish,to discipline / give wahala,,0.0,False,False
engpidginedu-04660,Business study,presidential,di president or presidency dey relating to a president or presidency,,0.0,False,False
engpidginedu-04660,Business study,executive,de branch of gofment wey dey run de land,de branch of gofment wey dey run de land,100.0,True,True
engpidginedu-04660,Business study,legislative,concern people wey dey make law,,0.0,False,False
engpidginedu-04882,Business study,concerning,na relevant to dey relevant to dey relevant,na relevant to dey relevant to dey relevant,100.0,True,True
engpidginedu-21221,Computer science,illustrated,dey draw,,0.0,False,False
engpidginedu-07366,Business study,strict,no-nonsense / follow de rule exactly,no-nonsense / follow de rule exactly,100.0,True,True
engpidginedu-07366,Business study,selling,to trade market / business,,0.0,False,False
engpidginedu-07366,Business study,products,all de things wey dem produce to sell,all de things wey dem produce to sell,100.0,True,True
engpidginedu-17844,Computer science,website,a page wey dey on internet,a page wey dey on internet,100.0,True,True
engpidginedu-03760,Government,discriminatory,to partial / treat person bad because of who dem be,,0.0,False,False
engpidginedu-03760,Government,aimed,targetted / point at,,0.0,False,False
engpidginedu-13930,Computer science,post,to send message / position for work,,0.0,False,False
engpidginedu-13930,Computer science,frequently,"for short intervals, many times for short intervals","for short intervals, many times for short intervals",100.0,True,True
engpidginedu-06482,Business study,defective,na wen something no meet required standard or no work proper,,0.0,False,False
engpidginedu-08668,Business study,trademarks,company brand marks / signs,,0.0,False,False
engpidginedu-22524,Computer science,scatterplot,one picture wey show dots,,0.0,False,False
engpidginedu-22524,Computer science,grades,results for school / level,results for school / level,100.0,True,True
engpidginedu-02332,Government,symbolic,something wey concern math symbols,something wey concern math symbols,100.0,True,True
engpidginedu-02332,Government,statutes,laws wey dem write put for book,,0.0,False,False
engpidginedu-02332,Government,dissent,to no gree / judge wey get different mind,na wen persin voluntarily agree or give permission make something happen,16.96,True,False
engpidginedu-09264,Business study,collar,shirt neck / to catch person,,0.0,False,False
engpidginedu-09264,Business study,crimes,bad deeds / things wey break law,bad deeds / things wey break law,100.0,True,True
engpidginedu-23165,Computer science,dealing,business move / to follow person do trade,,0.0,False,False
engpidginedu-09440,Business study,cannot,no fit / power no reach,,0.0,False,False
engpidginedu-09440,Business study,website,a page wey dey on internet,a page wey dey on internet,100.0,True,True
engpidginedu-09440,Business study,partner,business paddy / colleague,business paddy / colleague,100.0,True,True
engpidginedu-07585,Business study,defamation,na false statement wey dey harm persin reputation or character,na false statement wey dey harm persin reputation or character,100.0,True,True
engpidginedu-01069,Government,arise,to show face / start to happen,to show face / start to happen,100.0,True,True
engpidginedu-09543,Business study,jobs,work / hustle / different employments,work / hustle / different employments,100.0,True,True
engpidginedu-09543,Business study,video,film / record wey person fit see,film / record wey person fit see,100.0,True,True
engpidginedu-09543,Business study,accomplished,di effect wey dey put in effect,,0.0,False,False
engpidginedu-15398,Computer science,indicating,di signal wey be signal for or symptom of symptom of,,0.0,False,False
engpidginedu-13386,History,carried,bin carry / bin move load,bin carry / bin move load,100.0,True,True
engpidginedu-00087,Government,trouble,wahala,,0.0,False,False
engpidginedu-00087,Government,safety,safe condition / no wahala,safe condition / no wahala,100.0,True,True
engpidginedu-00087,Government,communities,neighborhood / groups of people,,0.0,False,False
engpidginedu-02459,Government,erroneous,"wey no correct, wey get mistake",,0.0,False,False
engpidginedu-02459,Government,inevitable,di unavoidable event don dey unavoidable event,,0.0,False,False
engpidginedu-02459,Government,debate,fomal talk where two pipu dey talk against each oda,fomal talk where two pipu dey talk against each oda,100.0,True,True
engpidginedu-18087,Computer science,measures,to measure,to measure,100.0,True,True
engpidginedu-05695,Business study,citizen,person wey get right for de land / indigene,,0.0,False,False
engpidginedu-05695,Business study,lawsuits,court cases / dragging for kote,court cases / dragging for kote,100.0,True,True
engpidginedu-07859,Business study,lawful,something wey follow law / e legal,,0.0,False,False
engpidginedu-07859,Business study,commerce,big-time buying and selling,big-time buying and selling,100.0,True,True
engpidginedu-07859,Business study,arms,guns / weapons,,0.0,False,False
engpidginedu-05146,Business study,alter,to change somtin small,,0.0,False,False
engpidginedu-02660,Government,stolen,wetin thief carry / things wey loss by force,wetin thief carry / things wey loss by force,100.0,True,True
engpidginedu-02660,Government,narrow,small space / not wide,,0.0,False,False
engpidginedu-02660,Government,enacted,dem don sign am into law,,0.0,False,False
engpidginedu-21640,Computer science,experimental,for experiment wey dey relating to or based on experiment,for experiment wey dey relating to or based on experiment,100.0,True,True
engpidginedu-08671,Business study,merely,just / only dat one,just / ordinary,32.03,True,False
engpidginedu-08671,Business study,descriptive,di serving to describe or inform or characterized by description,,0.0,False,False
engpidginedu-06914,Business study,benefits,better-better tins wey person gain,better-better tins wey person gain,100.0,True,True
engpidginedu-19976,Computer science,analyst,person wey de always look data to find tins,something wey miss / person wey no find im way,33.55,True,False
engpidginedu-01973,Government,admission,entrance / to gree say person enter,entrance / to gree say person enter,100.0,True,True
engpidginedu-01973,Government,concerning,na relevant to dey relevant to dey relevant,na relevant to dey relevant to dey relevant,100.0,True,True
engpidginedu-01973,Government,associations,groups / unions,,0.0,False,False
engpidginedu-20349,Computer science,deck,flat floor,,0.0,False,False
engpidginedu-10006,English Language,repeat,di third cycle word,di third cycle word,100.0,True,True
engpidginedu-10006,English Language,centers,middle / main point / where tin dey happen,,0.0,False,False
engpidginedu-14051,Computer science,processing,di prescribed procedure dey preparing or putting through a prescribed procedure,di prescribed procedure dey preparing or putting through a prescribed procedure,100.0,True,True
engpidginedu-19284,Computer science,sets,to arrange / put things for order,to arrange / put things for order,100.0,True,True
engpidginedu-09743,Business study,employers,ogas wey dey give work,ogas wey dey give work,100.0,True,True
engpidginedu-09743,Business study,hire,to borrow person pawa for work / employment,to borrow person pawa for work / employment,100.0,True,True
engpidginedu-09743,Business study,fire,di tin wey de show when somtin de burn,,0.0,False,False
engpidginedu-14762,Computer science,format,how you arrange your words,how you arrange your words,100.0,True,True
engpidginedu-25477,Biology,flow,to move steady / water waka,to move steady / water waka,100.0,True,True
engpidginedu-25477,Biology,filtration,di process wey fluid pass through filter or filtering medium,,0.0,False,False
engpidginedu-20264,Computer science,remarkable,di unusual or striking or striking,,0.0,False,False
engpidginedu-20264,Computer science,hill,ground wey go up but e no reach mountain,,0.0,False,False
engpidginedu-19533,Computer science,intend,plan to / mind set,plan to / mind set,100.0,True,True
engpidginedu-19867,Computer science,base,foundation / where tin start from,,0.0,False,False
engpidginedu-13637,History,monuments,statue / remembrance-thing / memorial,,0.0,False,False
engpidginedu-13637,History,referred,bin talk about / bin point to,,0.0,False,False
engpidginedu-03881,Government,campus,all di compound and building of a skul or university,all di compound and building of a skul or university,100.0,True,True
engpidginedu-03881,Government,demonstration,di act of present something to sight or view,di act of present something to sight or view,100.0,True,True
engpidginedu-08132,Business study,adverse,bad / against progress,bad / against progress,100.0,True,True
engpidginedu-02791,Government,absolute,"everitin de complete, no comma","everitin de complete, no comma",100.0,True,True
engpidginedu-09956,English Language,engineering,di practical application of science to commerce or industry or industry,,0.0,False,False
engpidginedu-09956,English Language,campus,all di compound and building of a skul or university,,0.0,False,False
engpidginedu-09956,English Language,continued,bin move forward / e no stop,,0.0,False,False
engpidginedu-04888,Business study,injuries,wounds / damages to body or mind,wounds / damages to body or mind,100.0,True,True
engpidginedu-04888,Business study,driving,to drive motor / push something go front,,0.0,False,False
engpidginedu-04971,Business study,judiciary,di part of government wey de interpret and use law,di part of government wey de interpret and use law,100.0,True,True
engpidginedu-04971,Business study,mysterious,E dey obscure nature of an obscure nature of an obscure nature,,0.0,False,False
engpidginedu-20625,Computer science,quality,how de tin fine or strong reach,how de tin fine or strong reach,100.0,True,True
engpidginedu-02427,Government,speaker,person wey dey talk / megaphone,person wey dey talk / megaphone,100.0,True,True
engpidginedu-02427,Government,intended,wetin person get for mind to do,,0.0,False,False
engpidginedu-13130,Social studies,pursue,to follow / chase / target something,to follow / chase / target something,100.0,True,True
engpidginedu-02141,Government,advertising,publicizing market / make people sabi wetin you dey sell,shelter mata / buildings,10.03,True,False
engpidginedu-02141,Government,member,one person inside join-body,one person inside join-body,100.0,True,True
engpidginedu-02141,Government,holding,to keep for hand / possession of property,to keep for hand / possession of property,100.0,True,True
engpidginedu-03738,Government,compelling,something wey strong well-well / e force you to pay attention,,0.0,False,False
engpidginedu-03738,Government,published,na wen somtin dey make known or distribute through media,,0.0,False,False
engpidginedu-15654,Computer science,accurately,for few mistakes wit few mistakes wit few mistakes wit few mistake,,0.0,False,False
engpidginedu-06041,Business study,supplier,person wey dey supply market,person wey dey supply market,100.0,True,True
engpidginedu-11164,English Language,instructors,teachers / lecturers / those wey dey give direction,teachers / lecturers / those wey dey give direction,100.0,True,True
engpidginedu-15686,Computer science,traditionally,di tradition wey dey according to tradition,di first to last to last,7.52,True,False
engpidginedu-15686,Computer science,hello,how dem de greet person,how dem de greet person,100.0,True,True
engpidginedu-03361,Government,advancement,di encouragement of di progress or growth or acceptance of something,di act of managing something,20.46,True,False
engpidginedu-03361,Government,suit,na wen one persin carry anoda persin go court to seek justice,,0.0,False,False
engpidginedu-16085,Computer science,dealing,business move / to follow person do trade,business move / to follow person do trade,100.0,True,True
engpidginedu-20901,Computer science,places,locations / different sides,,0.0,False,False
engpidginedu-04137,Government,appellee,na persin wey formally ask court or official body for something,,0.0,False,False
engpidginedu-04137,Government,violent,vawulence / rough play,,0.0,False,False
engpidginedu-09572,Business study,publicly,open-open / for everyone eye,,0.0,False,False
engpidginedu-01786,Government,expressive,di expression wey dey characterized by expression,di expression wey dey characterized by expression,100.0,True,True
engpidginedu-01786,Government,banned,dem ban am / no entry,bin get de sense say / intention,15.09,True,False
engpidginedu-01786,Government,ordinance,local government law / official order,,0.0,False,False
engpidginedu-04147,Government,faith,di strong belief wey person get in somtin or person,di strong belief wey person get in somtin or person,100.0,True,True
engpidginedu-25447,Biology,mass,plenti / crowd,,0.0,False,False
engpidginedu-25447,Biology,consequential,wetin follow / result of action,,0.0,False,False
engpidginedu-23200,Computer science,predictor,di thing wey dey predict,di thing wey dey predict,100.0,True,True
engpidginedu-00463,Government,denial,"to say ""No"" / rejection / say you no sabi",normal-normal / wetin people dey do always,11.75,True,False
engpidginedu-00463,Government,liberty,freedom / right to do wetin person like,freedom / right to do wetin person like,100.0,True,True
engpidginedu-09904,Business study,refuse,to no gree / to reject,to no gree / to reject,100.0,True,True
engpidginedu-09904,Business study,refusal,to say no / rejection,,0.0,False,False
engpidginedu-09904,Business study,appearance,di person or thing or thing or thing,di person or thing or thing or thing,100.0,True,True
engpidginedu-05879,Business study,easier,no hard / simple,no hard / simple,100.0,True,True
engpidginedu-11825,Social studies,prostitution,for pay sexual intercourse for pay pay pay,,0.0,False,False
engpidginedu-09707,Business study,taking,to carry / to collect,,0.0,False,False
engpidginedu-09707,Business study,selling,to trade market / business,,0.0,False,False
engpidginedu-09707,Business study,stock,market wey dey ground / shares in company,market wey dey ground / shares in company,100.0,True,True
engpidginedu-03294,Government,issuing,giving out / releasing,,0.0,False,False
engpidginedu-19555,Computer science,fixed,something wey dem don tie down / e don set,,0.0,False,False
engpidginedu-17191,Computer science,operations,dem do wit di execution of trades and keeping customer record,dem do wit di execution of trades and keeping customer record,100.0,True,True
engpidginedu-19319,Computer science,signs,marks / signals / signatures,,0.0,False,False
engpidginedu-23743,Computer science,calculated,di mathematical calculation or computation or computation,,0.0,False,False
engpidginedu-09060,Business study,punishment,di act of punishing di act of punishing di act of punishing,di act of punishing di act of punishing di act of punishing,100.0,True,True
engpidginedu-09060,Business study,jail,prison / kashot / cell,prison / kashot / cell,100.0,True,True
engpidginedu-15866,Computer science,forgetting,di mind stop remembering from di mind,,0.0,False,False
engpidginedu-07090,Business study,performed,bin do de work / finish de task,,0.0,False,False
engpidginedu-07090,Business study,subsequently,afta dat one / de one wey follow,"for short intervals, many times for short intervals",11.59,True,False
engpidginedu-07090,Business study,discharge,"na wen court release defendant from charge, or cancel debt or obligation",,0.0,False,False
engpidginedu-06276,Business study,stakeholders,people wey get interest or share for de mata,people wey get part for company business,37.97,True,False
engpidginedu-06066,Business study,familiar,something wey person sabi well-well,something wey person sabi well-well,100.0,True,True
engpidginedu-06066,Business study,benefits,better-better tins wey person gain,better-better tins wey person gain,100.0,True,True
engpidginedu-06066,Business study,sides,different faces / parts,,0.0,False,False
engpidginedu-24975,Biology,none,nothing / nobody / zero,nothing / nobody / zero,100.0,True,True
engpidginedu-10339,English Language,encourage,to ginger / support,to ginger / support,100.0,True,True
engpidginedu-10339,English Language,contexts,how de levels be / situation,how de levels be / situation,100.0,True,True
engpidginedu-23635,Computer science,selection,choosing / pick-pick,choosing / pick-pick,100.0,True,True
engpidginedu-23635,Computer science,personally,in my own thinking,,0.0,False,False
engpidginedu-03953,Government,mere,just / ordinary,just / ordinary,100.0,True,True
engpidginedu-03953,Government,failure,when tin no work out / disappointment,when tin no work out / disappointment,100.0,True,True
engpidginedu-07554,Business study,interference,na wrongful disruption or obstruction of anoda persin legal right or business,na wrongful disruption or obstruction of anoda persin legal right or business,100.0,True,True
engpidginedu-08237,Business study,dispose,throw away / handle,to carry pickin take as your own / follow a style,15.71,True,False
engpidginedu-08877,Business study,consequences,wetin follow de action / outcome of wahala,wetin follow de action / outcome of wahala,100.0,True,True
engpidginedu-08877,Business study,committing,do bad tin / promise,do bad tin / promise,100.0,True,True
engpidginedu-23031,Computer science,assumed,as dem tink say e be / to take up responsibility,,0.0,False,False
engpidginedu-23031,Computer science,distributed,how dem put themselves,how dem put themselves,100.0,True,True
engpidginedu-11528,Social studies,exposure,showing body / making known,,0.0,False,False
engpidginedu-10839,English Language,fewer,small pass,,0.0,False,False
engpidginedu-24442,Computer science,recognise,to know,to know,100.0,True,True
engpidginedu-13942,Computer science,conceptual,di concept or dia formation dey characterized by concept or dia formation,,0.0,False,False
engpidginedu-17397,Computer science,currently,for now / as we dey so,for now / as we dey so,100.0,True,True
engpidginedu-18136,Computer science,weaknesses,di flaw or weak point or weak point,,0.0,False,False
engpidginedu-15507,Computer science,familiar,something wey person sabi well-well,something wey person sabi well-well,100.0,True,True
engpidginedu-19056,Computer science,device,"ting wey dey help us do somethin, like machine or equipment","ting wey dey help us do somethin, like machine or equipment",100.0,True,True
engpidginedu-19056,Computer science,trust,to believe person / keep secret or money with person,,0.0,False,False
engpidginedu-21756,Computer science,selected,picked / de one wey dem choose,,0.0,False,False
engpidginedu-21756,Computer science,observed,bin see / follow rule,,0.0,False,False
engpidginedu-21756,Computer science,equally,same-same / level ground,same-same / level ground,100.0,True,True
engpidginedu-10033,English Language,effectively,sharp sharp,di act of examining resemblances wey dey examinin resemblances,5.32,True,False
engpidginedu-22668,Computer science,achieve,to make am / reach target / blow,,0.0,False,False
engpidginedu-07261,Business study,remedy,way to settle de damage / solution,way to settle de damage / solution,100.0,True,True
engpidginedu-03049,Government,manner,way / style / how person take do am,way / style / how person take do am,100.0,True,True
engpidginedu-00565,Government,responsible,di worthy of or requiring responsibility or trust,di worthy of or requiring responsibility or trust,100.0,True,True
engpidginedu-14685,Computer science,objects,things / items,things / items,100.0,True,True
engpidginedu-16083,Computer science,throughout,di first to last to last,di first to last to last,100.0,True,True
engpidginedu-23325,Computer science,quickly,fast-fast / sharp-sharp,,0.0,False,False
engpidginedu-15600,Computer science,teach,to show person de way / lecture,to show person de way / lecture,100.0,True,True
engpidginedu-22629,Computer science,grades,results for school / level,,0.0,False,False
engpidginedu-07874,Business study,root,di main place wey everything start,di main place wey everything start,100.0,True,True
engpidginedu-07874,Business study,conflicts,wahala / fight / misunderstanding,,0.0,False,False
engpidginedu-25903,Biology,dire,na urgent or serious situation wey court suppose act fast on am,,0.0,False,False
engpidginedu-25903,Biology,characteristics,di things wey make am,di things wey make am,100.0,True,True
engpidginedu-07908,Business study,discriminatory,to partial / treat person bad because of who dem be,,0.0,False,False
engpidginedu-06260,Business study,negotiations,to drag price / settle mata through talk,,0.0,False,False
engpidginedu-06260,Business study,getting,to get / collect,,0.0,False,False
engpidginedu-06260,Business study,qualified,person wey get certificate / e sabi de work,,0.0,False,False
engpidginedu-16928,Computer science,extra,jara / more,,0.0,False,False
engpidginedu-09163,Business study,collar,shirt neck / to catch person,shirt neck / to catch person,100.0,True,True
engpidginedu-09163,Business study,crimes,bad deeds / things wey break law,bad deeds / things wey break law,100.0,True,True
engpidginedu-11152,English Language,argued,bin drag mata / talk with proof,,0.0,False,False
engpidginedu-11152,English Language,racial,mata about tribe or de color of person skin,mata about tribe or de color of person skin,100.0,True,True
engpidginedu-11152,English Language,linguistic,dem dey dey related to language,dem dey dey related to language,100.0,True,True
engpidginedu-08465,Business study,invention,new machine or idea wey person build,new machine or idea wey person build,100.0,True,True
engpidginedu-08465,Business study,eligible,qualified / e follow,qualified / e follow,100.0,True,True
engpidginedu-08465,Business study,regardless,di usually follow by `of',di usually follow by `of',100.0,True,True
engpidginedu-11626,Social studies,setting,where de mata happen / environment,where de mata happen / environment,100.0,True,True
engpidginedu-06950,Business study,price,how much dem dey sell am,,0.0,False,False
engpidginedu-15976,Computer science,decisions,final conclusions / choices,,0.0,False,False
engpidginedu-05958,Business study,lesser,smaller pass,,0.0,False,False
engpidginedu-05958,Business study,hybrid,mixture of two different styles,,0.0,False,False
engpidginedu-05958,Business study,processes,procedures / styles to do work,procedures / styles to do work,100.0,True,True
engpidginedu-16197,Computer science,fast,fast-fast / sharp-sharp,,0.0,False,False
engpidginedu-16197,Computer science,taking,to carry / to collect,,0.0,False,False
engpidginedu-00940,Government,film,movie / cinema,movie / cinema,100.0,True,True
engpidginedu-25896,Biology,dire,na urgent or serious situation wey court suppose act fast on am,,0.0,False,False
engpidginedu-21895,Computer science,onto,on top of,,0.0,False,False
engpidginedu-19999,Computer science,hello,how dem de greet person,how dem de greet person,100.0,True,True
engpidginedu-14771,Computer science,removed,bin comot / dem don move am,,0.0,False,False
engpidginedu-09139,Business study,violate,to break law / go against rule,to break law / go against rule,100.0,True,True
engpidginedu-08794,Business study,domain,area / website address,area / website address,100.0,True,True
engpidginedu-19414,Computer science,mention,to talk about am small,,0.0,False,False
engpidginedu-19414,Computer science,equivalent,di same thing,di same thing,100.0,True,True
engpidginedu-14272,Computer science,produces,to make,,0.0,False,False
engpidginedu-15232,Computer science,instance,one example of somtin,one example of somtin,100.0,True,True
engpidginedu-15232,Computer science,attributes,di construct wey objects or individuals dey distinguished,di construct wey objects or individuals dey distinguished,100.0,True,True
engpidginedu-15843,Computer science,publishing,di business of issuing printed matter for sale or distribution or distribution,di business of issuing printed matter for sale or distribution or distribution,100.0,True,True
engpidginedu-15843,Computer science,expensive,E cost / de price high / heavy money,cost / de price high / heavy money,96.82,True,True
engpidginedu-08850,Business study,secrets,under-carpet mata / hidden tins,,0.0,False,False
engpidginedu-08850,Business study,patents,law pawa to own idea,,0.0,False,False
engpidginedu-08850,Business study,trademarks,company brand marks / signs,company brand marks / signs,100.0,True,True
engpidginedu-21314,Computer science,shortly,just now / soon-soon,,0.0,False,False
engpidginedu-05771,Business study,vehicle,motor / machine to carry load,motor / machine to carry load,100.0,True,True
engpidginedu-05771,Business study,manufacturer,na persin or company wey dey make goods for sell,na persin or company wey dey make goods for sell,100.0,True,True
engpidginedu-05771,Business study,manufacture,di organized action of making goods and services for sale for sale,,0.0,False,False
engpidginedu-05013,Business study,negotiate,to drag price / reason am,to drag price / reason am,100.0,True,True
engpidginedu-05013,Business study,treaty,official agreement between two or more countries — dem usually sign am,,0.0,False,False
engpidginedu-15064,Computer science,communicate,di transmit information wey dem transmit information,di transmit information wey dem transmit information,100.0,True,True
engpidginedu-15064,Computer science,mail,letter / message wey pass post or email,letter / message wey pass post or email,100.0,True,True
engpidginedu-20826,Computer science,lives,different people life,different faces / parts,40.88,True,False
engpidginedu-14205,Computer science,execute,to do wetin you tell am,to do wetin you tell am,100.0,True,True
engpidginedu-03458,Government,flexibility,di property of being flexible,,0.0,False,False
engpidginedu-03458,Government,practical,something wey person fit do / no be just talk,something wey law no gree / illegal,34.72,True,False
engpidginedu-16062,Computer science,certainly,kpam-kpam / true-true / without doubt,kpam-kpam / true-true / without doubt,100.0,True,True
engpidginedu-16062,Computer science,possibilities,A future prospect or potential,future prospect or potential,96.55,True,True
engpidginedu-13764,History,ninth,number nine,,0.0,False,False
engpidginedu-13764,History,capital,moni wey person use take start business,moni wey person use take start business,100.0,True,True
engpidginedu-13764,History,religious,matter of church or mosque / person wey follow God,,0.0,False,False
engpidginedu-11181,English Language,scholarly,something wey concern serious school or research work,,0.0,False,False
engpidginedu-11181,English Language,institutional,wey dey relating to or constituting or involving institution,,0.0,False,False
engpidginedu-11181,English Language,silence,quiet / no talk,as e turn out,13.2,True,False
engpidginedu-21218,Computer science,replication,di act of make copies,,0.0,False,False
engpidginedu-16579,Computer science,aggregated,put together,,0.0,False,False
engpidginedu-16579,Computer science,disaggregated,break down,,0.0,False,False
engpidginedu-02259,Government,apparently,di appearance wey dey alone from appearances alone,di appearance wey dey alone from appearances alone,100.0,True,True
engpidginedu-02259,Government,unnecessary,we no need necessary,chance / open door,11.17,True,False
engpidginedu-02259,Government,seeks,person wey dey find / look for,,0.0,False,False
engpidginedu-12142,Social studies,furthermore,join join / more-so,,0.0,False,False
engpidginedu-12142,Social studies,unbanked,when person no get any bank account or access to banking services,,0.0,False,False
engpidginedu-12142,Social studies,documents,files / papers wey get important info,files / papers wey get important info,100.0,True,True
engpidginedu-11377,Social studies,homes,where person dey stay,,0.0,False,False
engpidginedu-11377,Social studies,legally,inside law / wetin law gree make person do,inside law / wetin law gree make person do,100.0,True,True
engpidginedu-01345,Government,intend,plan to / mind set,,0.0,False,False
engpidginedu-01345,Government,assist,to help,,0.0,False,False
engpidginedu-01345,Government,unlawful,something wey law no gree / illegal,,0.0,False,False
engpidginedu-18544,Computer science,devices,machines wey dey save,,0.0,False,False
engpidginedu-03966,Government,allowance,money or somtin wey dem give for somtin wey de wan do,,0.0,False,False
engpidginedu-03966,Government,proving,to show prove / confirm,,0.0,False,False
engpidginedu-22421,Computer science,implies,meaning say / suggest,to force law or fine for person head,9.16,True,False
engpidginedu-09882,Business study,exceptional,di usual for magnitude or degree or degree,,0.0,False,False
engpidginedu-25312,Biology,determining,to finalize / find de real answer,,0.0,False,False
engpidginedu-07957,Business study,landlord,person wey get house or land and e use am rent,person wey get house or land and e use am rent,100.0,True,True
engpidginedu-07957,Business study,happy,make person like wetin de happen,make person like wetin de happen,100.0,True,True
engpidginedu-02490,Government,instance,one example of somtin,,0.0,False,False
engpidginedu-02490,Government,bear,to carry load / endure wahala / get fruit,,0.0,False,False
engpidginedu-06498,Business study,lawsuits,court cases / dragging for kote,,0.0,False,False
engpidginedu-06498,Business study,inadequate,di requisite qualities or resources to meet task,to drag price / reason am,9.12,True,False
engpidginedu-12997,Social studies,teach,to show person de way / lecture,,0.0,False,False
engpidginedu-10222,English Language,workplace,office / site / work area,office / site / work area,100.0,True,True
engpidginedu-10222,English Language,significance,di quality of being significant,,0.0,False,False
engpidginedu-10222,English Language,plans,arrangements / formats / goals,,0.0,False,False
engpidginedu-25707,Biology,correlated,di reciprocal or mutual relation to bear reciprocal or mutual relation,,0.0,False,False
engpidginedu-10192,English Language,prevailing,"for number, quantity, power, status or importance or importance",,0.0,False,False
engpidginedu-05366,Business study,justices,big-big judges for higher court,big-big judges for higher court,100.0,True,True
engpidginedu-05366,Business study,weaknesses,di flaw or weak point or weak point,,0.0,False,False
engpidginedu-05366,Business study,implications,wetin something fit cause or mean,wetin something fit cause or mean,100.0,True,True
engpidginedu-24508,Computer science,belief,wetin person believe / faith,wetin person believe / faith,100.0,True,True
engpidginedu-05498,Business study,convicted,na wen court or jury find persin guilty of criminal charge,na wen court or jury find persin guilty of criminal charge,100.0,True,True
engpidginedu-05498,Business study,terrorists,di radical wey employ terror as political weapon,,0.0,False,False
engpidginedu-12087,Social studies,demands,"requests / wetin person say ""must"" happen",reasons why things dey happen,22.5,True,False
engpidginedu-25129,Biology,covered,something wey security or insurance don take care of,something wey security or insurance don take care of,100.0,True,True
engpidginedu-08396,Business study,performed,bin do de work / finish de task,,0.0,False,False
engpidginedu-08396,Business study,paying,to drop money / settle bill,,0.0,False,False
engpidginedu-08396,Business study,fees,money for service / payment for work done,,0.0,False,False
engpidginedu-15238,Computer science,execute,to do wetin you tell am,,0.0,False,False
engpidginedu-15238,Computer science,instance,one example of somtin,,0.0,False,False
engpidginedu-07142,Business study,defenses,all de yans wey lawyers talk to protect person for kote,,0.0,False,False
engpidginedu-03748,Government,constitute,to be,to be,100.0,True,True
engpidginedu-15517,Computer science,rank,to put for order,to carry pickin take as your own / follow a style,13.9,True,False
engpidginedu-07816,Business study,negligence,"na wen persin no dey give proper care, and dis cause harm","na wen persin no dey give proper care, and dis cause harm",100.0,True,True
engpidginedu-06532,Business study,post,to send message / position for work,to send message / position for work,100.0,True,True
engpidginedu-06532,Business study,inventions,di Creation of something for di mind,,0.0,False,False
engpidginedu-06532,Business study,patents,law pawa to own idea,marks / signals / signatures,8.58,True,False
engpidginedu-08102,Business study,buyer,pesin wey buy market / customer,,0.0,False,False
engpidginedu-08102,Business study,fixtures,fix-property / things-wey-dey-ground / attachment,,0.0,False,False
engpidginedu-08102,Business study,excluded,comot / no follow join,,0.0,False,False
engpidginedu-01016,Government,directions,di line wey dey leading to place or point or point,directions / orders from oga,9.1,True,False
engpidginedu-01016,Government,street,road / where houses dey,road / where houses dey,100.0,True,True
engpidginedu-01319,Government,broad,E wide well-well / e cover many things,wide well-well / e cover many things,97.16,True,True
engpidginedu-01319,Government,contributions,support / money wey people join together,,0.0,False,False
engpidginedu-01319,Government,encompassing,for scope,,0.0,False,False
engpidginedu-02248,Government,practical,something wey person fit do / no be just talk,something wey person fit do / no be just talk,100.0,True,True
engpidginedu-02248,Government,thinking,to reason / deep thought,to reason / deep thought,100.0,True,True
engpidginedu-02248,Government,favor,to help person / partial follow-up,,0.0,False,False
engpidginedu-11467,Social studies,highest,de oga kpatakpata / top level,,0.0,False,False
engpidginedu-01706,Government,employed,person wey get work / oga don hire,,0.0,False,False
engpidginedu-01706,Government,requiring,dem need am / e gats dey dere,,0.0,False,False
engpidginedu-01706,Government,mode,di one wey show most,di one wey show most,100.0,True,True
engpidginedu-17675,Computer science,fast,fast-fast / sharp-sharp,,0.0,False,False
engpidginedu-00635,Government,classic,old-school / standard,old-school / standard,100.0,True,True
engpidginedu-02683,Government,relations,na legal connections between parties wey define dem rights and duties,na legal connections between parties wey define dem rights and duties,100.0,True,True
engpidginedu-08266,Business study,apartment,rooms for building wey pipu de live for,,0.0,False,False
engpidginedu-08266,Business study,campus,all di compound and building of a skul or university,all di compound and building of a skul or university,100.0,True,True
engpidginedu-13813,Computer science,digital,computer style / something wey concern internet,,0.0,False,False
engpidginedu-24641,Computer science,bayesian,one kind of statistical method,,0.0,False,False
engpidginedu-09117,Business study,resident,person wey dey stay for place,person wey dey stay for place,100.0,True,True
engpidginedu-25623,Biology,bind,tie / hold together,,0.0,False,False
engpidginedu-25623,Biology,active,person or tin wey dey move / e dey function,,0.0,False,False
engpidginedu-24943,Biology,preferential,di partiality dey manifest partiality,,0.0,False,False
engpidginedu-24943,Biology,heart,di tin wey de make blood move for bodi,di tin wey de show when somtin de burn,32.57,True,False
engpidginedu-11059,English Language,central,main side / middle / very important,main side / middle / very important,100.0,True,True
engpidginedu-11059,English Language,instructors,teachers / lecturers / those wey dey give direction,,0.0,False,False
engpidginedu-10710,English Language,successful,dem dey having succeeded or being marked by favorable outcome,dem dey having succeeded or being marked by favorable outcome,100.0,True,True
engpidginedu-14899,Computer science,frequency,how many times something dey happen,,0.0,False,False
engpidginedu-06935,Business study,former,de one before / ex-oga,de one before / ex-oga,100.0,True,True
engpidginedu-10726,English Language,tutor,private teacher / coach,small-small write-up / observations,15.13,True,False
engpidginedu-12422,Social studies,experienced,sabi person / person wey don see things,,0.0,False,False
engpidginedu-08524,Business study,consequences,wetin follow de action / outcome of wahala,wetin follow de action / outcome of wahala,100.0,True,True
engpidginedu-01647,Government,orthodox,di normal way,di normal way,100.0,True,True
engpidginedu-01647,Government,convey,to pass message / move something from A to B,to pass message / move something from  to,90.21,True,True
engpidginedu-15128,Computer science,exchanging,"one another give to, and receive from, one another",to dey give / as far as,9.15,True,False
engpidginedu-14044,Computer science,secondary,level wey follow / not as important as de main one,level wey follow / not as important as de main one,100.0,True,True
engpidginedu-21061,Computer science,making,to dey build or produce something,,0.0,False,False
engpidginedu-02750,Government,enforce,to force people make dem follow law,,0.0,False,False
engpidginedu-00888,Government,regulating,di act of controlling or directing according to rule,,0.0,False,False
engpidginedu-00888,Government,established,dem set up or find dem,,0.0,False,False
engpidginedu-00888,Government,exceptions,di deliberate act of omission wey dey deliberate act of omission,,0.0,False,False
engpidginedu-18493,Computer science,description,di statement wey represent something for words wey represent something for words,di statement wey represent something for words wey represent something for words wey represent something for words,91.97,True,True
engpidginedu-00883,Government,standing,level / position / right to carry mata go kote,level / position / right to carry mata go kote,100.0,True,True
engpidginedu-00883,Government,strike,drop-tool / work-stop,drop-tool / work-stop,100.0,True,True
engpidginedu-04182,Government,applicable,dem dey capable of being applied,dem dey capable of being applied,100.0,True,True
engpidginedu-04182,Government,voluntarily,by choice / no be by force,kpam-kpam / true-true / without doubt,8.25,True,False
engpidginedu-04182,Government,involuntarily,di will dey against your will,,0.0,False,False
engpidginedu-15315,Computer science,operations,dem do wit di execution of trades and keeping customer record,dem do wit di execution of trades and keeping customer record,100.0,True,True
engpidginedu-15315,Computer science,changes,adjustments / turns,,0.0,False,False
engpidginedu-23729,Computer science,absolutely,as intensifiers dey use informally as intensifiers,,0.0,False,False
engpidginedu-21917,Computer science,reporting,to tell about,to tell about,100.0,True,True
engpidginedu-21917,Computer science,communicate,di transmit information wey dem transmit information,di transmit information wey dem transmit information,100.0,True,True
engpidginedu-11014,English Language,instruction,di message wey dey describing how something dey done,di message wey dey describing how something dey done,100.0,True,True
engpidginedu-11014,English Language,sharing,to share,,0.0,False,False
engpidginedu-11014,English Language,evaluate,to check if something dey correct,to check mata with searchlight / deep inspection,28.36,True,False
engpidginedu-12742,Social studies,seeking,to look for / desire,to look for / desire,100.0,True,True
engpidginedu-12742,Social studies,abuser,"person wey dey mistreat or hurt another person, especially in a relationship",,0.0,False,False
engpidginedu-00951,Government,speaker,person wey dey talk / megaphone,person wey dey talk / megaphone,100.0,True,True
engpidginedu-25902,Biology,dire,na urgent or serious situation wey court suppose act fast on am,,0.0,False,False
engpidginedu-25902,Biology,mechanism,system wey dey produce one particular result,,0.0,False,False
engpidginedu-07190,Business study,speak,to yan / talk / express mind,to yan / talk / express mind,100.0,True,True
engpidginedu-07190,Business study,capacity,di highest wey somtin fit contain or do,di highest wey somtin fit contain or do,100.0,True,True
engpidginedu-07226,Business study,frauds,different-different wayo moves,,0.0,False,False
engpidginedu-07226,Business study,requires,E gats happen / e need am,,0.0,False,False
engpidginedu-07226,Business study,enforceable,na wen court fit force persin follow agreement or ruling,na wen court fit force persin follow agreement or ruling,100.0,True,True
engpidginedu-17636,Computer science,plain,normal-normal / e clear / e no get decoration,,0.0,False,False
engpidginedu-13730,History,covered,something wey security or insurance don take care of,something wey security or insurance don take care of,100.0,True,True
engpidginedu-12779,Social studies,temporary,for now-now / e no go last,,0.0,False,False
engpidginedu-09784,Business study,acts,deeds / many laws wey don pass,,0.0,False,False
engpidginedu-11526,Social studies,training,to learn work / practice to sabi something well,to learn work / practice to sabi something well,100.0,True,True
engpidginedu-00193,Government,execute,to do wetin you tell am,to do wetin you tell am,100.0,True,True
engpidginedu-00193,Government,employed,person wey get work / oga don hire,,0.0,False,False
engpidginedu-15629,Computer science,suggestion,di idea wey dey suggest for di idea wey dey suggest,di message wey dey describing how something dey done,24.57,True,False
engpidginedu-15629,Computer science,correction,di act of offering improvement to replace mistake,di act of offering improvement to replace mistake,100.0,True,True
engpidginedu-15629,Computer science,email,electronic message wey person de send or collect on top internet,electronic message wey person de send or collect on top internet,100.0,True,True
engpidginedu-12464,Social studies,damaged,spoil / wound,,0.0,False,False
engpidginedu-12464,Social studies,forced,by force-by-force / dem use pawa do am,,0.0,False,False
engpidginedu-12464,Social studies,homes,where person dey stay,,0.0,False,False
engpidginedu-18864,Computer science,govern,dey control,dey control,100.0,True,True
engpidginedu-00640,Government,probable,likely / fit happen,,0.0,False,False
engpidginedu-00640,Government,effectiveness,di quality of being able to bring about effect,di quality of being able to bring about effect,100.0,True,True
engpidginedu-22790,Computer science,tool,tinwey or ogbe wey dem dey use do sometin or wok,tinwey or ogbe wey dem dey use do sometin or wok,100.0,True,True
engpidginedu-25224,Biology,throughout,di first to last to last,di first to last to last,100.0,True,True
engpidginedu-12762,Social studies,pose,show / bring problem,,0.0,False,False
engpidginedu-12762,Social studies,communicate,di transmit information wey dem transmit information,di transmit information wey dem transmit information,100.0,True,True
engpidginedu-12762,Social studies,effectively,sharp sharp,,0.0,False,False
engpidginedu-13767,History,contribute,di quality wey dey bestow a quality on top quality on top,,0.0,False,False
engpidginedu-13624,History,remains,E still dey / e never comot,,0.0,False,False
engpidginedu-13624,History,worship,to serve God / praise,,0.0,False,False
engpidginedu-10842,English Language,reported,bin talk wetin happen / record,,0.0,False,False
engpidginedu-13356,History,scholars,deep students / book people,deep students / book people,100.0,True,True
engpidginedu-13594,History,capital,moni wey person use take start business,moni wey person use take start business,100.0,True,True
engpidginedu-13594,History,fashion,style of cloth wey de popular for one time,style of cloth wey de popular for one time,100.0,True,True
engpidginedu-07010,Business study,cannot,no fit / power no reach,,0.0,False,False
engpidginedu-05007,Business study,judiciary,di part of government wey de interpret and use law,di part of government wey de interpret and use law,100.0,True,True
engpidginedu-05007,Business study,indefinitely,for an indefinite extent,,0.0,False,False
engpidginedu-22739,Computer science,failed,E no work / person wey fall hand,,0.0,False,False
engpidginedu-12551,Social studies,broader,more wide / general pass,,0.0,False,False
engpidginedu-12551,Social studies,changes,adjustments / turns,to measure something,11.75,True,False
engpidginedu-12551,Social studies,daily,make somtin de sup every day,,0.0,False,False
engpidginedu-07577,Business study,grounds,main reasons why dem carry mata go court,main reasons why dem carry mata go court,100.0,True,True
engpidginedu-07577,Business study,holding,to keep for hand / possession of property,to keep for hand / possession of property,100.0,True,True
engpidginedu-04534,Business study,regardless,di usually follow by `of',di usually follow by `of',100.0,True,True
engpidginedu-02640,Government,defamation,na false statement wey dey harm persin reputation or character,na false statement wey dey harm persin reputation or character,100.0,True,True
engpidginedu-17699,Computer science,analyse,to look somtin wella to sabi am,to look somtin wella to sabi am,100.0,True,True
engpidginedu-17699,Computer science,football,di kind play wey pipu de use leg knack ball to score,,0.0,False,False
engpidginedu-11005,English Language,internal,for inside,,0.0,False,False
engpidginedu-11005,English Language,constraints,rules wey dey prevent you from going too far,di act of examining resemblances wey dey examinin resemblances,23.14,True,False
engpidginedu-11005,English Language,complicate,E make more complicated,,0.0,False,False
engpidginedu-08903,Business study,perpetrators,"dem wey do bad tin, like people wey throw bomb",pipo wey sabi science,8.61,True,False
engpidginedu-08903,Business study,trust,to believe person / keep secret or money with person,to believe person / keep secret or money with person,100.0,True,True
engpidginedu-07683,Business study,punitive,na damages wey pass compensation to punish wrongdoer and stop future harm,na damages wey pass compensation to punish wrongdoer and stop future harm,100.0,True,True
engpidginedu-07683,Business study,inadequate,di requisite qualities or resources to meet task,,0.0,False,False
engpidginedu-07683,Business study,injuries,wounds / damages to body or mind,wounds / damages to body or mind,100.0,True,True
engpidginedu-09362,Business study,products,all de things wey dem produce to sell,all de things wey dem produce to sell,100.0,True,True
engpidginedu-09362,Business study,consumer,person wey buy and use market,person wey buy and use market,100.0,True,True
engpidginedu-09362,Business study,ever,anytime / since world start,anytime / since world start,100.0,True,True
engpidginedu-23381,Computer science,standardised,di standard evaluate by comparing wit standard standard,,0.0,False,False
engpidginedu-02538,Government,brief,small talk / summary wey lawyer write,small talk / summary wey lawyer write,100.0,True,True
engpidginedu-02538,Government,veterans,old-timers / soldiers wey don retire,,0.0,False,False
engpidginedu-14413,Computer science,iteration,doing the same thing again and again,doing the same thing again and again,100.0,True,True
engpidginedu-08998,Business study,specified,dem mention am clear-clear,,0.0,False,False
engpidginedu-08998,Business study,warrant,official paper to arrest person or search house,official paper to arrest person or search house,100.0,True,True
engpidginedu-08998,Business study,item,single thing / article,single thing / article,100.0,True,True
engpidginedu-07839,Business study,industry,hustle / big-big business area,hustle / big-big business area,100.0,True,True
engpidginedu-07839,Business study,suits,law cases / coat and trouser,,0.0,False,False
engpidginedu-20537,Computer science,terminology,di words wey dem use,di words wey dem use,100.0,True,True
engpidginedu-20537,Computer science,precisely,more clearly,more clearly,100.0,True,True
engpidginedu-08101,Business study,acquiring,getting / collecting,,0.0,False,False
engpidginedu-08101,Business study,estate,all de property wey person leave when e die / big land,,0.0,False,False
engpidginedu-08101,Business study,facilitate,E dey make easier,dey make easier,92.76,True,True
engpidginedu-08493,Business study,merely,just / only dat one,just / ordinary,32.03,True,False
engpidginedu-14747,Computer science,sequential,for regular succession without gaps,,0.0,False,False
engpidginedu-15554,Computer science,inefficient,"asteful, wey no dey produce desired results",,0.0,False,False
engpidginedu-15554,Computer science,compressed,E dey make more compact by or as if by pressing pressing,,0.0,False,False
engpidginedu-24368,Computer science,strictly,by force / no wayo,,0.0,False,False
engpidginedu-24368,Computer science,sequential,for regular succession without gaps,,0.0,False,False
engpidginedu-05215,Business study,constitutions,rules of de land,,0.0,False,False
engpidginedu-05215,Business study,older,senior / old pass,something wey miss / person wey no find im way,12.6,True,False
engpidginedu-05215,Business study,relatively,if you look am side-by-side with oda things,if you look am side-by-side with oda things,100.0,True,True
engpidginedu-14611,Computer science,files,folders / official papers / computer data,folders / official papers / computer data,100.0,True,True
engpidginedu-16540,Computer science,impossible,no fit happen,,0.0,False,False
engpidginedu-16540,Computer science,knowing,with full sabi / person wey get info,,0.0,False,False
engpidginedu-23569,Computer science,root,di main place wey everything start,,0.0,False,False
engpidginedu-23569,Computer science,relative,connection / family person,connection / family person,100.0,True,True
engpidginedu-23569,Computer science,uncorrelated,we no dey varying together,,0.0,False,False
engpidginedu-14502,Computer science,named,mention name / title,,0.0,False,False
engpidginedu-25996,Biology,caused,wetin make de tin happen,,0.0,False,False
engpidginedu-15225,Computer science,objects,things / items,things / items,100.0,True,True
engpidginedu-08165,Business study,profit,gain / better money from business,gain / better money from business,100.0,True,True
engpidginedu-18265,Computer science,certainly,kpam-kpam / true-true / without doubt,kpam-kpam / true-true / without doubt,100.0,True,True
engpidginedu-18265,Computer science,grumpy,cross,,0.0,False,False
engpidginedu-01645,Government,precise,correct / exact,,0.0,False,False
engpidginedu-01645,Government,moreover,join-am say / apart from dat,,0.0,False,False
engpidginedu-01645,Government,disagree,I no gree / drag mata,no gree / drag mata,93.88,True,True
engpidginedu-15222,Computer science,invoke,to use,no clear / blurry,8.82,True,False
engpidginedu-16972,Computer science,speaking,talk-talk / to yarn,,0.0,False,False
engpidginedu-16972,Computer science,convenient,E dey suite to your comfort or purpose or needs,dey suite to your comfort or purpose or needs,97.73,True,True
engpidginedu-22803,Computer science,double,one kind of number,one kind of number,100.0,True,True
engpidginedu-22803,Computer science,assigned,dem don give am de work / hand over task,dem don give am de work / hand over task,100.0,True,True
engpidginedu-05763,Business study,vehicle,motor / machine to carry load,motor / machine to carry load,100.0,True,True
engpidginedu-05763,Business study,inspect,to check am well-well,,0.0,False,False
engpidginedu-07170,Business study,impose,to force law or fine for person head,to force law or fine for person head,100.0,True,True
engpidginedu-07170,Business study,remedy,way to settle de damage / solution,way to settle de damage / solution,100.0,True,True
engpidginedu-13931,Computer science,post,to send message / position for work,,0.0,False,False
engpidginedu-13931,Computer science,mistake,error / skip / something wey person no do well,error / skip / something wey person no do well,100.0,True,True
engpidginedu-25507,Biology,moving,E dey waka / e dey shift,,0.0,False,False
engpidginedu-03492,Government,went,bin travel / bin comot,,0.0,False,False
engpidginedu-03492,Government,organized,well-arranged / follow order,,0.0,False,False
engpidginedu-03492,Government,acquire,to get / collect,,0.0,False,False
engpidginedu-25232,Biology,growth,how somtin take de big,how somtin take de big,100.0,True,True
engpidginedu-25232,Biology,shortly,just now / soon-soon,,0.0,False,False
engpidginedu-24607,Computer science,belief,wetin person believe / faith,wetin person believe / faith,100.0,True,True
engpidginedu-00181,Government,previous,something wey dey before now,something wey dey before now,100.0,True,True
engpidginedu-00181,Government,selection,choosing / pick-pick,choosing / pick-pick,100.0,True,True
engpidginedu-22532,Computer science,critically,importantly,,0.0,False,False
engpidginedu-04835,Business study,creditors,people wey lend money / those wey dey collect debt,,0.0,False,False
engpidginedu-16199,Computer science,impossible,no fit happen,no fit happen,100.0,True,True
engpidginedu-06371,Business study,changing,to turn / change style,,0.0,False,False
engpidginedu-06371,Business study,opportunities,di possibility due to a favorable combination of circumstances,di possibility due to a favorable combination of circumstances,100.0,True,True
engpidginedu-06371,Business study,interests,all de tins wey person eyes dey look / benefits,,0.0,False,False
engpidginedu-18863,Computer science,boxcol,colour for di box,,0.0,False,False
engpidginedu-18863,Computer science,medcol,colour for di middle line,,0.0,False,False
engpidginedu-18863,Computer science,outcol,colour for di outside points,,0.0,False,False
engpidginedu-14923,Computer science,organized,well-arranged / follow order,,0.0,False,False
engpidginedu-14923,Computer science,lists,groups of things,,0.0,False,False
engpidginedu-02386,Government,defined,wetin dem don explain clear / get meaning,,0.0,False,False
engpidginedu-25181,Biology,chain,tins wey join togeda,tins wey join togeda,100.0,True,True
engpidginedu-25181,Biology,carriers,transporters / things wey carry load,,0.0,False,False
engpidginedu-15569,Computer science,accounts,bank statement / records of money movement,,0.0,False,False
engpidginedu-15569,Computer science,various,many different-different types,many different-different types,100.0,True,True
engpidginedu-01514,Government,surrounding,for all sides of simultaneously,,0.0,False,False
engpidginedu-04828,Business study,provides,to provide,,0.0,False,False
engpidginedu-06525,Business study,commerce,big-time buying and selling,big-time buying and selling,100.0,True,True
engpidginedu-07361,Business study,failure,when tin no work out / disappointment,when tin no work out / disappointment,100.0,True,True
engpidginedu-07361,Business study,incorporated,company wey don register finish / join body,company wey don register finish / join body,100.0,True,True
engpidginedu-10171,English Language,fourth,number four,number four,100.0,True,True
engpidginedu-22046,Computer science,frequently,"for short intervals, many times for short intervals","for short intervals, many times for short intervals",100.0,True,True
engpidginedu-22046,Computer science,somewhat,small / somehow,,0.0,False,False
engpidginedu-22046,Computer science,mathematically,we dey respect to mathematics wit respect to mathematics,,0.0,False,False
engpidginedu-07696,Business study,negligence,"na wen persin no dey give proper care, and dis cause harm",na wen persin voluntarily agree or give permission make something happen,34.22,True,False
engpidginedu-07696,Business study,falls,E dey drop / waterfall,,0.0,False,False
engpidginedu-24613,Computer science,bayesian,one kind of statistical method,,0.0,False,False
engpidginedu-24613,Computer science,vague,no clear / blurry,,0.0,False,False
engpidginedu-03060,Government,holding,to keep for hand / possession of property,to keep for hand / possession of property,100.0,True,True
engpidginedu-10983,English Language,complexities,di quality of being intricate and compounded,organizations / separate things or bodies,14.31,True,False
engpidginedu-10983,English Language,difficulties,"di effort wey dey inconvenient, na effort wey dey inconvenient","di effort wey dey inconvenient, na effort wey dey inconvenient, na effort wey dey inconvenient",90.33,True,True
engpidginedu-10983,English Language,challenges,di demanding or stimulating situation a demanding or stimulating situation,,0.0,False,False
engpidginedu-20291,Computer science,biases,personal feelings wey dey affect person judgement,,0.0,False,False
engpidginedu-20740,Computer science,predictable,di capable of being foretold,,0.0,False,False
engpidginedu-21753,Computer science,analyse,to look somtin wella to sabi am,to look somtin wella to sabi am,100.0,True,True
engpidginedu-16890,Computer science,instance,one example of somtin,one example of somtin,100.0,True,True
engpidginedu-16890,Computer science,division,divide,divide,100.0,True,True
engpidginedu-09299,Business study,collar,shirt neck / to catch person,,0.0,False,False
engpidginedu-09299,Business study,trust,to believe person / keep secret or money with person,,0.0,False,False
engpidginedu-09299,Business study,tool,tinwey or ogbe wey dem dey use do sometin or wok,tinwey or ogbe wey dem dey use do sometin or wok,100.0,True,True
engpidginedu-24115,Computer science,attend,to go meeting / follow join,to go meeting / follow join,100.0,True,True
engpidginedu-14488,Computer science,exists,E still dey ground / e dey live,,0.0,False,False
engpidginedu-15236,Computer science,objects,things / items,things / items,100.0,True,True
engpidginedu-15236,Computer science,cookies,small files wey websites keep on your device,,0.0,False,False
engpidginedu-10559,English Language,greatest,de highest / de boss,,0.0,False,False
engpidginedu-21453,Computer science,terminology,di words wey dem use,di words wey dem use,100.0,True,True
engpidginedu-21453,Computer science,indicated,wey dem show,,0.0,False,False
engpidginedu-21453,Computer science,modern,new school / latest style,new school / latest style,100.0,True,True
engpidginedu-19004,Computer science,easier,no hard / simple,no hard / simple,100.0,True,True
engpidginedu-06887,Business study,faith,di strong belief wey person get in somtin or person,di strong belief wey person get in somtin or person,100.0,True,True
engpidginedu-09401,Business study,simplicity,di quality of being simple or uncompounded,di highest wey somtin fit contain or do,14.29,True,False
engpidginedu-09401,Business study,maintenance,di activity wey dey involved for maintain something for good work order,,0.0,False,False
engpidginedu-09401,Business study,dissolution,di separation into component parts parts,,0.0,False,False
engpidginedu-00013,Government,warrant,official paper to arrest person or search house,,0.0,False,False
engpidginedu-00013,Government,provided,as far as / if to say / supply,as far as / if to say / supply,100.0,True,True
engpidginedu-17954,Computer science,effectively,sharp sharp,,0.0,False,False
engpidginedu-17954,Computer science,loan,"kash wey dem dey borrow, wey dem go pay back wit intres",,0.0,False,False
engpidginedu-17954,Computer science,shop,place of hustle / where market dey,,0.0,False,False
engpidginedu-13306,Social studies,publications,books or papers,books or papers,100.0,True,True
engpidginedu-13306,Social studies,internationally,di world throughout di world throughout di world,,0.0,False,False
engpidginedu-09861,Business study,created,something wey dem build or make,,0.0,False,False
engpidginedu-09861,Business study,prohibits,law say no / e ban am,,0.0,False,False
engpidginedu-09861,Business study,origin,where e start from / source,where e start from / source,100.0,True,True
engpidginedu-20169,Computer science,internal,for inside,,0.0,False,False
engpidginedu-20169,Computer science,executed,na wen di persin dem wey suppose sign done sign contract already,,0.0,False,False
engpidginedu-20169,Computer science,invisible,invisinle mean say you no fit see am,,0.0,False,False
engpidginedu-24514,Computer science,reliance,to put mind for person hand / depend on something,how reliable something be,22.64,True,False
engpidginedu-24514,Computer science,frequentist,one wey like frequency way,one wey like frequency way,100.0,True,True
engpidginedu-21788,Computer science,observed,bin see / follow rule,wetin dem talk say happen but never get proof,11.94,True,False
engpidginedu-21788,Computer science,expected,wetin person tink say go happen,,0.0,False,False
engpidginedu-13777,History,elsewhere,for anoda place,,0.0,False,False
engpidginedu-06286,Business study,definitely,but without question and beyond doubt,di meaning,4.89,True,False
engpidginedu-06286,Business study,failed,E no work / person wey fall hand,,0.0,False,False
engpidginedu-06286,Business study,sides,different faces / parts,,0.0,False,False
engpidginedu-04170,Government,suits,law cases / coat and trouser,,0.0,False,False
engpidginedu-04170,Government,innocent,person wey hand clean / no be im do am,person wey hand clean / no be im do am,100.0,True,True
engpidginedu-04170,Government,negligent,na persin wey no dey give proper care or attention,,0.0,False,False
engpidginedu-09688,Business study,corporate,tin wey concern big business join-body,tin wey concern big business join-body,100.0,True,True
engpidginedu-10688,English Language,defend,to back person / fight for your right,,0.0,False,False
engpidginedu-10688,English Language,proposal,idea / plan dem drop for table,to talk am with full chest / claim,9.54,True,False
engpidginedu-10688,English Language,ahead,to de in front of somtin or person,,0.0,False,False
engpidginedu-10134,English Language,meeting,gathering / discussion group,,0.0,False,False
engpidginedu-10134,English Language,counter,table / to go against,,0.0,False,False
engpidginedu-09840,Business study,intentionally,by choice / person do am with im clear eye,by choice / person do am with im clear eye,100.0,True,True
engpidginedu-09840,Business study,discriminate,na recognize or perceive di difference,na recognize or perceive di difference,100.0,True,True
engpidginedu-09840,Business study,membership,di bodi of members of an organization or group or group,,0.0,False,False
engpidginedu-23584,Computer science,generalize,draw conclusion for everybody base on wetin dem see for small group,,0.0,False,False
engpidginedu-04083,Government,former,de one before / ex-oga,de one before / ex-oga,100.0,True,True
engpidginedu-04083,Government,employee,person wey de work for office and e de collect moni,,0.0,False,False
engpidginedu-04083,Government,continued,bin move forward / e no stop,,0.0,False,False
engpidginedu-25794,Biology,sues,E carry person go kote,,0.0,False,False
engpidginedu-10286,English Language,meeting,gathering / discussion group,,0.0,False,False
engpidginedu-10286,English Language,instances,examples / cases / times wey tin happen,one example of somtin,22.31,True,False
engpidginedu-10819,English Language,fashion,style of cloth wey de popular for one time,style of cloth wey de popular for one time,100.0,True,True
engpidginedu-10819,English Language,construction,di act of construct something,,0.0,False,False
engpidginedu-10819,English Language,convey,to pass message / move something from A to B,,0.0,False,False
engpidginedu-21765,Computer science,suits,law cases / coat and trouser,na urgent or serious situation wey court suppose act fast on am,17.62,True,False
engpidginedu-21765,Computer science,chosen,picked / de one wey dem select,picked / de one wey dem select,100.0,True,True
engpidginedu-02292,Government,legislature,de group wey dey make law for de land,de group wey dey make law for de land,100.0,True,True
engpidginedu-02292,Government,concerned,to dey worried,na wen court fit force persin follow agreement or ruling,11.66,True,False
engpidginedu-14132,Computer science,entirely,kpatakpata / everything complete,,0.0,False,False
engpidginedu-06456,Business study,convicted,na wen court or jury find persin guilty of criminal charge,na wen court or jury find persin guilty of criminal charge,100.0,True,True
engpidginedu-06456,Business study,absence,di fact say something no dey,,0.0,False,False
engpidginedu-24151,Computer science,distinguish,to show de difference between two things,to show de difference between two things,100.0,True,True
engpidginedu-24312,Computer science,unbalanced,"for balance or equilibrium, throw out of balance or equilibrium",bin change small-small / adjusted,8.19,True,False
engpidginedu-23574,Computer science,selection,choosing / pick-pick,choosing / pick-pick,100.0,True,True
engpidginedu-22506,Computer science,working,to dey hustle / de way tin take dey move,,0.0,False,False
engpidginedu-22506,Computer science,capacity,di highest wey somtin fit contain or do,di highest wey somtin fit contain or do,100.0,True,True
engpidginedu-00055,Government,ground,di top of earth,di top of earth,100.0,True,True
engpidginedu-14288,Computer science,definition,di meaning,di meaning,100.0,True,True
engpidginedu-14288,Computer science,mode,di one wey show most,di one wey show most,100.0,True,True
engpidginedu-14288,Computer science,prints,copy / mark / print-am-out,,0.0,False,False
engpidginedu-08346,Business study,developing,E dey processing a photosensitive material for order make image visible,dey processing a photosensitive material for order make image visible,98.63,True,True
engpidginedu-06228,Business study,nonprofit,no-profit business,,0.0,False,False
engpidginedu-06228,Business study,consumer,person wey buy and use market,person wey buy and use market,100.0,True,True
engpidginedu-06228,Business study,concerning,na relevant to dey relevant to dey relevant,na relevant to dey relevant to dey relevant,100.0,True,True
engpidginedu-18893,Computer science,closely,near-near / check am well-well,near-near / check am well-well,100.0,True,True
engpidginedu-12622,Social studies,partner,business paddy / colleague,,0.0,False,False
engpidginedu-12622,Social studies,sexual,mata wey concern body-to-body,mata wey concern body-to-body,100.0,True,True
engpidginedu-12622,Social studies,controlling,oga-ship / to manage how things go,,0.0,False,False
engpidginedu-03789,Government,refusing,"to say ""No"" / reject",to say no / rejection,51.87,True,True
engpidginedu-16758,Computer science,wait,to stay / hold on / delay,,0.0,False,False
engpidginedu-19864,Computer science,base,foundation / where tin start from,foundation / where tin start from,100.0,True,True
engpidginedu-10278,English Language,contend,drag / struggle,,0.0,False,False
engpidginedu-10278,English Language,fully,well,well,100.0,True,True
engpidginedu-11327,English Language,classroom,school room / where dem dey learn,school room / where dem dey learn,100.0,True,True
engpidginedu-03552,Government,concerns,wetin join body with de mata,,0.0,False,False
engpidginedu-03552,Government,gave,bin dash / bin provide,,0.0,False,False
engpidginedu-03552,Government,publishing,di business of issuing printed matter for sale or distribution or distribution,di first to last to last,7.0,True,False
engpidginedu-01253,Government,relating,concern / how things link body,,0.0,False,False
engpidginedu-01253,Government,satisfy,to make person bellefull / meet condition,to give good reason why person do something,20.99,True,False
engpidginedu-08698,Business study,eliminate,comot am kpata-kpata,,0.0,False,False
engpidginedu-08698,Business study,sued,carry person go kote / drag person for law,carry person go kote / drag person for law,100.0,True,True
engpidginedu-19024,Computer science,labels,akwele wey dem dey mark for somtin to identify am,,0.0,False,False
engpidginedu-19024,Computer science,vertically,for a vertical direction direction,,0.0,False,False
engpidginedu-05851,Business study,biases,personal feelings wey dey affect person judgement,,0.0,False,False
engpidginedu-08559,Business study,immediately,"for no time intervening, without delay or hesitation","for no time intervening, without delay or hesitation",100.0,True,True
engpidginedu-03779,Government,carried,bin carry / bin move load,bin carry / bin move load,100.0,True,True
engpidginedu-00904,Government,largely,mostly / for de most part,mostly / de main reason,33.88,True,False
engpidginedu-10851,English Language,experienced,sabi person / person wey don see things,,0.0,False,False
engpidginedu-10851,English Language,developed,something wey don grow / advanced,,0.0,False,False
engpidginedu-13096,Social studies,unauthorized,without go-ahead / illegal move,,0.0,False,False
engpidginedu-11506,Social studies,relief,better feeling / wetin person get from kote,to borrow person pawa for work / employment,18.57,True,False
engpidginedu-25340,Biology,extend,to make am long / increase de reach,to make am long / increase de reach,100.0,True,True
engpidginedu-10756,English Language,center,di midu of somtin,di midu of somtin,100.0,True,True
engpidginedu-10756,English Language,conversely,di terms of di relation reversed,,0.0,False,False
engpidginedu-10756,English Language,successful,dem dey having succeeded or being marked by favorable outcome,dem dey having succeeded or being marked by favorable outcome,100.0,True,True
engpidginedu-13056,Social studies,professors,pipo wey dey teach for university,big-big judges for higher court,12.1,True,False
engpidginedu-13056,Social studies,clients,customers / people wey hire expert,,0.0,False,False
engpidginedu-06328,Business study,exclude,to remove,make somtin end,9.26,True,False
engpidginedu-06328,Business study,bound,something wey must happen / person wey law tie down,something wey dey prevent you from reaching a place or thing,33.73,True,False
engpidginedu-06328,Business study,clauses,sections inside law or agreement,,0.0,False,False
engpidginedu-21627,Computer science,demonstration,di act of present something to sight or view,di act of present something to sight or view,100.0,True,True
engpidginedu-21627,Computer science,powers,pawa / authority,,0.0,False,False
engpidginedu-21627,Computer science,contexts,how de levels be / situation,how de levels be / situation,100.0,True,True
engpidginedu-07304,Business study,unlikely,no fit happen / e far,no be like,7.03,True,False
engpidginedu-07304,Business study,absence,di fact say something no dey,,0.0,False,False
engpidginedu-07304,Business study,expressly,direct / dem talk am clear-clear,,0.0,False,False
engpidginedu-10000,English Language,potentially,di possibility of becoming actual,,0.0,False,False
engpidginedu-10000,English Language,previously,di earlier time or formerly,di earlier time or formerly,100.0,True,True
engpidginedu-10000,English Language,serving,working for / giving food,,0.0,False,False
engpidginedu-11457,Social studies,unhcr,di United Nations agency wey protect and help refugees around the world,,0.0,False,False
engpidginedu-11457,Social studies,council,group of people wey dey rule or advise,,0.0,False,False
engpidginedu-11457,Social studies,definition,di meaning,,0.0,False,False
engpidginedu-06539,Business study,indeed,true-true / na so / for real,,0.0,False,False
engpidginedu-06539,Business study,routinely,normal-normal / steady,normal-normal / steady,100.0,True,True
engpidginedu-06539,Business study,uses,ways wey dem dey take use tin,,0.0,False,False
engpidginedu-07288,Business study,likewise,de same way / follow suit,,0.0,False,False
engpidginedu-07288,Business study,qualities,behavior / how-thing-be / character,organizations / separate things or bodies,19.22,True,False
engpidginedu-07288,Business study,expressly,direct / dem talk am clear-clear,,0.0,False,False
engpidginedu-15423,Computer science,length,how e long reach,how e long reach,100.0,True,True
engpidginedu-01268,Government,justices,big-big judges for higher court,big-big judges for higher court,100.0,True,True
engpidginedu-12535,Social studies,components,di abstract part of something no dey abstract part of something,,0.0,False,False
engpidginedu-12535,Social studies,encouragement,di expression of approval and support,,0.0,False,False
engpidginedu-03542,Government,constitutionally,follow wetin de grand-papa law talk,follow wetin de grand-papa law talk,100.0,True,True
engpidginedu-03542,Government,applied,wetin dem use work / put into action,wetin dem use work / put into action,100.0,True,True
engpidginedu-08742,Business study,domain,area / website address,area / website address,100.0,True,True
engpidginedu-08131,Business study,favor,to help person / partial follow-up,,0.0,False,False
engpidginedu-13491,History,texts,written words / messages,written words / messages,100.0,True,True
engpidginedu-24135,Computer science,relative,connection / family person,,0.0,False,False
engpidginedu-05877,Business study,requires,E gats happen / e need am,,0.0,False,False
engpidginedu-05877,Business study,ever,anytime / since world start,anytime / since world start,100.0,True,True
engpidginedu-05877,Business study,declare,to talk am out / announce,to talk am out / announce,100.0,True,True
engpidginedu-07757,Business study,strict,no-nonsense / follow de rule exactly,no-nonsense / follow de rule exactly,100.0,True,True
engpidginedu-07757,Business study,applies,dey work,dey work,100.0,True,True
engpidginedu-05064,Business study,decisions,final conclusions / choices,,0.0,False,False
engpidginedu-05064,Business study,leading,de oga for de group / showing road,de oga for de group / showing road,100.0,True,True
engpidginedu-05064,Business study,ever,anytime / since world start,anytime / since world start,100.0,True,True
engpidginedu-24558,Computer science,contexts,how de levels be / situation,how de levels be / situation,100.0,True,True
engpidginedu-24558,Computer science,purposes,reasons why things dey happen,reasons why things dey happen,100.0,True,True
engpidginedu-20337,Computer science,thinking,to reason / deep thought,to reason / deep thought,100.0,True,True
engpidginedu-13316,Social studies,shared,dem share am / common,,0.0,False,False
engpidginedu-13316,Social studies,permission,di approval to do something,,0.0,False,False
engpidginedu-25562,Biology,achieve,to make am / reach target / blow,to make am / reach target / blow,100.0,True,True
engpidginedu-11589,Social studies,uscis,di US government office wey handle all immigration applications and papers,,0.0,False,False
engpidginedu-11589,Social studies,minors,small children / under-age,,0.0,False,False
engpidginedu-11589,Social studies,documents,files / papers wey get important info,files / papers wey get important info,100.0,True,True
engpidginedu-03368,Government,arrangements,plans / settings,di act of offering improvement to replace mistake,15.73,True,False
engpidginedu-08176,Business study,owners,people wey get de property / landlords,people wey get de property / landlords,100.0,True,True
engpidginedu-06883,Business study,opportunity,chance / open door,chance / open door,100.0,True,True
engpidginedu-06883,Business study,promote,to push something go front / ginger,,0.0,False,False
engpidginedu-11724,Social studies,fundamentally,di main thing be say,,0.0,False,False
engpidginedu-01307,Government,ends,where e finish / targets,where e finish / targets,100.0,True,True
engpidginedu-01370,Government,congressional,concern de law-makers / National Assembly mata,for now / as we dey so,7.62,True,False
engpidginedu-04176,Government,pronounced,"E dey speak, pronounce, or utter for certain way",,0.0,False,False
engpidginedu-04176,Government,discrete,wey dey separate,to make something / new work,8.44,True,False
engpidginedu-04852,Business study,ever,anytime / since world start,,0.0,False,False
engpidginedu-04852,Business study,speak,to yan / talk / express mind,to yan / talk / express mind,100.0,True,True
engpidginedu-19087,Computer science,taking,to carry / to collect,,0.0,False,False
engpidginedu-19087,Computer science,teach,to show person de way / lecture,to show person de way / lecture,100.0,True,True
engpidginedu-17877,Computer science,already,E don happen / since / before-before,don happen / since / before-before,97.06,True,True
engpidginedu-17877,Computer science,statisticians,pipo wey sabi statistics,,0.0,False,False
engpidginedu-04884,Business study,management,di act of managing something,,0.0,False,False
engpidginedu-02465,Government,legally,inside law / wetin law gree make person do,inside law / wetin law gree make person do,100.0,True,True
engpidginedu-02465,Government,invasion,force entry / enter person space,,0.0,False,False
engpidginedu-26023,Biology,dependent,wetin dey depend,,0.0,False,False
engpidginedu-26023,Biology,solely,him alone / only dat one,,0.0,False,False
engpidginedu-00316,Government,scholars,deep students / book people,deep students / book people,100.0,True,True
engpidginedu-14014,Computer science,speak,to yan / talk / express mind,,0.0,False,False
engpidginedu-05294,Business study,errors,mistakes / faults,mistakes / faults,100.0,True,True
engpidginedu-25268,Biology,heart,di tin wey de make blood move for bodi,,0.0,False,False
engpidginedu-00116,Government,render,to give / provide / perform service,,0.0,False,False
engpidginedu-00116,Government,legislatures,law-makers house / people wey dey make rule,bad deeds / things wey break law,12.9,True,False
engpidginedu-00116,Government,incompetent,dem no competent to take effective action,,0.0,False,False
engpidginedu-01444,Government,debate,fomal talk where two pipu dey talk against each oda,fomal talk where two pipu dey talk against each oda,100.0,True,True
engpidginedu-01444,Government,vote,to choose leader / drop thumbprint,to choose leader / drop thumbprint,100.0,True,True
engpidginedu-25940,Biology,easily,soft work / e no hard at all,soft work / e no hard at all,100.0,True,True
engpidginedu-20784,Computer science,bayesian,one kind of statistical method,one kind of statistical method,100.0,True,True
engpidginedu-20784,Computer science,frequentist,one wey like frequency way,one wey like frequency way,100.0,True,True
engpidginedu-20784,Computer science,distinction,di difference,di difference,100.0,True,True
engpidginedu-03024,Government,requests,ask-for / demand / beg-for-something,to ask for help or info / application,14.43,True,False
engpidginedu-03024,Government,comment,remark / talk,remark / talk,100.0,True,True
engpidginedu-08228,Business study,wants,wetin person heart dey find / desires,,0.0,False,False
engpidginedu-16008,Computer science,teach,to show person de way / lecture,to show person de way / lecture,100.0,True,True
engpidginedu-16008,Computer science,stats,statistics,,0.0,False,False
engpidginedu-16561,Computer science,possibility,something wey fit happen / chance dey,something wey fit happen / chance dey,100.0,True,True
engpidginedu-08650,Business study,consumer,person wey buy and use market,,0.0,False,False
engpidginedu-08650,Business study,origin,where e start from / source,where e start from / source,100.0,True,True
engpidginedu-20782,Computer science,applications,different programs,different programs,100.0,True,True
engpidginedu-06671,Business study,progress,movement / improvement,movement / improvement,100.0,True,True
engpidginedu-06671,Business study,arise,to show face / start to happen,to show face / start to happen,100.0,True,True
engpidginedu-06671,Business study,interference,na wrongful disruption or obstruction of anoda persin legal right or business,,0.0,False,False
engpidginedu-23514,Computer science,strongly,with pawa / well-well,,0.0,False,False
engpidginedu-06901,Business study,reliance,to put mind for person hand / depend on something,how reliable something be,22.64,True,False
engpidginedu-06901,Business study,stability,how well a system fit maintain balance,how numbers dey different,10.65,True,False
engpidginedu-06901,Business study,regardless,di usually follow by `of',di usually follow by `of',100.0,True,True
engpidginedu-09232,Business study,capacity,di highest wey somtin fit contain or do,di highest wey somtin fit contain or do,100.0,True,True
engpidginedu-09232,Business study,bribe,money or gift to make person no do di correct tin,,0.0,False,False
engpidginedu-08924,Business study,trust,to believe person / keep secret or money with person,to believe person / keep secret or money with person,100.0,True,True
engpidginedu-05093,Business study,judiciary,di part of government wey de interpret and use law,di part of government wey de interpret and use law,100.0,True,True
engpidginedu-26067,Biology,storage,na keeping of goods or documents for safekeeping or later use,na urgent or serious situation wey court suppose act fast on am,16.04,True,False
engpidginedu-03507,Government,disclosure,to open de secret / tell de whole truth,to put for order,9.22,True,False
engpidginedu-03507,Government,attend,to go meeting / follow join,to go meeting / follow join,100.0,True,True
engpidginedu-03507,Government,operation,one calculation,one calculation,100.0,True,True
engpidginedu-03782,Government,paragraph,section of writing,,0.0,False,False
engpidginedu-03782,Government,describing,di description wey dey give a description wey dey give,,0.0,False,False
engpidginedu-03782,Government,alleged,wetin dem talk say happen but never get proof,wetin dem talk say happen but never get proof,100.0,True,True
engpidginedu-08666,Business study,trademarks,company brand marks / signs,company brand marks / signs,100.0,True,True
engpidginedu-08666,Business study,equally,same-same / level ground,same-same / level ground,100.0,True,True
engpidginedu-08666,Business study,collective,di cooperative enterprise wey dey cooperative enterprise,,0.0,False,False
engpidginedu-03394,Government,merits,wetin make am good,,0.0,False,False
engpidginedu-03394,Government,favorable,beta / good side,,0.0,False,False
engpidginedu-09810,Business study,restaurant,di building wey dem go eat pipo go eat,di building wey pipu de live for,45.46,True,False
engpidginedu-09810,Business study,hiring,giving work / rent,to borrow person pawa for work / employment,21.22,True,False
engpidginedu-00256,Government,abusive,to de use bad word or do somtin bad to person,,0.0,False,False
engpidginedu-00256,Government,directed,something wey dem guide or control / aimed at,,0.0,False,False
engpidginedu-00256,Government,agencies,offices wey dey run business for people,,0.0,False,False
engpidginedu-17332,Computer science,loaded,wey don start,wey don start,100.0,True,True
engpidginedu-20043,Computer science,comment,remark / talk,remark / talk,100.0,True,True
engpidginedu-20043,Computer science,thoroughly,di exhaustive manner wey dey exhaustive manner for di exhaustive manner,,0.0,False,False
engpidginedu-20043,Computer science,achieve,to make am / reach target / blow,to make am / reach target / blow,100.0,True,True
engpidginedu-09912,English Language,opportunities,di possibility due to a favorable combination of circumstances,di possibility due to a favorable combination of circumstances,100.0,True,True
engpidginedu-05169,Business study,justices,big-big judges for higher court,,0.0,False,False
engpidginedu-09338,Business study,comfort,make person no get wetin de pain am,,0.0,False,False
engpidginedu-12108,Social studies,religious,matter of church or mosque / person wey follow God,groups of things,7.06,True,False
engpidginedu-12108,Social studies,impose,to force law or fine for person head,to force law or fine for person head,100.0,True,True
engpidginedu-12108,Social studies,regulations,rules of de land,rules of de land,100.0,True,True
engpidginedu-02254,Government,definition,di meaning,di meaning,100.0,True,True
engpidginedu-02254,Government,construction,di act of construct something,,0.0,False,False
engpidginedu-11436,Social studies,ease,somtin wey no hard,,0.0,False,False
engpidginedu-11436,Social studies,positive,good / sure / something wey dey certain,,0.0,False,False
engpidginedu-11436,Social studies,exposure,showing body / making known,,0.0,False,False
engpidginedu-04340,Government,associate,link / padi,link / padi,100.0,True,True
engpidginedu-04340,Government,absolute,"everitin de complete, no comma","everitin de complete, no comma",100.0,True,True
engpidginedu-25893,Biology,dire,na urgent or serious situation wey court suppose act fast on am,,0.0,False,False
engpidginedu-06984,Business study,additionally,join am follow / plus,,0.0,False,False
engpidginedu-17617,Computer science,mathematicians,pipo wey sabi math,,0.0,False,False
engpidginedu-02400,Government,final,de very last / conclusion,de very last / conclusion,100.0,True,True
engpidginedu-00305,Government,accepted,bin gree collect / welcome idea,,0.0,False,False
engpidginedu-00305,Government,ground,di top of earth,di top of earth,100.0,True,True
engpidginedu-00305,Government,ultimate,last-last / final,,0.0,False,False
engpidginedu-24637,Computer science,tells,E dey yarn / inform,,0.0,False,False
engpidginedu-10360,English Language,rhetorical,talk for talk sake / grammar,talk for talk sake / grammar,100.0,True,True
engpidginedu-14982,Computer science,already,E don happen / since / before-before,don happen / since / before-before,97.06,True,True
engpidginedu-09830,Business study,wait,to stay / hold on / delay,to stay / hold on / delay,100.0,True,True
engpidginedu-09830,Business study,dismiss,to sack / throwey case / tell person make e go,to sack / throwey case / tell person make e go,100.0,True,True
engpidginedu-25989,Biology,excess,extra / surplus,extra / surplus,100.0,True,True
engpidginedu-04288,Government,defamation,na false statement wey dey harm persin reputation or character,na false statement wey dey harm persin reputation or character,100.0,True,True
engpidginedu-12969,Social studies,describing,di description wey dey give a description wey dey give,,0.0,False,False
engpidginedu-08703,Business study,consumers,people wey buy and use market,,0.0,False,False
engpidginedu-07821,Business study,consumer,person wey buy and use market,person wey buy and use market,100.0,True,True
engpidginedu-07821,Business study,manufacturer,na persin or company wey dey make goods for sell,na persin or company wey dey make goods for sell,100.0,True,True
engpidginedu-07821,Business study,strict,no-nonsense / follow de rule exactly,,0.0,False,False
engpidginedu-10295,English Language,prepared,something wey don ready / well-arranged,,0.0,False,False
engpidginedu-10295,English Language,profession,di bodi of pipo wey dey learned occupation,,0.0,False,False
engpidginedu-21945,Computer science,illustrate,to show how e be,to show how e be,100.0,True,True
engpidginedu-06693,Business study,campaign,to find support / struggle for votes,to find support / struggle for votes,100.0,True,True
engpidginedu-06693,Business study,schools,places where dem dey learn book,places where dem dey learn book,100.0,True,True
engpidginedu-06693,Business study,intelligent,di capacity for thought and reason especially to high degree,,0.0,False,False
engpidginedu-08544,Business study,prohibited,law say make person no do am,law say make person no do am,100.0,True,True
engpidginedu-08544,Business study,making,to dey build or produce something,,0.0,False,False
engpidginedu-08544,Business study,selling,to trade market / business,,0.0,False,False
engpidginedu-10366,English Language,dynamic,"something wey fit change, e no just stay one place",,0.0,False,False
engpidginedu-10366,English Language,implications,wetin something fit cause or mean,wetin something fit cause or mean,100.0,True,True
engpidginedu-10366,English Language,speakers,talkers / sound boxes,,0.0,False,False
engpidginedu-18521,Computer science,provided,as far as / if to say / supply,as far as / if to say / supply,100.0,True,True
engpidginedu-13737,History,supports,e get,,0.0,False,False
engpidginedu-13737,History,rectangular,di right angles dey having four right angles,,0.0,False,False
engpidginedu-02686,Government,member,one person inside join-body,,0.0,False,False
engpidginedu-20295,Computer science,entirely,kpatakpata / everything complete,kpatakpata / everything complete,100.0,True,True
engpidginedu-19481,Computer science,secondly,second,,0.0,False,False
engpidginedu-19481,Computer science,fast,fast-fast / sharp-sharp,,0.0,False,False
engpidginedu-19481,Computer science,decisions,final conclusions / choices,final conclusions / choices,100.0,True,True
engpidginedu-08067,Business study,wages,salary / pay for work done,,0.0,False,False
engpidginedu-08067,Business study,salary,pay / monthly money,,0.0,False,False
engpidginedu-08067,Business study,payment,na wen persin transfer money fulfill obligation or settle debt,,0.0,False,False
engpidginedu-18667,Computer science,previous,something wey dey before now,,0.0,False,False
engpidginedu-13230,Social studies,daily,make somtin de sup every day,make somtin de sup every day,100.0,True,True
engpidginedu-07707,Business study,statutes,laws wey dem write put for book,laws wey dem write put for book,100.0,True,True
engpidginedu-07707,Business study,designed,bin arrange / build follow plan,bin arrange / build follow plan,100.0,True,True
engpidginedu-07707,Business study,accident,somtin wey person no plan wey cause gbege,somtin wey person no plan wey cause gbege,100.0,True,True
engpidginedu-02245,Government,instance,one example of somtin,,0.0,False,False
engpidginedu-02245,Government,reference,citation / to point to where info dey,citation / to point to where info dey,100.0,True,True
engpidginedu-06089,Business study,mediation,follow-dem-talk-make-dem-settle,follow-dem-talk-make-dem-settle,100.0,True,True
engpidginedu-02625,Government,intended,wetin person get for mind to do,wetin person get for mind to do,100.0,True,True
engpidginedu-02625,Government,secure,to make sure e safe / tie down,,0.0,False,False
engpidginedu-02625,Government,considerations,factors to reason / payment for contract,,0.0,False,False
engpidginedu-16640,Computer science,coat,jacket / covering,,0.0,False,False
engpidginedu-05158,Business study,modern,new school / latest style,new school / latest style,100.0,True,True
engpidginedu-05158,Business study,politicians,di leader wey dey engage for civil administration,people wey join body do business / paddy,11.28,True,False
engpidginedu-16477,Computer science,introduced,di cause to kom know personally,,0.0,False,False
engpidginedu-01643,Government,distinction,di difference,,0.0,False,False
engpidginedu-01643,Government,expressive,di expression wey dey characterized by expression,di expression wey dey characterized by expression,100.0,True,True
engpidginedu-01873,Government,expressive,di expression wey dey characterized by expression,di expression wey dey characterized by expression,100.0,True,True
engpidginedu-24509,Computer science,alone,only one / by imself,only one / by imself,100.0,True,True
engpidginedu-01997,Government,unconstitutionally,against de law of de land,"for no time intervening, without delay or hesitation",17.96,True,False
engpidginedu-01997,Government,consequence,as e turn out,,0.0,False,False
engpidginedu-17766,Computer science,generic,somtin wey fit be anytin,,0.0,False,False
engpidginedu-24108,Computer science,attend,to go meeting / follow join,to go meeting / follow join,100.0,True,True
engpidginedu-01916,Government,regulations,rules of de land,rules of de land,100.0,True,True
engpidginedu-01916,Government,invalid,something wey no get pawa / e no legal,,0.0,False,False
engpidginedu-01916,Government,unlike,no be like,,0.0,False,False
engpidginedu-07133,Business study,accordance,di concurrence of opinion of opinion,di person or thing or thing or thing or thing,13.66,True,False
engpidginedu-07133,Business study,orders,commands / how gofment or oga say make e be,,0.0,False,False
engpidginedu-09722,Business study,leading,de oga for de group / showing road,de oga for de group / showing road,100.0,True,True
engpidginedu-09722,Business study,prosperity,di economic state of growth wit rising profits and full employment,,0.0,False,False
engpidginedu-06222,Business study,video,film / record wey person fit see,,0.0,False,False
engpidginedu-05072,Business study,division,divide,divide,100.0,True,True
engpidginedu-05072,Business study,attend,to go meeting / follow join,to go meeting / follow join,100.0,True,True
engpidginedu-23540,Computer science,wait,to stay / hold on / delay,to stay / hold on / delay,100.0,True,True
engpidginedu-18211,Computer science,knowing,with full sabi / person wey get info,,0.0,False,False
engpidginedu-25669,Biology,respiratory,di respiration wey dey pertaining to respiration,,0.0,False,False
engpidginedu-25669,Biology,contribution,di part played by a person for bring about a result,di worthy of or requiring responsibility or trust,18.01,True,False
engpidginedu-25669,Biology,discussed,bin talk about de mata / deliberation,,0.0,False,False
engpidginedu-25692,Biology,filtration,di process wey fluid pass through filter or filtering medium,,0.0,False,False
engpidginedu-08690,Business study,occurs,E dey happen / e dey show face,,0.0,False,False
engpidginedu-08690,Business study,uses,ways wey dem dey take use tin,,0.0,False,False
engpidginedu-08690,Business study,permission,di approval to do something,di approval to do something,100.0,True,True
engpidginedu-12793,Social studies,predictor,di thing wey dey predict,di thing wey dey predict,100.0,True,True
engpidginedu-12793,Social studies,exposure,showing body / making known,,0.0,False,False
engpidginedu-00070,Government,includes,E carry am follow / join body,,0.0,False,False
engpidginedu-00070,Government,manifest,show clear / list of load,,0.0,False,False
engpidginedu-00070,Government,worship,to serve God / praise,,0.0,False,False
engpidginedu-12418,Social studies,manifest,show clear / list of load,,0.0,False,False
engpidginedu-12418,Social studies,anxiety,worry,,0.0,False,False
engpidginedu-05394,Business study,ever,anytime / since world start,anytime / since world start,100.0,True,True
engpidginedu-05394,Business study,meeting,gathering / discussion group,gathering / discussion group,100.0,True,True
engpidginedu-01921,Government,considerations,factors to reason / payment for contract,,0.0,False,False
engpidginedu-01921,Government,ordinance,local government law / official order,local government law / official order,100.0,True,True
engpidginedu-01921,Government,unconstitutional,E against de grand-papa law of de land,against de grand-papa law of de land,97.16,True,True
engpidginedu-13141,Social studies,incentives,di positive motivational influence influence a positive motivational influence influence,different-different types / varieties,7.64,True,False
engpidginedu-13141,Social studies,pose,show / bring problem,,0.0,False,False
engpidginedu-13141,Social studies,burdens,heavy loads / serious responsibilities,,0.0,False,False
engpidginedu-15913,Computer science,perfect,E set / e correct well-well,set / e correct well-well,95.82,True,True
engpidginedu-05449,Business study,ground,di top of earth,di top of earth,100.0,True,True
engpidginedu-07745,Business study,excuse,to give reason for mistake / pardon,,0.0,False,False
engpidginedu-07745,Business study,strict,no-nonsense / follow de rule exactly,no-nonsense / follow de rule exactly,100.0,True,True
engpidginedu-24692,Computer science,attempts,to try / struggle to do something,,0.0,False,False
engpidginedu-24692,Computer science,somewhat,small / somehow,small / somehow,100.0,True,True
engpidginedu-03056,Government,deluge,very big or overwhelming amount of something,,0.0,False,False
engpidginedu-21369,Computer science,designed,bin arrange / build follow plan,bin arrange / build follow plan,100.0,True,True
engpidginedu-21369,Computer science,innocent,person wey hand clean / no be im do am,person wey get house or land and e use am rent,34.65,True,False
engpidginedu-01657,Government,encourage,to ginger / support,,0.0,False,False
engpidginedu-03208,Government,distort,to change or twist something comot from its true form,,0.0,False,False
engpidginedu-03208,Government,instructions,directions / orders from oga,directions / orders from oga,100.0,True,True
engpidginedu-03208,Government,render,to give / provide / perform service,to change de judgment / turn am back,7.51,True,False
engpidginedu-18033,Computer science,absolute,"everitin de complete, no comma","everitin de complete, no comma",100.0,True,True
engpidginedu-13824,Computer science,fast,fast-fast / sharp-sharp,fast-fast / sharp-sharp,100.0,True,True
engpidginedu-14700,Computer science,none,nothing / nobody / zero,,0.0,False,False
engpidginedu-14700,Computer science,operation,one calculation,one calculation,100.0,True,True
engpidginedu-06232,Business study,broad,E wide well-well / e cover many things,wide well-well / e cover many things,97.16,True,True
engpidginedu-06232,Business study,clauses,sections inside law or agreement,sections inside law or agreement,100.0,True,True
engpidginedu-06232,Business study,upheld,dem support de first decision / law stand,dem support de first decision / law stand,100.0,True,True
engpidginedu-06278,Business study,formal,official way / follow-follow rule,official way / follow-follow rule,100.0,True,True
engpidginedu-06278,Business study,mediation,follow-dem-talk-make-dem-settle,,0.0,False,False
engpidginedu-08147,Business study,married,don marry,,0.0,False,False
engpidginedu-08147,Business study,adverse,bad / against progress,bad / against progress,100.0,True,True
engpidginedu-08147,Business study,brought,bin carry come / fetch,,0.0,False,False
engpidginedu-03580,Government,seriously,no be play-play / with full seriousness,,0.0,False,False
engpidginedu-01986,Government,ordinance,local government law / official order,local government law / official order,100.0,True,True
engpidginedu-01986,Government,offensive,something wey dey disrespect or abuse person,,0.0,False,False
engpidginedu-03224,Government,relative,connection / family person,,0.0,False,False
engpidginedu-03224,Government,amendments,adjustments to change law or agreement,,0.0,False,False
engpidginedu-21412,Computer science,tool,tinwey or ogbe wey dem dey use do sometin or wok,tinwey or ogbe wey dem dey use do sometin or wok,100.0,True,True
engpidginedu-21412,Computer science,closely,near-near / check am well-well,near-near / check am well-well,100.0,True,True
engpidginedu-01775,Government,narrow,small space / not wide,,0.0,False,False
engpidginedu-01775,Government,exceptions,di deliberate act of omission wey dey deliberate act of omission,,0.0,False,False
engpidginedu-01775,Government,obscenity,dirty behavior or talk wey go against morals,,0.0,False,False
engpidginedu-15303,Computer science,dictionary,book or app wey dey explain word meanings,book or app wey dey explain word meanings,100.0,True,True
engpidginedu-13470,History,various,many different-different types,,0.0,False,False
engpidginedu-13879,Computer science,fire,di tin wey de show when somtin de burn,di tin wey de show when somtin de burn,100.0,True,True
engpidginedu-03176,Government,petitioners,people wey start case or request for court,people wey start case or request for court,100.0,True,True
engpidginedu-03176,Government,declare,to talk am out / announce,to talk am out / announce,100.0,True,True
engpidginedu-03176,Government,accused,person wey dem talk say e do bad,person wey get right for de land / indigene,32.37,True,False
engpidginedu-03090,Government,items,different things / materials,different things / materials,100.0,True,True
engpidginedu-03090,Government,failure,when tin no work out / disappointment,when tin no work out / disappointment,100.0,True,True
engpidginedu-06239,Business study,extreme,too much / over,too much / over,100.0,True,True
engpidginedu-06239,Business study,disadvantage,di quality of having inferior or less favorable position,upper hand / better chance,7.03,True,False
engpidginedu-25710,Biology,steps,actions / how to waka reach target,,0.0,False,False
engpidginedu-25710,Biology,mechanism,system wey dey produce one particular result,,0.0,False,False
engpidginedu-07962,Business study,extra,jara / more,,0.0,False,False
engpidginedu-18881,Computer science,vertically,for a vertical direction direction,,0.0,False,False
engpidginedu-18711,Computer science,horizontal,di something wey dey oriented horizontally,,0.0,False,False
engpidginedu-18711,Computer science,axes,di lines for side,,0.0,False,False
engpidginedu-18711,Computer science,suppress,press am down / hide,,0.0,False,False
engpidginedu-04335,Government,jobs,work / hustle / different employments,,0.0,False,False
engpidginedu-04335,Government,merely,just / only dat one,just / only dat one,100.0,True,True
engpidginedu-04335,Government,coerce,to change by force,,0.0,False,False
engpidginedu-09125,Business study,retribution,di justly deserved penalty a justly deserved penalty,,0.0,False,False
engpidginedu-09125,Business study,rehabilitation,di restoration of someone to useful place for society,,0.0,False,False
engpidginedu-09125,Business study,acts,deeds / many laws wey don pass,deeds / many laws wey don pass,100.0,True,True
engpidginedu-07798,Business study,foreseeable,something wey person fit sabi say e go happen,,0.0,False,False
engpidginedu-16847,Computer science,operation,one calculation,one calculation,100.0,True,True
engpidginedu-02321,Government,compelling,something wey strong well-well / e force you to pay attention,something wey strong well-well / e force you to pay attention,100.0,True,True
engpidginedu-02321,Government,seeks,person wey dey find / look for,person wey dey find / look for,100.0,True,True
engpidginedu-10827,English Language,difficulties,"di effort wey dey inconvenient, na effort wey dey inconvenient",,0.0,False,False
engpidginedu-10827,English Language,performing,to do de work / show-working,,0.0,False,False
engpidginedu-10827,English Language,sustaining,di lengthen or extend for duration or space,,0.0,False,False
engpidginedu-01029,Government,conclude,make somtin end,make somtin end,100.0,True,True
engpidginedu-02208,Government,interpreted,bin give meaning to law or talk,,0.0,False,False
engpidginedu-02208,Government,unacceptable,we no dey adequate to give satisfaction,,0.0,False,False
engpidginedu-07501,Business study,invasion,force entry / enter person space,di act of examining resemblances wey dey examinin resemblances,11.88,True,False
engpidginedu-01929,Government,street,road / where houses dey,road / where houses dey,100.0,True,True
engpidginedu-01929,Government,standing,level / position / right to carry mata go kote,,0.0,False,False
engpidginedu-07216,Business study,unfair,wayo / no be so e suppose be / injustice,to move steady / water waka,8.05,True,False
engpidginedu-07216,Business study,sophistication,E dey uplifting enlightenment,,0.0,False,False
engpidginedu-19282,Computer science,convenient,E dey suite to your comfort or purpose or needs,dey suite to your comfort or purpose or needs,97.73,True,True
engpidginedu-19282,Computer science,workspace,di place wey you dey work for R,di place wey you dey work for,96.22,True,True
engpidginedu-07540,Business study,defamation,na false statement wey dey harm persin reputation or character,na false statement wey dey harm persin reputation or character,100.0,True,True
engpidginedu-18150,Computer science,mathematically,we dey respect to mathematics wit respect to mathematics,,0.0,False,False
engpidginedu-18150,Computer science,unit,one single piece / section,,0.0,False,False
engpidginedu-00689,Government,usefulness,di quality of being of practical use,,0.0,False,False
engpidginedu-11078,English Language,frequently,"for short intervals, many times for short intervals","for short intervals, many times for short intervals",100.0,True,True
engpidginedu-11078,English Language,difficulties,"di effort wey dey inconvenient, na effort wey dey inconvenient","di effort wey dey inconvenient, na effort wey dey inconvenient, na effort wey dey inconvenient, na effort wey dey inconvenient",82.37,True,True
engpidginedu-02098,Government,disagree,I no gree / drag mata,,0.0,False,False
engpidginedu-07362,Business study,careful,to look well / watch out,to look well / watch out,100.0,True,True
engpidginedu-07362,Business study,resulting,wetin come out for de end / outcome,,0.0,False,False
engpidginedu-03965,Government,allowing,to give chance / gree,,0.0,False,False
engpidginedu-03965,Government,proving,to show prove / confirm,to carry something reach owner hand,14.35,True,False
engpidginedu-03965,Government,liberties,freedom / rights,freedom / right to do wetin person like,70.23,True,True
engpidginedu-14794,Computer science,dictionary,book or app wey dey explain word meanings,book or app wey dey explain word meanings,100.0,True,True
engpidginedu-16959,Computer science,stores,shops / supermarkets,,0.0,False,False
engpidginedu-16959,Computer science,salary,pay / monthly money,pay / monthly money,100.0,True,True
engpidginedu-14355,Computer science,deterministic,di inevitable consequence of antecedent sufficient causes,,0.0,False,False
engpidginedu-12236,Social studies,characteristics,di things wey make am,,0.0,False,False
engpidginedu-26204,Biology,bind,tie / hold together,,0.0,False,False
engpidginedu-26204,Biology,active,person or tin wey dey move / e dey function,person or tin wey dey move / e dey function,100.0,True,True
engpidginedu-13074,Social studies,attempts,to try / struggle to do something,,0.0,False,False
engpidginedu-10214,English Language,rhetorical,talk for talk sake / grammar,,0.0,False,False
engpidginedu-10214,English Language,possibility,something wey fit happen / chance dey,something wey fit happen / chance dey,100.0,True,True
engpidginedu-10214,English Language,knowing,with full sabi / person wey get info,,0.0,False,False
engpidginedu-23361,Computer science,indicating,di signal wey be signal for or symptom of symptom of,,0.0,False,False
engpidginedu-23361,Computer science,contribute,di quality wey dey bestow a quality on top quality on top,di worthy of or requiring responsibility or trust,16.45,True,False
engpidginedu-06591,Business study,discriminate,na recognize or perceive di difference,di act of examining resemblances wey dey examinin resemblances,15.81,True,False
engpidginedu-06591,Business study,commerce,big-time buying and selling,big-time buying and selling,100.0,True,True
engpidginedu-06591,Business study,interstate,between two or more states / travels,,0.0,False,False
engpidginedu-24748,Biology,needed,wetin dem want / something wey must dey ground,,0.0,False,False
engpidginedu-17671,Computer science,distinction,di difference,di difference,100.0,True,True
engpidginedu-06940,Business study,sets,to arrange / put things for order,to arrange / put things for order,100.0,True,True
engpidginedu-19876,Computer science,practical,something wey person fit do / no be just talk,something wey person fit do / no be just talk,100.0,True,True
engpidginedu-19876,Computer science,purposes,reasons why things dey happen,reasons why things dey happen,100.0,True,True
engpidginedu-17290,Computer science,installed,wey dey present,,0.0,False,False
engpidginedu-17290,Computer science,somewhere,one place,everyplace' dey use informally for any or all place,21.96,True,False
engpidginedu-18015,Computer science,covered,something wey security or insurance don take care of,something wey security or insurance don take care of,100.0,True,True
engpidginedu-18015,Computer science,half,one of two tins wey de equal from anoda tin,one of two tins wey de equal from anoda tin,100.0,True,True
engpidginedu-15574,Computer science,mail,letter / message wey pass post or email,letter / message wey pass post or email,100.0,True,True
engpidginedu-04207,Government,notwithstanding,even with all dat / despite say,,0.0,False,False
engpidginedu-04207,Government,denied,bin reject / talk say no be so,bin reject / talk say no be so,100.0,True,True
engpidginedu-25094,Biology,thin,lean / something wey no thick,,0.0,False,False
engpidginedu-02267,Government,prohibiting,"law wey say ""no do am"" / ban",,0.0,False,False
engpidginedu-23983,Computer science,testing,check-am / confirm-am,check-am / confirm-am,100.0,True,True
engpidginedu-02806,Government,closely,near-near / check am well-well,near-near / check am well-well,100.0,True,True
engpidginedu-02806,Government,divided,shared / e no dey as one,,0.0,False,False
engpidginedu-02580,Government,congressional,concern de law-makers / National Assembly mata,,0.0,False,False
engpidginedu-01898,Government,core,de main-main part / de heart of de matter,,0.0,False,False
engpidginedu-01898,Government,highest,de oga kpatakpata / top level,de oga kpatakpata / top level,100.0,True,True
engpidginedu-01898,Government,obscenity,dirty behavior or talk wey go against morals,,0.0,False,False
engpidginedu-07846,Business study,sought,bin find / bin look for,bin find / bin look for,100.0,True,True
engpidginedu-11894,Social studies,forced,by force-by-force / dem use pawa do am,,0.0,False,False
engpidginedu-11894,Social studies,prostitution,for pay sexual intercourse for pay pay pay,,0.0,False,False
engpidginedu-00638,Government,substantive,mata wey get weight / real issue for law,mata wey get weight / real issue for law,100.0,True,True
engpidginedu-25514,Biology,center,di midu of somtin,di midu of somtin,100.0,True,True
engpidginedu-17674,Computer science,fast,fast-fast / sharp-sharp,,0.0,False,False
engpidginedu-12252,Social studies,internal,for inside,,0.0,False,False
engpidginedu-26081,Biology,lost,something wey miss / person wey no find im way,something wey miss / person wey no find im way,100.0,True,True
engpidginedu-26081,Biology,altogether,di formal terms wey dey informal for nakedness,,0.0,False,False
engpidginedu-26081,Biology,homeostasis,when a system maintain a state of balance and stability,,0.0,False,False
engpidginedu-09779,Business study,applies,dey work,dey work,100.0,True,True
engpidginedu-09779,Business study,employers,ogas wey dey give work,ogas wey dey give work,100.0,True,True
engpidginedu-03486,Government,channels,ways to pass info / media stations,di statement wey represent something for words wey represent something for words,15.84,True,False
engpidginedu-03486,Government,communication,di activity of communicating,di activity of communicating,100.0,True,True
engpidginedu-03486,Government,restraints,things wey dey hold person back,things wey dey hold person back,100.0,True,True
engpidginedu-05854,Business study,directed,something wey dem guide or control / aimed at,,0.0,False,False
engpidginedu-05854,Business study,arguing,to drag mata / talk back and forth,to drag mata / try to prove point,41.28,True,False
engpidginedu-05854,Business study,favor,to help person / partial follow-up,to help person / partial follow-up,100.0,True,True
engpidginedu-24967,Biology,active,person or tin wey dey move / e dey function,person or tin wey dey move / e dey function,100.0,True,True
engpidginedu-24967,Biology,dire,na urgent or serious situation wey court suppose act fast on am,,0.0,False,False
engpidginedu-24967,Biology,fewer,small pass,,0.0,False,False
engpidginedu-16403,Computer science,predictors,wetin fit predict,wetin fit predict,100.0,True,True
engpidginedu-16403,Computer science,outcomes,di results wey e give,di results wey e give,100.0,True,True
engpidginedu-08630,Business study,began,bin start / how e take take off,,0.0,False,False
engpidginedu-08630,Business study,acquired,bin get / collect / buy,,0.0,False,False
engpidginedu-08630,Business study,secondary,level wey follow / not as important as de main one,level wey follow / not as important as de main one,100.0,True,True
engpidginedu-23582,Computer science,choices,different-different options,,0.0,False,False
engpidginedu-23582,Computer science,simplicity,di quality of being simple or uncompounded,di highest wey somtin fit contain or do,14.29,True,False
engpidginedu-23582,Computer science,variations,di rate or magnitude of change,,0.0,False,False
engpidginedu-23661,Computer science,coefficients,numbers wey you use multiply variables in a formula,,0.0,False,False
engpidginedu-05182,Business study,selected,picked / de one wey dem choose,,0.0,False,False
engpidginedu-05182,Business study,safe,no wahala / secure / place to keep money,no wahala / secure / place to keep money,100.0,True,True
engpidginedu-09617,Business study,shareholders,people wey get part for company business,people wey join body do business / paddy,41.32,True,False
engpidginedu-09617,Business study,behalf,to stand for anoda person,to stand for anoda person,100.0,True,True
engpidginedu-03655,Government,greater,E big pass / more-more,big pass / more-more,94.71,True,True
engpidginedu-21003,Computer science,thinking,to reason / deep thought,to reason / deep thought,100.0,True,True
engpidginedu-25185,Biology,final,de very last / conclusion,,0.0,False,False
engpidginedu-25185,Biology,clean,neat / no stain,,0.0,False,False
engpidginedu-08743,Business study,owned,wetin person get for hand / property,,0.0,False,False
engpidginedu-08743,Business study,domain,area / website address,area / website address,100.0,True,True
engpidginedu-24604,Computer science,beliefs,wetin you believe,wetin you believe,100.0,True,True
engpidginedu-24604,Computer science,hypotheses,di proposal wey dey suppose explain certain facts or observations,di proposal wey dey suppose explain certain facts or observations,100.0,True,True
engpidginedu-22338,Computer science,referred,bin talk about / bin point to,bin talk about / bin point to,100.0,True,True
engpidginedu-03753,Government,omitted,bin forget or comot am / e no dey inside,,0.0,False,False
engpidginedu-23616,Computer science,complication,di act or process of complicating di act or process of complicating,,0.0,False,False
engpidginedu-00376,Government,immediate,now-now / sharp-sharp,now-now / sharp-sharp,100.0,True,True
engpidginedu-00376,Government,none,nothing / nobody / zero,,0.0,False,False
engpidginedu-00376,Government,accurately,for few mistakes wit few mistakes wit few mistakes wit few mistake,,0.0,False,False
engpidginedu-18128,Computer science,contexts,how de levels be / situation,how de levels be / situation,100.0,True,True
engpidginedu-08238,Business study,interests,all de tins wey person eyes dey look / benefits,all de tins wey person eyes dey look / benefits,100.0,True,True
engpidginedu-12608,Social studies,center,di midu of somtin,di midu of somtin,100.0,True,True
engpidginedu-12608,Social studies,torture,CVT,,0.0,False,False
engpidginedu-02081,Government,constitute,to be,to be,100.0,True,True
engpidginedu-19543,Computer science,containing,wey get,wey get,100.0,True,True
engpidginedu-19543,Computer science,split,divide / tear,divide / tear,100.0,True,True
engpidginedu-13833,Computer science,devices,machines wey dey save,"ting wey dey help us do somethin, like machine or equipment",37.95,True,False
engpidginedu-13833,Computer science,processing,di prescribed procedure dey preparing or putting through a prescribed procedure,di prescribed procedure dey preparing or putting through a prescribed procedure,100.0,True,True
engpidginedu-13833,Computer science,unit,one single piece / section,one single piece / section,100.0,True,True
engpidginedu-22298,Computer science,straightforward,di ambiguity dey free from ambiguity,di ambiguity dey free from ambiguity,100.0,True,True
engpidginedu-25954,Biology,active,person or tin wey dey move / e dey function,person or tin wey dey move / e dey function,100.0,True,True
engpidginedu-25954,Biology,compartments,di space wey dey subdivide a space into which area dey subdivide,,0.0,False,False
engpidginedu-20560,Computer science,involves,E carry am follow / e concern,dey processing a photosensitive material for order make image visible,12.12,True,False
engpidginedu-20560,Computer science,repeatedly,every time / again and again,every time / again and again,100.0,True,True
engpidginedu-05008,Business study,denied,bin reject / talk say no be so,bin reject / talk say no be so,100.0,True,True
engpidginedu-01543,Government,absolute,"everitin de complete, no comma","everitin de complete, no comma",100.0,True,True
engpidginedu-24765,Biology,molecules,"the smallest unit of a substance, wey get atoms joined together","the smallest unit of a substance, wey get atoms joined together",100.0,True,True
engpidginedu-16171,Computer science,weird,strange,,0.0,False,False
engpidginedu-16171,Computer science,meaningless,na no meaning or direction or purpose or purpose or purpose,di meaning or purpose dey having a meaning or purpose,45.28,True,False
engpidginedu-16696,Computer science,fast,fast-fast / sharp-sharp,fast-fast / sharp-sharp,100.0,True,True
engpidginedu-04532,Business study,advance,to go front for somtin,to measure something,14.22,True,False
engpidginedu-07186,Business study,likewise,de same way / follow suit,,0.0,False,False
engpidginedu-07186,Business study,defect,fault / damage,system wey dey produce one particular result,10.91,True,False
engpidginedu-07186,Business study,bound,something wey must happen / person wey law tie down,something wey get wahala / e fit cause damage,33.1,True,False
engpidginedu-11861,Social studies,attend,to go meeting / follow join,,0.0,False,False
engpidginedu-13087,Social studies,educational,di process of education dey relating to di process of education,,0.0,False,False
engpidginedu-13087,Social studies,reunification,when family members wey been separated finally come back together,"menjivar,2012",3.19,True,False
engpidginedu-08609,Business study,objective,to stand for truth / no be because of person face,mata wey get weight / real issue for law,10.7,True,False
engpidginedu-08609,Business study,profits,gain / extra money wey comot from business,gain / better money from business,48.34,True,False
engpidginedu-17661,Computer science,mode,di one wey show most,di one wey show most,100.0,True,True
engpidginedu-17661,Computer science,format,how you arrange your words,how you arrange your words,100.0,True,True
engpidginedu-17661,Computer science,stores,shops / supermarkets,,0.0,False,False
engpidginedu-18394,Computer science,ranking,to arrange from best to worst,how you arrange your words,29.44,True,False
engpidginedu-04575,Business study,beach,di place wey get sand or small small stone beside oshimiri,road / where houses dey,7.53,True,False
engpidginedu-21477,Computer science,obtained,bin collect / bin get de tin for hand,,0.0,False,False
engpidginedu-06967,Business study,bargain,to price market / agreement price,,0.0,False,False
engpidginedu-10311,English Language,navigate,find your way through something or control am,find your way through something or control am,100.0,True,True
engpidginedu-10311,English Language,novel,"na someting wey new, nobody never see am before for law case",,0.0,False,False
engpidginedu-10311,English Language,rhetorical,talk for talk sake / grammar,,0.0,False,False
engpidginedu-06913,Business study,internal,for inside,,0.0,False,False
engpidginedu-02168,Government,narrowly,small-small / by whiskers / e remain small,,0.0,False,False
engpidginedu-02168,Government,prevention,di act of preventing di act of preventing,,0.0,False,False
engpidginedu-02168,Government,punishment,di act of punishing di act of punishing di act of punishing,di act of punishing di act of punishing di act of punishing,100.0,True,True
engpidginedu-08773,Business study,sequential,for regular succession without gaps,,0.0,False,False
engpidginedu-13145,Social studies,wages,salary / pay for work done,,0.0,False,False
engpidginedu-13145,Social studies,increased,E don big pass before / e climb,,0.0,False,False
engpidginedu-10336,English Language,complicate,E make more complicated,,0.0,False,False
engpidginedu-01051,Government,disturbance,"di activity wey dey malfunction, intrusion, or interruption",,0.0,False,False
engpidginedu-07505,Business study,freely,free-free / anyhow,,0.0,False,False
engpidginedu-10626,English Language,determined,"di calculation, investigation, experiment, survey, or study, or study",,0.0,False,False
engpidginedu-10626,English Language,ahead,to de in front of somtin or person,to come out / move forward,11.06,True,False
engpidginedu-07196,Business study,impossible,no fit happen,no fit happen,100.0,True,True
engpidginedu-18250,Computer science,distributed,how dem put themselves,how dem put themselves,100.0,True,True
engpidginedu-18250,Computer science,grumpiness,crossness,crossness,100.0,True,True
engpidginedu-18250,Computer science,grumpy,cross,,0.0,False,False
engpidginedu-08845,Business study,versus,against / vs,subjects wey student dey learn for school,6.75,True,False
engpidginedu-12433,Social studies,final,de very last / conclusion,,0.0,False,False
engpidginedu-12433,Social studies,expressed,dem talk am out / dem clear de doubt,,0.0,False,False
engpidginedu-15147,Computer science,gone,E don go / finish,,0.0,False,False
engpidginedu-05607,Business study,entrepreneur,di someone wey organiz business venture and assum di risk for am,,0.0,False,False
engpidginedu-05607,Business study,classes,groups for school / different kinds,,0.0,False,False
engpidginedu-05607,Business study,sues,E carry person go kote,,0.0,False,False
engpidginedu-20806,Computer science,vague,no clear / blurry,no clear / blurry,100.0,True,True
engpidginedu-19960,Computer science,notes,small-small write-up / observations,small-small write-up / observations,100.0,True,True
engpidginedu-21234,Computer science,specifying,di condition or requirement for contract or agreement,di condition or requirement for contract or agreement,100.0,True,True
engpidginedu-22997,Computer science,correction,di act of offering improvement to replace mistake,,0.0,False,False
engpidginedu-08748,Business study,origin,where e start from / source,where e start from / source,100.0,True,True
engpidginedu-08748,Business study,generic,somtin wey fit be anytin,,0.0,False,False
engpidginedu-21960,Computer science,testing,check-am / confirm-am,,0.0,False,False
engpidginedu-11641,Social studies,indifferent,E dey marked by lack of interest,,0.0,False,False
engpidginedu-11641,Social studies,ties,relationship / things wey join people together,,0.0,False,False
engpidginedu-12130,Social studies,additionally,join am follow / plus,join am follow / plus,100.0,True,True
engpidginedu-12130,Social studies,products,all de things wey dem produce to sell,all de things wey dem produce to sell,100.0,True,True
engpidginedu-05329,Business study,pennsylvania,one of di original 13 colonies,,0.0,False,False
engpidginedu-05329,Business study,appeals,to carry mata go higher court because you no gree,to carry mata go higher court because you no gree,100.0,True,True
engpidginedu-05329,Business study,litigant,na persin wey involved for lawsuit as plaintiff or defendant,,0.0,False,False
engpidginedu-11954,Social studies,familiar,something wey person sabi well-well,,0.0,False,False
engpidginedu-20830,Computer science,selected,picked / de one wey dem choose,,0.0,False,False
engpidginedu-14857,Computer science,item,single thing / article,,0.0,False,False
engpidginedu-09108,Business study,base,foundation / where tin start from,foundation / where tin start from,100.0,True,True
engpidginedu-09108,Business study,penalties,fines / punishments for offense,fines / punishments for offense,100.0,True,True
engpidginedu-09108,Business study,profits,gain / extra money wey comot from business,gain / better money from business,48.34,True,False
engpidginedu-03309,Government,proceedings,all de things wey dey happen for kote or meeting,,0.0,False,False
engpidginedu-03309,Government,modern,new school / latest style,new school / latest style,100.0,True,True
engpidginedu-07628,Business study,station,stop / office area,,0.0,False,False
engpidginedu-07628,Business study,contest,competition / drag,,0.0,False,False
engpidginedu-07628,Business study,negligently,na di way persin do someting wey no have proper care,di appearance wey dey alone from appearances alone,16.29,True,False
engpidginedu-09482,Business study,partnerships,business join-body / two or more people wey dey work,di members of business venture create by contract,20.51,True,False
engpidginedu-25331,Biology,preserve,keep am safe / maintain,keep am safe / maintain,100.0,True,True
engpidginedu-07467,Business study,punishment,di act of punishing di act of punishing di act of punishing,di act of punishing di act of punishing di act of punishing,100.0,True,True
engpidginedu-01501,Government,appellant,na court wey dey review decision wey lower court make,na court wey dey review decision wey lower court make,100.0,True,True
engpidginedu-01501,Government,wanted,wetin person desire / person wey police dey find,,0.0,False,False
engpidginedu-01501,Government,stood,bin stand,,0.0,False,False
engpidginedu-02279,Government,accompanied,dem present or associated wit event or entity or entity or entity,,0.0,False,False
engpidginedu-06300,Business study,mediation,follow-dem-talk-make-dem-settle,follow-dem-talk-make-dem-settle,100.0,True,True
engpidginedu-18918,Computer science,solely,him alone / only dat one,,0.0,False,False
engpidginedu-09606,Business study,preferential,di partiality dey manifest partiality,,0.0,False,False
engpidginedu-09606,Business study,dividends,gain for stockholders,,0.0,False,False
engpidginedu-09606,Business study,voting,thumbprint / choosing leader,di act of examining resemblances wey dey examinin resemblances,13.12,True,False
engpidginedu-12403,Social studies,located,E dey for dat side / position,dey processing a photosensitive material for order make image visible,21.86,True,False
engpidginedu-12403,Social studies,destroyed,bin spoil kpatakpata / scatter,,0.0,False,False
engpidginedu-12403,Social studies,safety,safe condition / no wahala,,0.0,False,False
engpidginedu-04090,Government,applicable,dem dey capable of being applied,dem dey capable of being applied,100.0,True,True
engpidginedu-04090,Government,concluded,bin finish / end de matter,bin give chance / bin gree,14.49,True,False
engpidginedu-04090,Government,punitive,na damages wey pass compensation to punish wrongdoer and stop future harm,,0.0,False,False
engpidginedu-15054,Computer science,request,to ask for help or info / application,,0.0,False,False
engpidginedu-01423,Government,regulating,di act of controlling or directing according to rule,di act of beginning something new,20.25,True,False
engpidginedu-01423,Government,justify,to give good reason why person do something,to give good reason why person do something,100.0,True,True
engpidginedu-08667,Business study,registration,to put name for list / official record,to put name for list / official record,100.0,True,True
engpidginedu-08667,Business study,purposes,reasons why things dey happen,reasons why things dey happen,100.0,True,True
engpidginedu-19782,Computer science,multiplication,times,,0.0,False,False
engpidginedu-11763,Social studies,furthermore,join join / more-so,,0.0,False,False
engpidginedu-11763,Social studies,seen,bin see am / dem don notice,bin see am / dem don notice,100.0,True,True
engpidginedu-03169,Government,proceedings,all de things wey dey happen for kote or meeting,company brand marks / signs,7.93,True,False
engpidginedu-12449,Social studies,extensive,wide / big / plenti,wide / big / plenti,100.0,True,True
engpidginedu-11029,English Language,constitute,to be,,0.0,False,False
engpidginedu-11029,English Language,advanced,high-level / front,high-level / front,100.0,True,True
engpidginedu-11029,English Language,taught,bin teach,,0.0,False,False
engpidginedu-25018,Biology,decrease,make somtin de turn to small,,0.0,False,False
engpidginedu-25018,Biology,excessive,too much / over-load,,0.0,False,False
engpidginedu-07055,Business study,likewise,de same way / follow suit,,0.0,False,False
engpidginedu-05094,Business study,final,de very last / conclusion,de very last / conclusion,100.0,True,True
engpidginedu-05094,Business study,validity,how true something be,,0.0,False,False
engpidginedu-09105,Business study,consequences,wetin follow de action / outcome of wahala,wetin follow de action / outcome of wahala,100.0,True,True
engpidginedu-00212,Government,secretary,person wey dey help run office work,person wey dey help run office work,100.0,True,True
engpidginedu-00212,Government,headquarters,di office wey dey serve as di administrative center of enterprise,di midu of somtin,6.09,True,False
engpidginedu-09115,Business study,convicted,na wen court or jury find persin guilty of criminal charge,na wen court or jury find persin guilty of criminal charge,100.0,True,True
engpidginedu-09115,Business study,relating,concern / how things link body,concern people wey dey make law,23.33,True,False
engpidginedu-09115,Business study,arise,to show face / start to happen,,0.0,False,False
engpidginedu-14719,Computer science,caused,wetin make de tin happen,wetin make de tin happen,100.0,True,True
engpidginedu-07223,Business study,unscrupulous,"wey no get conscience, no dey fair, dey do wetin dem like",,0.0,False,False
engpidginedu-13746,History,standing,level / position / right to carry mata go kote,level / position / right to carry mata go kote,100.0,True,True
engpidginedu-13746,History,ground,di top of earth,di top of earth,100.0,True,True
engpidginedu-17856,Computer science,generic,somtin wey fit be anytin,,0.0,False,False
engpidginedu-21295,Computer science,testing,check-am / confirm-am,,0.0,False,False
engpidginedu-21295,Computer science,relational,dem having relation or being related,,0.0,False,False
engpidginedu-06515,Business study,executive,de branch of gofment wey dey run de land,de branch of gofment wey dey run de land,100.0,True,True
engpidginedu-00869,Government,mode,di one wey show most,di one wey show most,100.0,True,True
engpidginedu-00869,Government,exposure,showing body / making known,,0.0,False,False
engpidginedu-00869,Government,appellant,na court wey dey review decision wey lower court make,,0.0,False,False
engpidginedu-19726,Computer science,straightforward,di ambiguity dey free from ambiguity,di ambiguity dey free from ambiguity,100.0,True,True
engpidginedu-16559,Computer science,assessing,checking levels,,0.0,False,False
engpidginedu-16559,Computer science,validity,how true something be,how true something be,100.0,True,True
engpidginedu-16559,Computer science,honest,to de always talk true and to no do wayo,to carry pickin take as your own / follow a style,17.53,True,False
engpidginedu-07623,Business study,boisterous,na noisy and lacking for restraint or discipline or discipline,,0.0,False,False
engpidginedu-07164,Business study,accidentally,for advance planning without advance planning,"for short intervals, many times for short intervals",12.77,True,False
engpidginedu-03070,Government,closely,near-near / check am well-well,near-near / check am well-well,100.0,True,True
engpidginedu-03070,Government,courtroom,room for kote,room for kote,100.0,True,True
engpidginedu-01041,Government,dissent,to no gree / judge wey get different mind,to no gree / judge wey get different mind,100.0,True,True
engpidginedu-13825,Computer science,fast,fast-fast / sharp-sharp,fast-fast / sharp-sharp,100.0,True,True
engpidginedu-19349,Computer science,careful,to look well / watch out,to look well / watch out,100.0,True,True
engpidginedu-19349,Computer science,sets,to arrange / put things for order,,0.0,False,False
engpidginedu-22174,Computer science,relates,get connection / concern,get connection / concern,100.0,True,True
engpidginedu-03358,Government,suicide,to kill self,,0.0,False,False
engpidginedu-03358,Government,jail,prison / kashot / cell,prison / kashot / cell,100.0,True,True
engpidginedu-04572,Business study,beach,di place wey get sand or small small stone beside oshimiri,,0.0,False,False
engpidginedu-08024,Business study,careful,to look well / watch out,to look well / watch out,100.0,True,True
engpidginedu-09012,Business study,warrant,official paper to arrest person or search house,official paper to arrest person or search house,100.0,True,True
engpidginedu-24299,Computer science,versus,against / vs,,0.0,False,False
engpidginedu-00819,Government,liberties,freedom / rights,freedom / right to do wetin person like,70.23,True,True
engpidginedu-00819,Government,fourteenth,number fourteen,number fourteen,100.0,True,True
engpidginedu-00819,Government,invasion,force entry / enter person space,,0.0,False,False
engpidginedu-03648,Government,instance,one example of somtin,one example of somtin,100.0,True,True
engpidginedu-03648,Government,remand,na wen court send case back to lower court for more proceeding,,0.0,False,False
engpidginedu-20952,Computer science,somewhat,small / somehow,small / somehow,100.0,True,True
