reference,prediction
i note say race and color no dey on di list of acceptable (dem worthy of acceptance or satisfactory) bfoqs,i note say race and color no dey on di list of acceptable bfoqs.
"as before xspeci dey di data, and funspeci dey function","s before xspeci e di data, and funspeci e function."
"nderstanding he harmful (bad tin / something wey fit wound person) use of alcohol, drugs or other substances in ways wey hurt the person within immigrant populations dey becoming increasingly ( dey advancing for amount or intensity) important as . . dey increase for cultural diversity.",i understanding substance abuse within immigrant populations dey becoming increasingly important as . . increase for . . increase for . . increase for . . increases ( carry am follow / e concern) for . . increases ( carry am follow / e concern) for . . increases for . . increases for . . increases for . . increases for . . increases for . . increases for . . increases for . . increases for . . increases for .
"i same time say aldos terone cause increased ( don big pass before / e climb) recovery of na+, e also cause greater ( big pass / more-more) loss of k+","i same time wey aldos terone causes increased ( don big pass before / e climb) recovery of na+, e also cause greater ( big pass / more-more) loss of k+."
"i chozin ase study na di study of one example dey add to di growing bodi of research on international graduate students, wey include di well-known studies by casanave and leki.","i case study add to growing body of research on international graduate students, including well-known studies by casanave and leki."
"or whenever r encounter di while way, e check say di condition dey true","or whenever r encounters while statement, e check to see if di condition deytrue."
ulticultural study of one or few examples of academic literacy practices wey dey for higher education,i multicultural case studies of academic literacy practices for higher education.
"i middle region of di tube, called di ampul la, na where fertilization often occurs ( dey happen / e dey show face).","i middle region of di tube, call di ampul la, na where fertilization often occur."
swell see later for di book you go nd say you end upto create variable for oda things too.,"i statistical analysis for rall of your data(the variables you measure for your study)go store as variables for r, but aswell see later for di book you go nd say you end up creating (hole / start / vacancy) variables for r, but aswell see later for di book you go nd say you end up create variables for oda things too."
"ut computers don get ngers, dem don get transistors; and transistors dey build to store 2 numbers no 10.","i computer no get ngers, dem get transistors (teachers / lecturers / those wey dey give direction); and transistors (teachers / lecturers / those wey dey give direction) dey built to store 2 numbers no 10."
"oreover (join-am say / apart from dat), di sec enforces prohibitions (things dem say make you no do) against insider trading (business / exchange) plus pursues claims of other types of securities fraud, such as ponzi schemes.","i sec enforce (to force people make dem follow law) prohibitions against insider trading (business move / to follow person do trade) and pursues claims of oda types of securities fraud, such as ponzi schemes (plan / format / sometimes e be like wayo)."
"i regular expression go match twice( and), but e no match di string bikos e no match di string bikos e no match di string.","i regular expression go match twice( and), but e no match di string because non-blank character before di at-sign."
i argument name dey probably best to actually type for di argument name,"f you dey ever (anytime / since world start) unsure, e dey probably best to actually type for di argument name."
d search engine dey usually run both d crawling and ranking (to arrange from best to worst) programs all d time.,i search engine usually run both di crawling and ranking programs all di time.
"uppose we wan run di full 3×2 factorial , including interaction terms.","e wan run di full 32 factorial anova, including interaction terms."
i variables dey on fundamentally (di main thing be say) dierent scales.,i variables dey on fundamentally dierent scales.
"i penalty provisions no exist for violating (to break law / mess up rule) those laws, those penalties (fines / punishments for offense) no dey drive compliance (di acting according to certain accepted standards) itself.","i penalty provisions dey exist for violating (to break law / go against rule) those laws, those penalties no dey driving compliance (di place wey you dey work for ) amself."
"ven di subjects (topics / people under authority) di plaintiffs wish to teach--using ules and agreements (di statement (oral or written) of exchange of promises) wey control how countries relate and deal with eachother to resolve disputes peacefully or petitioning di united nations (obodo / different-different countries), for example--concern political talk.","i subject di plaintiffs wish to teach (to show person de way / lecture)--using international law to resolve disputes peacefully or petition di united nations (obodo / different-different countries), for example-concern political speech."
"i court sentenced appellant (na court wey dey review decision wey lower court make) to 10 days for jail (prison / kashot / cell), suspended, and to$75 fine.","i court sentenced (prison time / group of words) appellant (na court wey dey review decision wey lower court make) to 10 days for jail (prison / kashot / cell), suspend, and to$75 fine."
"i mild to moderate symptoms ar e treated wit medication, whereas severe enlargement of di prostate tin sue dey r emo ved.","i prostate dey treated wit medication, whereas severe enlargement of di prostate tissue dey r emo ved."
"or di last point, if di beliefs (wetin you believe) of untrained pipo dey critical(e. g, dis dey often di case for apply research wey you suppose convince policymakers of something or oda)then you go care about whether e look like wetin e suppose be.","or di last point, if di beliefs (wetin you believe) of untrained pipo dey critical(e. g, dis dey often di case for applied (wetin dem use work / put into action) research wey you actually wan to convince policymakers of something or oda)then you go care about face validity."
i immigrants(both documented and undocumented)contribute (di quality wey dey bestow a quality on top quality on top) billions more tomedicare through payroll taxes (money wey gofment dey collect from people hustle) wey dem useinmedical services,"or particular, immigrants (both documented and undocumented), immigrants (both documented and undocumented)contribute billions more tomedicare through payroll taxes (money wey gofment dey collect from people hustle) than dem use for medical services."
"no dey easy to learn, and e no dey easy to learn, but on di whole i think di strength outweigh di weakness; more so than any oda option wey i dey encounter so far.","no easy to learn, and e get few very annoying quirks to am say we dey all pretty much stuck wit, but on di whole i think di strengths outweigh di weakness; more so than any oda option wey i dey encounter so far."
"ote sey dis ones no be di same confidence (di freedom from doubt) intervals wey you go get if you calculate dem separately for each group, because  model dey assume homogeneity of variance and so e dey use pooled estimate of di howe dey spread.","i same con dence intervals wey you go get if you calculated dem separately for each group, because of di fact say di anova model assum homogeneity of variance and therefore use pooled estimate of di howe dey spread."
i supreme court tok say states no regulate motor vehicle (motor / machine to carry load) safety (safe condition / no wahala) standards.,i supreme court tok say state no regulate motor vehicle (motor / machine to carry load) safety (safe condition / no wahala) standards.
ut you imagine if we no get wa y to determine dis things?,em imagine if we no get no wa y to determine dis things?
iddle and high-skill labor force.,i middle and high-skill labor force.
"s you fit imagine, e no make plenty sense to try compare my raw score of 2 for di paper wey check how person dey social to my raw score of 35 for grumpiness (crossness) questionnaire.",no make alot of sense to try to compare my raw score of 35 on di extraversion questionnaire (na urgent or serious situation wey court suppose act fast on am) to my raw score of 35 on di grumpiness questionnaire.
"i way, i get to remember di knowledge better, and i no to go back to di whole book wen i need to look up something","i way, i get to remember di knowledge better, and i no go back to di whole book wen i need look up something"
"ohn, ,& chiff, .","or bohn, s,&schiff, e."
"owever, many immigrants and refugees dey avoid substance use even after traumatic exposure (showing body / making known) and distress.","owever, many immigrants and refugees avoid substance useeven after traumatic exposure (showing body / making known) anddistress."
"i damage dey particularly great wen di etin dem dey call prior restraint (to hold body / control / limitation) be say government no go gree make person talk or write wetin dem wan write before dem publish am, na like say government dey hold person mouth before dem talk fall upon di communication (di activity of communicating) of news and commentary on current events.",i damage fit be particularly great when th e prior restraint (to hold body / control / limitation) falls ( dey drop / waterfall) upon di communication (di activity of communicating) of news and commentary on current events.
"e must decide whether a everybody figure may recover (na obtain money, property, or relief from court judgment) damages for emotional harm caused (wetin make de tin happen) by di publication of an ad parody offensive (something wey dey disrespect or abuse person) to him, and doubtless gross and repugnant for di eyes of most.","e must decide whether public figure go recover (na obtain money, property, or relief from court judgment) damages for emotional harm caused (wetin person tink say go happen) by di publication of ad parody offensive to him, and doubtless gross and repugnant for di eyes of most."
"i court, na elusive, abstract concept, hard to prove and hard to disprove.","i court, na elusive (dem dey having succeeded or being marked by favorable outcome), abstract concept, hard to prove and hard to disprove."
"i\hello (how dem de greet person) world""text dey show for green, you go notice say di\hello world""text dey show for green","i\hello world""text dey show for green."
then move towards di inferential statistics part.,go move towards di inferential statistics part.
"i bicarbonat e dey di one ion wey no normally excreted for urine; ins tead, e dey c onser ved by di kidneys for use for di bodi 's buff ering systems.","i one ion wey no dey normally excreted for urine; ins tead, e dey c onser ved by di kidneys for use for di bodi's buff ering systems."
i criminal dey try to take property for hin or her own financial gain,i criminal dey try take property for hin or her own financial gain.
"i dierent approach dey select a meaningful (di meaning or purpose dey having a meaning or purpose) reference (citation / to point to where info dey) point(usually di mean or di median)and then report di ypical"" deviation from dat reference point.","i dierent approach dey to select meaningful (di mean or di median) reference (citation / to point to where info dey) point(usually di mean or di median)and then report di ypical"" deviation from dat reference (citation / to point to where info dey) point."
i program to open di file romeo. txt and read am line by line,i program to open di file romeo. txt and read am line by line.
"i apparent superiority of negative feedback na artifact wey dey caused (wetin make de tin happen) by regression to di mean(see kahneman & tversky, 1973, for discussion).","i apparent superiority of negative feedback dey artifact caused (wetin make de tin happen) by regression to di mean(see kahneman & tversky, 1973, for discussion)."
xperiencing trauma for adulthood dey increase risk of perpetration (di act of committing a crime or causing harm to another person) of : men wey don dey exposed to political violence or imprisonment dey twice as likely to perpetrate  as those wey no don.,i men wey dey exposed to political violence orimprisonment deytwice as likely toperpetrate ipvasthose wey no dey.
i respondent attend (to go meeting / follow join) hin first public meeting (gathering / discussion group) as a board member (one person inside join-body) of di three valley water district board.,i respondent attend hin first public meeting (gathering / discussion group) as board member (one person inside join-body) of di three valley water district board.
"t wey point di venture capital (moni wey person use take start business) firm (company / business office) seeks an exit (where person go pass take comot somwhere) strategy, typically through offering sale of di business to di public inside an initial public offering(ipo).","i venture capital (moni wey person use take start business) firm seeks an exit (where person go pass take comot somwhere) strategy, typically through offering sale of di business to di public for initial public offering(ipo)."
i three features (karakata wey dey make am sweet or wey dey help) dey comprise what dey known as di filtration (di process wey fluid pass through filter or filtering medium) membrane.,i three features (karakata wey dey make am sweet or wey dey help) comprise (to know) what dey known as di filtration membrane.
"ispanic ournal of ehavioral ciences,32(3), 341-361.","or ournal of behavioral sciences,32(3), 341-361."
everal methods of adr exist.,everal methods of adr exist.
i task 0. 800.,i tasks 0.800.
em try play around wit dierent values of lwdto see what happen.,em try play around wit dierent values of lwdto see what happen.
i judgment of di texas court of criminal appeals (to carry mata go higher court because you no gree) dey affirmed.,i judgment of di texas court of criminal appeals (to carry mata go higher court because you no gree) na therefore affirmed.
"dey important to note say immigration officers, wey traditionally (di tradition wey dey according to tradition) hold law degrees, have broad ( wide well-well / e cover many things) discretion for deciding (to choose / finalize decision) whether application dey complete and accurate(w eissbrodt & danielson, 2011).","dey important to note say immigration officers, wey traditionally hold law degrees, don broad ( wide well-well / e cover many things) discretion for deciding whether application dey complete and accurate(w eissbrodt & danielson, 2011)."
i requirement of specific intent to do anything more than display di flag for dat manner (way / style / how person take do am).,ano requirement of specific intent to do anything more than display di flag for dat manner (way / style / how person take do am).
mmigrant workers wey na middle-wage earners dey still disadvantaged.,mmigrant workers wey dey middle-wage earners (people wey join body do business / paddy) arestill disadvantaged (di quality of having inferior or less favorable position).
"i overturn ofthe defense of marriage act(doma), citizens and permanent (something wey no go change / follow-come) residents (person wey dey stay for place) go sponsor dia same-sex spouses for visas.","ioverturn of disedefense of marriage act(doma), citizens andpermanent residents (person wey dey stay for place) fitnow sponsor dia same-sex spouses for visas."
"s urine dey formed (bin make / bin arrange or build), e drains (pipe wey de comot wata) into di cal yces wey dey form di funnel-shaped renal pelvis for di hilum of each kidney.","i cal yces of di kidney, wey merge to form di funnel-shaped renal pelvis for di hilum of each kidney."
i timing no dey s ynchr onous across di seminif erous tubules.,i timing no dey s ynchr onous across di seminif erous tubules.
"i pressure for""more"" dey endemic for every level of di mortgage industry (hustle / big-big business area), from di would-be homeowner wey dey want more house than hin or she go afford to di investment (di act of investing) bankers wey dey want more cdos on which dem go profit (gain / better money from business).","i pressure for""more"" dey endemic for every level of di mortgage industry (hustle / big-big business area), from di go-be homeowner wey wanted more house than he or she go afford to di investment bankers wey dem go profit (gain / better money from business)."
dey because beginning (from di start) programmers no dey memorize (when person read and keep information for head) di reserved words(there dey only 35 of dem)and sometimes variables wey dey too descriptive (di serving to describe or inform or characterized by description) start to look like part of t he language and no just well-chosen dem name wey dey represent figure wey fit change for kompyuta program.,is dey because beginning (from di start) programmers no dey memorized di reserved words(there dey only 35 of dem)and sometimes variables wit name wey dey too descriptive start to look like part of t he language and no just well-chosen variable name.
"i tin wey concern everybody for society, wey be say e important for all of us survive di judgment of conviction and appropriately (di appropriate manner for di appropriate manner) carry over to an interest for how di convicted (na wen court or jury find persin guilty of criminal charge) person dey treated during hin period of punishment and hope for rehabilitation (di restoration of someone to useful place for society).",i public interest survive di judgment of conviction and appropriately carries over to interest for how di convicted person dey treated during hin period of punishment (di act of punishing di act of punishing di act of punishing) and hopedfor rehabilitation.
"i tyrants of di world fight each oda until dem see common enemy wey dey work class enlightenment, wen dem combine to crush am, and say now militarism and capitalism (di economic system wey dey based on private ownership of capital) combined, though no openly, to crush di russian revolution","i intimates say""german militarism combined wit allied (dem mention am clear-clear) capitalism to crush di russian evolution"" --goes on dat di tyrants of di world fight each oda until dem see common enemy-- work class enlightenment, wen dem combine to crush am, and say now militarism and capitalism combined, though no openly, to crush di russian revolution."
i things wey don-92- don use for about 20 years.,i things wey no dey-92- dey use for about 20 years
"i physical embodiment of dis entity we call corporation, but what does dat mean?","i corporate (tin wey concern big business join-body) headquarters for cupertino, california( figure 11.1 ""apple's headquarters for cupertino, california""), na di physical embodiment of dis entity we call corporation, but what does wey mean?"
"e fit drop andre-create di artist name index wit unique constraint as follows (dey come after, becos of sometin wey don happen before).",e fit drop andre-create di artist name index wit unique constraint (to hold body / control / limitation) as follow.
"i yates(1934) suggest simple x, wey you rede ne di goodness of t statistic as: x2 ip|eioi|0: 5q2 eioi|0","em suggest simple x, wey you rede ne di goodness of t statistic as: x2 ei(12.1)basically, hin just subtract o 0.5 everywhere."
i probability of incorrectly reject di null?,i probability of incorrectly reject di null?
i cat()function dey so widely use say i think na good idea to talk about am here.,"i cat()function dey so widely use say i think e good idea to talk about am, since print()and paste()go do what you need, but di cat()function dey so widely use say i think e good idea to talk about am here."
i humble (wey dey simple) one kind of scale na di main tool (tinwey or ogbe wey dem dey use do sometin or wok) of all how to design survey.,i humble likert scale na di bread and butter tool (tinwey or ogbe wey dem dey use do sometin or wok) of all survey design.
"i term ""kriminal wey dem plan am well-well, dey under one group, dey do bad tins like sell drug, collect money by force, and dey cause wahala"" often summons images of di mafia, wey no dey only type of organized (well-arranged / follow order) criminal activity for dis kontri.","i term""organized crime""often summons images of di mafia, say no th type of organized criminal activity for dis kontri."
"for example, congress don enacted (dem don sign am into law) precatory regulations describing (di description wey dey give a description wey dey give) di proper treatment of di flag, and we cast without question on di legitimacy of its interest for make such recommendations (advice).","or example, enacted precatory regulations (rules of de land) wey dey describing di proper treatment of di flag, and we cast no doubt on di legitimacy of its interest for make such recommendations."
i interest justifies johnson's conviction under a more demanding standard.,e must ask whether dis interest justifies johnson conviction under more demanding standard.
"hile dis fit cause emotional distress for some, e fit also be di source of motivation to make di most of their opportunities (di possibility due to a favorable combination of circumstances).","dey cause emotional distress for some, e fit also be di source ofmotivation tomake dimost of dia opportunities (di possibility due to a favorable combination of circumstances)."
"i list of di variables wey you wan rto tabulate, and e tabulates dem","i list of di variables wey you wan rto tabulate, and e tabulate dem"
ut r oughl y 10 percent of water available to di bodi dey generated for di end of aerobic r espir ation during cellular metabolism.,"i most water intake kom through di digestive tract via liquids and food, but r oughl y 10 percent of water available to di bodi dey g ener for di end of aerobic r espir ation during cellular metabolism."
i history of di united state dey replete wit examples of exclusion (to comot person or tin / no allow join) from di property ownership system.,i history of di united state dey replete wit examples of exclusion from di property ownership system.
"i urea cycle nitrogen dey tr ansaminat ed, cr eating ammonia and int ermediat e of di k rebs cycle.",i ur ea dey eliminated through di kidneys for di urine( figure 24. 18). 24. 4p rotein metabolism 1083 figure 24. 18). 24. 4p rotein metabolism 1083 figure 24. 18). 24. 18. 24. 24. 24. 3p rotein metabolism 1083 figure 24. 24. 24. 3p rotein metabolism 1083 figure 24. 24. 24. 24. 24. 24. 24. 24
i pipo just makeup di data,"ometimes, pipo just makeup di data."
"or study of substance use among all newly arriving adult (big person / person wey don pass 18) refugees for exas city, reported (bin talk wetin happen / record) rates (prices / levels / speed) of current smoking (38.5%) and alcohol use(23%) dey very low.","i study of substance use among all newly arrive adult refugees for texas city, reported (bin talk wetin happen / record) rates (prices / levels / speed) ofcurrent smoking(38. 5%) and alcohol use(23%) dey very low(barnes, harrison, &heneghan, 2004)."
"dey smart, chic, wellgroomed","i smart, chic, wellgroomed."
i speech fornocuous one year may at another time fan such destructive (dem dey caus destruction or much damage) flames wey dey halt for di interest of di safety (safe condition / no wahala) of di republic.,i speech innocuous one year may for one time fan such destructive flames wey dey halt for di interest of di safety (safe condition / no wahala) of di republic.
"f awa smoking (to smoke / puffs) group get cancer for higher rate than di non-smoking group, then we fit feel pretty con dent say(a) smoking don cause cancer and(b) we dey murderers.","f awa smoking group get cancer for higher rate than di non-smoking group, then we fit feel pretty con dent say(a) smoking does cause cancer and(b) we dey murderers."
"s person wey be immigrant nglish-language learner, fernandes first learn di difference wey dey for make person sabi how to speak for english and use di english to achieve one own educational (di process of education dey relating to di process of education) dreams (di tins wey person de see wen e sleep) and aspirations (di will to succeed).","s immigrant english-language learner himself, fernandes learn firsthand di difference between merely know how to speak (to yan / talk / express mind) for english and using english to achieve (to make am / reach target / blow) one's own educational dreams and aspirations."
"i example of failure (when tin no work out / disappointment) of wetin dey inside, because your study no fit tease apart di causal relationships (how people follow deirselves / connections) between di dierent variables.","i example of failure (when tin no work out / disappointment) of internal validity (how true something be), bikos your study no dey tease apart di causal relationships (how people follow deirselves / connections) between di dierent variables."
em use some object-oriented patterns use 'message' forstead of 'method' to describe dis concept,ome object-oriented patterns use 'message' forstead of 'method' to describe dis concept.
i command to calculate 54 go like dis:>5^4 [1]625 much easier (no hard / simple),"e do dat, awa command to calculate 54go like dis:>5^4 [1]625 much easier (no hard / simple)."
i whether di test measure wetin e suppose measure ask whether you dey measuring what you think you dey.,i construct validity ask whether you dey measuring (to look somtin wella to sabi am) what you think you dey measuring what you think you dey.
"i decisions (final conclusions / choices) dey by state supreme court interpret dia own state constitution, dem dey beyond di reach or review of di federal congress or federal courts.","i decisions (final conclusions / choices) dey by state supreme courts interpret dia own state constitution, dem dey beyond di reach or review of di federal congress or federal courts."
"i senate tok action to prohibit di department of defense from contract wit defense contractors (builders / work people) wey require mandatory arbitration for yawa wey dey happen when person no gree, dem force am do tin wey no right, like dem take person by force, or dem do am wetin person no like, wey dey under sexual (mata wey concern body-to-body) palava claims.",i senate tok action to prohibit di department of defense from contracting wit defense contractors (people wey join body do business / paddy) wey require mandatory arbitration for sexual assault claims.
e suggest how di adaptive transfer fit help reframe di questions about multilingual writers across di curriculum by informing wac research and teaching wit wid.,e suggest how adaptive transfer fit help reframe questions about multilingual writers across di curriculum by informing wac research and teaching wit wid.
get di nml criterion.,i nml criterion dey take dierent approach again and you get di nml criterion.
"i geelong don be one of di most dominant teams over di last several years, period wey dem strung together 29-game win streak for kardinia park.","i geelong don dey one of di most dominant team over di last several years, period during which dem strung together incredible 29-game winning streak for kardinia park."
"a dem direct quote from di oral (talk-talk / wetin comot from mouth) interview and therefore dey full of di pause fillers, di false starts, and di repetitions wey dey part of oral speech.","em dey direct quote from oral interview and therefore dey full of di pause fillers, false start, and repetitions (people wey start case or request for court) wey dey part of oral (talk-talk / to yarn) speech."
i law dey also based on state law.,i property and probate laws dey based on state law.
"for example, some states, like maine, require twenty-year period, while oda state, like nevada, require e only five year period, while oda state, like nevada, require e only five year period, while oda state, like nevada, require e only five year period.","for example, some states, like maine, require twenty-year period, while oda states, like nevada, require only five-year period."
"i martyrium of st. dikla for meryemlik, c.480, three-aisled basilica dey add above her holy cave.","i martyrium of st. dikla for meryemlik, c.480, three-aisled basilica dey add above her holy cave."
"f di condition dey true, then dose no.","i condition dey false, then e no dey."
i soldiers shoot his friends.',i soldiers shot hin friends
i general partnerships (business join-body / two or more people wey dey work) dey similar to sole (only one / him alone) proprietorships for unlimited liability,i general partnership (di members of business venture create by contract) dey similar to sole (only one / him alone) proprietorships for unlimited liability.
i national unity as end wey officials go foster (support / train pikin) by persuasion and example no dey question.,i national unity as end which officials go foster by persuasion and example no dey question.
i order for issue- like di order request (to ask for help or info / application) for new york times- no prohibit but only postpones publication.,i order for issue- like di order request (to ask for help or info / application) for new york times- no prohibit but only postpone publication.
"i bodi of secondary (level wey follow / not as important as de main one) law dey formally adopted (to take pikin as your own / pick new style) by legitimate lawmaking authority, then e become primary law.","i bodi of secondary (level wey follow / not as important as de main one) law dey formally adopt (to carry pickin take as your own / follow a style) by legitimate lawmaking authority, then e become primary law."
"no e say, in addition to di lubricating proteins, e dey possible f or bulbour ethr al fluid to pickup sperm already ( don happen / since / before-before) pr e-ejaculat e.","dey important to note say, for addition to di lubricating proteins, e dey possible f or bulbour ethr al fluid to pickup sperm already present for di ur ethr a, and therefore e dey able to cause pregnancy."
e skip to di next line.,"i line wey no words dey ""uninteresting"" to us so we skip to di next line."
"hereas trade secrets (under-carpet mata / hidden tins) protect confidential company information, patents (law pawa to own idea) protect processes (procedures / styles to do work) plus inventions, plus trademarks protect brands plus identity, copyright na designed to protect creativity.","em protect confidential company information, patents protect process and inventions (di act of intervening (as to mediate dispute, etc.)), and trademarks (company brand marks / signs) protect brands and identity (who person be / real name and face), copyright dey designed (bin arrange / build follow plan) to protect creativity."
"i one hand, private individual wey defamatory fal sehood don dey injured (person wey get wound / damage property) by defamatory fal sehood say e no fit meet di rigorous requirements of new york times.","i one hand, private individual wey dey reputation dey injured (person wey get wound / damage property) by defamatory fal sehood wey dey concern issue of public or general interest no recourse unless he fit meet di rigorous requirements of new york times."
i class a template wey dey use to construct an object,i class a template wey dey use to construct object
"i chair dey di chair wey dey abraham lincoln sat for while draft di emancipation (di parent's relinquishing authority and control over a minor child) proclamation (public talk / announcement), as long as di chair dey owned by di person wey wish to destroy am, di owner go simply load am into hin or her truck (trailer / lorry / big motor for load) and haul am to di dump.","i chair dey di chair wey abraham lincoln satin while drafting (na written order to bank or persin to pay specified money) di emancipation proclamation, as long as di chair dey owned (wetin person tink say go happen) by di person wey wish to destroy am, di owner go simply load am into hin or her truck and haul am to di dump."
"i participants dey chinese, one dey sudanese, and two dey indonesian, one of whom dey chozin","i participants dey chinese, one of whom dey chozin, and two dey indonesian, one of whom dey chozin, one of whom dey chozin."
"irst amendment (wey go bring freedom to pipo) protect no only di dissemination but also di receipt (na written proof say money, goods, or property done receive) of information and ideas",i reason say irst amendment (wey go bring freedom to pipo) protect no only di dissemination but also di receipt of information and ideas.
i right side of di formula to drug*therapy.,i right hand side of di formula to drug*therapy.
no dey problem for reither.,"em try slightly dierent example:>1+2*4 [1]9 clearly, dis no dey problem for reither."
"i big promise of di bayesian (one kind of statistical method) approach: you do di analysis you go do, and express what you believe di data dey tell you.",i big promise of di bayesian (one kind of statistical method) approach: you do di analysis you go believe di data dey tell you.
"a farh observe di same day say hin tok say di blog post (to send message / position for work) na a""poorly executed (na wen di persin dem wey suppose sign done sign contract already) parody.","i website (a page wey dey on internet) post (to send message / position for work) na a""poorly executed parody"
"i problem dey say di word\likelihood"" don very speci c meaning for frequentist (one wey like frequency way) statistics, and e no dey quite di same as what dem means for bayesian (one kind of statistical method) statistics.","i problem na say di word\likelihood"" don very speci c meaning for frequentist (one wey like frequency way) statistics, and e no quite di same as what e mean for bayesian statistics."
"e need more time, but for me na one of those or maybe e fit be something we work together and feed each oda ideas, but no response.","e need more time, but for me dey one of those or maybe e go dey something we work together and feed each oda ideas, but for me dey one of those or maybe e go work together and feed each oda ideas, but no response."
"i interview dey transcribed, read repeatedly (every time / again and again) and analyze to understand di resources wey dem use support dia writing development.","i interview dey transcribed, read repeatedly and analyze to understand di resources di writers wey dey use to support dia writing development."
"i maximum (de highest level / e no fit pass dere) amount of glucose wey dey covered (something wey security or insurance don take care of) na about 375 mg min, whereas for females, na about 300 mg min, whereas for females, na about 300 mg min","i maximum (de smallest / e no fit go down pass dat level) amount of glucose wey dey recover (na obtain money, property, or relief from court judgment) dey about 375 mgmin."
ut canagarajah (2006b) use dis example to argue (to drag mata / try to prove point) for di need to recognize say multilingual students' native languages and cultures go dey dem take am as resources forstead of problems.,i example to argue (to drag mata / try to prove point) for di need to recognize say multilingual students' native languages and cultures go treat as resources forstead of as problems.
ow you take sabi?,ow do you know?
i prostate dey ormed of both muscular and glandular tin sues ( carry person go kote).,i prostate dey form of both muscular and glandular tissues.
dey teach (to show person de way / lecture) first year business students to summarize: abstract writing assignment,i first-year business students to summarize: abstract writing assignment.
irst amendment (wey go bring freedom to pipo) contains several important clauses (sections inside law or agreement) wey dey pertaining to speech and religion.,irst amendment (wey go bring freedom to pipo) contains several important clauses (sections inside law or agreement) pertaining to speech and religion.
"for example, even if we need sabi how to used urllib and beautifulsoup code, we no need sabi how d libraries dey work internally (di inside or from inside di inside).","for example, while we need know how to use di urllib and beautifulsoup code, we no need know how those libraries work internally (inside law / wetin law gree make person do)."
"i problem don dey tolerate ambiguity and complexity for presentation of statistical ideas, as long as dem dey assured say di assessment standards fit set for fashion (style of cloth wey de popular for one time) wey dey appropriate for dem.","i similarly (kpam-kpam / true-true / without doubt), dem no seem to get alot of problems tolerating ambiguity and complexity for presentation of statistical ideas, as long as dem dey assured say di assessment standards go beset for fashion (style of cloth wey de popular for one time) wey dey appropriate for dem."
"i menstrualabeginner's guide 57 blood don consider unclean, her illness go dey also caus social ostracization.","i menstrualabeginner's guide 57 blood dey consider unclean, her illness go dey cause social ostracization."
i case you go use di continue statement to skip to di next iteration (doing the same thing again and again) without finish di bodi of di loop fo r di current iteration.,i case you fit use di continue statement to skip to di next iteration (doing the same thing again and again) without finish di bodi of di loop fo r di current iteration (doing the same thing again and again).
"thers inside di republican party, however, bin be nervous about im nomination given im lack of judicial experience.","i republican party, however, dey nervous about her nomination (to choose leader / drop thumbprint) give her lack of judicial experience."
"i physical assault no be, by any stretch of di imagination, expressive (di expression wey dey characterized by expression) conduct protected by irst amendment (wey go bring freedom to pipo).","i physical assault no, by any stretch of di imagination, expressive (di expression wey dey characterized by expression) conduct protected by irst amendment (wey go bring freedom to pipo)."
i output dey detailed: grade test2 grade test1 numbers wey describe: grade test2 grade test1 difference mean 58. 385 56. 980 1. 405 std dev.,i output dey more detailed:-404- paired samples t-test variables: grade test1 difference mean 58. 385 std dev.
e no believe say when ongress write out special exception for diatrical production wey dey suppose protect only a narrow (small space / not wide) and limited category of professionally (di professional manner wey dey professional manner for professional manner) produce plays.,e no believe say when congress goote out special exception for theatrical productions wey dey intended (wetin person get for mind to do) to protect only narrow (small space / not wide) and limited category of professionally produce play.
"a one or more loops""inside"" of one loop.","i loops wey dey one or more loops""inside"" of one loop."
"f you dey work wit visible bodi piercing or tattoo, you go fire (di tin wey de show when somtin de burn).","f you use work wit visible bodi piercing or tattoo, you go fire (di tin wey de show when somtin de burn)."
i primary oocyt e no w secre thin (lean / something wey no thick) ac ellular membrane called di  ona pellucida wey fit l play critical role for fertilization.,i primary oocyt e no w secr etes thin ac ellular membrane call di z ona pellucida wey go play critical role for fertilization.
"dey talk about one group wey dey having\lower"" score dis time around, e dey more sensible to use di negative form of di t-statistic.","dey talk about one group having\lower"" score dis time around, e dey more sensible to use di negative form of di t-statistic."
"within di intestinal cells, dis triglycerides dey packaged along with dem cholesterol molecules (the smallest unit of a substance, wey get atoms joined together) wey dey inside phospholip vesicles wey dem dey call chylomicrons (figure 24.12).","i triglycerides ar e packaged along wit cholesterol molecules (the smallest unit of a substance, wey get atoms joined together) for phospholipid v esicles cal ledchylomicr ons(figure 24. 12)."
maybe someone go like write version wey dey to use di tidyverse,a someone go like to write aversion wey make use of di tidyverse (different-different kinds).
i acidosis and alk alosis dey caused (wetin make de tin happen) by metabolic or respiratory (di respiration wey dey pertaining to respiration) disorders (when everything don scatter and e no make sense again).,i acidosis and alk alosis dey caused (wetin make de tin happen) by either metabolic or r espir atory disorders (when everything don scatter and e no make sense again).
"start wit di amped"" distribution show for hintogram for figure 10. 8. 8. 8.","start wit di amped"" distribution show for di hintogram for figure 10. 8. 8. 8. 8. 8. 8. 8. 8."
i article fit set forth (to come out / move forward) anything di partners (people wey join body do business / paddy) wish to include about how di partnership (di members of business venture create by contract) go run,i articles (items / sections for law book) fit set forth anything di partners wish to include about how di partnership (di members of business venture create by contract) go run.
"i sodium dey freely (free-free / anyhow) filter through di glomerular capil laries of di kidneys, and although much of di fil trate and urine dey normally excreted.","i sodium dey freely filtered through di glomerular capil laries of di kidneys, and although much of di filter sodium dey r eabsorbed for di proximal convoluted tubule, some remains for di fil trate and urine, and dey normally excreted."
e go see for moment,s we see for moment).
"e go talk much about study of one or few examples for dis lectures, but dem no dey valuable tools","e no talk much about case studies for dis lectures, but dem no dey very valuable tools"
"i same token, any suggestion (di idea wey dey suggest for di idea wey dey suggest) say hess' speech amount to""fighting words"", chaplinsky v. new hampshire(1942), no fit get scrutiny (to check mata with searchlight / deep inspection).","i same token, any suggestion (di message wey dey describing how something dey done) say hess' speech amount to""fighting words,"" chaplinsky v. new hampshire(1942), no withstand scrutiny (to check mata with searchlight / deep inspection)."
em tok say we dey talk about iq scores,e dey talk about iq scores
"i test of main effect of sugar(di first test)completely ignore milk, whereas di test of main effect of milk(di second test)take sugar into account.","i test of di main eect of sugar(the rst test)completely ignores milk, whereas di test of di main eect of milk(the second test)does take sugar into account."
"i example, let ypdenote di grade of dip-th student for di class.","or di purpose of dis example, make ypdenote di grade of dip-th student for di class."
i plot dey informative(it display di entire group of related numbers or data wey belong together wit no loss of information for all!),i plot dey informative(it display di entire group of related numbers or data wey belong together wit no loss of information for all!
i parties go assent to agreement even if dem represent bad bargains (to price market / agreement price),"or oda words, parties go assent (to no gree / judge wey get different mind) to agreement even if those agreements represent bad bargains (area / website address)."
"i discussion make clear,  hope, na say when attempt to construct statistical hypothesis test di researcher actually get two quite distinct (different / clear) hypotheses (di proposal wey dey suppose explain certain facts or observations) to consider.","hope, na say when attempt to construct statistical hypothesis test di researcher actually get two quite distinct hypotheses (di proposal wey dey suppose explain certain facts or observations) to consider."
"hether or no a region fit be trademarked (a geographic indicator, or gi)na di subject of some controversy, especially with awa trading (business / exchange) partners (people wey join body do business / paddy).","i subject of some controversy, especially wit awa trading (business move / to follow person do trade) partners (people wey join body do business / paddy)."
discover say di actual margin of dat game na 33 points,discover say di actual margin of dat game dey 33 points
"f you pick 5 pipo for random and then nd di person wit di highest (de oga kpatakpata / top level) iq score, dem go get above average iq.","f you pick 5 pipo for random and then nd di person wit di highest iq score, dem go get above average iq."
no dey property of any government,i technical property sense e no dey di property of any government.
em dey rare (no dey plenti) explicit viewpoint (how person take see de mata / opinion) discrimination case.,i schacht v. united states na rare explicit (na wen persin voluntarily agree or give permission make something happen) viewpoint (how person take see de mata / opinion) discrimination case.
"i appellant challenge di constitutionality (if e follow de law of de land) of di criminal syndicalism statute under di first and fourteenth (number fourteen) amendments (adjustments to change law or agreement) to di united states constitution, but di intermediate appellate court of ohio affirm hin conviction wit opinion.","i appellant (na court wey dey review decision wey lower court make) challenge di constitutionality of di criminal syndicalism statute under di first and fourteenth (number fourteen) amendments to di united state constitution, but di intermediate (now-now / sharp-sharp) appellate court of ohio affirm hin conviction without opinion."
"i reading no require di goment to undertake di difficult task of proving (to show prove / confirm) wich, as between peaceful and nonpeaceful purposes (reasons why things dey happen), defendant specifically preferred (dem like more); knowledge dey enough.","i reading no require di goment to undertake di difficult task of proving which, as between peaceful and nonpeaceful purposes (reasons why things dey happen), defendant specifically preferred; knowledge dey enough."
"no be fully (well) one number wey describe, and no be fully inference (to guess from numbers).","no dey quite descriptive statistic, and no quite inference (to guess from numbers)."
"s dem try read di materials (tins wey dem use for teaching) multiple times, dem still felt uncertain about what di text dey discuss.","or sometimes, even after dem tried to read di material multiple times, dem still felt uncertain about what di text dey discuss."
"i class of di today variable dey""date""","i class of di today variable dey""date""."
"i move dey accept, and now we to start again","i move dey accept, and now we start again."
"dey okay, assuming (to tink say na so e be / suppose) you understand di dierent, you go wonder why dem dey right?","i dierent, you go wonder which of dem dey right?"
i truesampling distribution forxis no di same one wey di null idea predict: di most likely value for xis now 55 out of 100.,i truesampling distribution forxis no di same one say di null idea predict: di most likely value for xis now 55 out of 100
i lawsuit go also dey dismiss (to sack / throwey case / tell person make e go) since dem no dey moot,i lawsuit go also be dismiss (to sack / throwey case / tell person make e go) since e dey moot
i president fit control di judiciary by making (to dey build or produce something) careful (to look well / watch out) judicial selections (choosing / pick-pick).,i president go control di judiciary (di part of government wey de interpret and use law) by make careful judicial selections (choosing / pick-pick).
"i axis label don quite t anymore, but we create new one: di axis label don quite t anymore.",e dey create new one: di axis label no dey quite t anymore.
i sort()function provide dis capability (to get pawa to do somtin).,i sort()function provide dis capability (how numbers dey different).
"hen a lawyer recklessly accuses a judge of breaking di judicial code of conduct with no supporting evidence beyond im dissatisfaction with di judge's rulings (judgment from judge / final talk for case), wey lawyer abuses im privilege to practice law.","i lawyer recklessly accuse a judge of violating (to break law / go against rule) di judicial code of conduct wit no supporting evidence beyond her dissatisfaction wit di judge's rulings, say lawyer abuse her privilege to practice law."
"or ur ea, k+, ammonia(nh 3), creatinine, and some drugs wey dey secret for di fil trate as waste (to trowey something wey useful / dirt) products (all de things wey dem produce to sell).","i subs tanc e, such as ur ea, k+, ammonia(nh 3), creatinine, and some drugs ar e secr eted into di fil trate as waste products (all de things wey dem produce to sell)."
"a why anyone go actually wan study say i no know, but make we suppose e deeply care about dis.","i why anyone go wan to study say i no know, but let suppose i really, deeply care about dis."
or di very inception of di proceedings (all de things wey dey happen for kote or meeting) di judge tok say neither (no be one or di other) hin nor anyone else go restrict (to hold back / put boundary) prejudicial news account.,i judge announce say neither (no be one or di other) hin nor anyone else go restrict (to hold back / put boundary) prejudicial news accounts.
i le panel go use to do oda things too.,i le panel go use to do oda things too.
ll of dat dey just setting (where de mata happen / environment) di stage,i all of dat dey just setting (where de mata happen / environment) di stage.
"i standard tools wey dey use analyse (to look somtin wella to sabi am) experimental (for experiment wey dey relating to or based on experiment) data for many decades, and you go nd say you no read more than two or three-539- paper for psychology without running into anova for there somewhere (one place).","dey one of di standard tools wey dey use to analyse (to look somtin wella to sabi am) experimental (for experiment wey dey relating to or based on experiment) data for many decades, and you go nd say you no read more than two or three-539- paper for psychology without running into anova for there somewhere."
"call dem x1, x2, x3, x4andx5","call dem name:  call dem name:  call dem name:  call dem x1, x2, x3, x3, x3, x3, x3, x4andx5."
"emckee v. cosby, 586 u. s.","i mckee v. cosby, 586 u. s. (2019) (thomas, j, concurring for denial of certiorari)."
"i eighth amendment protections go extend (to make am long / increase de reach) to all pipo wey dey u. s. authorities, whether dem dey on u. soil or no.","i eighth amendment (wey go bring freedom to pipo) protections go extend (to make am long / increase de reach) to everyone hold byu. s. authorities, whether dem dey on u. s. soil or no."
i capil lary since bc op na greater ( big pass / more-more) than chp.,i net r eabsorption occur near di v enous end of di capil lary since bc op dey greater ( big pass / more-more) than chp.
i situation dey much simple,i situation dey much less simple.
"s a check on di majority go, plus on di power of larger (wey big pass) states, di senate na a smaller body with one hundred members(two from each state)plus with less frequent (many times / always) elections(every six years).","s check on di majority go, and on di power of larger (wey big pass) states, di senate dey smaller bodi wit one hundred members(two from each state)and wit less frequent (di quantity wey fit fulfill need or requirement but without being abundant) elections(every six years)."
i several types of co-ownership interests (all de tins wey person eyes dey look / benefits) dey recognise (to know) for law.,i several type of co-ownership interest dey recognize for law.
i stolen (wetin thief carry / things wey loss by force) valor act infringe upon speech protected by irst amendment (wey go bring freedom to pipo).,i stolen (wetin thief carry / things wey loss by force) valor act infringes upon speech protected by irst amendment (wey go bring freedom to pipo).
a some specific strategies wey go dey devised to ensure say bookkeepers or accountants (someone wey dey maintain and audit business account accounts) no skim money from di business?,i specific strategies wey go dey devised to ensure say bookkeeper or accountants (people wey get part for company business) no skim money from di business?
"a, suppose i only wan to round am to two decimal place: dat na, i wan to get 3. 14 as di output.","go round am to two decimal place: dat na, i wan to get 3. 14 as di output."
dey attitude thing,dey attitude thing
i case go dey try based on di civil i responsibility wey person get to provide enough evidence to prove their case preponderance of di evidence.,i case go dey based on di civil burden of proof preponderance of di evidence.
"i plot dey draw using di scatter3d() function for di carpackage, and e look like when you include two predictors (wetin fit predict).","i plot dey draw using di scatter3d() function for di carpackage, and e looked much nicer before e go get am into di book pdf)-463- 15. 3. 2 formula for di general case di equation wey i make above show you what multiple regression model look like when you include two predictors (wetin fit predict)."
"a one day dem give me""you do dis one""and i do for my home and then give am to him","ne day dem give me ""youyou do dis one""and i do for my home and then give am to him"
"i u. s. supreme court di supreme court dey discretionary, no mandatory.","i u. s. supreme court di supreme court's jurisdiction dey discretionary, no mandatory."
"i judge go likely find hin or her to be surprisingly human, honest (to de always talk true and to no do wayo), and above all, fair.","f you do don experience wit judge, you go likely find him or her to dey surprisingly human, honest, and above all, fair."
"ey peggy lindsey and deborah crusan show how assessment of student writing dey affect di knowledge wey faculty get about students nationality and language background, but say dis effect dey in part, on di method of assessment.","i peggy lindsey and deborah crusan (atd )show how assessments of student writing dey affected by knowledge say faculty get about students' nationality and language background, but say dis effect dey for either direction (which way e dey go), dependent, for part, on di method of assessment."
em win election (di process wey pipu de use take vote) as governor of new york.,"i while there, hin won election (di process wey pipu de use take vote) as governor of new york."
no important.,no important
"i ofcourse leave di simple negligence (na wen persin no dey give proper care, and dis cause harm) standard as option, w ith di jury free to impose (to force law or fine for person head) damages upon finding say di publisher fail to act as reasonable man","is ofcourse leave di simple negligence (na wen persin no dey give proper care, and dis cause harm) standard as option, w ith di jury free to impose (to force law or fine for person head) damages upon finding say di publisher fail to act as""a reasonable man"
"or validate such selectivity (where totally proscribable speech dey issue), e no be necessary to identify any particular""neutral (no-man's land / e no follow any side)"" basis, so long as di nature of di content discrimination dey afoot.",i nature of di content discrimination dey such say no realistic possibility robson irst amendment (wey go bring freedom to pipo) 82 say official suppression of ideas dey afoot.
i xplanation best describe wh y plasma proteins fit function as buffers?,. plasma proteins b. hemoglobin c. phosphate buffers d. bicarbonat e: carbonic acid buffers d. bicarbonat e: carbonic acid buffer 22. wey explanation best describe wh y plasma proteins fit function as buffers?
i statement like dis dey call compound statements because dem stretch across more than one line.,i statement like dis dey call compound statements because dem stretch across more than one line.
i rule wey go impose (to force law or fine for person head) strict (no-nonsense / follow de rule exactly) liability on a publisher for false factual assertions (to talk with full chest / claim) go get strict value for speech wey dey public figures wey dey don get constitutional value.,"i rule wey go impose (to force law or fine for person head) strict liability on publisher for false factual assertions go get undoubted ""chilling""effect on speech relating (dragging / to contest with oda people) to public figures wey dey constitutional value."
"e go examine di common methods of adr, including di benefit and drawbacks to each.","e go examine di common methods of adr, including di benefits (better-better tins wey person gain) and drawbacks to each."
dey common to seeexwritten as exp pxq.,"i power wey dey call di exponential ofx, and so e dey common to seeexwritten as exp pxq."
"i intuition (to understand wetin somtin mean when person neva think am) wey we all share turnout to be correct, and statisticians (pipo wey sabi statistics) to talk about am as di law of large numbers","i intuition wey we all share turnout to be correct, and statisticians (pipo wey sabi science) to talk about am as di law of large numbers."
"suppose get two variables xandy, wey dey var pxqand varpyqrespectively","i suppose i get two variables xandy, wey dey variances dey varpyqrespectively."
"i jury don find against respondent on di libel (na false written statement wey dey damage persin reputation) claim, specifically finding say di ad parody no dey understand as describing (di description wey dey give a description wey dey give) actual facts about[respondent] or actual events wey dey participated.",i jury don find say di ad parody no dey reasonably be understood (bin see am / dem don notice) as describing actual facts about[respondent] or actual events wey[he] participate
i participant's experience dey offer insights for wi faculty wey choose to assign (to give value) collaborative activities or use hen other experts in a field check and judge a research paper before it gets ( dey collect / e reach) published (na wen somtin dey make known or distribute through media).,"i participant dey pedagogically central (main side / middle / very important) to wi course, di participant's experiences (things person don see) offer insights for wi faculty wey choose to assign collaborative activities or use peer review."
"i conventions dey advisable to follow these conventions, and there dey many situations (kinds of mata wey fit happen for one place or time) wey dey advisable to follow dem, but e dey generally good idea to follow dem when you fit follow dem, but e dey generally good idea to follow dem when you fit follow dem.","no dey oblige to follow dis conventions, and na many situations (kinds of mata wey fit happen for one place or time) wey dey advisable to ignore dem, but e dey generally good idea to follow dem wen you fit: use informative variable name."
go jump straight to show you how t-tests dey done for practice.,go jump straight to show you how t-tests dey done for practice.
e call di original class di parent (papa or mama) class and di new class di child (pikin / smallie) class.,e call di original class di parent class di child (pikin / smallie) class di child (pikin / smallie) class di child (pikin / smallie) class di child (pikin / smallie) class di child class.
i index an integer value wey dey indicate an element for list.,i index an integer value wey dey indicate element for list.
"em no end di inquiry (ask-ask / find-out), however.","i no end di inquiry, however."
"ecause of dis mathematical law, di bell way dey to show many times for real data.",i normal distribution pops up over and over again for real data.
"e hope say di framework of adaptive transfer go help achieve (to make am / reach target / blow) such ends (where e finish / targets), so say wac researchers and faculty across di disciplines fit ethically and effectively (sharp sharp) help students learn to write and value students' multilingual, idiosyncratic way of write and know as part of dat enterprise.","e hope say di framework of adaptive transfer go help achieve such ends, so say wac researchers and faculty across di disciplines (areas of study or field of knowledge) fit ethically and effectively help students learn to write and value students' multilingual, idiosyncratic way of writing and know as part of dat enterprise."
"i advent of di internet and di decline of print and tori wey dey komot for tv, radio, or oda machine wey plenti pipo dey hear, di line between di media and oda speakers (talkers / sound boxes) wey wish to comment (remark / talk) on political and social issues become more blurred","i supreme court don accurately warned (bin drag mata / try to prove point), irst amendment (wey go bring freedom to pipo) distinction (di difference) between di institutional press and oda speakers dey unworkable: ""with di advent of di internet and di decline of print and broadcast media."
i respondent dey indicted under di stolen (wetin thief carry / things wey loss by force) valor act for lying about di congressional (concern de law-makers / ational ssembly mata) medal of honor for di meeting (gathering / discussion group).,i respondent dey indicted under di stolen (wetin follow de action / outcome of wahala) valor act for lying about di congressional medal of honor for di meeting (gathering / discussion group).
"i papers wey dey help, you go notice say staplewex as argument, but no mention (to talk about am small) of whisklty.","go notice say e does mention (to talk about am small) staplewex as argument, but nano mention (to talk about am small) of whisklty."
i iconoclasts fear say christians pray before icons dey worshipping inanimate objects (things / items),i iconoclasts fear say christians praying before icons dey worshipping inanimate objects (things / items).
i body dey function of chemical buffers and ph di acidbase homeos tasis of di body dey function of chemical buffers and ph di acidbase homeos tasis of di body dey function of chemical buffers and ph di acidbase homeos tasis of di body dey function of chemical buffers and ph ysiologic buff ering provided (as far as / if to say / supply) by di lungs and kidneys.,"i regulation of h+, bicarbonat e, and ph di acidbase homeos tasis of di bodi dey function of chemical buffers and ph ysiologic buffers and ph ysiologic buffers and ph ysiologic buff ering provided (as far as / if to say / supply) by di lungs and kidneys."
e need to remember na say ris no for all tolerant wey dey kom to grammar (di rules for language) and spacing.,"i however, what you need keep for mind na say ris no for all tolerant wen dem kom to grammar and spacing."
i last line dey prompt wey indicate say di interpreter dey ready for you enter code,i last line dey prompt say di interpreter dey ready for you to enter code
no need use am,"i better yet, you no need use am"
e no get any problem as for anomalous data dey concerned (to dey worried).,e no get any problem as far as anomalous data dey concerned (to dey worried).
i sentence (prison time / group of words) go dey meaningless (na no meaning or direction or purpose or purpose or purpose).,i sentence (prison time / group of words) go meaningless (di usually follow by `of').
i pth dey release and more ca++remain for di forming urine to be lost (something wey miss / person wey no find im way).,"i levels wey dey adequate or high, les s pth dey release and more ca++remains for di forming urine to be lost (something wey miss / person wey no find im way). phosphate levels move for di opposite direction (which way e dey go)."
"i intimidating message dey di only message wey dey convey (to pass message / move something from  to ), for oda times di intimidating message na di only message wey dey convey.","i intimidating message dey di only message, for oda times di intimidating message dey di only message wey dey convey (to pass message / move something from  to )."
i united states district court tok say dem no afford fair trial,i united states district court tok say hin no afford fair trial** * di court of appeal for di sixth (number four) circuit reversed (to change de judgment / turn am back) by divide vote (to choose leader / drop thumbprint).
to bring data from nightgarden.,"i r"")loading data from nightgarden"
"i early cartoon wey george washington as ass down to di present day, graphic depictions and satirical cartoons don play prominent (well-known or important) role for public and political debate (fomal talk where two pipu dey talk against each oda).","i early cartoon portray george washington as as down to di present day, graphic depictions and satirical cartoons don play prominent role for public and political debate (fomal talk where two pipu dey talk against each oda)."
"for true, e very e easy to talk wetin  dey do here, but small trickier to explain why  dey do am.","dey simple to explain what ris do here, but slightly trickier to explain whyris do am"
"i mtdna of all of di oda homo sapiens females wey were living 200, 000 years ago?","i mtdna of all of di oda homo sapiens females wey dey living 200, 000 years ago?"
"for example, though hospitals dey inform (to tell / give info) clients (customers / people wey hire expert) of their right to receive language services, many dey do so only for nglish.","i hospitals inform clients (customer / person wey hire expert for work) of dia right to receive language services, many doso only inenglish (diamond, wilson-stronks, &jacobs,2010)."
"or general rdo pretty good job of selecting di breaks on its own, since e make use some quite clever tricks wey statisticians (pipo wey sabi statistics) don devis for automatically select di right bin for hintogram, but nevertheless (but still) e dey usually good idea to play around wit di breaks a bit to see what happen.","i breaks on im own, since e make use of some quite clever tricks wey statisticians (pipo wey sabi science) don devised for automatically selecting di right bins for hintogram, but nevertheless (even as e be so / still yet) e dey good idea to play around wit di breaks a bit to see what dey happen."
"dey fairly elegant mathematically (we dey respect to mathematics wit respect to mathematics), and e dey express in di same unit (one single piece / section) as di data so e fit interpret pretty well.","dey fairly elegant mathematically (for bottom or by one's (or its) very nature), and e dey express for di same unit as di data so e fit interpret pretty well."
"i gnrh activates di anterior pituitar y to produce lh and fsh, wey s timulat e di production of estrogen and progesterone by di ovaries.","i gnrh activate di anterior pituitar y to produce lh and fsh, wey s timulat e di production of estrogen and progesterone by di o varies."
"i state' broader (more wide / general pass) power to prohibit obscene expression, such expression must be, for some significant way, erotic (somtin wey de related to konji).","i states' broader power to prohibit obscene expression, such expression must be, for some significant way, erotic."
em go take 3:12: 30:8 seconds longer than alan go.,em take 3:12: 30:8 seconds longer than alan do.
"i same time wey water dey freely (free-free / anyhow) diffuse out of di descending loop as dem dec end deeper into di medul la, urea freely diffuse into di lumen of di descending loop as dem dec end deeper into di medul la, urea freely diffuse into di lumen of di descending loop as dem dec end deeper into di medul la, urea","i same time say water dey freely diffusing out of di descending loop through aquaporin channels (where e finish / targets) into di int erstitial spaces of di medul la, much of am to be r eabsorbed from di forming urine wen dem reach di collecting duct."
nderstand di how two things dey related state plus federal systems of government.,i relationship wey dey between state and federal systems of government.
i national public radio story for one physician (doctor) account of how di death wit dignity act don affect hin practice.,i national public radio story for one physician's account of how di death wit dignity act don affect hin practice.
"i pc o2 go normal for first, but if compensation don decrease (make somtin de turn to small) as di bodi r eestablish di proper ratio (wey get true zero) of bicarbonat e and carbonic acid c o2 go decrease as di bodi r eestablish di proper ratio of bicarbonat e and carbonic acid c o2","f compensation don oc curr ed, e go decrease (make somtin de turn to small) as di bodi r eestablishes di proper ratio (wey get true zero) of bicarbonat e and carbonic acidco2."
"i mitochondria will power di flag ellum, wey extend (to make am long / increase de reach) from di neck and di mid-piece through di tail of di sperm, enabling am to move di entire sperm cell.","i mitochondria go power di flag ellum, wey extend (to make am long / increase de reach) from di neck and di mid-piece through di tail of di sperm, enabling am to move di entire sperm cell."
"s you download and install r, you go get all di basic\packages"", and dem dey powerful on dia own","i basic\packages"", and those dey powerful on dia own."
ubjecting refugees to detention dey induce unnecessary (we no need necessary) psychological fear and harm.,i subjecting refugees to detention forduces unnecessary (we no dey known or well known or well known) psychological fear and harm.
"i defendant believe di complaint dey devoid of any merit, na fatal error.","i defendant believe di complaint dey devoid of any merit, na fatal error."
i matter does dat matter?,i matter?
i interpretation of 2is equally (same-same / level ground) straightforward (di ambiguity dey free from ambiguity): e to talk about di proportion of di variability (how numbers dey different) for outcome variable( mood. gain) wey dey explain for terms of di predictor( drug).,e get 2value of 23:45 4: 840: 71 di interpretation of 2is equally (same-same / level ground) straightforward (di ambiguity dey free from ambiguity): e to talk about di proportion of di variability for di outcome variable( mood. gain) wey dey explain for terms of di predictor(drug).
i statisticians (pipo wey sabi statistics) dey like to write dis slightly dierently.,"owever, statisticians (pipo wey sabi science) often like to write dis slightly dierently (di appearance wey dey alone from appearances alone)."
"e don assume say dis residuals dey normally distributed (how dem put themselves), wit mean 0","e don assume say dis residuals dey normally distributed (how dem put themselves), wit mean 0."
i roe hold say woman get right to privacy and say her right to privacy must balance against di goment interest for preserving (di cause to remain or last) human life,i roe tok say woman don get right to privacy and say her right to privacy must dey balanced against di government interest for preserving human life.
or 180 days of di alleged (wetin dem talk say happen but never get proof) discriminatory (to partial / treat person bad because of who dem be) act taking (to carry / to collect) place.,i eeoc complaint must be filed within 180 days of di alleged (wetin dem talk say happen but never get proof) discriminatory act taking place.
"i uncle, however, dey worried about maintain limited liability","i uncle, however, dey worried about maintaining limited liability."
or di class of variable wey you dey use?,f e no dey speci c method de ned for di class of variable wey you dey use?
i measure wey dey based on di mean don occasionally show up for psychology though.,i measure wey dey based on di mean does occasionally show up for psychology though.
i cross burnings wey dey embodi threat to pipo wey di klan dey antithetical to dia goal.,hese cross burnings embodied threats to pipo weym di klan deemed antithetical to its goals (targets / wetin person want reach).
don done bad job.,"f dem dey very dierent, then e don done bad job."
expand border enforcement (di act of enforcing).,"expand border enforcement (di act of enforcing)(peterson institute for international economics,2005; fix& passel, 1994)."
"as result awa x2test statistic na dierent, and awa p-value na dierent too.","i p-value dey dierent, and awap-value dey dierent too."
"i university don coordinating tsunami relief (better feeling / wetin person get from kote) work near aceh, indonesia, and don contact (to touch / reach out to person / connection) me via email (electronic message wey person de send or collect on top internet) afta learning about my study during international student orientation and from di international student association.","don arrive for our university from coordinating tsunami relief (to keep for hand / possession of property) work near aceh, indonesia, and don contact me via email (electronic message wey person de send or collect on top internet) after learning about my study during international student orientation and from di international student association."
"i t-test relies ( lean on / trust) on assumption say di observations dey sample for random from an in nitely large population; and to di extent (how far de tin reach / level) say for real life no dey like dat, then dit-test go wrong.","i t-test relies ( lean on / trust) on assumption say di observations dey sample for random from an for nitely large population; and to di extent (how far de tin reach / level) say real life no like dat, then dit-test go wrong."
"i frontpage interview entitled (to get right to something / e gats reach your hand):""dr.","i period dey frontpage interview entitled (to get right to something / e gats reach your hand):""dr."
e also use di contract form of di ifstatement wey we put di continue on di same line as di if.,e also use di contract form of di ifstatement wey we put di continue on di same line as di ifstatement wey we put di continue on di same line as di if.
i vector wey dey indicating (di signal wey be signal for or symptom of symptom of) wich coecients we go calculate intervals for.,i vector indicating (di signal wey be signal for or symptom of symptom of) wey coecients we go calculate intervals for.
i statutes (laws wey dem write put for book) set forth (to come out / move forward) di procedure wey out-of-state defendants (people wey dem carry go court to answer mata) go need to appear before local court.,i statutes set forth di procedure wey out-of-state defendants (people wey join body do business / paddy) go required to appear before local court.
we go see say we don get two forloops,i dictionaries and files (folders / official papers / computer data) 113 you go see say we get two forloops.
em see snyder v. phelps(2011) (hateful protests wey dey direct for di funeral of serviceman wey die for iraq).,i snyder v. phelps(2011) (hateful protests direct for di funeral of serviceman wey die for iraq).
nderstand di meaning of jurisprudence (way to reason law) plus how its study fit lead to greater ( big pass / more-more) understanding of awa laws plus legal system.,i meaning of jurisprudence (way to settle de damage / solution) and how im study fit lead to greater understanding of awa laws and legal system.
"e hold say, so long as dem no impose (to force law or fine for person head) liability without fault, di state go define for themselves di standard of liability for publisher or broadcaster of defamatory falsehood injurious to a private individual.","e hold say, so long as dem no impose (to force law or fine for person head) liability without fault, di states go define for themselves di appropriate standard of liability for publisher or broadcaster of defamatory falsehood injurious to private individual."
"as long as congress dey make reasonable findings wey a certain activity don get some sort of effect on interstate (between two or more states / travels) commerce (big-time buying and selling), congress fit regulate wey activity.","s long as congress make reasonable findings say a certain activity don get some sort of effect on interstate commerce (big-time buying and selling), congress fit regulate say activity."
"is dey time consuming and annoying (e dey vex), but e don dey use(e. g, if di person dey dead)","i time consuming and annoying, but e don use(e. g, if di person dey dead)."
dey curious (make person wan know somtin wey e no sabi before) to know which group dey more awesome,dey curious to know which group dey more awesome
"or proactive policies wey dey encourage (to ginger / support) ethical behavior, encourage whistleblowing, and create disintive wey dey violate (to break law / go against rule) di law for di form of company policy, training (to learn work / practice to sabi something well) programs, and kod of etik wey be guide for how pesin or oganization suppose behave for one particula field or wok.","is fit best be accomplished through proactive (person or tin wey dey move / e dey function) policies wey encourage (to ginger / support) ethical behavior, encourage (to ginger / support) whistleblowing, and create disincentives for violating (to break law / go against rule) di law for di form of company policies, training programs, and codes of ethics."
i basic idea dey good one: you go wan your script to explain amself,i basic idea dey good one: you really do wan your script to explain amself.
"i merchants (many big traders / market people) typically place purchase (to buy market / transaction) order wen dem wish to purchase materials (tins wey dem use for teaching), and di seller often send invoice wit di order wen dem ship.","i merchants typically place a purchase (to buy market / transaction) materials (tins wey dem use for teaching), and di seller often send invoice wit di order wen dem ship."
"use try and except na dipythonic way to recover (na obtain money, property, or relief from court judgment) from missing files (folders / official papers / computer data)","using try and except na dipythonic way to recover (na obtain money, property, or relief from court judgment) from missing files (folders / official papers / computer data)"
"or default, di levenetest() function actually does di brown-forsythe test.",i levenetest() function actually do di brown-forsythe test.
a something very similar to dis happen to bill waters,i something wey dey similar to dis happen to bill waters.
"f you owned (wetin person get for hand / property) a trade secret, what methods go you employ to protect am?","f you owned (wetin person get for hand / property) trade secret, what methods go employ to protect am?"
i first and fourteenthamendments dey inconsistent ( dey show lack of consistency) wit di first and fourteenthamendments,dey inconsistent wit di first and fourteenth (number fourteen) amendments (adjustments to change law or agreement).
"f you dey do di tasks for money, you go also wan to keep track of how much pay you go get for each job.","f you dey do di tasks for money, you go also wan to keep track of how much payyou got for each job."
"ocial support: omething wey reduce the risk of bad things happening— it protect person from harm— there dey many other protective factors wey dey reduce risk of  for many populations including education, parental monitoring (di act of observing something (and sometimes keeping record of am)) for adolescent relationships and couple (two / husband and wife) conflict resolution strategies and satisfaction for adult (big person / person wey don pass 18) couples.","i protective factor dey many oda protective factors wey dey reduce risk of healthcare populations including education, parental monitoring for adolescent relationships (how people follow deirselves / connections), and couple (two / husband and wife) conflict resolution strategies andsatisfaction inadult couples (canaldi, knoble, shortt, &kim,2012)."
"e see, you fit do quite alot of calculation just by using dis operator.","s we see, you fit do quite alot of calculations just by using dis operators."
"go talk about dis again later, but e dey such common mistake (error / skip / something wey person no do well) wey i go mention (to talk about am small) am here.","go talk about dis again later, but e dey such common mistake (error / skip / something wey person no do well) wey i go mention am here"
"i mediation (follow-dem-talk-make-dem-settle) dey use for disputes between business, such as for contract disputes.","i mediation (follow-dem-talk-make-dem-settle) dey use for disputes between businesses, such as for contract disputes."
"i only""conduct"" wey di state sought (bin find / bin look for) to punish (to discipline / give wahala) na di fact of communication (di activity of communicating).","i only""conduct"" wey di state sought (bin find / bin look for) to punish (to discipline / give wahala) na di fact of communication (di activity of communicating)."
i cancer-causing variants hpv 16 or hpv 18 don link to more than 70 percent of all cervical cancer diagnoses.,i infection wit either of di cancer-causing variants hpv 17 or hpv 18 don link to more than 70 percent of all cervical cancer diagnoses.
e consider di scope of rights.,i type of legal question go address when we consider di scope of rights.
i example of corporation wey dey convicted (na wen court or jury find persin guilty of criminal charge) of crime,i example of corporation wey dey convicted (na wen court or jury find persin guilty of criminal charge) of crime
"go say my research goal dey to determine whether or no clairvoyance exist, so i go say my research goal dey to determine whether or no clarvoyance exist.",go say my research goal dey determine whether or no clairvoyance exist.
i process of work through di new or unfamiliar (we no dey known or well known or well known) writing tasks.,i process of working (business move / to follow person do trade) through new or unfamiliar (we no dey known or well known or well known) writing tasks.
"i purpose and organization of di book asawhole, dibook offers important overview oftransitions, challenges (di demanding or stimulating situation a demanding or stimulating situation), andstrengths ofimmigrant and refugee families as dem adjust tonew kontri andculture.","i purpose and organization of di book awhole, di book offersan important overview of transitions, challenges (di demanding or stimulating situation a demanding or stimulating situation) and strengths of immigrant and refugee families asthey adjust to new kontri andculture."
mmigrant homeownership dey increase and overcrowding dey decrease (make somtin de turn to small) di longer di immigrant dey live for . .,mmigrant homeownership increase and overcrowding decrease (make somtin de turn to small) di immigrant lives (di place wey you dey work for ) for . .
"or 6 4.2. 5 download new packages one of di main selling (to trade market / business) points for ris say thousands of packages wey dey written for am, and dem dey all available online.","dey hidden(or \masked"")from you by di one for di psych package.6 4.2. 5 download new package one of di main selling points for ris say na thousands of package wey dey write for am, and dis dey all available online."
"i prohibition wey dey against insider trading(using nonpublic information to buy or sell stock to make money)suppose tok to encompass di idea of fairness (equal treatment / no wayo), wey dey moral consideration.","i prohibition against insider trading(using nonpublic information to buy or sell stock to make money)might be tok say encompass di idea of fairness (equal treatment / no wayo), wey dey moral consideration."
"a let's-175- get make we look how dem work, again using di afl. margin data as awa example.","i let's-175- don make we look how dem work, again using di afl. margin data as awa example."
"i goment dey correct wen dem state military medals""serve di important public function of recognizing and expressing (di expression wey dey give expression to give expression) gratitude for acts of heroism and sacrifice (give up beta tin for anoda) for military service,""and also"" 'foste[r] morale, mission accomplishment (di action of accomplishing something) and esprit decorps' among service members","i goment dey correct wen e state military (soja mata / army) medals""serve di important public function of recognizing and expressing gratitude for acts of heroism and sacrifice for military (soja mata / army) service,""and also"" 'foste[r] morale, mission accomplishment and esprit de corps' among service members."
"e open di file mbox. txt, we go store for di same folder (di place wey you keep work) wey you dey start python.","e open di file mbox. txt, wey go store for di same folder (many different-different types) wey you dey for when you start python."
"e fit build on those strengths and honor their root (di main place wey everything start) culture values from their root cultures as we dey create culturally-appropriate education and intervention (di act of intervening (as to mediate dispute, etc.)) programs.","e dey try onthose strengths and honor dia root (di main place wey everything start) cultures value from dia root (di main place wey everything start) cultures aswe create culturally-appropriate education and intervention (di act of intervening (as to mediate dispute, etc.)) programs."
"is recognition (to sabi person / award) dey motivate older (senior / old pass), less acculturated individuals to use credit cards.","i recognition motivates older (mistakes / faults), less acculturated individuals to use credit cards (solheim &yang, 2010)."
i same value wey dey get di same value.,i same value wey dey having di same value.
di null idea: di average be zero.,i null idea value of x=0=?
"i election (di process wey pipu de use take vote) dey bitter, partisan, and divisive","i election (di process wey pipu de use take vote) dey bitter, partisan, and divisive."
"i dates really don get numeric character to dem, and e go nice to do basic addition and subtraction (minus) to dem.","i dates wey dey really do get numeric character to dem, and e go nice to be able to do basic addition and subtraction to dem."
em deliver (to carry something reach owner hand) di opinion of di court.,i chief justice roberts deliver (to carry something reach owner hand) di opinion of di court.
i kind of customisation wey we dey interest for?,i kind of customisations wey we dey interest for?
"hile di body of knowledge about individuals dey vast (very big / plenty), family interventions (di act of intervening (as to mediate dispute, etc.)) remain understudied.","i bodi of knowledge about individuals deyvast, family interventions (di act of intervening (as to mediate dispute, etc.)) remain understudied."
"he get no option but to use smugglers for much of di journey. he don have to leave so abruptly and get so few resources say she leave her three-year-old son behind wither grandmother. randmother dey send nna pictures of her small boy regularly (steady / every time) via text message, but nna dey devastated everytime she think of him.",he warno option (ways wey you fit do) but to stop three-year oldson behind wit hergrandmother. grandmother sends anna pictures of her grandmother. grandmother sends anna pictures of her grandmother. grandmother sends anna pictures of her grandmother. grandmother sends anna pictures of her grandmother sends ofhim.
nly 10%of di immigrant workforce dey represented by unions (join-body groups / workers association) for contrast to 14%of di native-born workforce.,"i immigrant workforce dey represented by unions (join-body / workers' group) for contrast to 14 percent di native-born workforce (batalova, 2011)."
"for average, di sample means turnout to be 100, no matter how many pipo (di first part).","i sample means turnout to be 100, regardless (di usually follow by `of') without due thought or consideration or consideration) of sample size(panel a)."
"heun mills (factories / places where dem dey grind things) dey travel home for public bus for jacksonville beach (di place wey get sand or small small stone beside oshimiri), florida.","or february 4, 2010, shaun mills dey travel home on public bus for jacksonville, florida."
"i jury instruction dey di model jury instruction, and because di supreme court of virginia don get di opportunity to expressly (direct / dem talk am clear-clear) disavow di jury instruction, di jury instruction construction (di act of construct something) of di prima facie provision ""is ruling on a question of state law wey dey binding on us as though di precise (correct / exact) words dey written into""di statute.","i jury instruction (di message wey dey describing how something dey done) dey di model jury instruction (di message wey dey describing how something dey done), and because di supreme court of virginia don di opportunity (chance / open door) to expressly disavow di jury instruction (di message wey dey describing how something dey done), di jury instruction (di message wey dey describing how something dey done), di jury instruction's construction of di prima facie provision ""na ruling on question of state law wey dey as though di precise words don write into""the statute."
i bodi dey rid amself of excess (extra / surplus) h+and raises (to carry go up / add money) blood ph.,i bodi rid amself of excess (extra / surplus) h+and raises blood ph.
i united nations (obodo / different-different countries) go advocate before di united nations.,em go advocate before di united nations (obodo / different-different countries).
i treatments f or bph for tempt to relieve di pressure on di ur ethr a so say urine fit flow (to move steady / water waka) more normally.,i treatments f or bph for tempt to relieve di pressure on di ur ethr a so say urine fit flow (to move steady / water waka) more normally.
i original hypothesis test dey two-sided(we no get any theory about whether psych students go better or worse for statistics than oda students)so awa hypothesis test dey two-sided(or two-tailed)also.,i original hypothesis dey two-sided(we no get any theory about whether psych students go better or worse for statistics than oda students)so awa hypothesis test dey two-sided(or two-tailed)also.
e go copy (photocopy / duplicate) all of di variables for your one kind of table into dis new environment.,i variables for your one kind of table into dis new environment.
i jurisdiction dey area wey power dey exercise,i jurisdiction dey area wey power go exercise
"describe how learner start out wit prior beliefs (wetin you believe) about di plausibility of dierent hypotheses (di proposal wey dey suppose explain certain facts or observations), and tell you how those beliefs go revised (dem check am again / change small) for di face of data.","describe how a learner start out wit prior beliefs (wetin you believe) about di plausibility of dierent hypotheses (di proposal wey dey suppose explain certain facts or observations), and tell you how those beliefs (wetin you believe) go revised for di face of data."
"f compensation don ecurr ed, di y go increase for tempt to reestablish di proper ratio (wey get true zero) of bicarbonat e and carbonic acid co2.","f compensation don normal for first, but if compensation don oc curr ed, di y go increase for tempt to reestablish di proper ratio (wey get true zero) of bicarbonat e and carbonic acidco2."
e go just type dis new number into rand out go kom di answer.,e go just type dis new number into rand out go kom di answer.
"oundation for computer for statistics, ienna, ustria.","i r foundation for statistical computing ( dey processing a photosensitive material for order make image visible), irst amendment (wey go bring freedom to pipo) for . ."
"nternational igration eview,40(1), 27-63.","i international migration review, 40(1), 27-63."
i impact of unauthorized (without go-ahead / illegal move) immigrants onthebudget ofstate and local goment.,i impact of unauthorized immigrants on thebudgets (all de tins wey person eyes dey look / benefits) ofstate and local governments.
i common example for psychology dey study wey dey rely on undergraduate psychology students.,i common example for psychology dey studies wey dey rely on undergraduate psychology students.
i statistic dey 2distributed (how dem put themselves),i statistic dey 2 distributed (how dem put themselves).
"is behavior wit di common understanding say some false statements dey inevitable (di unavoidable event don dey unavoidable event) if e dey open and vigorous expression of views (how people take see de mata) for public and private conversation, expression irst amendment (wey go bring freedom to pipo) seeks (person wey dey find / look for) to guarantee.","i comport wit di common understanding wey some false statements dey inevitable if there dey open and vigorous expression of views (how people take see de mata) for public and private conversation, expression irst amendment (wey go bring freedom to pipo) seeks (person wey dey find / look for) to guarantee."
"i ordinance (local government law / official order) reach conduct wey dey unprotected, e also make criminal expressive (di expression wey dey characterized by expression) conduct wey dey unprotected, e also make criminal expressive conduct wey dey cause only hurt feelings, offense, or resentment, and dey protected by th e firstamendment.","i ordinance (local government law / official order) reach conduct wey dey unprotected, e also make criminal expressive (di expression wey dey characterized by expression) conduct wey dey unprotected, e also make criminal expressive conduct wey dey cause only hurt feelings, offense, or resentment, and dey protected by th e irst amendment (wey go bring freedom to pipo)."
"i lifetime of experience of teaching undergraduates and of do to study numbers on daily (make somtin de sup every day) basis suggest say most actual humans (pipo) thing say hin probability say di hypothesis dey true""no only meaningful (di meaning or purpose dey having a meaning or purpose), na di thing wey we care most about.","i lifetime of experience of teaching undergraduates and of doing data analysis on daily basis suggest tome say most actual humans (pipo) thing wey hin probability say di hypothesis no dey meaningful (di meaning or purpose dey having a meaning or purpose), na di thing we care most about."
i search warrant (official paper to arrest person or search house) dey issue only on probable (likely / fit happen) cause,i search warrant (official paper to arrest person or search house) dey issue only on probable cause
ne very common built-in function dey di lenfunction wey tell us how many items (different things / materials) dey for its argument.,i very common built-in function dey di lenfunction wey tell us how many items (different things / materials) dey for its argument.
"hird, you fit solve dis much better than through one way wey dey hard but e go work.","i thirdly, you fit solve dis much more eciently than through brute force simulation."
"enials (to say ""o"" / rejection / say you no sabi) dey require written rebuttal ( strong argument wey person give to fight against an accusation), di processing (di prescribed procedure dey preparing or putting through a prescribed procedure) of which fit take many months.","i process wey dey require a written rebuttal, di processing of wey fit take many months."
"i eect of make di data look more noisy than dem really dey, and di eect of therapy wey dey correctly found to be signi cant for comparison (di act of examining resemblances wey dey examinin resemblances) test with two main factors now become non-signi cant.","i eect of make di data look more noisy than dem really dey, and di eect of therapy wey dey correctly found to be signi cant for di two-way anova now become non-signi cant."
i crowd (many pipu wey stay for on place) began (bin start / how e take take off) attack o'brien and hin companions.,"i burning, members of di crowd began (bin start / how e take take off) attack o'brien and hin companions."
i number of elements wey dey list,i number of elements for di list.
amilies dey separated from extended support.,"i families dey separated from extended (dem don give am de work / hand over task) support (betancourt et al,"
"i file communicate (di transmit information wey dem transmit information) wit your system wey dey control wetin computer fit do, e dey manage hardware and software, make am possible for apps and services to dey run, e be like brain wey dey direct computer, wey know where di data for each file dey store","i file communicate (di transmit information wey dem transmit information) wit your operating system, wey know where di data for each file dey store."
i means say you dey test to see if di true mean dey larger (wey big pass) than mu,"mean say you test one. sided=""greater"", e mean say you test to see if di true mean dey larger (wey big pass) than mu."
"i complexities (di quality of being intricate and compounded) of to drag matter for kot require a cool plus detached mind to thread a route to success (victory / when plan work well), plus if you be representing (standing for person) yourself am is all too easy to allow passion to cloud your judgment.","i complexities (organizations / separate things or bodies) of litigation require cool and detached mind to thread route to success (victory / when plan work well), and if you dey represent yourself e dey all too easy to allow passion to cloud your judgment."
i quotesingle. ts1print quotesingle. ts1,em mean: quotesingle. ts1print quotesingle. ts1?
"gain, we fit draw dis plot using. igure 15.13: lot of fitted values against residuals for regression, with line wey show di how two things dey related di two.",e go draw dis plot using low-484- 50 60 60 60 60 60 60 60 60 60 60 60 60 60 60 60 805 10 fitted values against di residuals for regression.
"r, to use di correct term, you wan coerce (to change by force) di variable from one class to another.","i correct term, you wan to use di correct term, you wan to use di correct term, you wan to use di correct term, you wan to coerce di variable from one class into one."
i oxaloac etat e dey combine wit dine xt ac etyl coa to start di k rebs cycle again (check di picture 24. 7 ).,i oxaloac etat e dey ready to combine wit di next ac etyl coa to start di krebs cycle again (check di picture 24. 7 ).
"for example, critique (analysis of somtin wey dey detailed) communicative (dem dey relating to communication of or relating to communication) competence pedagogies for seeking to assimilate students to di norms for particular arenas(such as academic writing)without giving dem di means to query di norms, and for limiting (to hold back / put boundary) students to narrow arenas of writing without giving dem di means to write for oda arenas(such as civic writing).","or example, critiqued communicative competence pedagogies for seeking (to look for / desire) to assimilate students to di norms for particular arenas(such as academic writing)without giving dem di means to query those norms, and for limiting students to narrow (small space / not wide) deynas of writing without giving dem di means to write for oda deynas(such as civic writing)."
i llc go choose how im wish to tax,i llc fit choose how dem wish to be taxed.
"i idea dey call one way to see if test fit catch difference, and if e dey feasible (somtin wey de possible) to do am, then e go tell you something about whether you go get enough time or money to run di experiment successfully (for successful manner).","i idea dey call power analysis, and if e dey feasible to do am, then e dey helpful, since e fit tell you something about whether you go get enough time or money to run di experiment successfully (for no time intervening, without delay or hesitation)."
i reader dey write as reflective action,i reader.
is go only exa cerbate di harm wey di stolen (wetin thief carry / things wey loss by force) valor act dey meant (bin get de sense say / intention) to prevent.,i only exa cerbate di harm say di stolen (wetin thief carry / things wey loss by force) valor act dey meant (bin get de sense say / intention) to prevent.
"hereas some r esear chers wey dey believe say certain aspects (different sides of de mata) of andr opause ar e difficult to tease apart from aging for general, testosterone r eplac ement dey sometimes prescribed to alleviate some s ymp toms.","i r esear chers believe say certain aspect of andr opause ar e difficult to tease apart from aging for general, testosterone r eplac ement dey sometimes prescribed to alleviate some s ymp toms."
"(and, one might argue, chozin's professors)find di feedback wey chozin dey provided (as far as / if to say / supply) by chozin editor-friends to dey lacking, chozin dey proactively seeking (to look for / desire) writing support.","(and, one might argue, chozin's professors)found di feedback wey dey provided (as far as / if to say / supply) by chozin's editor-friends to be lacking, chozin dey proactively seeking (to look for / desire) writing support."
"i shareholders don elect (to vote person / pick) anyone wey dey want to board of directors, up to di number of authorized (person or tin wey get go-ahead / dem don give license) board members asset (property / wetin person get) forth for di corporate documents.","i shareholders (people wey join body do business / paddy) fit elect anyone dem wan aboard of directors (big ogas wey dey control company), up to di number of authorized (person wey put body for de work) board members asset forth for di corporate (tin wey concern big business join-body) documents (files / papers wey get important info)."
"i two most common measures (to measure) dey di mean, median and mode (di one wey show most); occasionally pipo go report a trimmed mean.","i two most commonly (normal-normal / wetin people dey do always) use measures (to measure) na di mean, median and mode (di one wey show most); occasionally pipo go report trimmed mean."
i process dey call execution,i process dey call execution
i right question no so much\can rdo dis?,i right question no dey so much\can rdo dis?
i comment (remark / talk) dey redundant wit di code and useless: v=5# assign (to give value) 5 to v dis comment contains useful information wey no dey for di code: v=5# velocity for meters second,i comment (remark / talk) dey redundant wit di code and useless: v=5# velocity (di highest wey somtin fit contain or do) for meters second.
"i justice kagan join, join di judgment.","i justice kagan join, concurrin for di judgment."
"i point for awa discussion of compilers and interpreters, you need wonder a bit about di python interpreter wey dey write for high level languages like python orc.","no easy to read or write machine language, so e dey nice say we get interpreter andcompilers wey allow us to write for high level languages like python orc. now for dis point for awa discussion of compilers and interpreters, you go wonder a bit about di python interpreter itself."
"o far we get di ability to talk about di idea say drugs fit in uence mood, and therapy fit in uence mood, but no way we dey talk about di possibility (something wey fit happen / chance dey) of interaction between di two","e get di ability to talk about di idea wey drugs fit in uence mood, and therapy fit in uence mood, but no way of talk about di possibility (something wey fit happen / chance dey) of interaction between di two."
i distinction (di difference) dey early pointed out between di extent (how far de tin reach / level) of di freedom wit respect to censorship under our constitution system and wey dey enjoy for england.,i distinction (di difference) dey early pointed out between di extent (how far de tin reach / level) of di freedom wit respect to censorship under awa constitutional system and say enjoy for england.
i registered (show) as domain (area / website address) name,"i avid computer user, hin register as domain (area / website address) name."
"ne important thing to note na say when dey specifying (di condition or requirement for contract or agreement) di argument wey dey use dia name, e no matter which order you type dem for.","i important thing to note na say wen specifying di argument wey dey use dia name, e no matter what order you type dem for."
"ewly arrived (reach ground / show face) immigrants dey face di greatest (de highest / de boss) risk, perhaps due to lack of nglish skills or education.",i newly arrived immigrants face digreatest risk.
"for example, wen i suggest say we orce"" half (one of two tins wey de equal from anoda tin) of di pipo to become smokers, i must dey talk about starting wit sample of non-smokers, and then forcing dem to become smokers.","i suggest say we orce"" half (one of two tins wey de equal from anoda tin) of di pipo to become smokers, i must talk about start wit sample of non-smokers, and then forcing dem to become smokers."
"is approach (wey dem often call lass's delta)only make sense well when you go get good reason to treat one of di two groups as better reflection of""natural variation""than di other.","i approach(often call glass') only make most sense wen you go get good reason to treat one of di two groups as purer re ection of atural variation"" wey di oda."
go only demand reliability (how reliable something be) for those situation wey you wan to measure di same thing,go only demand reliability (how reliable something be) for those situations (kinds of mata wey fit happen for one place or time) wey you wan to measure di same thing
"isit di link inside note 4. 23 ""hyperlink: mediators"" plus find your state's requirements plus qualifications (na skill or requirement wey persin must get to hold office) for mediators.","i link for note 4. 23 ""hyperlink: mediators"" and find your state's requirements and qualifications (court cases / dragging for kote) for mediators."
"he go write down for her notebook (one kind for indows) wey she consider as tori wey dey important pass, wey go help you make his decision.",he go write down for her notebook wey she consider as key points.
ime for . . and acculturation —greater ( big pass / more-more) time for . . dey associated wit greater family conflict and .,i united state and accultur ation great time for . . dey associated wit greater family conflict andipv (cook etal).
loop patterns 61 happy (make person like wetin de happen) new year: joseph happy new year: glenn happy new year: sally done!,i loop patterns 61 happy (make person like wetin de happen) new year: glen happy (make person like wetin de happen) new year: glenn happy (make person like wetin de happen) new year: sally done!
"n order toenforce immigration policy away from diborder, digovernment must access residents' documents (files / papers wey get important info).","nfor cepolicy versus minimize regulatory burden and intrusion (di act of intervening (as to mediate dispute, etc.)) onprivacy. inorder to enforce immigration policy away from diborder, di government must access residents' documents (files / papers wey get important info)."
i example of a user-defined function wey dey take argument: def print(bruce)print(bruce) dis function assign (to give value) di argument to a parameter wey dey named (mention name / title) bruce,i example of user-defined function wey take argument: def print(bruce) wey dey function assign di argument to parameter named bruce.
mmigrant contributions (support / money wey people join together) to edicare— immigrants dey contribute (di quality wey dey bestow a quality on top quality on top) substantial amounts (figures / total quantities) to edicare.,mmigrant contributions (support / money wey people join together) to medicare immigrants contribute (di quality of having inferior or less favorable position) substantial amount tomedicare.
em tok say di bank don receive di defamatory report.,"i possibility (something wey fit happen / chance dey) of future financing wit its bank, respondent's president dey told say di bank don receive di defamatory report."
"ndeed (true-true / na so / for real), criminal laws plus torts often get parallel causes (all de ""why"" behind de mata) of action.","ordeed (true-true / na so / for real), criminal laws and torts often don parallel cause of action."
"i two aya and rina talk about di battle of algiers for order to help dem understand my battle of algiers (morgan,2005).","i aya and rina talk about looking online for information for japanese about di battle of algiers for order to help dem understand my battle of algiers (morgan,2005)."
"i therefore, for somewhere (one place) for between. 02 and. 03 na di least wey dey allow us to reject di null idea for dis data.",em must be smallest value of dat go allow us to reject di null idea for dis data.
"em deliver (to carry something reach owner hand) di opinion of di court, wey marshall, blackmun, scalia, and kennedy, jj, deliver di opinion of di court, wey marshall, blackmun, scalia, and kennedy, jj.","i texas v. johnson 491 u. s. 397(1989) brennan, j, deliver (to carry something reach owner hand) di opinion of di court, wey marshall, blackmun, scalia, and kennedy, jj."
etin she dey flee from wither three small girls?,"i threelittle girls (pipo wey dey use somtin, especialy komputa or sistem)?"
em try to recall (to remember) di basic function of business,i basic function of business.
i most common form of adr.,"i negotiation, mediation (follow-dem-talk-make-dem-settle), and arbitration dey di most common form of adr."
1: 96semq x1: 96semq x1,i sneaky (once in a blue moon / no be always) way to rewrite our equation na like dis: xp1: 96semq xp1: 96semq x xp1: 96semq x xp1: 96semq x xp1: 96semq x xp1: 96semq x xp1: 96semq xp1: 96semq xp1: 96semq xp1: 96semq xp1: 96semq xp1: 96semq xp1: 96semq xp1: 96semq xp1: 96semq x
"i pkk and di ltte, especially, don respect di line between humanitarian and violent (vawulence / rough play) activities","i evidence say di pkk and di ltte, for particular, no dey respect di line between humanitarian and violent activities."
i land's value dey only its profits (gain / extra money wey comot from business)?,i land's value dey only its profit (gain / better money from business)?
i process for anytime by removing di spider. sqlite file and rerunning spider. py.,i process for anytime by removing di spider. sqlite file and rerunning spider. py.
"-105-load (base)r documentation di r documentation part no dey interesting, but di loadfbasegpart dey tell you say di load()function (obviously)and say dis function dey for di base (foundation / where tin start from) package.","i load(base) r documentation part no dey interesting, but di loadfbasegpart dey tell you say dis dey for reference (citation / to point to where info dey) to di load()function (obviously)and say dis function dey for di base (foundation / where tin start from) package."
i textbook dey unique foritsfocus onfamilies forcontext,i textbook dey isunique initsfocus on families incontext.
i nothing stop you from typing(4 2)*3,i nothing stop you from typing(4 2)*3.
i faculty reexamine dia focus on swe and western rhetorical (talk for talk sake / grammar) norms or tighten dia grip (to hold somtin well) on dem?,i focus on swe and western rhetorical (talk for talk sake / grammar) norms or tighten dia grip on dem?
"i way wey languages and language varieties dey always in process, located ( dey for dat side / position) for and subject to ongoing ( still dey go on) and varying material practice""(horner &t rimbur, 2002, p. 596).","i language adaptive transfer highlight di way wey languages and language varieties dey always for process, located ( dey processing a photosensitive material for order make image visible) for and subject to ongoing and varying material practice""(horner &t rimbur, 2002, p. 596)."
i possible situation wey a material support prosecution go successfully (for successful manner) challenge as violative of irst amendment (wey go bring freedom to pipo)?,"i possible situation wey a""material support""prosecution go be successfully (for no time intervening, without delay or hesitation) challenge as violative of irst amendment (wey go bring freedom to pipo)?"
here na well-well little debate (fomal talk where two pipu dey talk against each oda) about di power of congress to regulate foreign trade.,dey little debate (fomal talk where two pipu dey talk against each oda) about di power of congress to regulate foreign trade.
i governmental interest and di scope of di 1965 amendment dey limited to prevent harm to di smooth and efficient functioning of di selective service system.,i governmental interest and di scope of di 1965 amendment (wey go bring freedom to pipo) dey limited to prevent harm to di smooth and efficient functioning of di selective service system.
"i popularity (di quality of being widely admired or accepted or sought am) of ecommerce don skyrocket, more and more states dey reexamin how to tax transactions (all de business moves wey involve exchange) from out- of-state sellers (people wey dey trade market) by compelling dia sellers to collect di applicable sales tax.","s di popularity of e-commerce don skyrocketed, more and more states dey reexamining how to tax transaction from out- of-state sellers by compelling (something wey miss / person wey no find im way) those sellers to collect di applicable (dem dey capable of being applied) sales tax."
"em also include di right to vote (to choose leader / drop thumbprint) for shareholder meetings (gathering / discussion group), typically annually.","em go also include di right to vote (to choose leader / drop thumbprint) for shareholder meetings (gathering / discussion group), typically hold annually."
e don before us affidavit wey dey stat di part of government wey dey carry out and enforce (to force people make dem follow law) laws— led by resident or rime inister's conclusion on dat question.,e don before us affidavit stating di executive (de branch of gofment wey dey run de land) branch's conclusion on dat question.
i number dey include decimal,i number fit include decimal
"i leverage of an observation dey operationalised for terms of its hat value, usually written hin.","i leverage of observation dey operationalised for terms of its hat value, usually write hi."
i elliott and o'mara charge wit attempt cross burning and conspiracy to commit (to do bad tin / to promise to do work) cross burning,i elliott and o'mara dey charge wit attempted cross burning and conspiracy to commit (to do bad tin / to promise to do work) cross burning.
"i law dey dynamic (something wey fit change, e no just stay one place), sophisticated field","i law dey dynamic, sophisticated field"
"i means say if dispute dey under dat contract, then you go need to arbitrate your claim no be go straight to court.","i means say if dispute arises (to show face / start to happen) under dat contract, then you go need to arbitrate your claim no be go straight to court."
i suppose say tomorrow maximum (de highest level / e no fit pass dere) temperature dey sample from di bell way wit mean 23 and howe dey spread 1.,i suppose say tomorrow's maximum temperature dey sample from bell way wit mean 23 and howe dey spread 1.
i python interpreter dey program wey read and executes (to do wetin you tell am) python code,i python interpreter dey program wey read and execute (to do wetin you tell am) python code.
ow we go do am?,ow we do am?
e call data items (different things / materials) wey dey part of di object attributes (di construct wey objects or individuals dey distinguished),e call data items (different things / materials) wey dey part of di object attributes (di construct wey objects or individuals dey distinguished).
a why i dey bother do dat?,ow go i bother do dat?
"i statute of limitations no run while di suspect dey hiding, di statute of limitations no run while di suspect dey hid.","i accountant commit (to do bad tin / to promise to do work) fraud, for example, and criminal complaint dey filed but di accountant flee overseas for many years, di statute of limitations no run while di suspect dey hiding."
"for example, suppose you wan measure di effect of low-level lead poisoning on how di mind dey work for ort irie, one outh ustralian (di native or inhabitant of ustralia) one town wey dey do factory with lead smelter.","i suppose measure di eect of low level lead poisoning on cognitive functioning for port pirie, a south australian industrial town wit lead smelter."
"i bicarbonat e dey egulated for di blood by sodium, as ar e di phosphate ions.","i bicarbonat e dey regulated for di blood by sodium, as ar e di phosphate ions."
"dey important say you understand dem well enough to ead"" di equations, and to be able to see say im just say dd up lots of things and then divide by another thing","e go re-using dis symbols a fair bit, so e important say you understand dem well enough to ead"" di equations, and to be able to see say e dey just say dd up lots of things and then divide by one thing""."
em no dey hormone but e dey functionally (for function wey dey respect to function) important for regulating (di act of controlling or directing according to rule) systemic blood pressure and kidney function.,i ace no dey hormone but e dey functionally important for regulating systemic blood pressure and kidney function.
. j.,"em burger, c. j."
who you wan dey fair to,em fair to whom?
"s reading for di student major, such as rina's reading about restaurant (di building wey dem go eat pipo go eat) and hotel management (di act of managing something), dey seen (bin see am / dem don notice) as much more manageable than reading for discipline outside di major.","i content of di reading make significant difference, however, as reading for di student's major, such as rina's reading about restaurant (di building wey pipu de live for) and hotel management (di act of managing something), dey seen as much more manageable than reading for discipline outside di major."
"i filename = ""thisfile. jpg"" part tell rwhat to name di graphics le, and di width= 480 and height= 300 argument tell rto draw image wey dey 300 pixels high and 480 pixels wide.","i filename = ""thisfile. jpg"" part tell rwhat to name di graphics le, and di width= 480 argument tell rto draw image wey dey 300 pixels high and 480 pixels wide."
i district court don depart from pell and abus im discretion bikos e don order say dem give media great access to di jail (prison / kashot / cell) wey dem give to di general public.,i district court don depart from pell and abused its discretion because e don order say hin give di media great access to di jail (prison / kashot / cell) than he gave to di general public.
"em drop t oo low, as dey happen for dehydration, di functions of di kidneys 1160 26 fluid, electrolyte, and cid-base balance access f or free for open tax.","f h ydrostatic pressure for di kidneys 1160 26 fluid, electrolyte, and acid-base balance access f or free for open tax."
em also worth not say some pipo go write n. s.,also worth noting say some pipo go write n. s.
e dey lumping di main eect of therapy and di interaction term together.,e dey lumping di main eect of therapy and di interaction term together.
"i hyperlink: when dna dey isolated from di human body, dey subject to ownership by patent?","i human bodi, na e subject to ownership by patent?"
"i participant dey concurred, ""you dey compete to gain approval (go-ahead / when oga gree)","i participant concurred, ""you dey competing (dragging / to contest with oda people) to gain approval"
"s di history of cross burning indicates (dey show), a burning cross no always dey intimidate.","s di history of cross burning indicates (laws wey dem write put for book), burning cross no always intended (wetin person get for mind to do) to intimidate."
is na wetin di girls dey get.',is deywhat (small talk / summary wey lawyer write) di girls get
"hese two cases, while growing out of different circumstances and concerning (na relevant to dey relevant to dey relevant) different parties, both relate to di scope of our national constitutional policy safeguarding free talk and a free news pipo.","hese two cases, while grow out of different circumstances and concerning (na relevant to dey relevant to dey relevant) different parties, both relate to di scope of awa national constitutional policy safeguarding free speech and free press."
"i customer wey cut across your land to reach di oda side, without your permission (di approval to do something) think of situation wey you go grant life estate (all de property wey person leave when e die / big land) to someone for property wey you own.","i person wey cuts across your land to reach di oda side, without your permission (di approval to do something) think of situation wey you dey own."
"ohn, ,& earlman, .(2013).","ohn, ,& earlman, .(2013)."
"orms from i country where person was born or originally come from— rigid, patriarchal gender roles learned (sabi person / someone wey read book well) for di country where person was born or originally come from dey associated wit increased ( don big pass before / e climb) tolerance for and experience of .",i country-of-origin dey associated wit increased ( don big pass before / e climb) tolerance (when family members wey been separated finally come back together) for and experience of -origin dey associated wit increased ( don big pass before / e climb) tolerance for and experience of . .
i population no dey obvious what di population dey,no obvious what di population dey.
"i 1965 amendment to 12(b) (3)of di universal military training and service act meet all of dis requirements, and consequently (because of dat / wetin follow) say o'brien fit be constitutionally (follow wetin de grand-papa law talk) convicted for violating (to break law / mess up rule) am","e find say di 1965 amendment (wey go bring freedom to pipo) to 12(b) (3)of di universal military (soja mata / army) training (to learn work / practice to sabi something well) and service act meet all of dis requirements, and consequently (for short intervals, many times for short intervals) say o'brien go constitutionally convicted for violating am."
"i columns dey thought as""implementation detail""to capture di nature of di relationship details and no essential part of di data wey dey model.","i columns dey thought of as""implementation detail""to capture di nature of di relationship details and no essential part of di data wey dey model."
"or sample of children exposed to war, tsunami and family violence,14% identify family violence as di most distressing event of their lives (different people life).","i sample of children wey dey exposed towar, tsunami, and family violence,14% identified (di cause to kom know personally) family violence as dimost distressing event of their lives (catani etal."
"i argument say no need for government to concern imself, for government dey strong, e possess plenti powers (pawa / authority) to put down rebellion, e fit defeat (to beat / win person) di revolution wit ease (somtin wey no hard) needs no answer.","i argument say no need for goment to concern amself, for goment dey strong, e go defeat di revolution wit ease need no answer."
"i typical(i. e, median)deviation from di middle number.","i typical(i. e, median) deviation from di median value."
"i suppose mean to talk about doing di\same"" thing?","em mean to talk about doing di\same"" thing?"
"i way, anyone reading di paper fit multiply di bayes factor by dia own personal prior odds, and dem fit workout for themselves what di posterior odds go be.","i paper fit multiply di bayes factor by dia own personal prior odds, and dem fit workout for themselves what di posterior odds go be."
"i magic number 1971:1977 dey from r<0. 99. 0, and rd[abx]1 from r0","i loading from earlier version go give warning (notice / alarm) about di""magic number"": magic numbers 1971:1977 dey from r<0.99. 0 to r 1.3. 1.3.1."
create vector months wey dey contains di names of each of di months,create vector months wey contains di name of each of di months.
i person wey burn cross no intend (plan to / mind set) to express either statement of ideology or intimidation.,i occasionally a person wey burn cross no intend (plan to / mind set) to express either statement of ideology or intimidation.
dey regarded (see am as / tink say) as human rights issue for women because e fit cause severe health sequelae.,i fgm dey regard (to look / respect / concern) as human rights issue for women because e fit cause severe health sequelae.
i might be nice to see example of a function wey fit be applied (wetin dem use work / put into action) to text.,go nice to see example of a function wey dey applied (wetin dem use work / put into action) to text.
i int erpla y of involuntary and volutar y actions wey di internal (for inside) and external ur ethr al sphinct ers.,i r esul ts from int erpla y of involuntary (by choice / no be by force) and v oluntar y actions by di internal and external ur ethr al sphinct ers.
always remember say your reader no know your data anywhere near aswell as you do.,i good practice: always remember say your reader no know your data anywhere near aswell as you do.
"f di experimental (for experiment wey dey relating to or based on experiment) task dey for pipo to imagine dem dey draw from deck (flat floor) wey dey twice as many clubs as any oda suit (na wen one persin carry anoda persin go court to seek justice), then di null idea go correspond to something like p:4;: 2;","f di experimental task dey for pipo to imagine dem draw from deck wey dey twice as many clubs as any oda suit (na wen one persin carry anoda persin go court to seek justice), then di null idea go correspond to something like p:4;"
n arbitrator (middle-man wey dey settle palava) presides over to settle matter outside kot with judge proceedings (all de things wey dey happen for kote or meeting).,i arbitrator presides over arbitration proceedings (all de tins wey person eyes dey look / benefits).
"i basilica apostolorum, wey probably originally di basilica apostolorum, wey dey begun immediately (for no time intervening, without delay or hesitation) before di peace of di church(the toleration of christianity following di edict of milan), rose on di site (building ground / location) of di earlier triclia, in wey graffiti testify to di special veneration of eter and aul for di site.","i basilica apostolorum, wey dey begun immediately (for no time intervening, without delay or hesitation) before di peace of di church(the toleration of christianity following di edict of milan), rose on di site (building ground / location) of di earlier triclia, wey graffiti testify to di special veneration of peter and paul for di site."
is dey logical value argument.,i logical value wey dey argument.
"i scene, pipo dey wait (to stay / hold on / delay) to receive di distribution of food, but powerful, armed (get weapon / gun-dey) faction seize di cargo and opened fire (di tin wey de show when somtin de burn) on dem","i scene, pipo dey waiting to receive di distribution of food, but powerful (something wey follow law / e legal), armed (get weapon / gun-dey) faction seize di cargo and open fire (di tin wey de show when somtin de burn) on dem."
"upport from afar— for cases where families no fit or choose not to dey reunited, refugees still dey find ways to provide support to one another. efugees fit support family and friends through remittances or fit spend time and money trying to locate and bring family members to . .","i support from labo incases wey families no fit beorchoose notobereunited, refugees stillfind (to carry pickin take as your own / follow a style) way to locate andbring family members to . ."
i constant (somtin wey no de change) interest rate of 30 years dey hilarious,i constant (somtin wey no de change) interest rate of 30 years dey hilarious.
"i more specific meaning of""prohibiting (law wey say ""no do am"" / ban)"" and""free exercise""don dey subject of numerous (plenty-plenty / dem many) case and controversies (na disagreements or legal disputes between parties about rights, obligations, or facts).","i more specific meanings of""prohibiting"" and""free exercise""don dey di subject of numerous (plenty-plenty / dem many) case and controversies."
i second assign (to give value) string to new variable named (mention name / title) message; di second assign di integer 17 ton; di third assign di(approximate) value of topi.,i second assigns di integer 17 ton; di second assigns di integer 17 ton; di second assigns di integer 17 ton; di second assigns di(approximate) value of topi.
"i products (all de things wey dem produce to sell) wey di company release today dey very much di result of di corporation, no any single individual.","i jobs go get di vision to found apple inc. and maintain overall (everything join together / de whole tin) strategic leadership for di company, di products (all de things wey dem produce to sell) di company release today dey very much di result of di corporation, no any single individual."
a three specific powers (pawa / authority) of di part of government wey dey carry out and enforce (to force people make dem follow law) laws— led by resident or rime inister?,i three specific power of di executive (de branch of gofment wey dey run de land) branch?
mall more formal (official way / follow-follow rule) approach nato run hypothesis tests.,i slightly more formal approach dey run hypothesis tests.
"i pipo often talk about real property by using di term real estate (all de property wey person leave when e die / big land), wey reflect (to show) both di concept of real property and di ownership interest concept of estate.","i pipo often talk about real property by using di term real estate (all de tins wey person eyes dey look / benefits), wey reflect (to show) both di concept of real property and di ownership interest concept of estate (all de tins wey person eyes dey look / benefits)."
"i second part of di name specify one graphical parameter: wex na one number wey show how thick, and lty na one number wey show how line be.","i second part of di name species graphical parameter: wexis a width parameter, and ltyis line type parameter."
"f you no dey unsure about what order rwill do things for, easy solution dey to enclose di thing wey dey do rst for brackets.","f you dey ever (anytime / since world start) unsure about what order rwill do things for, an easy solution dey to enclose di thing you want am to do rst for brackets."
completely meaningless (na no meaning or direction or purpose or purpose or purpose) to talk about di probability say di temperature dey exactly 23 degrees,dey completely meaningless (di meaning or purpose dey having a meaning or purpose) to talk about di probability say di temperature dey exactly 23 degrees.
"or di common law, no fit.","i common law, no dey."
"i nice thing about di tudio window na say e to show you di first numbers le for top of di window, and e to show you preview of di data for di top.","i nice thing about di rstudio window na say e show you di raw data le for top of di window, and e show you preview of di data for di bottom (down-down / base)."
"at mean say, we wan use split (divide / tear)= "".""","e wan use split (divide / tear)= """
"i sort of hunches (one feeling) don no strict (no-nonsense / follow de rule exactly) howe dey show evidence, e dey often worth pay attention to dem","i sorts of hunch don no strict evidentiary value, e dey often worth pay attention to dem."
i court tok say cohen go establish cause of action under minnesota law on promissory estoppel theory.,i court don go onto address di question whether cohen go establish cause of action under minnesota law on promissory estoppel theory.
"i african-american, wa s elliott next-door neighbor for virginia beach (di place wey get sand or small small stone beside oshimiri), virginia.","i african-american, na s elliott's next-door neighbor for virginia beach, virginia."
e use one feature of regular expressions.,e use one feature of regular expressions.
i results dey show for figure 9.,i results dey show for figure 9.1.
"for example, di bodi synthesize (joining different things together to make one complete thing) vitamin a from di -carotene in orange vegetables like carrots and sweet potatoes.",i bodi s ynthesiz e vitamin a from di-carotene for orange vegetable like carrots and sweet potatoes.
i scene dey set against glimmering gold background,i scene dey set against glimmering gold background
"i quaids dey suing (carrying to court) di manufacturer (na persin or company wey dey make goods for sell), arguin say di label on di drug represent design defect (fault / damage) bikos e dey too easy to confuse di two doses.","i quaids dey suing di manufacturer (na persin or company wey dey make goods for sell), arguing (to drag mata / try to prove point) say di label on di drug represent design defect because e dey too easy to confuse di two doses."
simply withdraw unique national symbol from di roster of materials (tins wey dem use for teaching) wey dey use as background for communications (talk-talk / passing message / network).,simply withdraw unique national symbol from di roster of materials (tins wey dem use for teaching) wey dey use as background for communications (di activity of communicating).
i first remedy (way to settle de damage / solution) of any victim of defamation na self-help -using available opportunities to contradict di lie or correct di error and thereby (by dat way / because of dat) to minimize im adverse (bad / against progress) impact on reputation.,i first remedy (way to settle de damage / solution) of any victim of defamation (na false statement wey dey harm persin reputation or character) dey self-help -using available opportunities (di possibility due to a favorable combination of circumstances) to contradict di lie or correct di error and thereby to minimize its adverse impact on reputation.
"i employment practices wey don get disparate impact on members of protected class dey permissible, however, if dem dey job-related and qualify as business necessity.","f dem dey job-related and qualifying (level / position / right to carry mata go kote) impact on members of protected class dey permissible, however, if dem dey job-related and qualify as business necessity."
"i united states, especially for hotter regions of di kontri, began (bin start / how e take take off) experience di same problem.","i vehicles (motor / machine to carry load) for di united state, especially for hotter regions of di kontri, began (bin start / how e take take off) experiencing di same problems."
i environment tok say to be thermoneutr alwhen di bodi no expend or release energy to maintain dia core (de main-main part / de heart of de matter) temper atur e,"i environment dey tok say be thermoneutr alwhen di bodi no expend or release energy to maintain its core temper atur e. for naked human, dis na ambient air temper atur e of around 84 f."
ustice souter [for dissent (to no gree / judge wey get different mind)]makes (to dey build or create) a similar argument.,i justice souter [in dissent (to no gree / judge wey get different mind)]nakes (error / skip / something wey person no do well) similar argument.
"f you talk""try"", python go try everytime you talk am.","em tok say""try"", python go try everytime you say am without fail."
i package must be installed (wey dey present) before e go loaded (wey don start),i package must be installed before e fit be loaded (wey don start)
"i carbon (chemical wey od create wey de inside everi living tin) wey dey within di acetoacetyl coa wey no bond (connection / legal paper for money or bail) to di coa goo detach, ego split (divide / tear) di molecule for two.","i carbon (chemical wey od create wey de inside everi living tin) within di acetoacetyl coa wey no bonded to di coa then detaches, split ting di molecule for two."
i frequentist (one wey like frequency way) statistics bayesian (one kind of statistical method) statistics don allow to talk about di probability say di null idea dey true,e run experiment and obtain data d. unlike (no fit happen) frequentist statistics bayesian statistics go allow to talk about di probability say di null idea dey true.
i core (de main-main part / de heart of de matter) package for rdon't get function for calculating di mode (di one wey show most)6,i core package for rdon't get function for calculating di mode6.
"i defense of""i no know di law!""","em remember say defense of""i no know di law!"""
i parties dey perform as required by di wording of di contract.,"i parties perform as required by di wording of di contract appear to get existed, and di parties perform as required by di wording of di contract."
"em note say""making (to dey build or produce something) beyonce rich (money-miss-road / wealthy)""or ""allow pfizer make billions of dollars""no dey di purpose.","i note say""making beyonce rich""or ""allowing pfizer to make billions of dollars"" no di purpose."
i duty of di federal courts to interpret federal legislation for a manner (way / style / how person take do am) no inconsistent ( dey show lack of consistency) wit di demand of di constitution.,"e must bear (to carry pickin take as your own / follow a style) for mind say di language wey deyself don significance, we must bear (to carry pickin take as your own / follow a style) for mind say e dey di duty of di federal courts to interpret federal legislation for manner (way / style / how person take do am) no inconsistent wit di demand of di constitution."
"ee act of feb.24, 1923, ch.","em see act of feb.24, 1923, ch."
"i court devoted little attention to irst amendment (wey go bring freedom to pipo), but since then e don decide more than 500 case wey dey discuss irst amendment (wey go bring freedom to pipo).","i court devoted little attention to irst amendment (wey go bring freedom to pipo), but since then e don decide more than 500 case wey discuss irst amendment (wey go bring freedom to pipo), but since then e don decide more than 500 case wey discuss irst amendment (wey go bring freedom to pipo)."
"i condition dey true, then rwill execute (to do wetin you tell am) di statement wey dey contain for curly braces.","f di condition dey true, then rwill execute (to do wetin you tell am) di statement wey dey contain for di curly braces."
i word=word. strip()e dey tempting to write list code like dis: word=word. strip,i word=word. strip()it dey tempt to write list code like dis: t=t. sort()# wrong!
"i possible explanation na say ""crud"" dey more fun to say than ""isud""","i possible explanation na say ""crud"" dey more fun to say than ""isud"""
"i way wey math dey write wey dey introduced (di cause to kom know personally) above, dis dey telling us say f32.","i mathematical notation i introduce above, dis dey tell us say f32."
ifferentiate (di mark as different mark as different) between social customs plus law.,em differentiate between social customs and law.
"ndex for group grumpiness (crossness): nn(p=1, k=1, i=1) =20, en (2,1,2)=55, at (3,1,3)=21, an (4,2,1)=91, gg (5,2,2)=22. otice sey  don build two different labelling schemes (plan / format / sometimes e be like wayo) here.",i index for group grumpiness p iy ikoryp ann 1 cool 11 20 ben 2 3 22 notice say i construct two dierent labelling schemes (plan / format / sometimes e be like wayo) here.
e store each item (single thing / article) of data for one place for di database and reference (citation / to point to where info dey) am elsewhere (for anoda place) using foreign key,e store each item (single thing / article) of data for one place for di database and reference (citation / to point to where info dey) am elsewhere using foreign key.
"i tori wey dey important pass, wey be say make you no forget, na im be de key point wey you suppose sabi or remember business organizations dey important part of business structure.",i key takeaways business organizations dey important part of business's structure.
e no suggest say congress go extend (to make am long / increase de reach) di same prohibition on material support for issue here to domestic (house mata / local tin) organizations.,e also no suggest say congress go extend (to make am long / increase de reach) di same prohibition on material support for issue here to domestic organization.
"or a positivist, di desirability of enacting law wey dey viewed (bin see / bin check am out) as""good"" or""bad"" no relevant for determining (to finalize / find de real answer) what di law dey.","i desirability of enacting (person wey dey hold office for small tayam / to play part) law wey go view as""good"" or""bad"" no relevant for determining what di law dey."
i problem go exist without rule of law?,i problems go exist without rule of law?
"i study by ohns(1985) also demonstrate say although less proficient (for having or show knowledge and skill and aptitude and aptitude) nglish writers dey more inclined to focus on sentence-level information and infrequently (but many times wey dey no many times) combined idea unit for macro level, both novice and more experienced (sabi person / person wey don see things) college writers distorte di idea of di source text to certain level and include personal comments for dia summaries, di practice of which dey inconsistent wit di general expectations of academic summaries","i study by johns(1985) also demonstrate say although less proficient english writers dey more inclined to focus on sentence-level information and infrequently (for short intervals, many times for short intervals) combined idea units (different sides / locations) for macro level, both novice and more experienced (wetin person tink say go happen) personal comments for dia summaries, di practice of which dey inconsistent wit di general expectations of academic summaries."
"as result, most everyday research questions don dey relational (dem having relation or being related) for nature, but dem dey motivate by deeper ontological questions about di state of nature.","s consequence (as e turn out), most everyday research questions don dey relational for nature, but dem dey almost always motivated by deeper ontological questions about di state of nature."
"ano ad"" outliers.","ano ad"" outliers (people wey join body do business / paddy)."
i seattle times and di walla union (join-body / workers' group) bulletin don publish stories about rhine hart and di foundation.,i seattle times and di walla union-bulletin don publish stories about rhine hart and di foundation.
"i notion of writing games dey depict pipo sense say academic writing dey consist of ruleand strategy-based practices, done for interaction wit oda for some kind personal and professional gain, and say e dey learn through repeated practice wey dey learn through guidebook of how to play.","i notion of writing games dey depict pipo sense say academic writing consists of rule and strategy-based practices, done for interaction wit odas for some kind of personal and professional gain, and say e dey learn through repeated practice no be just from guidebook of how to play."
em distinguishing protected advocacy brandenburg v. ohio 395 u. s. 444(1969) per curiam opinion for di court.,istinguishing protected advocacy brandenburg v. ohio 395 u. s. 444(1969) per curiam opinion for di court.
"i promise go need to dey perform so say di obligation or duties (responsibilities / wetin person gats do) wey dey carry legal duties, then, barring defense, di promise go need to dey discharge (na wen court release defendant from charge, or cancel debt or obligation).","f those promises carry legal duties (responsibilities / wetin person gats do), then, barring defense, di promise go need to perform so say di obligation or duties (responsibilities / wetin person gats do) arising (wetin follow de action / outcome of wahala) under dat promise go discharge."
": 10.1111 j.1999. tb00760. x ohnson, . .(2007).",": 10.1111 j.1999. tb00760. x4.6 references (citation / to point to where info dey) 89 johnson, p. j.(2007)."
"s some argue (to drag mata / try to prove point), don ""press""dey subsum into""speech"" for purpose of irst amendment (wey go bring freedom to pipo) doctrine?","s some argue, don ""press""been subsumed into""speech"" for purpose of irst amendment (wey go bring freedom to pipo) doctrine?"
"get serious consequences (wetin follow de action / outcome of wahala) for everyone; however, there dey few unique features (karakata wey dey make am sweet or wey dey help) of  among immigrants and refugees.","i ipv don serious consequences (wetin follow de action / outcome of wahala) foreveryone; however, there dey fewunique features (karakata wey dey make am sweet or wey dey help) of immigrants and refugees."
"ee remsburg v. docusearch, inc, 816 a.2d 1001 (n. h.2003).","em see remsburg v. docusearch, inc,816 a.2d 1001 (n. h.2003)."
"hilton, , lack, . , erkowitz, , asey, . , ook (person wey de prepare foor), , utts, , acobs, . , eeren, , ttinger de uba, , oleman, , eyers, . &rank, . .(2009).","i chilton, m, black, m, black, m, berkowitz, c, casey, p. h, cook, j, cutts, d, jacobs, r. r, heeren, t, ettinger decuba, s, coleman, s, coleman, s, coleman, s, coleman, s, meyers, a.(2009)."
". g, if a questionnaire assessing (checking levels) mood dey boring, then mood for measurement (to measure something) for time 2 dey more likely to become ored"", e. g, if a questionnaire assessing mood for time 2 dey more likely to become ored","i questionnaire assessing mood dey boring, then mood for measurement (to measure something) for time 2 dey more likely to become ored"", precisely because of di boring measurement (to measure something) make for time 1."
"i perspective dey necessary to create ecologically sound prevention (di act of preventing di act of preventing) and intervention (di act of intervening (as to mediate dispute, etc.)) wey go help restore sense of life coherence and help heal di deep wounds wey dey flict by home displacement for individuals, families and communities (neighborhood / groups of people).","i perspective dey necessary to create ecologically sound prevention and intervention (di act of intervening (as to mediate dispute, etc.)) wey fit help restore asense of lifecoherence and help heal dideep wounds inflicted by home displacement for imndividuals, families andcommunities."
"i context dey challenge to national park service regulation prohibiting (law wey say ""no do am"" / ban) camping for certain parks as apply to prohibit demonstrators from sleeping ford. c.'s lafayette park and di mall for connection wit demonstration (di act of present something to sight or view) wey dey call attention to di plight of di homeless.",i context dey challenge to national park service regulation prohibiting camping (di place wey you dey work for ) for certain parks as applied (wetin dem use work / put into action) to prohibit demonstrators from sleeping ind. c.'s lafayette park and di mall for connection wit demonstration wey dey intended (wetin dem use work / put into action) to call attention to di plight of di homeless.
"or-woven designs dey typically render (to give / provide / perform service) for wool, wey dey take dye more easily (soft work / e no hard at all) than flax (linen).","or-woven designs dey typically rendered for wool, wey took dye more easily (soft work / e no hard at all) than flax (linen)."
ny broader (more wide / general pass) view of dis authority would effectively (sharp sharp) empower a majority to silence (quiet / no talk) dissidents simply as a matter of personal predilections.,i authority go effectively (sharp sharp) empower majority to silence (as e turn out) dissidents (different-different types / varieties) simply as matter of personal predilections.
ess than 1%of refugees worldwide ever (anytime / since world start) dey resettled for third country.,i 1%of refugees worldwide dey ever (anytime / since world start) resettled for third country.
i dictionaries dey now order structures,i dictionaries dey now ordered (bin give chance / bin gree) structures.
i problem dey overcome so say both parties fit form legally (inside law / wetin law gree make person do) binding contract wit each oda?,ow fit dis problem be overcome so say both parties fit form legally (inside law / wetin law gree make person do) binding contract wit each oda?
"i court don also point say ""[l]egal trials (court cases / testing) no like election (di process wey pipu de use take vote), to be won through di use of di meeting-hall, di radio, and di newspaper","i court don point out say ""[l]egal trial no like elections (di process wey pipu de use take vote), to be won through di use of di meeting-hall, di radio, and di newspaper"
"i new function give you opportunity (chance / open door) to name group of statements, wey make your program easier (no hard / simple) to read, understand, and debug (the work of finding and fixing mistakes in a program)","i several reasons: creating new function give you opportunity (chance / open door) to name group of statements, wey make your program easier (no hard / simple) to read, understand, and debug."
i potassium don very little effect on osmotic pressure.,"or c ontr ast to sodium, potassium don very little effect on osmotic pressure."
"a however, wetin i fit do dey insert space for di middle of di word",no dey insert space for di middle of di word.
e add print of di variable words right before line five,e add print of di variable words right before line five.
ano crime dey victimless,ano crime dey victimless
"ome states wey dey low population don only one judicial district, while more populous state don only one judicial district, while more populous state don only one judicial district, while more populous state don only one judicial district, while more populous state don only one judicial district.","ome states wit low population get only one judicial district, while more populous states don multiple judicial district, while more populous states don multiple judicial districts."
"i bill of rights, including irst amendment (wey go bring freedom to pipo), follow for 1791.","i bill of rights, including irst amendment (wey go bring freedom to pipo), follow for 1791."
yperlink: whistleblower law blog check comot di links on di right side of di webpage below.,i whistleblower law blog checkout di links on di right side of di webpage below.
i petitioner dey refuse (to no gree / to reject) to divulge dia name,i petitioner refused (bin reject / talk say no be so) to divulge dia name
nd di simplest way to do dat one nato type di name of di variable and press enter.> sales[1] 350. o dat one good to know.,i simple way to do dat nato type di name of di variable and hit enter11 >sales [1]350 so dat nice to know.
"f di central (main side / middle / very important) limit diorem dey kind to us, we go suppose guess say di sampling distribution of^b, di estimated regression coecient, dey di bell way wit mean centre onb.","f di central (main side / middle / very important) limit diorem dey kind to us, we go be able to guess say di sampling distribution of^b, di estimated regression coecient, na normal distribution wit mean centred onb."
"di glomeruli dey create about 200 liters(189 quarts) of dis filtrate everiday, yet you dey excrete less than two liters of waste (to trowey something wey useful / dirt) wey you call urine.","i glomeruli create about 200 liters (189 quarts)of dis fil trate every day, yet you e xcrete less than tw o liters of waste you call urine."
i psych package contains skew() function wey you fit use to calculate skewness.,go useful to point out say di psych package contains skew() function wey you fit use to calculate skewness.
"urthermore (join join / more-so), remittances dey allow families to pay down(or payoff) debt (na money wey persin suppose pay to anoda persin or entity) aswell as provide family members access to healthcare.","i furthermore, remittances allow families topaydown (orpayoff)de family members access to healthcare."
"when dem work well, we go think of dem as teammates, and when dem be dey rude, we go follow dem talk d same way we dey respond to pipo wey dey rude.","e think of dem as teammates, and wen dem dey obstinate or rude, we respond to dem di same way we respond to rude, obstinate pipo(reeves and nass, di media equation: how pipo treat computers, television (di broadcasting visual images of stationary or moving objects), and new media like real pipo and place)."
"generate 10, 000 samples of iq data, and dey calculat di average  observe within each of dis data sets (to arrange / put things for order).","generate 10,000 samples of iq data, and calculated di mean iq observe within each of dis data sets (to arrange / put things for order)."
est virginia board of education v. barnette (1943).,i virginia board of education v. barnette (1943).
or real property different type of interest wey dey owned (wetin person get for hand / property) for real property different type of interest wey dey owned for real property different type of interest wey dey owned for real property.,i ownership interests (all de tins wey person eyes dey look / benefits) for real property different types of interests (all de tins wey person eyes dey look / benefits) maybe owned (wetin person tink say go happen) for real property.
"f di written law allowed (bin give chance / bin gree) racial (mata about tribe or de color of person skin) discrimination, natural law adherents go no recognize di law as valid.","i written law allowed (bin give chance / bin gree) racial (mata about tribe or de color of person skin) discrimination, natural law adherents no recognize di law as valid."
"i measurement of time dey take relative (connection / family person) to local time zone, and most(but no all)time zone don get standard time and daylight saving time, though di date wey di switch occurs ( dey happen / e dey show face) no dey standardised (di standard evaluate by comparing wit standard standard).","i measurement (to measure something) of time dey usually take relative (connection / family person) to local time zone, and most(but no all)time zones don both standard time, though di date for which di switch occur no dey standardised."
here na more disagreement (say dem no agree) about congress's power to regulate domestic (house mata / local tin) commerce (big-time buying and selling).,i agreement about congress power to regulate domestic commerce (big-time buying and selling).
"uring di 2008 term(a term begins inside october plus ends di following june), di supreme court received (wetin enter hand / something wey person collect) approximately 7, 700 petitions (formal begs / applications).","i supreme court receive approximately 7, 700 petitions (people wey start case or request for court)."
i first type dey represent di ruined church of di diotokos on mt.,i first type go represented by di ruined church of di theotokos on mt.
"i most part of dem of rpackages dey already ( don happen / since / before-before) install when you put ron your computer, but di most part of dem of rpackages dey out for di internet, waiting for you to download, install and use dem","ome packages dey already ( don happen / since / before-before) install when you put ron your computer, but di most part of dem of rpackages dey out there on di internet, waiting for you to download, install and use dem"
i wetin dey inside of dis experiment dey completely shot,i internal validity (how true something be) of dis experiment dey completely shot
"amily-based interventions (di act of intervening (as to mediate dispute, etc.)) fit target improving di emotional functioning of di family, identifying (finding out / sabi) family patterns of coping, and making (to dey build or produce something) meaning of di family's experience.","i family-based interventions (di act of intervening (as to mediate dispute, etc.)) go target improving di emotional functioning of di family, identifying family patterns of coping, and make meaning of di family' sexperience."
"i foreign corrupt practice act (fcpa) outlaws bribery byu. s. companies do business for foreign lands, though grease payments (money matters / paying of bills) dey permitted.","i foreign corrupt practices act (fcpa) outlaws bribery byu. s. companies do business for foreign lands, though grease payments (money matters / paying of bills) dey permitted."
"i most frequently (for short intervals, many times for short intervals) prescribed anti-hyper tensiv e di most frequently prescribed anti-hyper tensiv e di etic dey h ydrochlor othiazide.","i most frequently (for short intervals, many times for short intervals) prescribed anti-hyper tensiv e diur etic dey h ydrochlor othiazide."
i program output wey largest progress (movement / improvement) from 3 to 41 to 74.,i program output wey largest progress (movement / improvement) from 3 to 41 to 74.
"for example, if  decide say  wan di numbers for di upside of di plot to from to 0 to 100, den  go set ylim =c(0, 100).","f i decide i wan di vertical scale of di plot to run from 0 to 100, then i set ylim =c(0, 100)."
"i level of z-test(or any oda test, for dat matter)dey nes di total area\under di curve""for di critical region, right?","i level of az-test(or any oda test, for dat matter)de nes di total area\under di curve""for di critical region, right?"
egal status dey restrict (to hold back / put boundary) healthcare benefit eligibility. erson's legal classification— whether dem have permission (di approval to do something) to bein a country and under what conditions na important legal criterion wey fit hinder access to healthcare benefits (better-better tins wey person gain).,i legal criterion wey dey important legal criterion wey dey hinder access to healthcare benefits (better-better tins wey person gain).
i decision for di circuit court level also produce binding precedent within dat jurisdiction.,i circuit court level also produce binding precedent within dat jurisdiction.
"i way,15|frank sinatra new york|25|frank sinatra sqlite> we dey make very bad error for our data modeling (using math to represent how a real thing work).",i way|15|frank sinatra sqlite> select* from track; my way|15|frank sinatra sqlite> we get very bad error for awa data modeling.
"s amy enger, joan mullin, and carol peterson haviland discuss di challenge of designing a writing program wey positively (dem dey extremely extremely) recognize students' cultural and linguistic (dem dey dey related to language) differences.","i american university of beirut,""amy zenger, joan mullin, and carol peterson haviland discuss di challenge of design writing program wey positively recognize students' cultural and linguistic (dem dey dey related to language) differences."
for example of how unhealthy eating out for italian restaurants (di building wey dem go eat pipo go eat) fit be.,or example of how unhealthy eating out for italian restaurants (di building wey pipu de live for) fit be.
"i types of le wey dey to use, 12but dem no really all wey dey central (main side / middle / very important) to awa interest.","i several oda types of le wey rmakes use of, 12but dem no really all dat central (main side / middle / very important) to awa interest."
"i problem dey say you no know which manufacturer's supplement (for di end of di publication) caused (wetin make de tin happen) you fall ill, so you no prove any specific manufacturer (na persin or company wey dey make goods for sell) caused your illness.","i problem na say you no know which manufacturer (na persin or company wey dey make goods for sell) supplement caused (wetin make de tin happen) you to fall ill, so you no prove any specific manufacturer caused (all de things wey dem produce to sell) you to fall ill, so you no fit prove any specific manufacturer caused (all de things wey dem produce to sell) your illness."
"em notice say only di last one cause runtime error; di oda three dey legal, but dem do di wrong thing","i last one cause runtime error; di oda three dey legal, but dem do di wrong thing."
"o r example, di sarbanes -oxley act contains whistleblower protection, but di statute nano entirely (kpatakpata / everything complete) devoted to whistleblower protection.","i sarbanes -oxley act contains whistleblower protection, but di statute no entirely (kpatakpata / everything complete) devoted to whistleblower protection."
"i line wey dey top dey di lename, and no part of di script wey deyself","i line for top dey di lename, and no part of di script wey deyself."
"i lines wey start wit""from"" separate di messages and di lines wey start wit""from"" dey part of di messages.","i line wey start wit""from"" separate di message and di lines wey start wit""from:"" dey part of di messages"
i tire dey wrong wit di tire?,e dey wrong wit di tire?
i researcher don get good reason to pick out smallish number of possible regression models (samples / fine people for picture) wey dey of theoretical interest; dis models go get sensible interpretation for di context of your eld.,i researcher don good reason to pick out smallish (to show de difference between two things) number of possible regression models (samples / fine people for picture) wey dey of theoretical interest; dis models go get sensible interpretation for di context of your eld.
"i friend of mine, dr eppo, grade hin introductory (di serving to open or begin) statistics class on curve.","i friend of mine, dr zeppo, grades (results for school / level) hin introductory statistics class on curve."
roposed (to suggest / plan wey dem bring out for discussion) refugee admissions (to gree say na you do am / entrance to school) for fiscal year 2014: report to di ongress.,em proposed (to suggest / plan wey dem bring out for discussion) refugee admissions (entrance / to gree say person enter) forfiscal year 2014: report to di congress.
i numerous (plenty-plenty / dem many) byzantine text wey dey describe di figure for icons wey dey coming ( dey come) alive to defend (to back person / fight for your right) or heal pipo.,i numerous (plenty-plenty / dem many) byzantine text wey dey describe di figures for icons coming alive to defend (to back person / fight for your right) or heal pipo.
i 1965 amendment specifically protect dis substantial governmental interest.,dey clear say di 1965 amendment (wey go bring freedom to pipo) specifically protect dis substantial governmental interest.
i best way to avoid dis problems na use space exclusively(no tabs).,i best way to avoid dis problems dey use space exclusively(no tabs).
i bunch of regression speci c tools wey i don mention (to talk about am small),i bunch of regression speci c tools wey i don mention (to talk about am small).
ou'll learn about di parties involved plus about preliminary matters such as standing (level / position / right to carry mata go kote) plus personal pawa of kot to judge case plus then explore di trial plus appeal.,go learn about di parties wey dey involved and about preliminary matters such as standing (level / position / right to carry mata go kote) and personal jurisdiction and then explore di trial and appeal.
"em suggest say relying (to lean on / trust person) on frequentist (one wey like frequency way) methods go turn you into potent but sterile intellectual rake wey dey leave for hin merry path long train of ravished maidens but no viable scienti c ospring"" (meehl, 1967, p. 114).","i psychologist paul meehl, wey suggest say relying on frequentist (one wey like frequency way) methods go turn you into potent but sterile intellectual rake wey leave for hin merry path along train of ravished maidens but no viable scienti c ospring"" (meehl, 1967, p. 114)."
"i x co-ordinate na di theoretical quantile wey di observation go fall for, if di data dey normally distributed(with mean and variance wey dey estimated from di sample)and on di y co-ordinate na di actual quantile of di data wey dey within di sample.","i x co-ordinate na di theoretical quantile say di observation go fall for, if di data dey normally distributed(with mean and variance estimate from di sample)and on dem co-ordinate na di actual quantile of di data within di sample."
"i case dey settled (bin settle / no more wahala), res judicata prevent di case from being tried (bin try / test) again.",i case from being tried again.
"i case of gideon v. wainwright,[1]a poor (sapa / person wey no get money) defendant wey dey convicted (na wen court or jury find persin guilty of criminal charge) of burglary without being represented by lawyer wey filed handwritten (di hand wey hand written by hand) for forma pauperis writ of certiorari wit di supreme court.",i poor (sapa / person wey no get money) defendant convicted (na wen court or jury find persin guilty of criminal charge) of burglary without being represented by lawyer filed a handwritten for forma pauperis writ of certiorari wit di supreme court.
i senate routinely (normal-normal / steady) confirm (to make sure) di president choices (different-different options).,i senate routinely (normal-normal / steady) confirm di president's choices (different-different options).
"ashington , rookings nstitute (place wey de for skul or to de research).","i washington dc, brookings institute (di midu of somtin)."
"a what about""cat"" and""cat""?","i""cat"" and""cat""?"
i court don reject di antiquated notion say public employment or education dey privilege wey require di abandonment (di act of giving something up) of constitutional rights.,"i court don reject di antiquated notion say public employment or education dey""privilege"" wey require di abandonment of constitutional rights."
"e both agree say he go win di next hill (ground wey go up but e no reach mountain), right?","e both agree he go win di next hill, right?"
"conduct semi-structured interview wit dem, wey dey seeking (to look for / desire) information about di type of summarization (di act of preparing summary (or an instance thereof)) assignment wey dem need complete for different disciplinary course and ask di participants to explain in detail di purpose and nature of di summarization tasks.","conduct semi-structured interview wit dem, seeking information about di type of summarization (di act of preparing summary (or an instance thereof)) assignments dem dey required to complete for various (many different-different types) disciplinary course and ask di participants to explain for detail di purpose and nature of di summarization tasks."
"a when we turn to discussion of type ii tests we go see say type ii tests avoid dis arbitrariness entirely (kpatakpata / everything complete), but i think say na too strong conclusion.","think say true, and when we turn to discussion of type ii analyses (to look somtin wella to sabi am) avoid dis arbitrariness entirely (kpatakpata / everything complete), but i think say too strong conclusion."
"irst, plaintiffs propose to""train members of[di] pkk on how to use humanitarian and ules and agreements (di statement (oral or written) of exchange of promises) wey control how countries relate and deal with eachother to peacefully resolve disputes.""","irst, plaintiffs propose to""train members of[the] pkk on how to use humanitarian and international law to peacefully resolve disputes"
i small window wey show wey dey look like di one show for figure 3.5. 5.,"f you use rstudio, you go see dialog box wey look like di one show for figure 3.5."
i memory no dey in nite for capacity (di highest wey somtin fit contain or do); and e seem to get worse as i get older (senior / old pass),i memory no dey nite for capacity (di highest wey somtin fit contain or do); and e seem to be get worse as i get older
"for example, because di erythrocytes (red blood cells)lack mitochondria, dey must produce der atp from anaerobic respiration.","for example, because er ythr ocyt e(red blood cells) lack mitochondria, di y must produce dia tp from anaer obic r espir ation."
i party suppose dey add di identical information wey di protective order as long as di information dey gain through means independent (di neutral or uncommitted person (especially for politics)) of di court process.,i party go disseminate di identical information wey dey covered (something wey security or insurance don take care of) by di protective order as long as di information dey gained through means independent (di neutral or uncommitted person (especially for politics)) of di court process.
i llc statutes (laws wey dem write put for book) require only di name of di llc and di contact (to touch / reach out to person / connection) information for di llc legal agent(in case someone decide to file lawsuit against di llc),i llc statutes (laws wey dem write put for book) require only di name of di llc and di contact (to touch / reach out to person / connection) information for di llc's legal agent(in case someone decide to file lawsuit against di llc).
"irst amendment (wey go bring freedom to pipo) require say di goment's chosen (picked / de one wey dem select) restriction on di speech for issue be""actually necessary""to achieve (to make am / reach target / blow) its interest.","irst amendment (wey go bring freedom to pipo) require say di goment's chosen (picked / de one wey dem choose) restriction on di speech for issue be""actually necessary""to achieve (to make am / reach target / blow) im interest."
"i president george w. bush, for example, initially appointed (picked / dem don choose person) chief justice roberts to court of appeal judgeship for 2001, but he no confirm (to make sure) until 2003, afta republi don dey regained control of congress for midterm election (di process wey pipu de use take vote).","i president george w. bush, for example, initially appoint chief justice roberts to court of appeals (to carry mata go higher court because you no gree) judgeship for 2001, but hin no confirm until 2003, after republicans regained (bin reject / talk say no be so) control of congress for midterm elections."
"i legal positivist go most certainly comply (to follow rule / obey wetin dem talk) wit law wey require compulsory (for rule wey dey required by rule) conscription (di compulsory military service service compulsory military service), though hin or she go use oda legal channel to try to change di law.","i legal positivist go most certainly (kpam-kpam / true-true / without doubt) comply wit law wey require compulsory conscription, though hin or she go use oda legal channels to try change di law."
"em examine figure 7. 2 ""a coworker attack""","i examine figure 7. 2 ""a coworker attack""."
i parties wey dey afford to pay for dis service don afford substantial benefit for no having to wait (to stay / hold on / delay) to get dia case hear for di public court.,i parties wey fit afford to pay for dis service don substantial benefit for no having to wait (to stay / hold on / delay) to get dia case hear for di public court.
help keep us honest (to de always talk true and to no do wayo),help keep us honest (to carry pickin take as your own / follow a style)
i demographic statistics dey highlight di several marked differences among di neighboring cities.,i demographic statistics highlight several marked differences among dis neighboring cities.
"i minors (small children / under-age) lack legal capacity (di highest wey somtin fit contain or do), but dem no enter into contracts wey dem cancel for dia sole (only one / him alone) option.","i minors lack legal capacity (di highest wey somtin fit contain or do), but dem go enter into contracts wey dem cancel for dia sole option."
i supervisor tok say ledbetter receive top performance award for 1996.,"i supervisor acknowledge say ledbetter receive""top performance award""for 1996."
"i koko stumbling blocks nato offer faculty development on l2 writing, however, na say wac program directors (big ogas wey dey control company) don feel equipped to do so.","ne of di main stumbling blocks to offer faculty development on l2 writing, however, na say wac program directors (deep students / book people) often don feel equipped to do so."
nfluence of international human rights agreements (di statement (oral or written) of exchange of promises) on public opinion.,i influence of international human rights agreements on public opinion.
i constitution go find justification (reason why dem do wetin dem do) for such deprivation of di historic (something wey big for history) powers of di states dey to misconceive di idea of freedom of thought and speech as guaranteed (sure / dem promise) by di constitution.,i historic power of di states dey misconceive di idea of freedom of thought and speech as guaranteed (dem don gree / dem don give permission) by di constitution.
"owever, there dey need to be significantly deeper understanding of these issues if we go be able to truly support immigrant and refugee families to thrive and flourish for . .","owever, there need to be affignificantly deeper understanding of dis issues if we dey do to be able to truly support immigrant and refugee families to thrive and flourish for . ."
i idea dey avoid proprietary software na good idea.,i avoiding proprietary software dey good idea
i strings for di print statement dey enclosed for quotes (the exact words wey dem write or talk somewhere).,i strings for di print statements dey enclosed (bin change small-small / adjusted) for quote.
i rst order of business dey to determine if di discrepancy between human choice and robot choices (different-different options) for di group of related numbers or data wey belong together dey statistically signi cant.,"i question of why di humans (pipo) fit be more likely to choose di data le for di moment(which dey seem quite odd, admittedly), awa rst order of business dey determine if di discrepancy between human choices (different-different options) and robot choices for di group of related numbers or data wey belong together dey statistically signi cant."
"i first numbers 2population variance no dey known for sure ^2estimate of di population yes, but no di same as di variance sample variance 7okay, i'm hid something else here.","or sure ^2estimate of di population if, but no di same as di variance sample variance 7okay, i dey hiding something else here."
e reiterated dis view on numerous (plenty-plenty / dem many) occasions and hin reiterated dis view on numerous occasions,i view on numerous (plenty-plenty / dem many) occasions.
"try create few dierent variables of your own, and then ask yourself questions like\how do i get rto spit out all di elements wey dey [blah]","try create few dierent variables of your own, and then ask yourself questions like\how do i get rto spit out all di elements wey dey[blah]"
i third assumption na say di spread for all di pipo dey di same for both groups.,i third assumption na say di population howe dey spread na di same for both groups.
"also know say i don get young kids, and you no be all wey surprise to know say i dey forgetful about dis sort of thing.","i oda hand, you also know say i get young kids, and you go need all dat surprise to know say i dey forgetful about dis sort of thing."
"dey tok above, na three distinct (different / clear) claims wey we dey buri for dis one statement, and we go consider dem separately.","dey three distinct claims buried for dis one statement, and we go consider dem separately (freedom / right to do wetin person like)."
"i dct, like di pct, dey tortuous and formed (bin make / bin arrange or build) by simple cuboidal epithelium, but e dey shorter than di pct.","i pct, like di pct, dey very tortuous and form by simple cuboidal epithelium, but e dey shorter than di pct."
i judgment.,"i white, j, filed opinion con curring for di judgment."
"f one""asks (to ask / request) teachers about di problem students get wit reading, dem go invariably say students no read and no read""and say contemporary students no dey unable""to read complex text wit full understanding""(para.","f one""asks teachers about di problems students don wit reading, dem go invariably (kpam-kpam / true-true / without doubt) say students no read and no read complex text wit full understanding""(para."
"f true population mean denoted, then we go use^ to talk about awa estimate of di population mean","f true population mean dey denoted, then we go use^ to talk about awa estimate of di population mean."
mmigrant workers for . . labor force.,mmigrant workers for di u. s. labor force.
"i pancreas releases most of di digestive enzymes, including di pr otease tr ypsin, ch ymotr ypsin, and elas tase, wey aid protein digestion.","i pancreas release most of di digestive enzymes, including di pr oteases tr ypsin, including di pr oteases tr ypsin, ch ymotr ypsin, ch ymotr ypsin, and elas tase, wey aid protein digestion."
"i survey data, along wit di translingual diories and practices wey dem endorse, inform (to tell / give info) di authors' reconceptualization of di academic writing course and dia approach to infusin more writing into di general education curriculum, an approach wey dey reli on di varied language expertise of faculty across di disciplines (areas of study or field of knowledge).","i survey data, along wit di translingual diories and practices wey dem endorse, informed (person wey sabi wetin dey sup / dem don tell am) di authors (di pipo wey write am)' reconceptualization of di academic writing course and dia approach to infusing more writing into di general education curriculum, an approach wey dey relies on di varied language expertise of faculty across di disciplines."
"or if di part of government wey dey carry out and enforce laws— led by resident or rime inister seeks (person wey dey find / look for) judicial aid for prevent publication, e must submit (give / hand over) di basis wey dem dey scrutiny (to check mata with searchlight / deep inspection) by di judiciary.","i executive (de branch of gofment wey dey run de land) branch seek judicial aid for preventing publication, e must inevitably submit (give / hand over) di basis upon which say aid dey sought (bin find / bin look for) to scrutiny (to check mata with searchlight / deep inspection) di judiciary."
em suppose say we get two variables wey we dey interest for; perhaps we go use both dan. sleep and baby. sleep to predict di dan. grump variable.,em suppose say we get two variables wey we dey interest for; perhaps we wan use both dan. sleep and baby. sleep to predict di dan. grump variable.
i effect provides (to provide) one w ay of telling if a person wit diabetes dey pr operl y controlling (oga-ship / to manage how things go) di disease.,i effect provide one w ay of telling if person wit diabetes dey pr operl y controlling di disease.
"i sort of robust political debate (fomal talk where two pipu dey talk against each oda) wey di firstamendment dey bound (something wey must happen / person wey law tie down) to produce speech wey dey critical of those wey hold public office or those public figures wey dey involved for di resolution of important public question or, by reason of dia fame, shape events for areas (different sides / locations) of concern to society at large.","i sort of robust political debate (fomal talk where two pipu dey talk against each oda) encourage (to ginger / support) by irst amendment (wey go bring freedom to pipo) dey bound to produce speech wey dey critical of those wey hold public office or those public figures wey dey intimately involved for di resolution of important public questions or, by reason of dia fame, shape events for areas of concern to society for large"
etin aspects (different sides of de mata) of your background fit increase tolerance of ?,i aspect of your background go increase tolerance of ?
"f you dey frequentist (one wey like frequency way), a probability go only dey dened for terms of what dey happen after large number of independent (di neutral or uncommitted person (especially for politics)) replications (i. e, long run frequency).","f you dey frequentist (one wey like frequency way), a probability fit only be de ned for terms of what dey happen after large number of independent (di neutral or uncommitted person (especially for politics)) replications (i. e, along run frequency)."
no too hard to get rto do am,no too hard to get rto do am
"i ph range of urine na 4. 5 to 8. 0, and dey affected by diet.","i ph range of urine dey 4. 5 to 8. 0, and dey affected by diet."
or thinking (to reason / deep thought) about di implications (wetin something fit cause or mean) of di collection as a whole: what research don dey carried (bin carry / bin move load) out on wid and english l2 outside of di us?,i research don dey carried (bin carry / bin move load) out on wid and english l2 outside of di us?
i . . resident dey set i highest (de oga kpatakpata / top level) number of refugees wey one country set as limit to accept per year each year wey identify di number of refugees wey fit dey granted (dem don gree / dem don give permission) refuge for di country.,i united state president setsarefugee ceiling each year weyidentifies (na agreement wey allow persin use anoda persin property for regular payment) thenumber of refugees wey dey grant refuge for di country. . . . . . . . . . . . . . . . . . refugee policy).
i legislative (concern people wey dey make law) body for di federal level.,i legislative body for di federal level.
"i suit(hearts, club, spades or diamonds) wey pipo dey choose.","e go make we look na di suit(hearts, clubs, spades or diamonds)that pipo chose."
dey transform or recoding a variable.,i variable dey transforming or recoding a variable.
i first question be?,i first question be?
"i felix dey struggled wit di dialect for zora neale hurston's eyes dey watch god(1937 2006)and tok say,""for me, e no dey english","i dialect for zora neale hurston's dia eyes dey watch god(1937 2006) and state,""for me, e no dey english."
ry to determine wey type of law go control or be determinative of di outcome.,i try to determine which type of law go control or be determinative of di outcome.
"think say xis text, so e no go allow me to try to do mathematics use am","think say xis text, so e no go allow me to try to do mathematics using am"
i fact say there dey some contention (dragging / wetin person talk for argument) over exactly how you go do am,i fact say na some contention (dragging / wetin person talk for argument) over exactly how you dey suppose do am
"or balanced design, all of awa cell frequencies (di number of occurrences wey dey within given time period period) dey equal by de nition, so di two dey equivalent (di same thing).",i two dey equivalent (di same thing).
"i easement dey create expressly (direct / dem talk am clear-clear) or impliedly, and e generally give pipo di right to use one land for particular purpose.","i easement dey create expressly (di expression wey dey characterized by expression) or impliedly (kpam-kpam / true-true / without doubt), and e generally give pipo di right to use one land for a particular purpose."
a one hundred dollar'?,ne hundred dollars'?
is kind of major change fit lead to loss of identity (who person be / real name and face) and purpose.,i kind of major change fit lead to loss of identity (who person be / real name and face) and purpose.
"i observed (bin see / follow rule) -statistic dey 2:26, why no calculate di area under di curve below 2:26 or above 2:26?","i observed (bin talk wetin happen / record) z-statistic na 2:26, why no dey calculate di area under di curve below 2:26 or above 2:26 or above 2:26 or above 2:26?"
"f we dey calculate di standard scores, we get z=(35−17) 5=3.6 for grumpiness (crossness) and z=(2−13) 4= −2.75 for extraversion (how person dey social).",e getzp3517q{53: 6 for grumpiness (crossness) and zp213q{42: 75 for extraversion.
"or dis manner (way / style / how person take do am), sheppard's right to a trial free from outside interference (na wrongful disruption or obstruction of anoda persin legal right or business) would get been given added (bin join follow / increase) protection without corresponding curtailment of di news media.",heppard's right to trial free from outside interference (na wrongful disruption or obstruction of anoda persin legal right or business) go give added protection without corresponding curtailment of di news media.
em get all of hin schooling for english,"i guam, martin don all of hin schooling for english."
i cross burner intend (plan to / mind set) say di recipient (person wey collect) of di message fear for dia lives (different people life).,"i cross burning cross no inevitably (kpam-kpam / true-true / without doubt) convey (to pass message / move something from  to ) message of intimidation, often di cross burner intend say di recipients of di message fear for dia lives (different faces / parts)."
"is, sl writing programs, wey dey designed (bin arrange / build follow plan) to socialize di oda language wey you learn writers into di target academic community, often incorporate summary writing as important component of di curriculum.","i esl writing programs, wey dey design to socialize di oda language wey you learn writers into di target academic community, often incorporate (tin wey concern big business join-body) summary writing as important component of di curriculum."
"dey simple, and e seem to capture di common-321 sense idea of what e mean say i am\95% con dent","dey simple, and e seem to capture di common-321- sense idea of what e means to say i am\95% con dent"
"i hing"" wey i dey hidin dey weird (strange) and counterintuitive even by di admittedly distorted standards wey apply for statistics.","i hing"" wey i dey hiding dey weird and counterintuitive even by di admittedly distorted standards wey apply for statistics."
i one wey dey tend ( usually be like say / e get style to) to convey message of respect for di flag by burning am for public square suppose nonetheless (even as e be so / still yet) be guilty of desecration if dem know say dem misperceive di intended message- go dey seriously (no be play-play / with full seriousness) offended if dem know say oda- perhaps simply because dem misperceive di intended message- go be seriously offended if dem know say oda- perhaps simply because dem misperceive di intended message- go be seriously offended.,ne intending to convey (to pass message / move something from  to ) message of respect for di flag by burning am for public square go nonetheless (even as e be so / still yet) be guilty (to get hand for bad tin / kote don find am bad) of desecration if hin know say oda- perhaps simply because dem misperceive di intended message- go dey seriously offended.
"type""hello (how dem de greet person)"" or'hello' tok say e go treat di text for between di small marks for around words as character string.","i type""hello (how dem de greet person)"" or'hello' thenrknow say e go treat di text for between di quote marks as character string."
"is one take us out of di dreary domain (area / website address) of di z-test, and into di magical kingdom (country wey get king or queen) of di t-test, with unicorns and fairies and leprechauns, and um.","is take us out of di dreary domain (area / website address) of di z-test, and into di magical kingdom of di t-test, wit unicorns and fairies and leprechauns, and um."
i experience of di work wit multimedia source texts (written words / messages) for her elective dance and design classes (groups for school / different kinds).,i leslie also get di experience of work wit multimedia source texts (written words / messages) for her elective dance and design class.
byzantium' s calls for military (soja mata / army) aid from western europeans ford face of d growing threat of d ottoman turks ford east remained unanswered (we no return for kind kind).,i byzantium's call for military (soja mata / army) aid from western europeans for di face of di growing threat of di ottoman turks for di east remain unanswered.
"work, and  stay alive long enough to getaway.'","dey work, and i stay alive long enough to getaway"" (brabeck, & guzman, 2008, p. 1287)."
"ee table 10.1 ""summary of computer fraud plus abuse act compromising confidentiality provisions""[6] for a summary of di provisions wey carry criminal punishments (di act of punishing di act of punishing di act of punishing), as well as di statutory sentences (prison time / group of words).","i summary of computer fraud and abuse act compromising confidentiality provisions""[6] for summary of di provision wey carry criminal punishments (di act of punishing di act of punishing di act of punishing), as well as di statutory sentences (prison time / group of words)."
iscussion questions— 1. hink back on your own family history.,i discussion questions 1. think back on your own family history.
"i state of di world's refugees 2006: human displacement for di new millennium (for 1000 years, a span of 1000 years).",i state of di world's refugees 2006: human displacement for di new millennium.
"i courts dey refuse (to no gree / to reject) to grant citizens a right to privacy, do you believe am appropriate for di courts to do so?","f elected (bin choose through voting) legislature refuses (to drag price / reason am) to grant citizens right to privacy, do you believe e dey appropriate for di courts to do so?"
i suppose start out wit data setmyrawdata.,i suppose you start out wit data setmyrawdata. csv.
i length()function go do dis,i length()function to do dis
"s i ask am to calculate 2+2, e no give di same answer, and e no dey bloody 5:>2+2","i same answer, and e no dey bloody 5:>2+2 [1]4 ofcourse, so far ris just do di calculations."
"for example, suppose you want to take input from di user until dem type.","for example, suppose you wan take input from di user until dem type done."
"i e xchang e wit potassium participate for di e xchang e wit sodium for di renal tubules under di influence of aldos terone, wey also relies ( lean on / trust) on basolateral sodium-potassium pumps.","i potassium participate for di e xchang e wit sodium for di renal tubules under di influence of aldos terone, wey dey relies ( lean on / trust) on basolat eral sodium-potassium pumps."
i sounds even better,i sounds even better.
"i bona fide purchaser (na di persin wey buy di property or goods or rights) dey simply a purchaser wey dey take title for good faith (di strong belief wey person get in somtin or person), wit no knowledge of competing (dragging / to contest with oda people) claims to title","i bona fide purchaser dey simply purchaser wey take title for good faith (di strong belief wey person get in somtin or person), wit no knowledge of competing claim to title."
"i group wey engage for unlawful (something wey law no gree / illegal) activity no deprive di plaintiffs of irst amendment (wey go bring freedom to pipo)'s protection under any traditional ""categ orical"" exception to dia protection.","i group wey engage for unlawful (something wey law no gree / illegal) activity also no deprive di plaintiffs of irst amendment (wey go bring freedom to pipo)'s protection under any traditional ""categ orical"" exception to its protection."
"i supreme court wey di supreme court hold for favor (to help person / partial follow-up) of di distributor and car dealer, finding say e no fit avail di privileges wey kom from do business for oklahoma.","i supreme court tok for favor (to help person / partial follow-up) of di distributor and car dealer, finding say neither don ""purposefully availed"" themselves of di privileges wey kom from do business for oklahoma."
"dey bizarre:^ 2is and unbiased estimate of di population variance 2, but wen you take di numba wey if you multiply am by itself, e go give you the original numba, we dey call am squa root (di main place wey everything start), but for pidgin, we fit say 'numba wey e be root of anoda numba', e turnout say^ dey biased estimator of di spread for all di pipo.","is dey just bizarre:^ 2is and unbiased estimate of di population variance 2, but wen you take di square root (di main place wey everything start), e turnout say^ dey biased estimator of di population howe dey spread."
"is give very good solution to di problem, but e important to know say e no be perfect ( set / e correct well-well), and e hard to do am perfectly.","is dey important to recognise (to know) say e no dey ideal, and hard to pull o perfectly."
"ninhibited, robust, and wide-open"" debate (fomal talk where two pipu dey talk against each oda).","i public questions wey dey ""uninhibited (we no dey known or well known or well known), robust, and wide-open"" debate (fomal talk where two pipu dey talk against each oda)."
assume say di residuals dey normally distributed (how dem put themselves).,i residuals dey normally distributed (how dem put themselves).
"a interview question wey dey discuss""writing wit accent""or specific di words""ethnicity,"" or""race,"" three of di five students dey perceived (as eye see am / tink say) one or more of di latter (de second one / de one wey follow) as identifying (finding out / sabi) markers of being linguistic, cultural minority for di wi classroom.","i nielsen138while no interview question discuss""writing wit accent""or specified (dem mention am clear-clear) di words""accent""or specified (dem mention am clear-clear) di words""accent,"" ""ethnicity,""or ""race,""three of di five students perceived one or more of di latter as identifying markers of being linguistic, cultural minority for di wi classroom."
"i district court preliminarily enjoin petitioner from denying (to say ""o"" / reject) kqed news personnel (staff / workers / people wey dey work for company) and responsible representatives of di news media access to di santa rita facilities, including greystone, ""at reasonable times and hours""and ""for preventing (to stop wahala before e start) kqed news personnel and responsible representatives of di news media from utilizing photographic and sound equipment or from utilizing inmate interview for providing full and accurate coverage of di santa rita facilities, including greystone, ""at reasonable times and hours","i district court preliminarily (kpam-kpam / true-true / without doubt) enjoined petitioner from denying (to say no / rejection) kqed news personnel and""responsible representatives (people wey dey stand for oda people / agents) of di news media access to di santa rita facilities, including greystone, ""at reasonable times and hours""and ""from prevent kqed news personnel and responsible representatives of di news media access to di santa rita facilities."
"i enzyme r enin, wey play ac entr al role for blood pressure regulation.","i jga cells pr oduc e di enzyme r enin, wey play ac entr al role for blood pressure regulation."
any such burning of across shall be prima facie evidence of an intent to intimidate a person or group of persons.,i any such burning of cross shall be prima facie evidence of intent to intimidate person or group of persons
ow does di supreme court do its work?,ow does di supreme court do im work?
"ut to find participants and collect data take time, so you still dey find new pipo for ebruary 2011.","ut nding participants and collect data take time, so you still nding new pipo for february 2011."
a one of di problems wey i saw na di books,ne of di problem wey i saw na di books
"i modern (new school / latest style) system wey dey control komputa hardware and give chance to odas programs to run well, make dem function as dem suppose dey good for keeping track of di time and date, and fit even handle all those annoying (e dey vex) timezone issues and daylight savings well.","s e dey happen, modern (new school / latest style) operating systems dey good for keeping track of di time and date, and fit even handle all di annoying timezone issues and daylight saving (something wey miss / person wey no find im way) dey well."
or di second of three cross-disciplinary graduate writing courses (subjects wey student dey learn for school) wey dey design for international multilingual writers and wey dey taught (bin teach) by faculty from di tesol program.,"i time, enrolling for di second of sequence of three cross-disciplinary graduate writing course wey dey design for international multilingual writers and wey dey taught (bin teach) by faculty from di tesol program."
"i arbitration dey adversarial process like trial, and e go produce winner and a loser","i arbitration dey adversarial process like trial, and e go produce""winner"" and""loser"""
"understand dis things, di rench inquisitorial system dey quite dierent.",i french inquisitorial system dey quite dierent
"s you see, each of di oda high level plotting command wey we go talk about go only get smallish number of additional options (ways wey you fit do).","s you see, each of di oda high level plotting commands wey we go talk about go only get smallish (to show de difference between two things) number of additional options (ways wey you fit do)."
"when we dey program, we gats always dey think, ""wetin fit go wrong?""","e must always be thinking (to reason / deep thought),""what go wrong?"""
i constitution no allow all such conflicts (wahala / fight / misunderstanding) to decide for di goment favor (to help person / partial follow-up).,i constitution no allow all such conflicts (matter of church or mosque / person wey follow od) to be decide for di goment's favor.
"as long as di drug variable don declare (to talk am out / announce) to be factor, rwill automatically translate am into two binary contrast variables, and go perform di appropriate analysis.","s long as di drug variable don declare (to talk am with full chest / claim) to be factor, rwill automatically translate am into two binary contrast variables, and go perform di appropriate analysis."
"a either one dey use anywhere near as frequently (for short intervals, many times for short intervals) as di wetin dem dey use capture de middle or de typical value for data, like mean, median, and mode, wey dem dey call measures (to measure) of central tendency, be say na way to sabi de value wey dey represent de whole group and variability (how numbers dey different) wey we dey talk about.","i neither (no be one or di other) one dey use anywhere near as frequently (for short intervals, many times for short intervals) as di measure of central tendency and variability wey we dey talk about."
"e no tell dibarplot() function wey di labels (akwele wey dem dey mark for somtin to identify am) dey, obviously, because we no tell dibarplot() function wey di labels dey","no get any label, obviously (kpam-kpam / true-true / without doubt), because we no tell dibarplot() function what di labels dey!"
ut xml dey more selfdescriptive than json and so e dey some applications (different programs) wey xml retain (to keep / hold on to) advantage (upper hand / better chance).,i xml dey more selfdescriptive than json and so na some applications wey xml retain (to keep / hold on to) advantage (upper hand / better chance).
"he dey want you to eat di bread,'hmed tok.","em tok say you to eat di bread,""ahmed tok."
"orse still, most researchers ""internalise (to make am part of you)"" dis bias, and dem end up self-censoring dia own research.","i bias, and end up self-censoring dia research."
"f you wan to ensure say di widetolong() function appli sensible name, you need to specify di name of di within-subject factor.","f you wan ensure say di widetolong() function applies (dey work) sensible name, you go specify di within argument, wey dey just character string wey dey specify di name of di within-subject factor."
i key thing here dey di tension between di increase for balance online 16 and di decrease (make somtin de turn to small) online 17.,i key thing here dey di tension between di increase for balance online 16 and di decrease (make somtin de turn to small) online 17.
i justice to am sheppard,ustice to sam sheppard
i worry na say di error dey systematic.,i worry na say di error dey systematic
"i court to hold say di interest for truthful discourse alone (only one / by imself) dey sufficient (di quantity wey fit fulfill need or requirement but without being abundant) to sustain ban on speech, absent (make person or somtin no de available somwhere) any evidence say di speech dey use to gain material advantage, e go give goment abroad censorial power unprecedented for dis court's cases or for awa constitutional tradition.","i court to hold say di interest for truthful discourse alone (only one / by imself) dey sufficient to sustain (to get / collect / catch) material advantage (upper hand / better chance), e go give government abroad censorial power unprecedented for dis court case or for awa constitutional tradition."
ssess disadvantages (di quality of having inferior or less favorable position) plus dangers (risks / wahala) of doing business as a sole (only one / him alone) proprietorship.,i disadvantage (di quality of having inferior or less favorable position) and dangers of do business as sole (only one / him alone) proprietorship.
"dditionally, di utilization of family and friends as interpreters dey often ineffective (di intended effect no produce di intended effect) as family and friends fit not be accurately (for few mistakes wit few mistakes wit few mistakes wit few mistake) able to translate complex medical information and ensure accurate understanding of complex medical language, treatments, interventions or outcomes (di results wey e give) wey dey necessary for healthcare i proses to chuze di best tin to do, as dem don gada tori and sabi wetin dey suppose do, den dem go yuz am take decide.","i utilization offamily and friends as interpreters dey isoften ineffective as family and friends no be accurately able to translate complex medical information and ensure accurate understanding ofcomplex medical language, treatments, interventions (di act of intervening (as to mediate dispute, etc.)) oroutcomes wey dey necessary for healthcare decision make(flores, 2006)."
i reason wey dey why[fighting words]dey outside irst amendment (wey go bring freedom to pipo),"go apply to di st. paul ordinance (local government law / official order), since ""di reasons why[fighting words]dey outside irst amendment (wey go bring freedom to pipo)."
i plaintiffs simply disagree ( no gree / drag mata) wit di considered judgment of ongress and di executive (de branch of gofment wey dey run de land) wey provide material support to a designated foreign terrorist organization--even seemingly benign support --bolsters di terrorist activities of dat organization.,"or bottom (down-down / base), plaintiffs simply disagree wit di considered judgment of congress and di executive (de branch of gofment wey dey run de land) wey providing material support to designated foreign terrorist organization--even seemingly benign support --bolsters di terrorist activities of dat organization."
e start wit very simple file of words wey dey aken from di text of romeo and juliet,em start wit very simple file of words wey dey take from di text of romeo and juliet.
"i element fit get some text, some attributes(e. g, hide), and oda nested elements.","i element fit get some text, some attributes(e. g, hide), and oda nested elements."
i pr eser vation of vascular volume dey critically (importantly) important f or di maint enanc e of normal blood pressure.,i pr eser vation of vascular volume dey critically important f or di maint enanc e of normal blood pressure.
i fundamental constitutional principles require say laws enacted (dem don sign am into law) to honor di brave must be consistent wit di precepts of di constitution for which dem fought.,i fundamental constitutional principles require say laws enacted to honor di brave must consistent wit di precepts (different styles / papers to fill) of di constitution wey dem fought.
"i probably alot more issues like dis to think about, but dat fit do to start wit.","dey probably alot more issues like dis to think about, but e go start wit."
"owever, erson from another country wey get legal right to stay permanently but no be citizen yet aliens remain citizens of their home country, must maintain residence (na place wey persin dey live or keep as permanent home) for . . to maintain their status, must renew their status every 10 years, and no fit vote (to choose leader / drop thumbprint) for federal elections (voting tayam / to choose leader).","owever, em remain citizens of their home country, must maintain residence for . . fororder tomaintain dia status, must renew dia status every 10 years, and no vote (to choose leader / drop thumbprint) forfederal elections (uscis, 2015)."
"i existence (to dey alive / stay for ground) of adequate contentneutral alternatives wey dey undercut significantly""any defense of such statute, casting considerable doubt on di goment protestations say""the asserted (bin talk am with full chest / claim) justification (reason why dem do wetin dem do) dey for true accurate description of di purpose and effect of di law.","i existence (to dey alive / stay for ground) of adequate contentneutral alternatives thus""undercut[s] significantly""any defense of such a statute, casting considerable doubt (shaking mind / when person no sure) on di goment protestations say""di asserted justification (reasons why things dey happen) dey in fact accurate description of di purpose and effect of di law."
"s you use di\just columns""way of indexing one kind of table, using only single index, rassume say you dey think about di one kind of table as if e dey list of variables.","i\just columns""way of indexing one kind of table, using only single index, rassume say you dey think about di one kind of table as if e dey list of variables."
dey because e dey several exception to di requirements for search warrant (official paper to arrest person or search house).,is dey because e dey several exceptions (di message wey dey describing how something dey done) to di requirements for search warrant (official paper to arrest person or search house).
e no ask awa authors (di pipo wey write am) to use di term l2,e no ask awa authors (di pipo wey write am) to use di term l2.
i second answer na correct.,i second answer dey correct
"i development of cervical cancerin most case, cells dey infected wit di hpv virus heal on dia own.","i clusters fit change for size depending on di figure 27. 16 development of cervical cancer for most case, cells infected wit di hpv virus heal on dia own."
i act of deciding (to choose / finalize decision) how to breakup your application data into multiple table and establish di how two things dey related di table dey call data modeling (using math to represent how a real thing work).,i act of deciding how to breakup your application data into multiple table and establish di relationships (how people follow deirselves / connections) between di table dey call data modeling.
"i justice thomas join as to parts i and ii, wey justice thomas join as to parts i and ii, concurring for part, and dissenting for part.","i justice thomas join as to parts i and ii, concurrin for part, and dissenting for part."
"i statement for di bodi of di forloop to english no dey direct as di while, but if you think of friends asset (property / wetin person get), e go like dis:""run di statement for di bodi of di for loop once for each friend wey dey named (mention name / title) friends","f you think of friends as set, e go like dis:""run di statements for di bodi of di for loop once for each friend for di set named (mention name / title) friends"
"i company don violate (to break law / go against rule) law, however, e must hold accountable.","f a company does violate (to break law / go against rule) law, however, e must dey held (wetin person tink say go happen) accountable."
"for example, if leki's (1995)student julie don provide opportunity (chance / open door) to reflect on di rhetorical choice she dey make while composing (making / writing) her history paper, her teacher go gain important insights into julie's reasons for""rewriting di terms of di assignment to suit (na wen one persin carry anoda persin go court to seek justice) wen she go fit do best"" (leki, 1995, p. 243).","f leki's (1995)student julie don provide opportunity (chance / open door) to reflect on di rhetorical choices (different-different options) she dey provide opportunity (chance / open door) to reflect on di rhetorical (talk for talk sake / grammar) choices she dey make while composing her history paper, her teacher don gain important insights into julie's reasons for""rewriting di terms of di assignment to suit what she thought she go do best"" (leki, 1995, p. 243)."
"or dat end, rhas a function wey called dbinom() wey dey calculat binomial probabilities (di measure of how likely e dey say some event go occur) for us",i rhas a function wey dey call dbinom() wey calculates binomial probabilities (di measure of how likely e dey say some event go occur) for us.
f i do di meeting (gathering / discussion group)?,i meeting (gathering / discussion group)?
"as for i fit tell say nothing mathematically (we dey respect to mathematics wit respect to mathematics) incorrect about di way frequentists (one wey like frequency way) think about sequences of events, and nothing mathematically incorrect about di way wey bayesians (one kind of statistical method) dey think about sequences of events, and nothing mathematically incorrect about di way wey bayesians dey think about sequences of events, and nothing mathematically incorrect about di way wey bayesians dey think about sequences of events, and nothing mathematically incorrect about di way wey bayesians dey think about di","nothing mathematically (for bottom or by one's (or its) very nature) incorrect about di way frequentists (di measure of how likely e dey say some event go occur) think about sequences of events, and nothing mathematically incorrect about di way wey bayesians de ne di beliefs (wetin you believe) of rational agent."
nybody wey dey currently (for now / as we dey so) alive?,i currently (for now / as we dey so) alive?
o wetin be di true di average  for di entire population of ort irie?,i true mean iq for di entire population of port pirie?
at mean say you need to think about how you show am.,i means you need think about framing
i remember say we dey also relying (to lean on / trust person) on sample estimate of di howe dey spread; and so we also require di sampling distribution of ^ to be chi-square.,"i however, remember say we dey relying on sample estimate of di howe dey spread; and so we also require di sampling distribution of ^ to be chi-square."
i examples for interactive mode (di one wey show most) make sure you understand what dem do,i examples for interactive mode (di one wey show most) to make sure you understand what dem do.
"or one way wey e fit be, if you go wan get rto draw nice clean (neat / no stain) lines through di data for you, na use di scatterplot() function for di carpackage.","f you do wan to draw nice clean line through di data for you, nato use di scatterplot() function for di carpackage."
or real life na hard to do well,i real life dey hard to do well
"i first line construct an object of type list, di second and third line call di sort()method, di fourth (number four) line call di sort()method, di fourth line call di sort()method, di fourth line call di sort()method, and di fifth line retrieve di item (single thing / article) for position 0.","i first line construct object of type list, di second and third line call di sort()method, and di fifth line retrieves di item (single thing / article) for position 0."
a dis be di difference between variables wey dey continuous and variables wey dey separate.,is na di distinction (di difference) between continuous variables and discrete variables.
e assume i'm ipping di coin n20 times,e assume i dey ipping di coin n20 times.
i question do you notice about di question?,i questions wey you notice about di questions?
i court don careful (to look well / watch out) to instruct say fakeity no fit suffice to bring di speech outside di firstamendment.,i court don careful (to look well / watch out) to instruct say falsity alone (only one / by imself) no suffice to bring di speech outside irst amendment (wey go bring freedom to pipo).
"i suppose be signi cant too, but my larger (wey big pass) margin; no ambiguity about dis for all.","is go obviously be signi cant too, but my larger (wey big pass) margin; na really no ambiguity about dis at all."
e don done awa part na long past time for congress to do am.,e don done awa part e dey long past time for congress to do its
i rjson package dey support di rjson package.,i reading and writing json objects (things / items) dey support through di rjson package.
ind comot how class-action lawsuits (court cases / dragging for kote) be organized (well-arranged / follow order) plus prosecuted (bin charge to court).,em find out how class-action lawsuits (when family members wey been separated finally come back together) dey organized and prosecuted (person wey put body for de work).
em know say state and federal goment don share power and say di rules of subject matter jurisdiction determine which legal system don jurisdiction over particular matter or controversy.,i state and federal goment sometimes share power and say di rules of subject matter jurisdiction determine which legal system don jurisdiction over a particular matter or controversy.
i purpose dey progress (movement / improvement),i purpose dey progress (movement / improvement)
i sometimes you go see your opponent move hin or her knight two space in one direction (which way e dey go) and then one space for another,ometimes you go see your opponent move hin or her knight two spaces for one direction (which way e dey go) and then one space for one.
"i sepsis dey socialt ed wit sexual (mata wey concern body-to-body) ly transmitted bacterial infections, specially gonorrhea and chlam ydia.","i sepsis dey also as sociat ed wit sexual ly transmitted bacterial infections, especially gonorrhea and chlam ydia."
istrict liability dey and wen e dey applies (dey work),e dey explore what strict (no-nonsense / follow de rule exactly) liability dey and wen e applies (dey work).
"additionally, business dey prohibited from using deceptive (wayo / to trick person) advertising and dey hold responsible wen dem manufacture (di organized action of making goods and services for sale for sale) or sell defective (na wen something no meet required standard or no work proper) products wey dem use injury.",i business dey prohibited (law say make person no do am) from using deceptive advertising (publicizing market / make people sabi wetin you dey sell) and dey hold responsible (di worthy of or requiring responsibility or trust) wen dem manufacture or sell defective products (all de things wey dem produce to sell) wey cause injury.
"i howe dey spread, let make we look di variance.","efore tackling di howe dey spread, make we make we look di variance."
em show main eect of factor b but no eect of factor a.,i panel(b) show main eect of factor b but no eect of factor b but no eect of factor a.
"efugees dey eligible (qualified / e follow) for all oney and services wey government give to pipo wey need help offered to citizens, such as temporary (for now-now / e no go last) assistance for needy families and edicaid ( government health insurance programme wey dey help poor and low-income people).","i refugees dey eligible (qualified / e follow) for allwelfare (small-small write-up / observations) benefits (better-better tins wey person gain) offered to citizens, such astemporary assistance forneedy families and medicaid."
"for example, children sometimes dey sent (dem don dispatch am / e don travel go) ahead (to de in front of somtin or person) to another camp wey dey thought to be safer, leading to separation (di state of lacking unity) from their parents.","i children deysometimes send ahead (bin start / how e take take off) to one camp wey dey thought to besafer, leading (de oga for de group / showing road) to separation (di state of lacking unity) from dia parents."
"em go ask congress to pass new law, such as di afa.","em go ask congress to pass new law, such as di afa."
"go suggest na say not dat one doing say you goto start rin di usual (normal-normal / as e dey always be) way4if you wan to, but what i go suggest na say not dat one do say you go now install rstudio","i usual (normal-normal / as e dey always be) way4if you wan to, but what i go suggest na say instead of do say you go now install rstudio."
i learning statistics wit r package wey dey accompanies dis book,i learning statistics wit r package wey accompanies dis book
"i constitution and like many oda virtues dem no go legislate, but press responsibility no mandated by di constitution and like many oda virtues dem no go legislate.","i responsible (di worthy of or requiring responsibility or trust) press dey undoubtedly desirable goal, but press responsibility no dey mandated by di constitution and like many oda virtues (responsibilities / wetin person gats do) no dey legislated."
"i default parameters of di rnorm() function dey mean=0 and sd=1, i go shorten di command to rnorm( n=1000 )","i default parameters of di rnorm() function dey mean=0 and sd=1, i go shortened di command to rnorm( n=1000)."
e go ask you to choose whether you wan di desktop version or di server version.,i download button (di tin to press to start or control somtin) on di homepage e go ask you to choose whether you wan di desktop version or di server version.
"i lie dey made for public meeting (gathering / discussion group), but di statute go apply wit equal force to personal, whisper conversations wey dey inside house.","i lie dey make for public meeting (gathering / discussion group), but di statute go apply wit equal force to personal, whispered conversations within home."
"i question of ethics"", attorney go a little too far for her representation and draw heavy fine from judge as result","i question of ethics"", attorney go small too far for her representation and draw heavy fine from judge as result."
"i students no dey able to meet face to face wit dia instructors (teachers / lecturers / those wey dey give direction) after class, dem find am helpful to be able to email (electronic message wey person de send or collect on top internet) di instructor","i students no dey meet face to face wit dia instructors (teachers / lecturers / those wey dey give direction) afta class, dem find am helpful to email (electronic message wey person de send or collect on top internet) di instructor."
i assumption na say land dey unique,"for example, for contracts f or real property, di assumption na say land dey unique."
"s di study don show, di summarization (di act of preparing summary (or an instance thereof)) don function as one prerequisite skill for dis esl students to complete source-based assignments, like dem article critiques (analysis of somtin wey dey detailed) and reading responses.","i study don show, summarization (di act of preparing summary (or an instance thereof)) function as prerequisite skill for dis esl students to complete source-based assignments, such as article critiques and reading responses."
i collaboration wey dey between writing scholars (deep students / book people) dey occur and wetin be di topics and disciplinary and national borders?,i collaborations (di act of examining resemblances wey dey examinin resemblances) wey dey between writing scholars (deep students / book people) dey occurring and on what topics and across what disciplinary and national border?
"i second piece of  theory wey explain person's behaviour (wetin e do) by looking at all the different systems around dem— family, school, society na di  theory describing (di description wey dey give a description wey dey give) the different stages a family go through from when dem start to when they old.",i second piece of ecodevelopmental theory dey di family lifecycle model.
i goment -created (something wey dem build or make) database go list congressional (concern de law-makers / ational ssembly mata) medal of honor winners.,i goment-created (something wey dem build or make) database go list congressional medal of honor winners.
"be one idea wey dey fear person, especially when di protagonist (di main person) inston mith finally breakdown under torture (di way dem dey hurt person) and agree to di proposition.","dey terrifying thought, especially wen di protagonist winston smith nally breakdown under torture and agree to di proposition."
"i immigration office don move to diunited states department ofjustice duetoitsconnection toprotect national tin wey concern everybody for society, wey be say e important for all of us","or di 1940s, diimmigration office(now called di""ins"") deymoved to . . department ofjustice due to . . department ofjustice due to . . department ofjustice due to . . . department ofjustice due to . . . . . . . department ofjustice dued di""ins"")."
e need to talk more speci call about one kind of table and how to subset dem,e need to talk more speci cally about data frames and how to subset dem
i function definition (di meaning) define di name of new function and di sequence of statements wey dey execute (to do wetin you tell am) wen di function dey call.,i function definition (di meaning) specifies di name of new function and di sequence of statements wey dey execute (to do wetin you tell am) wen di function dey call.
i if.,"i gases, nutrients, and waste materials (tins wey dem use for teaching) travel between capil laries and cells through di if."
"i availability and scope of future permanent injunctive (e be like court order wey require or prohibit someting specific) relief must depend upon di extent of access wey dey permitted di public, and di decree (na court order wey get force of law) must be framed to accommodate eq for di constitutional role of di press and di institutional (wey dey relating to or constituting or involving institution) requirements of di jail.","i availability and scope of future permanent (something wey follow law / e legal) injunctive relief (to keep for hand / possession of property) must depend upon di extent (how far de tin reach / level) of access then permitted di public, and di decree must be framed to accommodate eq uitably di constitutional role of di press and di institutional requirements of di jail."
"or fortunately (for good fortune by good fortune by good fortune), python dey good for keeping track of where im dey, so each time af unction complete, di program pickup where im left off for di function wey dey call am.","ortunately, python dey good for keeping track of where dem dey, so each time af unction completes, di program pick up where e left off for di function wey call am"
em call 75 veniremen as prospective (di future of or concerned wit or related to di future) jurors.,"i case dey set,75 veniremen dey call as prospective (di meaning or purpose dey having a meaning or purpose) jurors (mistakes / faults)."
ome questions wey need to dey answered na: how families get unique lens on their situations (kinds of mata wey fit happen for one place or time)?,ome questions wey dey answer na: how dofamilies get unique lens ontheir situations (kinds of mata wey fit happen for one place or time)?
i null idea na say di true mean na 67. 5%.,"e speci ed one sample t-test for di grades (results for school / level) for dr zeppo class, di null idea na say di true mean na 67. 5%."
i results dey different based on your network speed.,i results go different depending on your network speed.
a wcc cwc wwc c andwww www c or even ccc c.,"i one possibility (something wey fit happen / chance dey), but so na wcc c wwc wwc wwc wwc wwc wwc wwc wwc wwc wwc wwc wwc wwc wwc wwc wwc wwc wwc wwc wwc wwc"
"i wife, wey dey custody of di daughter, go bring di lawsuit.","i daughter, go bring di lawsuit (na wen court or jury find persin guilty of criminal charge)."
eki write say her participants dey use di current feedback on early assignments to shape dia future work.,i participants use current feedback on early assignments to shape dia future work.
i smith act and dis conviction under im without question restrict (to hold back / put boundary) di exercise of free speech and assembly (gathering / meeting of people).,i smith act and dis conviction under im no doubt (shaking mind / when person no sure) restrict (to hold back / put boundary) di exercise of free speech and assembly (gathering / meeting of people).
i kontri wey dia child (pikin / smallie) and grandchildren call home,em wan to follow dicountry say dia child (pikin / smallie) and grandchildren call home
e dey required for dis case to determine for di first time di extent (how far de tin reach / level) to which di constitutional protections for speech and press limit a state's power to award damages for libel (na false written statement wey dey damage persin reputation) action wey public official against critics of hin official conduct.,e dey required for dis case to determine for di first time di extent (how far de tin reach / level) wey di constitutional protection for speech and press limit state power to award damages for libel (na false written statement wey dey damage persin reputation) action wey public official against critics of hin official conduct.
"he realizes, however, say she no dey good for marketing or accounting, and say if her business dey grow, she need bring someone onboard wey fit create strong brand and strategy for growth (how somtin take de big), as well as keep good record of her account so she fit pl am for di future.","he realize, however, say she no dey good for marketing or accounting, and say if her business dey grow, she need to bring someone onboard wey fit create strong brand and strategy for growth (how somtin take de big), as well as keep good records of her account so say she fit plan for di future."
stefano rotondo (46883) for rome.,"i innovative designs go get dia origins (where e start from / source) for architectural geometry, such as di enigmatic s. stefano rotondo (46883) for rome."
"(eynes,1923, p.80)as e be for economics, so too for psychology and statistics.","(keynes,1923, p.80) as for economics, so too for psychology and statistics."
i regression model only produce prediction (di act of predicting (as by reasoning about di future)) ^yiabout what my mood dey like: my actual mood dey yi,i regression model only produce prediction ^yiabout what my mood dey yi
i relationships (how people follow deirselves / connections) dey screen,i relationships (how people follow deirselves / connections) dey creened
"f you know how to read di plot, na quite alot of extra (jara / more) information here.","f you know how to read di plot, na quite alot of additional information here."
em generally choose name for dia variables wey dey meaningful (di meaning or purpose dey having a meaning or purpose) and document what di variable dey use for.,i name and keywords (special words) 212. 3 variable name and keywords (special words) programmers generally choose name for dia variables wey dey meaningful (di meaning or purpose dey having a meaning or purpose) and document wey di variable dey use for.
di colour wey fill di shape: boxfill (colour for inside di box).,i boxfill.
"rom di ten coping strategies wey leki (1995)identify, two dey speak (to yan / talk / express mind) directly to di question of transfer:""dey rely on past writing experiences (things person don see)""and ""dey use di current or past esl writing training (to learn work / practice to sabi something well)""(p. 240).","i ten coping strategies leki (1995)identified, two speak directly to questions of transfer:""relying on past writing experiences (things person don see)""and ""using current or past esl writing training (to learn work / practice to sabi something well)""(p. 240)."
i acclaim say recipients (di person wey receive something wey dey receive something) of di congressional medal of honor receive also cast doubt on di proposition say di public go misled by di claim of charlatans or become cynical (wey dey doubt) of those whose heroic deeds earned (bin work get money) dem di medal by right.,i acclaim say recipients (di act of examining resemblances wey dey examinin resemblances) of di congressional medal of honor receive also cast on di proposition say di public go misled by di claim of charlatans or become cynical of those wey dey heroic deeds earned dem di medal by right.
i document wey dey describe di protocol and write di code to send and receive di data according to di protocol.,i all wey dey need to find di document wey describe di protocol and write di code to send and receive di data according to di protocol.
"i existence (to dey alive / stay for ground) of mens rea na di rule of, no be di exception to, di principles of angloamerican criminal jurisprudence (way to reason law).","i existence (to dey alive / stay for ground) of mens rea na di rule of, no be di exception to, di principles of angloamerican criminal jurisprudence (way to settle de damage / solution)."
i effect dey to create function objects (things / items),i effect dey create function objects (things / items).
"i event dey sizable crowd (many pipu wey stay for on place), including several agents (people wey dey represent oda people) of di federal bureau of investigation (di inquiry into unfamiliar or questionable activities), witness di event.","i sizable crowd (many pipu wey stay for on place), including several agents of di federal bureau of investigation, witness di event."
lenty stats (statistics) textbooks sef dey to passover am.,i alot of stats textbooks dey gloss over am too.
i ability to support basic necessities (di condition of being essential or indispensable or indispensable) for dia family members dey extremely difficult and dem think say other country get bigger economies and dey offer better opportunities (di possibility due to a favorable combination of circumstances) to achieve (to make am / reach target / blow) dia goal,"i reluctantly choose migration wen dia ability tosupport basic necessities for their family members (one person inside join-body) isextremely difficult and dem perceive say oda countries, more robust economies, offer better opportunities (di possibility due to a favorable combination of circumstances) to achieve dia goals."
"i chief justice and stewart, j, filed a concurring opinion wey di chief justice and stewart, j.","i chief justice and stewart, j, filed a concurring opinion wey di chief justice and stewart, j."
etin be your reaction to di story's ending?,i story dey your reaction to di story's ending?
"f  wan write dis result for paper or something, di conventional way to report dis go be to write something like dis:""f di 200 participants for di experiment,64 select hearts (di tin wey de make blood move for bodi) for dia first choice,51 select diamonds,50 select spades, and 35 select clubs.""","i conventional way to report dis go be to write something like dis: of di 200 participants for di experiment,64 selected hearts (di tin wey de make blood move for bodi) for dia rst choice,51 selected spades, and 35 selected clubs."
e go wan say a bit more about am than dat.,e go wan say bit more about am than dat.
"whether e fit work for real world dey kind of whether e look like wetin e suppose be wey dey relate mostly to whether di study\look right, but wit a bit more rigour to am.","i ecological validity (how true something be) dey kind of face validity (how true something be){e relates mostly to whether di study\looks"" right, but wit bit more rigour to am."
em pair co wper 's glands (bulbour ethr al glands)pr oduc e and secrete mucus for di ur ethr al ph during sexual (mata wey concern body-to-body) stimulation.,i paired co wper 's glands (bulbour ethr al glands)pr oduc e and secr ete mucus into di ur ethr al ph during sexual (mata wey concern body-to-body) stimulation.
i suppose do anything particularly dierent?,em do anything particularly dierent?
"i table below show several addresses based on my current one: di full address(from root), di address from here(from di place wey you dey now).","i table below show several addresses for relation to my current one: absolute (everitin de complete, no comma) path(i. e, from root)(i. e, from root)(i. e, from root)(i. e, from root)(i. e, from root)(i. e, from root)(i. e, from root)(i. e, from root)(i. e, from root)(i. e."
"(2009)conduct meta-analysis wit over 80,000 refugees and report weighted i percentage or number of pipo in a group wey get a particular condition at anytime of  ranging between 13%and 25%.","(2009)conducted ameta-analysis wit over 80,000 refugees andreported aweighted prevalence rateofptsd ranging between 13% and 25%."
"dey di intent to cause injury wey robson irst amendment (wey go bring freedom to pipo) 179 na di gravamen of di tort, and di state interest for prevent emotional harm simply outweigh whatever interest a speaker (person wey dey talk / megaphone) may have for speech of dis type.","i intent to cause injury say robson irst amendment (wey go bring freedom to pipo) 179 na di gravamen of di tort, and di state interest for prevent emotional harm simply outweighs whatever interest speaker (person wey dey talk / megaphone) go get for speech of dis type."
a four types of discovery wey dey discovery,i four types of discovery
"dey trade-off, but long name don make complex expressions hard to read, so e dey trade-off","i good variable names fit reduce di need for comments (talk-talk / to yarn), but long name go make complex expression hard to read, so na trade-off."
"s di for di before example dey illustrate (to show how e be), control dey something wey scientists (pipo wey sabi science) like to have, but as di for di before example dey illustrate, lots of situations (kinds of mata wey fit happen for one place or time) wey you no fit or no fit try to obtain dat control.","i previous (something wey dey before now) example dey illustrate (to show how e be), na lots of situation wey you no fit or no try to obtain (to get / collect / catch) dat control."
"i charge for di fourth count na say di defendants (people wey dem carry go court to answer mata) conspired, wen di united state dey war wit di imperial erman goment, unlawfully (di law no fit conform to di law) and willfully, by utterance, writing, printing and publication, to urge, incite and advocate curtailment of production of things and products, to -wit, ordnance and ammunition (di projectiles wey dey fire from gunstation wey dey fire from gun), necessary and essential to di prosecution of di war.","i charge for di fourth count na say di defendants conspired, wen di united state dey war wit di imperial german goment, unlawfully and willfully, by utterance (wetin person talk), writing, printing and publication, to urge, incite and advocate curtailment of production of things and products (all de things wey dem produce to sell), to -wit, ordnance and ammunition, necessary and essential to di prosecution of di war."
"no be member (one person inside join-body) of di""marxist league for industrial (dem dey relating to or result from industry) democracy""or di ""intercollegiate socialist society""or di ""intercollegiate socialist society","i member (one person inside join-body) of di ""marxist league for industrial (di act of beginning something new) democracy""or di ""intercollegiate socialist society"""
"i findings suggest say di oda language wey you learn students learn to prioritize as - signments; approach dia instructors (teachers / lecturers / those wey dey give direction) for clarification (di interpretation wey remove obstacles to understanding), help, and or modifications wit assignments; and limit di number ofcourse wit high reading and writing demands (requests / wetin person say ""must"" happen) say dem enroll for each semester.","i findings suggest say di oda language wey you learn to prioritize as - signments; approach dia instructors (teachers / lecturers / those wey dey give direction) for clarification, help, and limit di number of course wit high reading and writing demand say dem enroll for each semester."
"or her first summer running lily's landscaping, lily decide say time to take her business to di next level.","em assume say after her first summer running lily's landscaping, lily decide say e time to take her business to di next level."
"e know from your economics class wey, for general, awa capitalist (di conservative advocate of capitalism) economy (how money dey run for country) frowns on monopolies","or di oda hand, you know from your economics class wey, for general, our capitalist economy (how people follow deirselves / connections) frowns on monopolies."
"em go disagree ( no gree / drag mata) wit di law as dem dey written, but dem go acquiesce to di sovereign (oga kpatakpata / power to rule) power and follow di law as dem written, but dem go acquiesce to di sovereign power and follow di law as dem written.","i law as e dey write, but dem go acquiesce to di sovereign power and follow di law as e dey write."
"i contract dey fundamental part of do business, wey require no only performance of di terms of di contract but also good faith (di strong belief wey person get in somtin or person) for dealing (business move / to follow person do trade).","i contracts dey fundamental part of do business, wey require no only performance of di terms of di contract but also good faith (di strong belief wey person get in somtin or person) for dealing (business move / to follow person do trade)."
"i law go dey unfair (wayo / no be so e suppose be / injustice), and if so, do you believe di law go dey amend to protect dis class?",i law go amended (bin change small-small / adjusted) to protect dis class?
i type of speech dey protected by irst amendment (wey go bring freedom to pipo); di type of speech very much drive di level of protection wey dey afford am under irst amendment (wey go bring freedom to pipo); di type of speech very much drive di level of protection wey dey afford am under irst amendment (wey go bring freedom to pipo); di type of speech very much drive di level of protection wey dey afford am under irst amendment (wey go bring freedom to pipo); di type of speech very much drive di level of protection wey dey afford am under irst amendment (wey go bring freedom to pipo); di,i type of speech very much drive di level of protection wey dey afford am under irst amendment (wey go bring freedom to pipo); di type of speech very much drive di level of protection wey dey afford am under irst amendment (wey go bring freedom to pipo).
"i plaintiffs for error, hereinafter designated di defendants (people wey dem carry go court to answer mata), dey convicted (na wen court or jury find persin guilty of criminal charge) of conspirin to violate (to break law / go against rule) provision of di espionage act of ongress.","or single indictment, containing (wey get) four counts, di five plaintiffs for error, hereinafter designated di defendants (people wey join body do business / paddy), dey convicted (na wen court or jury find persin guilty of criminal charge) of conspiring to violate (to break law / go against rule) provisions of di espionage act of congress."
"or our view, irst amendment (wey go bring freedom to pipo) imposes (to force rule or task for person head) no an ""underinclusiveness"" limitation, but a""content discrimination""limitation, upon a state's prohibition of proscribable talk.","irst amendment (wey go bring freedom to pipo) impose (to force law or fine for person head) no ""underinclusiveness"" limitation, but a""content discrimination""limitation, upon state's prohibition of proscribable speech."
"em start wit simple group of related numbers or data wey belong together, a vector wey dey contains di name of three beers","em start wit simple group of related numbers or data wey belong together, a vector wey contains di name of three beers."
onflict between parents and children for immigrant atino a families predict lifetime use of alcohol and binge drinking behaviors.,"i conflict between parents and children for immigrant latino afamilies predict lifetime use of alcohol andbinge drinking behaviors (marsiglia, kulis, parsai, villar,&garcia, 2009)."
"i unscrupulous (wey no get conscience, no dey fair, dey do wetin dem like) intruder dey di only human contact (to touch / reach out to person / connection) wey di elderly person get, and maybe he or she led di wealthy elderly person to believe say di only way to salvation dey by hand over hin assets (all de beta tins and property wey person get)","i only human contact (to touch / reach out to person / connection) say di elderly person get, and maybe hin or she led di wealthy elderly person to believe say di o nly way to salvation dey by hand over hin assets (all de tins wey person eyes dey look / benefits)."
dey privately owned (wetin person get for hand / property) flag,"i first, dis dey privately owned (wetin person tink say go happen) flag"
"i broader (more wide / general pass) purpose of wu dan's study nato examine di perceptions of chinese faculty of di role of writing for learning and students' competence as writers for di disciplines for dia chinese institutions, she deeply committed to help us faculty understand di educational (di process of education dey relating to di process of education) and writing background of di increasingly ( dey advancing for amount or intensity) large numbers of chinese students wey dey kom study for awa institution.",i broader purpose of wu dan's study dey to examine di perceptions of chinese faculty of di role of writing for learning and students' competence as writers for di disciplines (areas of study or field of knowledge) for di disciplines (areas of study or field of knowledge) for di disciplines for di disciplines for di disciplines for dia chinese institutions.
"e don manage to do things for ras wey dey go through dat little example, e go feel as if we dey typ too many things into di magic computing box.","e don manage to do all for ras we dey go through dat little example, e no feel as if we dey typing too many things into di magic computing box."
is one again(check di picture 3.6).,is again(see figure 3.6).
ow dey fit dis be?,ow fit dis be?
"or di most general way, reshaping di data means take di data for whatever format (how you arrange your words) wey dey give to you, and convert di data to di format wey you need.","i most general way, reshaping di data means take di data for whatever format (how you arrange your words) wey dey give to you, and convert am to di format (how you arrange your words) you need am."
"or some tests make reasonable assumptions, while oda tests no dey.","ome tests make reasonable assumptions, while oda tests no dey."
"i table of critical values dey huge, and so you go look up your actual -value, and nd di least of for which your data go signi cant(which, as discuss earlier, na di very dey signi cant).","i table of critical values dey huge, and so you go look up your actual (something wey no common / different style) z-value, and nd di smallest value of for which your data go signi cant(which, as discuss earlier, na di very de nition of ap-value)."
"for example, corporations wey illegally dump toxic substances into waterways, illegally harm endangered (di danger to) species or those species' habitats, or trade for illegal substances wey don dey banned (dem ban am / no entry) due to dia propensity to cause great harm to di environment.","or example, corporations wey illegally dump toxic substances into waterways, illegally harm endangered species or those species or those species' habitats, or trade for illegal substances into waterways, illegally harm endangered species or those species' habitats, or trade for illegal substances wey dey banned due to dia propensity to cause great harm to dia propensity to cause great harm to dia propensity to cause great harm to dia propensity to cause great harm to dia propensity to cause great harm to dia propen"
"i court state""under promissory estoppel analysis, no neutrality towards irst amendment (wey go bring freedom to pipo).","i court state""under promissory estoppel analysis, no be no neutrality (how true something be) towards irst amendment (wey go bring freedom to pipo)."
i acronym (word wey dem use the first letters of many words form) pemdas dey useful way to remember di rules: parentheses (for two punctuation marks (or) wey dey use to enclose textual material) don get di highest precedence (di status wey establish for order of importance or urgency) and go use to force expression to evaluate for di order you want.,i acronym pemdas dey useful way to remember di rules: parentheses don get di highest (de oga kpatakpata / top level) precedence and fit use to force expression to evaluate for di order you wan.
"e don put x on sentences (prison time / group of words) wey dey grammatical (di grammar of or pertaining to grammar of or pertaining to grammar) errors (mistakes / faults), and di paper wey i get back dey full of xs","e don put x on sentences (prison time / group of words) wey get grammatical errors (mistakes / faults), and di paper wey i go back dey full of xs."
"i same economic factors wey dey caus di disappearance (di act of leaving secretly or without explanation) of vast (very big / plenty) numbers of metropolitan newspapers, don make entry (di thing wey dey inside) into di etin be say make idear dem dey compete wit one anoda for pipo to sabi wetin be truth, like one big market wey idear dem dey trade, na im make dem call am 'marketplace of idear', wey mean say every bodi get chance to yan, to share tori, to argue, to disagree, to agree, and to choose wetin dem believe wey dey serve by di print media impossible.","i same economic factors wey dey cause di disappearance of vast numbers of metropolitan newspapers (di daily or weekly publication on folded sheets), don make entry (di thing wey dey inside) into di market (place wey dem dey buy and sell)."
"is really look like di user wey dey type 10 = 20, since all di individual parts of dat statement dey legitimate and e too stupid to realise say dis na typo.","i really does look like di user meant to type 10 = 20, since all di individual parts of dat statement dey legitimate and e dey too stupid to realise say dis dey probably typo."
i ucc relaxes formation (how dem take arrange am / building stage) requirements by allowing (to give chance / gree) di use of gap fillers for undefined or conflicting terms plus by allowing a contract to be formed (bin make / bin arrange or build) by any manner wey shows agreement to contract.,i ucc relaxes formation requirements by allow di use of gap fillers for undefined or conflicting terms and by allow contract to be form by any manner (way / style / how person take do am) wey show agreement to contract.
i civil tort system don allow victim to bring civil suit (na wen one persin carry anoda persin go court to seek justice) against someone for injuries (wounds / damages to body or mind) wey dey injured (person wey get wound / damage property) on di victim by someone else.,i civil tort system allow victim to bring civil suit against someone for injuries (wounds / damages to body or mind) inflicted on di victim by someone else.
"i precious gems such as sapphires, amethysts, and emeralds dey import from throughout (di first to last to last) medieval afro-eurasia and dem dey prized for dia color and shape.","i precious gemssuch as sapphires, amethysts, and emeralds dey imported from throughout (di first to last to last) medieval afro-eurasia and dey prize for dia color and shape."
"i charged (dem don hold am for neck / accuse for kote) regions wey dey of these molecules (the smallest unit of a substance, wey get atoms joined together) fit bind (tie / hold together) hydrogen and h ydroxyl ions, and thus function as buffers.","i charged regions of dis molecules (the smallest unit of a substance, wey get atoms joined together) fit bind hydrogen and h ydroxyl ions, and thus function as buffers."
em no seem to have much effect.,"i pressure states, anh no seem to get much effect"
"i many things wey psychologists don show over di years na say we really do neutral (no-man's land / e no follow any side), to evaluate (to check if something dey correct) evidence impartially and without being swayed by pre-existing biases (personal feelings wey dey affect person judgement).","i many things wey psychologists don show over di years na say we really do nd am hard to be neutral (no-man's land / e no follow any side), to evaluate evidence impartially and without being swayed by pre-existing biases."
i program wey dey written for high level languages go move between different computers by using different interpreter on di new machine or recompil di code to create machine language version of di program for di new machine.,i programs wey dey write for high-level languages go move between different computers by using different interpreter on di new machine or recompiling (di act of examining resemblances wey dey examinin resemblances) di code to create machine language version of di program for di new machine.
"we dey talk about having both null idea and other idea (eyman), but normally we dey say dip-value for terms of extreme (too much / over) numbers(isher), but we still get alpha (de first / de leader / beginning) numbers (eyman).","e talk about having both a-346- null idea and alternative (neyman), but usually13de ne dipvalue for terms of exreme data(fisher), but we still get values(neyman)."
i boolean (way of thinking wey only use yes or no) variable wey dey use to indicate whether condition dey true or true.,i flag a boolean variable wey dey use to indicate whether condition dey true or true
i crime dey.,i crime dey.
"i essential query na whether infringements on di press dey analyse (to look somtin wella to sabi am) for different manner (way / style / how person take do am) than infringements on""freedom of speech""dey analyze for different manner than infringements on""freedom of speech","i essential query dey whether infringements on""di press""dey analyze for different manner (way / style / how person take do am) than infringements on""freedom of speech"
"i basic chisq. test()function for ris alot more terse for its output, and because di mathematics wey underpin di goodness of t test and di test of independence dey basically di same for each case, e fit run either test based on what kind of input wey dey give.","i basic chisq. test()function for ris alot more terse for its output, and because di mathematics wey dey underpin di goodness of t test and di test of independence dey basically di same for each case, e fit run either test depending on what kind of input dey give."
"i texas law designate burning as di preferred (dem like more) means of disposing of flag wey dey inside such condition say e no dey fitting emblem for display,36 u. s. c.","i federal law designates burning as di preferred (bin make / bin arrange or build) means of disposing of flag desecration under dis texas law: federal law designates burning as di preferred means of disposing of flag""when e dey in such condition say e no dey fitting emblem for display,""36 u. s. c."
i really think so?,i really think so?
"i water channel (aquaporins) r educ e water absorption (di process wey one substance permeates one), r educ e water absorption, r educ e water absorption, r educ e water absorption, r educ e water absorption, r educ e water absorption, r educ e water absorption, r educ e water absorption, r educ e water absorption for high volumes of very dilute urine.","i insufficient numbers of water channels (court cases / testing) (aquaporins) r educ e water absorption, r esul ting for high volumes of very dilute urine."
em believe say judicial review na good thing for american democracy?,i judicial review dey good thing for american democracy?
i prohibition go support di legitimate interest for preserving (di cause to remain or last) di quality (how de tin fine or strong reach) of important national asset (property / wetin person get).,i prohibition go support by di legitimate interest for preserving (di cause to remain or last) di quality (how de tin fine or strong reach) of important national asset.
"i united states no satisfied (bellefull / when condition don meet) di very heavy burden wey dem fit meet to warrant injunction against publication for dis case, at least for di absence (di fact say something no dey) of express sand appropriately (di appropriate manner for di appropriate manner) limited congressional authorization for em dey call am 'prior restraint', be say na when court or government no gree make person talk or publish something before dem even do am, and e dey like say dem dey limit person freedom to yan or talk wetin dem like for circumstances such as dis.",never diless agree say di united states no satisfied (bin change small-small / adjusted) di very heavy burden say e must meet to warrant (official paper to arrest person or search house) injunction against publication for dem circumstances such as dis.
"dey worth note say there dey also paste0() function, wey dey identical to paste()except say e always assum say sep="""".","i paste0() function, wey dey identical to paste() function, wey dey identical to paste()except say e always assume say sep="""
"f you check di help files (folders / official papers / computer data) for di small tins wey change howe look(i. e, type? par),","f you make we look di help les for graphical parameters(i. e, type?"
i amount of water wey dey ecovered or lost (something wey miss / person wey no find im way) by renal nephr ons.,"i osmolarity ranges from 50 to 1200 mil liosmoles, and dey eflection of di amount of water dey recovered or lost (something wey miss / person wey no find im way) by renal nephr ons."
"i current focus on model comparison (di act of examining resemblances wey dey examinin resemblances), i go skip dis step and go straight to di aic calculation.",go skip dis step and go straight to di aic calculations.
"i adaptive transfer make space for di possibility (something wey fit happen / chance dey) say differences for students' text dey""matters of design""(lu, 2004, p. 26)or di result of a""strategic and creative choice by di author (person wey write de tin / originator) to attain hin or her rhetorical objectives (to stand for truth / no be because of person face)"" (canagarajah, 47 adaptive transfer) or di result of a""strategic and creative choice by di author to attain hin or her rhetorical objectives"" (canagarajah, 47 adaptive","i result of a""strategic and creative choice by di author (person wey write de tin / originator) to attain hin or her rhetorical objectives"" (canagarajah, 47 adaptive t ransfer2006b, p. 26)or di result of a""strategic and creative choice by di author (person wey write de tin / originator) to attain hin or her rhetorical objectives"" (canagarajah, 47 adaptive t ransfer2006b, p. 26)or di result of a""strategic and creative choice by di author to attain hin or her rhetorical objective"
"ome immigrants dey come from countries where banks dey both trusted and common, some don only experience weak or corrupt banks, and others don interact primarily (mostly / de main reason) wit cash-based markets (place wey dem dey buy and sell).","ome immigrants kom from countries where banks dey trust (to believe person / keep secret or money with person) and common, some get only experience weak or corrupt banks, and odas don interacted primarily (mostly / de main reason) wit cash-based markets."
"resident roosevelt complain bitterly about di supreme court, claiming (to talk say na you get am / bin assert) say di court no dey acting (person wey dey hold office for small tayam / to play part) as judicial bodi, but as policy-making bodi","i supreme court don acting (person wey dey hold office for small tayam / to play part) no as judicial bodi, but as policy-making body"
"i migration policy institute(2004), 82%of di immigrant dominican population reside for di northeast where dis study dey conduct; correspondingly (di corresponding manner wey dey corresponding manner for corresponding manner), dominican generation 1. 5 students dey comprise majority of enrollment (di act of enrolling di act of enrolling) for area colleges' equity programs.","em according to report by di migration policy institute(2004), 82%of di immigrant dominican population resides for di northeast where dis study dey conduct; correspondingly, dominican generation 1. 5 students comprise majority of enrollment for area colleges' equity programs."
i dictionaries look for di second word and keep a running count of each of di days of di week,i dictionaries go look for di third word and keep running count of each of di days of di week.
"when dem just build monastery e fit be say dem dedicate am to t ransfiguration, which in christian belief (wetin person believe / faith) is liked burning bush in that it is a moment when god revealed himself to humanity. early byzantine art and architecture, c. 330-700 c. e.","i monastery dey first built e go dedicated to di t ransfiguration, wey for christian belief (wetin person believe / faith) dey like di burning bush for say e dey moment wen god reveal himself to humanity. early byzantine art and architecture, c. 330-700 c. e."
. . epartment of ealth and uman ervices.,i usdepartment (rooms for building wey pipu de live for) of health and human services.
"ee table 6. 1""differences between contract formations (how dem take arrange am / building stage) by type of law""for a comparison (di act of examining resemblances wey dey examinin resemblances) between common-law plus ucc contract formation requirements.","em see table 6. 1""differences between contract formations by type of law""for comparison (di act of examining resemblances wey dey examinin resemblances) between common-law and ucc contract formation requirements."
"i dey pretty annoying (e dey vex), and na some neat tricks wey dey use to get around dis","is dey pretty annoying (e dey vex), and e dey some neat tricks you go use to get around dis"
"i type ii tests dey a little hard to describe, but dem avoid both of dis problems, and as result dem dey easier (no hard / simple) to interpret.","i type ii tests dey little harder to describe, but dem avoid both of dis problems, and as result dem dey little easier (no hard / simple) to interpret."
"i court don insist say noone be punished for crime wit""a charge fairly made and fairly tried (bin try / test) for public tribunal free of prejudice (when you don judge something without knowing the full matter), passion, excitement, and tyrannical power","i court don insiste say noone be punished for crime without charge fairly make and fairly tried for public tribunal free of prejudice, passion, excitement, and tyrannical power"
"ustice blackmun join, dissenting.","i justice blackmun join, dissenting."
"i command df(), pf(), qf(), qf() and rf().","e fit get rto do things wit fdistributions just by using di commands df(), pf(), qf() and rf()."
i dierence for mood gain for pipo given joyzepam versus (against / vs) pipo given placebo.,i dierence for mood gain for pipo give joyzepam versus pipo give di placebo.
"ne drawback na say elected (bin choose through voting) officials go hedge dia vote (to choose leader / drop thumbprint) on important issues for a calculated (di mathematical calculation or computation or computation) way, to ensure reelection.","ne drawback na say elected (bin choose through voting) officials go hedge dia votes (to choose leader / drop thumbprint) on important issues for calculated way, to ensure reelection."
"s huge cross reminiscent of di ku klux klan days""burn ""atop a hill (ground wey go up but e no reach mountain)""as part of di initiation ceremony of di secret organization of di knights of kavaliers, na about five to six feet (leg / foundation) tall; while a""huge cross reminiscent of di ku klux klan days""burn ""atop a hill""as part of di initiation ceremony of di secret organization of di knights of kavaliers, na about five to six feet tall; while a""huge cross reminiscent of di ku klux","i crosses burn near residences dey about five to six feet tall; while a""huge cross reminiscent of di ku klux klan days""burned ""atop hill""as part of di initiation ceremony of di secret organization of di knights of kavaliers, na twelve feet tall."
i drastically (di drastic manner wey dey drastic manner for drastic manner) different approaches don promote (to push something go front / ginger) consideration of discritical important task for difederal level.,i drastically different approaches don promote (to push something go front / ginger) consideration of dis critical important task at diefederal level.
i experiment no dey hard to let go and admit di experiment no dey nd what you go nd.,dey hard to let go and admit di experiment no nd what you wan am to nd
i moment you don wan to tweak your gure by using some low-level command wey you need care.,i moment you go wan to tweak your gure by using some low-level commands you need care.
i legislature (de group wey dey make law for de land) don create most administrative (for administration of or relating to or responsible for administration) agencies (offices wey dey run business for people) for di legislature.,i legislature (de group wey dey make law for de land) agencies (offices wey dey run business for people) dey create by di legislature (de group wey dey make law for de land).
i ethical implications (wetin something fit cause or mean) of adr between parties wey dey unequal for power?,i ethical implications (wetin something fit cause or mean) of adr between parties wey dey unequal (something wey no common / different style) for power?
"i proposed (to suggest / plan wey dem bring out for discussion)""violent radicalization and homegrown terrorism prevention (di act of preventing di act of preventing) act"" wey go seek to address ""ideologically based violence- di use, planned use, or threatened use of force or violence by group or individual to promote (to push something go front / ginger) di group or individual's political, religious, or social beliefs","i proposed (to talk am with full chest / claim)""violent radicalization and homegrown terrorism prevention act"" wey go seek to address ""ideologically based violence- di use, planned (bin arrange / build follow plan) use, or threatened use, or threatened use, or threatened use, or threatened use, or threatened use, or threatened use, or threatened use, or threatened use of force or violence by group or individual to promote di group or individual to promote di group or individual to promote di group or individual to promote di group or individual to promote di group or"
s often dey contract wit di  to provide resettlement-related services.,i orr to provide resettlement-related services.
"i challenge wey l2 writers encounter while reading source texts (written words / messages), sl writing course need place more emphasis on how to interact wit text effectively (sharp sharp).","i challenge wey l2 writers encounter while reading source text, esl writing course need to place more emphasis on how to interact wit texts (written words / messages) effectively."
"iy discuss di benefits (better-better tins wey person gain) and drawbacks of each model, describe di type of writing projects and readings assigned (dem don give am de work / hand over task) for each, and draw from course evaluations to share student perspective of di benefits of di course.","em discuss di benefits (better-better tins wey person gain) and drawbacks of each model, describe di type of writing projects and readings assigned (dem don give am de work / hand over task) for each, and draw from course evaluations to share student perspectives of di benefits (better-better tins wey person gain) of di course."
"i important research question wey dey important, of course: na actually di important research question","i make sense, of course: na di important research question"
"for example, a victim of fraud may bring a civil action for fraud plus may sef be a witness for di state during di criminal trial for fraud.",i victim of fraud go bring civil action for fraud and go also be witness for di state during di criminal trial for fraud.
"i jury find for ledbetter, concluding say di pay disparity dey due to intentional discrimination.","i jury find for ledbetter, concluding say di pay disparity dey due to intentional discrimination."
i anaerobic respiration occurs ( dey happen / e dey show face) for di most cells of di bodi wen oxygen dey limited or when mitochondria dey absent (make person or somtin no de available somwhere) or nonfunctional,i anaer obic r espir ation occur for most cells of di bodi wen oxygen dey limited or mitochondria ar e absent or nonfunctional.
"ike patents (law pawa to own idea) plus trademarks (company brand marks / signs), federal law protects ( dey cover person / e no allow wahala reach) copyright.","a patent and trademarks (company brand marks / signs), federal law protect copyright."
"dey hard to explain di maths wey dey behind di wstatistic, a better idea nato give abroad brush description (di statement wey represent something for words wey represent something for words) of how im fit behaves","i small hard to explain di maths behind di wstatistic, better idea dey give abroad ( wide well-well / e cover many things) brush description (di statement wey represent something for words wey represent something for words) of how dem behave."
hard to suppress (press am down / hide) di gut feeling say di evidence for favour of di-339 di other idea dey near certainty.,i evidence for favour of di -339-alternative hypothesis dey near certainty (kpam-kpam / true-true / without doubt).
dey annoying (e dey vex) to get to go back to di beginning (from di start) wen you make mistake (error / skip / something wey person no do well),dey annoying (e dey vex) to go back to di beginning (from di start) wen you make mistake (error / skip / something wey person no do well).
"is no be, for example, an obscenity (dirty behavior or talk wey go against morals) case.",i obscenity (dirty behavior or talk wey go against morals) case.
"no dey possible to do dis using di by()and describeby() functions, but i usually nd e more convenient ( dey suite to your comfort or purpose or needs) to use di aggregate()function for dis situation.","dey possible to do dis using di by()and describeby() functions, but i usually nd am more convenient ( dey suite to your comfort or purpose or needs) to use di aggregate()function for dis situation."
at one no be bad thing ofcourse: e be important part of designing measuring mind tins.,i important part of design (to give value) psychological measurement (to measure something).
i consequence (as e turn out) of dis na say di usual (normal-normal / as e dey always be) 2 test don give trustworthy answers (tori wey dem dey give for dis queshun) due to di violation of di independence assumption.,i consequence (as e turn out) of dis na say di usual 2 test no give trustworthy answer due to di violation of di independence assumption.
"or dis point, di loop stop, and  finally reach line 5 of di script, print di value of x for screen, and den stop.","i loop stop, and r nally reach line 5 of di script, print di value of xon screen, and then halts."
"i model wey i go adopt (to carry pickin take as your own / follow a style) na one wey tok say di probability of heads dey 0. 5; na, ppheadsq0","i model i go adopt (to carry pickin take as your own / follow a style) na one wey say di probability of heads dey 0. 5; dat na, ppheadsq0: 5."
dey open question as to which version better describe di actual relationship involved.,dey open question as to which version better describe di actual relationship involved.
"or when you type large integer, you go use commas between groups of three digits, as in 1, 000,000.","i large integer, you go tempt to use commas between groups of three digits, as for 1, 000,000."
i incident or tragedy wey lead to injury or death dey accept as part of one's submission to god.,"or countries wit islamic tradition, virtually all events dey seen (bin see am / dem don notice) as di will of god, so accident or tragedy wey lead to injury or death dey accept as part of one submission to god."
"i command wey go follow:> boxplot( x=afl. margins, range =100) wey rdraws dey show for figure 6. 11a, di most basic boxplot possible.","i boxplot( x=afl. margins, range = 100)what rdraws dey show for figure 6. 11a, di most basic boxplot possible."
i interview don dey compare your initial (de first one / start-start) perceptions wit wey you learn from dis interview.,em compare your initial perceptions wit what you go learn from dis interview.
"or arkansas writers project, inc. v. ragland,481 u. s. 22(1987), di court hold unconstitutional tax scheme (plan / format / sometimes e be like wayo) wey tax general interest magazines, but dem exempte newspapers (di daily or weekly publication on folded sheets) and religious, profession (di bodi of pipo wey dey learned occupation) al, trade, and sports journals.","i court hold unconstitutional ( against de grand-papa law of de land) tax scheme (plan / format / sometimes e be like wayo) wey tax general interest magazines, but exempted newspapers (di daily or weekly publication on folded sheets) and religious, profession al, trade, and sports journals."
"erson's inability to access and utilize healthcare services dey give strong indication of critical unmet needs and barriers (something wey dey prevent you from reaching a place or thing) wey dey impede di ability of successful (dem dey having succeeded or being marked by favorable outcome) integration and participation for society. mmigrants dey face substantial barriers to healthcare access, including restricted access to government-based healthcare services, language difficulties (di effort wey dey inconvenient, na effort wey dey inconvenient) and cultural differences.",i aperson' sinability to access andutilize healthcare services give astrong indication of critical unmet needs andbarriers say immpede di ability of successful (dem dey having succeeded or being marked by favorable outcome) integration and participation for society. immigrant and refugee families air force doctor provide services through interpreter.
"or di mood, gain variable, na lot of useful information.","or di mood. gain variable, na alot of useful information."
"or contrast, asylum seekers dey apply for asylum at port of entry (di thing wey dey inside) to . . or apply within one year of arriving for . .","or contrast, asylum seekers apply for asylum ataport of entry (di thing wey dey inside) to . . or apply within one year ofarriving (something wey dey prevent you from reaching a place or thing) for . ."
"i goment don identify two interests (all de tins wey person eyes dey look / benefits) wey dey served (bin do de work / dem don give am kote paper) by di statute first, di interest for removing incentive for parties to intercept private conversations, and second, di interest for minimizing di harm to person wey dey intercept private conversations, and second, di interest for minimizing di harm to person wey dey intercept private conversations.","i court identify two interest wey di statute first, di interest for removing an incentive for parties to intercept private conversations, and second, di interest for minimizing di harm to persons wey dem conversations don illegally intercepted."
i type of activity go you dey unwilling to sign exculpatory clause?,or what type of activity go you be unwilling to sign exculpatory clause?
i state diagram.,i message n pi17'and now for something completely different'3.14159265358932 figure 2.1: state diagram.
"i argument go, why we just report di actual pvalue and let di reader makeup dia own mind about what acceptable (dem worthy of acceptance or satisfactory) type i error rate dey?","i argument go, why no we just report di actual pvalue and make di reader makeup dia own mind about what acceptable type i error rate na?"
"fter di supreme court handed down its seminal decision inside brown v. board of education, [5] boku southern (south side / part of map) states continued (bin move forward / e no stop) to resist desegregation.","i supreme court handed down di seminal decision for brown v. board of education, [5]many southern (south side / part of map) states continue to resist desegregation."
"a specifically, consumer protection statutes (laws wey dem write put for book) and civil rights statutes, respectively (di order wey dey given for di order wey dey give), go protect consumers (people wey buy and use market) for such circumstances.","i specifically, consumer (person wey buy and use market) protection statutes (laws wey dem write put for book) and civil rights statutes (laws wey dem write put for book), respectively, go protect consumers (people wey buy and use market) for such circumstances."
"or some reason di world like to pretend say we dey, and di textbooks wey we usually write seem to reinforce say stereotype.","or some reason di world like to pretend say we dey, and di textbooks we dey write seem to reinforce (to force people make dem follow law) say stereotype."
i aflsmall2 rdata le.,i aflsmall2. rdata le.
"i tin sues ( carry person go kote) go need more oxygen to cope, and di kidney go respond wit more epo.","i tissues go need more oxygen to cope, and di kidney go respond wit more epo."
"arents no get knowledge of how to navigate (find your way through something or control am) school systems and di healthcare system, and dey further isolated from services by lack of transportation and financial resources.","i parents lack knowledge of how to navigate (find your way through something or control am) school systems and di healthcare system, and refurther dey olated from services bylack of transportation and financial resources (isik-ercan, 2012; navuluri etal."
"i narrative analysis for rhetorical moves wey dey familiar to western readers, namely (wey be) statement of academic significance (di quality of being significant), explicit identification of di problem wey dem address, and forecasting (di statement wey dey make about di future) statement regarding hin argument.","i narrative analysis for rhetorical moves wey go familiar (something wey person sabi well-well) to western readers, namely (wey get true zero) statement of academic significance, explicit identification of di problem he dey address, and a forecasting statement regarding hin argument."
"i liver dey unable to blood vessels (container wey dem design to hold chemicals or reactions) and or l ymphatic vessels, or decrease (make somtin de turn to small) for osmotic pressure for chronic and severe liver disease, where di liver dey unable to manufacture (di organized action of making goods and services for sale for sale) plasma proteins (figure 26. 9 ).","i cause of edema include damage to blood vessels and or l ymphatic vessels, or decrease (figure 26. 9 )."
i adjustment fit occur within minutes (meeting-report / wetin-dem-talk-for-meeting / record).,i adjustment fit occur within minutes (meeting-report / wetin-dem-talk-for-meeting / record).
"i court decide say di american flag dey just one symbol, about which no only must opinions (wetin people tink / how judge see de mata) pro and con dey tolerate, but for which di most minimal public respect no dey tolerate, but for which di most minimal public respect no dey tolerate, but for which di most minimal public respect no be enjoined.","i court decide say di american flag dey just one symbol, about which no only must opinions (wetin people tink / how judge see de mata) pro and con be tolerated, but for which di most minimal public respect no be enjoined."
"i approximation, dey derived under certain assumptions, and e dey guarantee to work only for large samples wen dem dey met.","i approximation, derived under certain assumptions, and e dey guarantee to work only for large samples wen those assumptions dey met."
"e dey call dis""vocabulary"" d""reserved words""or ""keywords (special words)"".","e call dis""vocabulary"" di""reserved words""or ""keywords""."
"i x2k i1poieiq2 na intuitively (di intuitive manner wey dey intuitive manner for intuitive manner), e clear say if x2is small, then di observed (bin see / follow rule) data oi dey close to what di null idea predict, so we go need large x2statistic for order to reject di null.","i x2statistic dey given by: x2k i1poieiq2 ei intuitively, e clear say if x2is small, then di observe data oiare very close to what di null idea predicted (wetin fit predict) ei, so we go need large x2statistic for order to reject di null."
"ase study na di study of one example— 'ster, refugee from di emocratic epublic of ongo, forcibly separate from five of her children during civil conflict for di early 2000s.'","i case study""ester, a refugee from di democratic republic of dicongo, nasforcibly (normal-normal / wetin people dey do always) separated from five of her children during civil conflict for di early 2000s."
i frontality of portrait icons facilitate ( dey make easier) face-to-face encounters between holy figures and worshippers wey wish to address di holy figure for prayer (talk-talk with od / strong request for kote).,i frontality of portrait icons facilitate ( dey make easier) face-to-face encounters between holy figures and worshippers wey wished to address di holy figures for prayer.
"i classed as public figures don thrust themselves to di forefront of particular public controversies (na disagreements or legal disputes between parties about rights, obligations, or facts) for order to influence di resolution of di issues involved.",i class as public figures don thrust themselves to di forefront of particular public controversies for order to influence di resolution of di issues wey dey involved.
which of di following go you prefer?,i following go you most prefer?
i student test scores dey show weaknesses (di flaw or weak point or weak point) for nglish proficiency wit low toefl scores or low critical reading and writing test scores for di sat despite di fact say all of di immigrant students don attend (to go meeting / follow join) atleast some years of highschool for di us and di international students don study english for several years.,i students test scores indicated weaknesses for english proficiency wit low toefl score or low critical reading and writing test scores on di sat despite di fact say all of di immigrant students don attend atleast some years of highschool for di us and di international students don studie english for several years.
em dey sensible to keep track of di-149 weekday wey you dey work: most of us don work as much on saturdays or sundays.,go also be sensible to keep track of di -149-weekday on which you actually do di work: most of us no work as much on saturdays or sundays.
"dey e good to talk: pearson and spearman correlations dey only designed (bin arrange / build follow plan) to work for numeric variables, so di cor()function spit out error.","dey perfectly sensible: pearson and spearman correlations dey only designed (bin arrange / build follow plan) to work for numeric variables, so di cor()function spits out error."
"or , we dey do di way to divide and keep only di whole number by using di % %operator: > 42 % % 10[1] 4. kay, dat one easy.","or rwe perform integer division (divide) by using di%operator: > 42%%operator: > 42%% 10[1] 4 okay, na easy enough."
"i statute punishes criminal conduct, e enhance di maximum (de highest level / e no fit pass dere) penalty for conduct motivated (ginger / get reason) by discriminatory (to partial / treat person bad because of who dem be) point of view more severely than di same conduct engage for some oda reason or for no reason for all.","i statutepunishes (to discipline / give wahala) criminal conduct, e enhance di maximum (de smallest / e no fit go down pass dat level) penalty for conduct engage for some oda reason or for no reason for all."
"for example, make  say,  wan make we look di numbers wey describe for di clin. trial data, to separate by which way to treat.","wan make we look di descriptive statistics for di clin. trial data, broken down separately by therapy type."
"i standard no dey necessary to give adequate""breathing space""to di freedoms protected by irst amendment (wey go bring freedom to pipo).","i reflect (to show) awa consider judgment wey such standard dey necessary to give adequate""breathing space""to di freedoms protected by irst amendment (wey go bring freedom to pipo)."
either (no be one or di other) eng nor ao get any experience tracking (when dem dey watch and record wetin you dey do online) money or budgeting for things for di future; dem simply spend little and try to save or share di rest.,em simply spent little and tried to save or share di rest.
"i example wey i give above, na n18 observations for di group of related numbers or data wey belong together, and k18.","gave above, na n18 observations for di group of related numbers or data wey belong together, and k"
think e dey natural to discuss type-544-iii tests(which dey simple)before talking about type ii tests(which dey trickier) before talking about type ii tests(which dey trickier).,think e dey actually a bit more natural to discuss type-544- ii tests( wey dey simple)before talking about type ii tests(which dey trickier).
i criminal penalty or judgment for di defamation (na false statement wey dey harm persin reputation or character) case dey subject to di whole panoply of protections afforded by deferring di impact of di judgment until all avenues (way / street) of appellate review dey exhausted.,i criminal penalty or judgment for defamation (na false statement wey dey harm persin reputation or character) case dey subject to di whole panoply of protection wey dey afford by deferring di impact of di judgment until all avenue (money for ground / capital) of appellate review don exhausted.
i set of rules of precedence (di status wey establish for order of importance or urgency) di set of rules wey dey governing (de way dem dey rule / how things dey run) di order wey expression dey involving (something wey carry oda things follow) multiple operators and operands dey evaluated.,i set of rules governing (dey control) di order wey expressions involvin multiple operators and operators dey evaluated.
"i capacity dey educ ed due to compression (di increase for di density of something) by di enlar ging uterus, resulting for increased ( don big pass before / e climb) frequency (how many times something dey happen) of urination.","i capacity (di highest wey somtin fit contain or do) dey r educ ed due to compression by di enlar ging uterus, resulting (wetin come out for de end / outcome) for increased ( don big pass before / e climb) frequency of urination."
"i time, presumably (probably) for its capacity (di highest wey somtin fit contain or do) as trustee (person wey dem keep property for im hand to manage) of di public's ""right to know""don hold up publication for purposes wey dem consider proper and thus public knowledge dey delayed.","i times, presumably (kpam-kpam / true-true / without doubt) for its capacity (di highest wey somtin fit contain or do) as trustee of di public's ""right to know,"" don hold up publication for purposes (reasons why things dey happen) wey dem consider proper and thus public knowledge dey delayed."
"i decrease (make somtin de turn to small) for glucose, insulin levels also drop.","i decrease (make somtin de turn to small) for glucose, insulin level also drop."
"i court for barry black case, however, instruct di jury say di provision means:"" di burning of cross, by itself, na sufficient (di quantity wey fit fulfill need or requirement but without being abundant) evidence from which you fit infer di required intent","i court for barry black case, however, instruct di jury say di provision means:""di burning of cross, by itself, dey sufficient evidence from which you go infer di required intent"
i base (foundation / where tin start from) url dey hard-coded to di sakai developer list.,i base url dey hard-coded for di gmane. py and dey hard-coded to di sakai developer list.
e go interest for whether listening to music reduce pipo's work memory capacity (di highest wey somtin fit contain or do),e go interest for whether listening to music reduces ( don big pass before / e climb) pipo work memory capacity (di highest wey somtin fit contain or do).
em no know say congress go steadily erode say pay for real terms by repeatedly (every time / again and again) fail over di years to provide even cost-of-living increases.,em no know say congress go steadily (mostly / de main reason) erode wey pay for real terms by repeatedly (every year / yearly) fail over di years to provide even cost-of-living increases ( dey processing a photosensitive material for order make image visible).
"edical are,48(12).","i medical care,48(12)."
"e go also dey able to distinguish (to show de difference between two things) among di different type of ip protection and how dem dey similar to, and differ from, each oda.","go also be able to distinguish (to show de difference between two things) among di various (many different-different types) types of ip protection and how dem dey similar to, and differ from, each oda."
dey observed- expected (wetin person tink say go happen))^2 club diamonds hearts (di tin wey de make blood move for bodi) spades 225 1 1960 now we go make progress (movement / improvement),"e go do dis by hand, but e dey easier (no hard / simple) to do dis by hand, but e dey easier (no hard / simple) to do am for r."
e recognize say sivatamby dey scholar and no student for wac course.,e recognize say sivatamby dey scholar and no student for wac course.
i run experiment by make changes (adjustments / turns) and run different version,ut running experiment by make change and run different versions.
"ne example a di multilingual graduate student wey dey ""reshape"" writing ashe 49 adaptive t ransferwrites across multidisciplinary ma program, see phillips for dis collection.","i example of multilingual graduate student ""reshaping"" writing ashe 49 adaptive t ransferwrites across multidisciplinary ma program, see phillips for dis collection."
"i stewart and marshall, j. j, filed a concur ring opinion, wey stewart and marshall, j. j, join.","i brennan, j, filed a concurring opinion, wey stewart and marshall, j. j, join."
i main eect dey kind of irrelevant (na no bearing on or connection wit di subject at issue); di main eect dey kind of irrelevant; di main eect dey kind of irrelevant.,i interaction na di important thing; di main eect dey kind of irrelevant (na no bearing on or connection wit di subject at issue)
"or addition to areae(above-ground cemeteries)and catacombs (underground cemeteries), christians need settings (different environments / locations) for commemorative banquets or refrigeria, carry-over from pagan practices.","or addition to areae(above-ground cemeteries)and catacombs (underground cemeteries), christians require settings (where de mata happen / environment) for commemorative banquets or refrigeria, carry-over from pagan practices."
e get introduction (di act of beginning something new) xv another chance wit all dis refugees[and immigrants].,eave introduction (di act of beginning something new) xv another chance wit all dis refugees[and immigrants].
i dictionary (book or app wey dey explain word meanings) operation (one calculation) wey take key and find di corresponding value,ictionary (book or app wey dey explain word meanings) operation (one calculation) wey take key and find di corresponding value.
"i professors (pipo wey dey teach for university) no explicitly ask dem to summarize di texts, quizzes dey regularly (steady / every time) use to assess whether di students read di required materials and understand di most important points wey dem dey presented (dem show am / dem bring am out) for dem.","i professors (big-big judges for higher court) no explicitly (to tell am exactly) ask dem to summarize di texts (written words / messages), quizzes dey regularly use to assess whether di students don read di required materials (tins wey dem use for teaching) and understood di most important points wey dey present for dem."
"astor stands behind di virgin, wey dey receive her soul, wey dey take di form of swaddled infant (pikin wey neva fit talk or waka).","i christ stands behind di virgin, receiving (to commot / travel / leave something) her soul, wey take di form of a swaddled infant."
"for example, inside 1986 model russell christoff posed for a photo shoot for nestle canada for taster's choice coffee.","for example, for 1986 model russell christoff posed for photo shoot for nestle canada for taster's choice coffee."
e go increment di value of an existing (wetin dey ground now / active) item (single thing / article),i value of existing (wetin dey ground now / active) item (single thing / article)
"or doubt, always put parentheses (for two punctuation marks (or) wey dey use to enclose textual material) for your expression to make sure di computations (to de calculate data with maths) dey perform for di order you intend (plan to / mind set).",em put parentheses (for two punctuation marks (or) wey dey use to enclose textual material) for your expression to make sure di computations dey perform for di order you intend (plan to / mind set).
"i peculiar name di statute of frauds (different-different wayo moves) dey derived from its early incarnation for seventeenth century england, wen a statute dey pass by parliament (di legislative assembly for certain kontri) to reduce or prevent fraud for property transaction and oda important civil matters.","i peculiar name di statute of fraud dey derived from its early incarnation for seventeenth (number fourteen) century england, wen a statute dey pass by parliament to reduce or prevent fraud for property transaction and oda important civil matters."
i excuse (to give reason for mistake / pardon) wey dey use as excuse for thoughtlessness,em dey sometimes use as excuse (to give reason for mistake / pardon) for thoughtlessness.
"a now think of i wan to dene new variable wey dey di sum of di two, xx","em imagine  wan to dene new variable zthat na di sum of di two, zx"
"i third possibility (something wey fit happen / chance dey) dey say esp no exist, but di colours dey reversed (to change de judgment / turn am back) and pipo don realise am(okay, dat's wacky, but you never know).","i third possibility (something wey fit happen / chance dey) na say esp does exist, but di colours dey all reversed (to change de judgment / turn am back) and pipo don realise am(okay, dat's wacky, but you never know."
i proper c oncentr ation of solut e for di blood dey important for maintain osmotic pressure both for di glomerulus and s ystemical ly.,i proper c oncentr ation of solut as for di blood dey important for maintaining osmotic pressure both for di glomerulus and s ystemical ly.
don demonstrate how governmental regulation of dis crucial (very important / pata-pata) process go exercise consistent wit irst amendment (wey go bring freedom to pipo) guarantees of free press as dem don evolved to dis time.,don yet to be demonstrate how governmental regulation of dis crucial process go exercise consistent wit irst amendment (wey go bring freedom to pipo) guarantee of free press as dem don evolve to dis time.
dey quite few dierent ways of do dis adjustment.,i adjustment dey quite few dierent way of do dis adjustment.
em described seances conducted (bin do de work / bin manage de event) by rhinehart for which pipo pay am to put dem in touch wit deceased relatives (connection / family person) and friends.,em described seances conducted (bin give chance / bin gree) by rhinehart for which pipo paid him to put dem for touch wit deceased relatives (connection / family person) and friends.
ou fit comot d right-most digits or digit from number.,i right-most digit or digit or digits from number.
"iy dey all kind of useful things wey dey know about, but dem dey really just\odd topics"" wey no dey wit di oda examples.","em dey all kind of useful things to know about, but dem dey just\odd topics"" wey no dey wit di oda examples."
i fraud dey deliberate (we dey think about carefully) and malicious (na when persin act with intention to hurt or injure anoda persin),i fraud dey deliberate (freedom / right to do wetin person like) and malicious.
"or pass sing through di renal c orpuscle, di capil laries form second arteriole, di efferent ar teriole (figure 25. 10).","s mention (to talk about am small) earlier, dis glomerular capil laries form second ar teriole, di efferent ar teriole, di efferent ar teriole (figure 25. 10)."
em don come under fire (di tin wey de show when somtin de burn) for moving ( dey waka / e dey shift) dia corporate headquarters (di office wey dey serve as di administrative center of enterprise) out of di kontri to tax havens such as bermuda or barbados.,i companies don kom under fire (di tin wey de show when somtin de burn) for moving dia corporate (tin wey concern big business join-body) headquarters (people wey dey stand for oda people / agents) out of di kontri to tax don such as bermuda or barbados.
i most prominent (well-known or important) ones dey: lsr,i most prominent ones dey: lsr
em suppose nd surprising na say alluppercase letters kom before alllowercase ones.,i rassume say alluppercase letters kom before allowercase ones.
is literature dey document di ubiquitous impact of ental and emotional pain wey person get after going through terrible experience on family relationships and dey underscore di need for prevention (di act of preventing di act of preventing) and intervention treatment modalities targeting individual and relational (dem having relation or being related) family systems for populations commonly (normal-normal / wetin people dey do always) exposed to multiple traumatic events.,is literature documents (files / papers wey get important info) di ubiquitous impact of traumatic stress on family relationships (how people follow deirselves / connections) and underscores theneed for prevention and intervention treatment modalities (di measure of how likely e dey say some event go occur) wey dey target individual andrelational family systems for populations commonly exposed to multiple traumatic events.
i chozin don learn from failure (when tin no work out / disappointment),i chozin don learn from failure (when tin no work out / disappointment).
"e dey look backup for di t-tests for each of di individual coecients, we get strong evidence say di baby. sleep variable no fit eect; all di work dey done by di dan. sleep variable.","e look backup for di t-tests for each of di individual coecients, we get pretty strong evidence say di baby. sleep variable."
"i goal dey to preserve (keep am safe / maintain) di best characteristics (di things wey make am) of di mean and di median: just like a median, you dey highly in uenced by extreme (too much / over) outliers, but like di mean, you dey use more than one of di observations.","i goal dey preserve (keep am safe / maintain) di best characteristics (di things wey make am) of di mean and di median: just like median, you \use""more than one of di observations."
"dey easy to do, but e no take couple (two / husband and wife) of lines to type.","dey easy to do, but e no take couple (two / husband and wife) of lines to type."
"i thing wey means na if you fit compare two dierent \sums of squares"", you dey probably talk about something wey dey fdistribution.","i means na if you wan compare two dierent \sums of square"", you dey talk about something wey dey fdistribution."
etin you think frequentist (one wey like frequency way) and ayesian (one kind of statistical method) go say about dese three statements?,i bayesian (one kind of statistical method) go say about dis three statements?
"i police officer dey approach a stop car for night and shine light into di interior of di car, di car don search.","i police officer approach stop carat night and shine light into di interior of di car, di car don search."
"i subject of front-page news story after being held (wetin judge or court bin decide) hostage by three escaped convicts for dia suburban, whitemarsh, pennsylvania (one of di original 13 colonies), home for 19 hours on september 11-12, 1952.","e and hin wife and five children forvoluntarily (by choice / no be by force) became di subjects (things / items) of front-page news story after being hold hostage by three escaped convicts for dia suburban, whitemarsh, pennsylvania, home for 19 hours on september 11-12, 1952."
i burning cross don remain symbol of klan ideology and of klan unity.,i burning cross don remain symbol of klan ideology and of klan unity.
hat go business be like inside a land without any rule of law system?,i land without any rule of law system?
"dey having you type all your commands for di place wey you type command, and all di commands for dis book so far don show as if dat's what i dey do, e dey quite possible(and as you see shortly, shockingly easy)to write program using dis rcommands.","dey having you type all your commands for di command prompt, and all di commands for dis book so far don show as if dat's what i dey do, e also quite possible(and as you go see shortly, shockingly easy)to write program using dis rcommands."
"i iteration (doing the same thing again and again) of di course dey similar to di graduate writing seminar described by fredericksen & mangelsdorf [this volume], wey 79 developing ( dey processing a photosensitive material for order make image visible) resources for success (victory / when plan work well) require students to create individual learning contracts based on writing tasks assigned for oda coursework.)","i iteration of di course dey similar to di graduate writing seminar described by fredericksen (person wey buy and use market) & mangelsdorf [this volume], wey 79 develop resources for successrequires students to create individual learning contracts based on writing tasks assigned for oda coursework."
"i statement dey deemed (as dem see am / dem count am as) to make valuable contribution (di part played by a person for bring about a result) to public debate, since e bring about 'the clearer perception and livelier impression of truth, produced by dia collision (when two things hit each other and force dey involved) wit error.","i context, ""[e]ven false statement go make a valuable contribution (di thing wey dey inside) to public debate (fomal talk where two pipu dey talk against each oda), since e bring about 'the clearer perception and livelier impression of truth, produce by its collision wit error.'"
"ut wen he lied for announcing hin hold di congressional (concern de law-makers / ational ssembly mata) medal of honor, respondent venture onto new ground (di top of earth); for dat lie violate federal criminal statute, di stolen (wetin thief carry / things wey loss by force) valor act of 2005.","i congressional medal of honor, respondent venture onto new ground (di top of earth); for dat lie violate (to break law / go against rule) federal criminal statute, di stolen (wetin thief carry / things wey loss by force) valor act of 2005."
"for example, for find(sub[, start[, end]]), di brackets indicate optional argument.","for example, for find(sub[, start[, end]], di brackets indicate optional arguments."
"look like di same test, doesn't e?","em look like e dey exactly di same test, no dey am?"
"s you see, for somethings (like age), e dey clear wetin di set of possible measurements (to measure something) suppose be, but for other things, e con dey small tricky.","s you see, for somethings(like age)it seem fairly obvious what di set of possible measurements (to measure something) go be, whereas for oda things dey get bit tricky."
"i plaintiffs- -including di nation, mother jones, di progressive magazine, di village voice, and pacifica radio news- - -also contended for di dod preferences (choices / wetin person like pass) for certain news organizations and reporters discriminate (na recognize or perceive di difference) for favor of particular viewpoints (how person take see de mata / opinion), but di court find say dis claim no adequately supported.","i plaintiffs- --including di nation, mother jones, di progressive magazine, di village voice, and pacifica radio news- - - also contended say di dod preferences (citation / to point to where info dey) for certain news organization and reporters discriminated for favor of particular viewpoints (how people take see de mata / opinion), but di court find say dis claim no adequately supported."
"o surprise, di output get exactly di same format (how you arrange your words) as e do last time too: elch's independent (di neutral or uncommitted person (especially for politics)) samples t-test, di thing wey dey measured: grade, di thing wey dey group: tutor (private teacher / coach). numbers wey describe: nastasia mean= 74.533, std dev.; ernadette mean= 69.056, std dev.",i output don exactly di same format (how you arrange your words) as e dey last time too: welch's independent (di neutral or uncommitted person (especially for politics)) samples t-test outcome variable: grade grouping variable: tutor descriptive statistics: anastasia bernadette mean 74. 533 69. 056 std dev.
"i syntax error means say you viola di""grammar (di rules for language)"" rules of python.","i syntax error means say you go violated di""grammar"" rules of python"
i priority dey give tofamily reunification (when family members wey been separated finally come back together) andemployment skills.,i priority dey give tofamily reunification (when family members wey been separated finally come back together) and employment skills.
"i python provide operator operators, wey dey special symbol wey represent computations (to de calculate data with maths) like addition and multiplication (times).","i python provide operators, wey dey special symbols wey represent computations like addition and multiplication."
brief (small talk / summary wey lawyer write) for congressman charles e. schumer and al.,s amici curiae 910; brief (small talk / summary wey lawyer write) for congressman charles e. schumer et al.
"i remainder of di stipulation merely (just / only dat one) summarizes (di summary (of)) testimony, particularly di testimony of sheriff thrasher, two female witnesses(both students for indiana university) wey dey part of di crowd (many pipu wey stay for on place), and d r. owen thomas, professor of english for di university.","i remainder of di stipulation merely (just / ordinary) summarizes testimony, particularly di testimony of sheriff thrasher, two female witnesses(both students for indiana university)who dey apparently (di appearance wey dey alone from appearances alone) part of di crowd, and d r. owen thomas, professor of english for di university."
"go end up wit illusory group dierence for your data, caused (wetin make de tin happen) by di fact say pipo think say na real dierence.","e go end up wit illusory group dierence for your data, caused (wetin make de tin happen) by di fact say pipo think say na real dierence."
we fit do dis in a simple way wit d following regular expression:^from.,e fit do dis for hal simple way wit di following regular expression:^from.
i crowd (many pipu wey stay for on place) dey allow employee (person wey de work for office and e de collect moni) to notice fore xceptional performance and fit lead to faster and great advancement (di encouragement of di progress or growth or acceptance of something).,em standing (level / position / right to carry mata go kote) out from di crowd (many pipu wey stay for on place) allow employee (person wey de work for office and e de collect moni) to be notice fore xceptional performance and fit lead to faster and greater advancement.
"f you double (one kind of number) to press one of di commands, e go copy (photocopy / duplicate) to di rconsole","f you double (one kind of number) click on one of di command, e go copied to di rconsole."
i only possibility (something wey fit happen / chance dey) wey dey consistent wit di other idea,i only possibility (something wey fit happen / chance dey) consistent wit di other idea.
"i easy way dey use di interaction. plot()function, but dis function don draw error bars for you.","i function no draw dis plots for r. one easy way dey use di interaction. plot()function, but dis function no draw error bars for you."
"i freedom of expression wey irst amendment (wey go bring freedom to pipo) guarantees include all modes (di one wey show most) of""communication (di activity of communicating) of ideas by conduct, and say hin conduct dey inside dis definition because hin conduct dey inside dis definition because hin conduct dey inside di draft (na written order to bank or persin to pay specified money).","i freedom of expression wey irst amendment (wey go bring freedom to pipo) guarantees include all modes (different faces / parts) of""communication (di activity of communicating) of ideas by conduct,""and say hin conduct dey within dis definition because hin no dey demonstration (di act of present something to sight or view) against di war and against di draft"
don include something to force rto stop if dis goon too long.,really go include something to force rto stop if dis go on too long.
"pecific performance might be required under certain types of contracts, such as inside contracts for land.","i specific performance go required under certain type of contracts, such as for contracts for land."
"a dat be di real definition (di meaning) of""luck"".","i very de nition of\luck"""
"e go write python program to read through di line of di file, break each line into list of words, and then loop through each of di words for di line a nd count each word using dictionary (book or app wey dey explain word meanings).","e go write python program to read through di line of di file, break each line into list of words, and then loop through each of di words for di line nd count each word using dictionary (book or app wey dey explain word meanings)."
"i press no dey circulate know or reckless falsehoods wey dey damage to private reputation without subject imself to liability for damages, including punitive (na damages wey pass compensation to punish wrongdoer and stop future harm) damages, or even criminal prosecution.","i press no circulate knowing or reckless falsehoods damaging to private reputation without subjecting (person wey dey hold office for small tayam / to play part) itself to liability for damages, including punitive (na damages wey pass compensation to punish wrongdoer and stop future harm) damages, or even criminal prosecution."
"or di example wey  give above,  use function wey dem call widetolong() to do di transformation (di change wey e take).",use function call widetolong() to do di transformation.
go do dat lot,go do dat alot
nna dey among demand dey hospitalized for five days of treatment.,em dey among dem and dey hospitalize for fivedays of treatment.
e dey important to distinguish (to show de difference between two things) between operations wey dey modify (change am small) lists (groups of things) and operations dat create new lists.,dey important to distinguish (to show de difference between two things) between operations (dem do wit di execution of trades and keeping customer record) wey modify lists and operations (dem do wit di execution of trades and keeping customer record) wey create new lists.
"thank jeff elkner, wey translate my java (programming language wey de common wey dem de use take build applications) b kom into python, wey get di project start and introduced (di cause to kom know personally) me to what dey turnout to be my favorite language.",". 4. 2 acknowledgements for""think python""(allen b. downey)first and most importantly, i thank jeff elkner, wey translate my java book into python, wey got dis project start and introduced (dem don give am de work / hand over task) me to what dey turnout to be my favorite language."
"i justices (big-big judges for higher court) note say unlike (no be like) di ordinance (local government law / official order) found unconstitutional for r. a. v, di virginia statute no fit target cross burning""on di basis of race, color, creed, religion or gender","i justices (big-big judges for higher court) no just target cross burning""on di basis of race, color, creed, religion or gender"
i function just to write for screen di eect sizes,"or default, anova=false and di function just print di eect sizes."
i result of dis vast (very big / plenty) changes (adjustments / turns) don place for few hands di power to inform di american people (pipu / crowd / everybody) and shape public opinion.,i result of dis vast change don dey place for few hands di power to inform (to tell / give info) di american pipo and shape public opinion.
is dey where to choose using true dey handy,i logical indexing dey handy
"goal of all dis changes (adjustments / turns) nato shift from computer science to informatics (di sciences concerned wit gathering, manipulating, storing, retrieving, and classifying recorded information) and to add only topics for first technology class wey fit dey useful even if person no choose to be programmer.",i ultimate goal of all of dis change dey shift from computer science to an informatics focus and to only include topics into first technology class wey dey useful even if one choose no become professional programmer.
"f you genuinely don get real, speci c hypotheses (di proposal wey dey suppose explain certain facts or observations) about which comparisons (di act of examining resemblances wey dey examinin resemblances) dey of interest, and you never get any intention to make we look any oda comparisons besides di ones wey you dey ahead (to de in front of somtin or person) of time.","i situation dey rather (instead / prefer to) dierent, however, if you genuinely don get real, speci c hypotheses (di proposal wey dey suppose explain certain facts or observations) about which comparisons (di act of examining resemblances wey dey examinin resemblances wey dey examinin resemblances) dey of interest, and you never ever get any intention to make we look any oda comparisons besides di ones wey you speci ed ahead of time."
i case dey restored to di docket for reargument,i case dey restored to di docket for reargument.
"i case no dey case wey di fact say""it dey di speaker (person wey dey talk / megaphone) opinion wey give offense""provide special""reason for according constitutional protection, fcc v. pacifica foundation(1978) (plurality opinion).","i case wey di fact say""it na di speaker's opinion wey give offense""provides special""reason for according am constitutional protection,""fcc v. pacifica foundation(1978) (plurality opinion)."
"i current trademark owner, ford settled (bin settle / no more wahala) for releasing di new car as simply di""gt""","i current trademark owners (people wey get de property / landlords), ford settled (bin settle / no more wahala) for releasing di new car as simply di""gt"""
"a large number of plaintiffs for financial services case, wey  business or organisation (one big group) wey manage money— like bank, insurance, or investment companies or investment firm defraud (to do wayo for money) large number of investors (people wey dey put money for business to gain).","i financial institution or investment firm defraud large number of plaintiffs for financial services case, wey a financial institution or investment firm defraud large number of investors."
"i court decide debs v. united states,249 u. s. 211(1919), di same year as sch enck, wey dey largely (mostly / for de most part) relied (bin put mind for dere / trust).","i court decide debs v. united states, 249 u. s. 211(1919), di same year as sch enck, on wey dey largely (mostly / de main reason) relied."
"e dey concerned (to dey worried) say hin go exclude (to remove) from one group; however, wen i check for wit him several weeks into di quarter, hin give me glowing report of hin successful (dem dey having succeeded or being marked by favorable outcome) strategy.","dey concerned (to dey worried) say hin go exclude (to remove) from one group; however, wen i check for wit him several weeks into di quarter, hin gave me glowing report of hin successful strategy."
no go into details here,no go into details here
"must have warning (notice / alarm) label or oda caution on di product, so say consumers (people wey buy and use market) dey to know di risk wey dey posed by dat product.","i product wey dey dangerous (something wey get wahala / e fit cause damage) if use for particular way, therefore, must get warning (notice / alarm) label or oda caution on am, so say consumers dey aware of di risk posed by dat product."
nited ations (obodo / different-different countries) hoto— ublic omain (area / website address).,i united nations (obodo / different-different countries) photo public domain (area / website address).
"i advocacy dey violation, however reprehensible morally, no dey justification (reason why dem do wetin dem do) for denying (to say ""o"" / reject) free speech wey di advocacy dey short of incitement and nothing to indicate say di advocacy go dey immediately acting (person wey dey hold office for small tayam / to play part) on.","i advocacy of violation, however reprehensible morally, no justification (reason why dem do wetin dem do) for denying free speech wey di advocacy go dey immediately (for no time intervening, without delay or hesitation) act on."
i president go promulgate rules to carry di act into effect and create di civil service commission as di agency or administrator of di act under di rules of di president.,i president to promulgate rules to carry di act into effect and create di civil service commission as di agency or administrator (di activity of communicating) of di act under di rules of di president.
"i defendant no engage for, nor threaten to engage for, nor threaten to commit (to do bad tin / to promise to do work) any act of violence.","i defendant no engage for, nor threaten to engage for, nor threaten to engage for, nor do anyone as di result of hin conduct for fact commit (to do bad tin / to promise to do work) any act of violence."
i substantive (mata wey get weight / real issue for law) one na say i still dey suspicious of one way to see if test fit catch difference,i substantive (mata wey get weight / real issue for law) one na say i still little suspicious (many different-different types) of power analysis.
i justice brennan and mr,i justice brennan and mr.
i number of claims wey dey resolve before an actual trial begins ( dey start / e take off) make di trial shorter,i number of claims wey dey resolve before actual trial begin make di trial shorter.
"for example, tenancy inside common describes (to talk about) an ownership interest inside wey all owners (people wey get de property / landlords) get an undivided interest inside di property, equal rights of possession, plus a devisable interest.","for example, tenancy for common describe an ownership interest for di property, equal rights of possession, and devisable interest."
1106 24 critical thinking (to reason / deep thought) questions access f or free for open tax. org 43. some low-fat or non-fat foods contain large amount of sug am to replace e di fat content of di food,i main factors wey influence weight (how tin take heavy reach) gain for pipo? 1106 24 critical thinking (to reason / deep thought) questions access f or free for open tax. org 43. some low-fat or non-fat foods contain large amount of sugar to replace di fat content of di food.
"e doubt say di pejorative (dem express disapproval) description""outrageous ( dey grossly offensive to decency or morality)"" no supply (to provide market / give wetin people need) one","e doubt (shaking mind / when person no sure) say di pejorative description (di statement wey represent something for words wey represent something for words wey represent something for words)""outrageous"" no supply (to provide market / give wetin people need) one"
his recognition (to sabi person / award) of di right to govern (dey control) provides (to provide) legitimacy.,i recognition (to sabi person / award) of di right to govern (dey control) provide legitimacy
i purpose of punishment (di act of punishing di act of punishing di act of punishing)? but what dey di purpose of punishment?,i purpose of punishment (di act of punishing di act of punishing di act of punishing)? but what dey di purpose of punishment (di act of punishing di act of punishing di act of punishing)?
i qualification (na skill or requirement wey persin must get to hold office) and balancing for di iccpr (international agreement wey protect civil and political rights of people across countries) and di mandate (official order or authority wey somebody receive to do a particular thing) for di prohibition of hate speech.,i qualification (court cases / dragging for kote) and balancing for di iccpr and di mandate for di prohibition of hate speech.
"go need to specify sep= "".""","go need to specify sep= """
"i semen r egains its fluids tate, sperm fit pass far dir into di female r eproductiv e tract.","i semen r egains its fluids tate, sperm fit pass farther into di female r eproductiv e tract."
i h ypothalamus for di brain na di master switch wey works as thermostat to regulate di bodi 'score temper atur e(figure 24. 23).,i h ypothalamus for di brain na di master switch wey work as thermostat to regulate di bodi's core temper atur e(figure 24. 23).
i business owe duty to exercise reasonable degree of care to protect di public from foreseeable (something wey person fit sabi say e go happen) risks (danger / chances of wahala or loss) wey di owner know or go know about.,i businesses owe duty to exercise reasonable degree of care to protect di public from foreseeable risk say di owner knew or go know about.
e dey learn what constitute (to be) performance,em learn what constitute (to be) performance.
i answer na ofcourse,i answer dey ofcourse 4.
"i standard, goment need to put forth (to come out / move forward) only rational basis for di law wey dey reasonably (normal way / de way person wey get sense suppose act) related to some legitimate government interest.","i standard, goment need put forth only rational basis for di law di law simply don reasonably (normal way / de way person wey get sense suppose act) related to some legitimate government interest."
"no dey use very often, but e no get report sometimes.","no use very often, but e no dey report sometimes."
i mineral dis sociat ed from a salt wey dey carry electrical ( dey relating to or concerned wit electricity) charge(an ion)dey called an electrolyte.,i mineral dis sociat ed from salt wey carrie electrical charge (an ion)dey call electrical charge (an ion)dey call electrolyte.
"a why should corporations go spend freely (free-free / anyhow) to drown out di voices of real voters (people wey dey thumbprint for election), wey no dey hope to matching corporate spending on issue advertisements (many promos / adverts for market)?","i why go corporations dey allowed (bin give chance / bin gree) to vote (to choose leader / drop thumbprint), then why go corporations dey allowed (bin give chance / bin gree) to spend freely to drown out di voice of real voters (choose leader / drop thumbprint), wey no hope of matching corporate spending on issue advertisements?"
i data dey show di data.,i data dey drawing graphs above all else show di data
"be entitled (to get right to something / e gats reach your hand)""true crime inspires tense play,""wit di subtitle (di small name under), ""di ordeal of a family trapped by convicts gives (to dash / drop / provide) broadway anew thriller,'di desperate hours.'""","dey entitled (to get right to something / e gats reach your hand)""true crime inspire tense play,""with di subtitle, ""di ordeal of family trapped by convicts give broadway new thriller,'di desperate hours.'"
"ndeed (true-true / na so / for real), inside today's world, purchase (to buy market / transaction) maybe di most common method of acquiring (getting / collecting) property.","or today's world, purchase (to buy market / transaction) go be di most common method of acquiring property."
"s many of di students use notetaking, glossing, and annotating (di act of adding notes) wen dem read, dem no mention (to talk about am small) using oda writing-to-read strategies either on dia own time or for dia class.","i students use notetaking, glossing, and annotating wen dem read, dem no mention using oda writing-to-read strategies either on dia own time or for dia class."
ire (na urgent or serious situation wey court suppose act fast on am) no be blood found for di urine,i blood found for di urine
"i validity (how true something be) for di distinction (di difference) between advocacy and di interchange of ideas, and we no dey discard useful tool (tinwey or ogbe wey dem dey use do sometin or wok) wey dey misused.","dey underlying validity for di distinction (di difference) between advocacy and di interchange of ideas, and we no discard useful tool (tinwey or ogbe wey dem dey use do sometin or wok) because e no dey misused."
no dey use oda logical operator too.,"owever, you fit also use oda logical operators too."
"f we wan our di numbers from di sample to be closer to di population parameters, we fit we do about it?","f we wan awa sample statistics to be much closer to di population parameters, what fit we do about am?"
"s di sample size increase, di -312- sem decrease (make somtin de turn to small)","s you see just by looking at di picture, as di sample size nincrease, di-312- sem decrease (make somtin de turn to small)."
"i juxtaglomerular cells will contract, decreasing (di decrease for size, extent, or range) di glomerular filtration (di process wey fluid pass through filter or filtering medium) rate (gfr) so e dey reach to les urine formation (how dem take arrange am / building stage) and greater retention of fluid.","i juxtaglomerular cells go contract, decreasing di glomerular filtration rate (gfr) soles s plasma dey filter, leading (de oga for de group / showing road) to less urine formation and greater retention of fluid."
dey extremely tempting for pipo to start wondering why di dierence between males and females for terms of dia psychic abilities.,dey extremely tempting for pipo to start wonder why di dierence between males and females for terms of dia psychic abilities ( future prospect or potential).
ridges v. california(1941).,i bridges v. california(1941).
"e go encounter composite key if we go create telephone directory wey map from last-name, first-name pairs to telephone number.","e go encounter composite key if we wan to create telephone directory wey map from last-name, first-name pairs to telephone numbers."
"dey possible for someone to become public figure through no purposeful (di existence of a purpose or goal or goal) action of hin own, but di instances (examples / cases / times wey tin happen) of truly involuntary public figure must dey rare (no dey plenti).","go possible for someone to become public figure through no purposeful action of hin own, but di instances (one example of somtin) of truly involuntary (by choice / no be by force) public figures must be exceedingly (to give good reason why person do something) rare."
"i fifth circuit court of appeals (to carry mata go higher court because you no gree) rule say yawa wey dey happen when person no gree, dem force am do tin wey no right, like dem take person by force, or dem do am wetin person no like, wey dey under sexual (mata wey concern body-to-body) palava case dey, for true, be brought (bin carry come / fetch) for court no be being subject to mandatory arbitration, despite di contract language wey dey require mandatory arbitration.","i fifth circuit court of appeal rule say sexual assault case go, for true, be brought (bin carry come / fetch) for court no be subject to mandatory arbitration, despite di contract language requiring mandatory arbitration."
i statement or actions by di police(or oda government agent)dey likely give rise (to go up / increase) to response.,omeone dey interrogated wen di statement or actions by di police(or oda government agent)dey likely to give rise (to go up / increase) to response.
i student and community professionals (sabi people / experts) don use distext to develop understanding ofspecific challenges (di demanding or stimulating situation a demanding or stimulating situation) wey dey face immigrant andrefugee families.,i students and community professionals (sabi people / experts) alike fit use distext to develop understanding of specific challenges (di demanding or stimulating situation a demanding or stimulating situation a demanding or stimulating situation) facing immigrant and refugee families.
i result dey compels (force person) different result here,i compels a different result here
rchives. org —ublic omain (area / website address).,i archives. or g public domain (area / website address).
em return to awa iq study.,em return to awa iq studies.
"iy don provide good examples of di various (many different-different types) dierent things wey you fit do wit di load()function, so e no dey bad idea to get make we look dem, and to try no to nd dem too intimidating","i various (many different-different types) dierent things wey you fit do wit di load()function, so e no dey bad idea to get make we look dem, and to try no to nd dem too intimidating."
"mmigrant households (di social unit wey dey living together) dey at substantially (well-well / plenty / significant amount) higher risk of hen person or family no get sure access to enough food regularly, or lack of adequate food for everyone for di household (people for house), than native-born households.","mmigrant households areatasubstantially (for bottom or by one's (or its) very nature) higher risk of security, or lack of adequate food foreveryone for di household, than native-born households (chilton, 2009)."
"em take di dierence between di sample means, and then divide am by some estimate of di standard error of dat dierence.","e take di dierence between di sample means, and then divide am by some estimate of di standard error of dat dierence: tx1x2 sepx1x2q di main dierence na say di standard error calculations dey dierent."
"i two articles (items / sections for law book) wey dey appear for 1979 relate to purported connection between rhinehart and lou f errigno, star of di popular television (di broadcasting visual images of stationary or moving objects) program,""the incredible hulk""","i two articles (items / sections for law book) wey dey appear for 1979 to talk about purported connection between rhinehart and lou f errigno, star of di popular television (di broadcasting visual images of stationary or moving objects) program,""di incredible hulk"
"olumbia uman ights aw eview,37(3), 627-658.","ustice human rights law review, 37(3), 627-658."
i bus company survive and dey sui di bus company.,i bus company dey survive and dey suing di bus company.
"f you know di file dey small compare to di size of your main memory, you fit read di whole file into one string using di read method on di file handle.","f you know di file dey relatively small compared (bin compare) to di size of your main memory, you fit read di whole file into one string using di read method on di file handle."
i set of values wey each value dey identified (di identity of someone or something) by integer index,i set of value wey each value dey identified (dem don change de decision / flip) by integer index.
i contract expressly (direct / dem talk am clear-clear) require am if di contract expressly require am.,"i standard of personal satisfaction fit be enforce (to force people make dem follow law) if di contract expressly (for no time intervening, without delay or hesitation) require am."
mmigrants wey no dey sure about di length (how e long reach) of stay for . . also dey more likely to be unbanked (when person no get any bank account or access to banking services).,mmigrants wey dey unsure about thelength of stay for . . also more likely to be unbanked (error / skip / something wey person no do well).
"e go use di one. sided argument to specify di one-sided test, and e works di same way we dey do for di independent (di neutral or uncommitted person (especially for politics)) samples t-test.","e fit use di one. sided argument to specify di one-sided test, and e work di same way e does for di independent (di neutral or uncommitted person (especially for politics)) samples t-test."
"i authority to designate an entity a""foreign terrorist organization""rests wit di secretary (person wey dey help run office work) of state.","i authority to designate entity a""foreign terrorist organization""rest wit di secretary (person wey dey help run office work) of state."
i fraud dey found for many contexts (how de levels be / situation).,i fraud dey found for many contexts (how de levels be / situation)
"i church leaders and emperors debat di use of religious (matter of church or mosque / person wey follow od) images wey depict christ and di saints, some honor dem as holy images, or ""icons""and odas condemning dem as idols(like di images of deities for ancient rome)and apparently (di appearance wey dey alone from appearances alone) destroy some.","i church leaders and emperors debate (fomal talk where two pipu dey talk against each oda) di use of religious (matter of church or mosque / person wey follow od) images wey depict christ and di saints, some honoring dem as holy images, or ""icons,""and oda honoring dem as holy images, or ""icons,""and oda honoring dem as idols(like di images of deities for ancient rome)and apparently destroy some."
"i quadruple function(x)y <-x*4 return(y)as you fit see, wen you type di name of di function for di place wey you type command, rprints out di underlying source code wey we use to dey use to dey for di rst place.","em take dis opportunity (chance / open door) to type di name of di function for di command line without di parentheses:> quadruple function(x)y <-x*4 return(y)as you see, wen you type di name of a function for di command line, rprints out di underlying source code wey we use to dene di function for di rst place."
"i ways to do research course go cover alot of topics wey dey relate much more to di pragmatics of research design, and especially di issues wey you dey encounter wen you try to do research wit humans (pipo).","o most research methods course go cover alot of topics wey relate much more to di pragmatics of research design, and in particular di issues wey you encounter wen try to do research wit humans (pipo)."
quarian beliefs (wetin you believe) include life after death and di ability to communicate (di transmit information wey dem transmit information) wit di dead through a medium.,i aquarian beliefs (wetin you believe) include life after death and di ability to communicate (di transmit information wey dem transmit information) wit di dead through medium.
i example of two-sided test.,i example of two-sided test.
i ovaries ar e di female g onads.,i recall (to remember) say di o varies ar e di female g onads
"for example, president eisenhower, a republican, nominated earl warren as chief justice.","for example, president eisenhower, a republican, nominated earl warren as chief justice."
"e fit see say di adding all the squared gaps to measure total error wey dey associated wit di factors dey identical for di two dierent analyses(3. 45 for drug and 0. 92 for therapy), as dem dey di degree of freedom(2 for drug,1 fortherapy ).","e fit see say di sum of squared wey dey associated wit di factors dey identical for di two dierent analyses(3. 45 for drug and 0. 92 for therapy), as dey di degree of freedom(2 for drug,1 for dirapy), as dey di degree of freedom(2 for drug,1 for dirapy), as dey di degree of freedom(2 for drug and 0. 92 for therapy), as dey di degree of freedom(2 for drug and 0. 92 for therapy)."
"e suppose take 18 pipo, and give dem some coee to drink","e took 18 pipo, and gave dem some coee to drink."
em start by noting say 10-cubed dey 1000,o make we start by noting (dragging / to contest with oda people) say 10-cubed dey 1000
i three-aisled plan incorporated (company wey don register finish / join body) numerous (plenty-plenty / dem many) subsidiary chapels flank di aisles.,i three-aisled plan for corporated (company wey don register finish / join body) numerous (plenty-plenty / dem many) subsidiary chapels flanking di aisles.
tell you say dis na one kind of table,tok say dis na one kind of table.
e look to see how dia individual person dey from dia own group mean: sswg k1nk i1nk,e look to see how dierent each individual person dey from dia own group mean: sswg k1nk i1nk i1
i lead naturally to di question of which pair of model dey compare.,i lead naturally to di question of which pair of models (samples / fine people for picture) dey compared (bin compare).
"i research hypothesis na say\humans (pipo) and robots answer di question for di same way"", how fit i construct test of di nullhypothesis say\humans and robots answer di question di same way""?","i research hypothesis na say\humans and robots answer di question for dierent way"", how fit i construct test of di nullhypothesis say\humans and robots answer di question di same way""?"
hese funds (money for ground / capital) dey typically sent (dem don dispatch am / e don travel go) through money transfer agencies(e. g.,hese funds (money for ground / capital) dey sent through money transfer agencies(e. g.
"dey more specific than our previous (something wey dey before now) use of di word""value"".","is dey more specific than awa previous (something wey dey before now) use of di word""value"""
"em fit believe say outside circumstances go become less stressful, say their partner (business paddy / colleague) go learn how to stop, or say dem go be better able to control di situation for di future.","em go believe say outside circumstances go become less stressful, say dia partner (business paddy / colleague) go learn how to stop, or say dem go better able to control di situation for di future."
"i key ta keaways law dey dynamic (something wey fit change, e no just stay one place) and ever changing (to turn / change style) field wey affect all, both for dia individual capacities as pipo and for dia business interactions (how people relate / communication).","i key ta keaways law dey dynamic and ever-changing field wey affect everyone, both for dia individual capacities as pipo and for dia business interaction."
i hopefully you no get to see dem,i hopefully you no get see dem
"i first step dey for di jump operator to weigh di jumper, so say di length (how e long reach) of di bungee fit adjust accordingly.","i first steps (actions / how to waka reach target) dey for di jump operator to weigh di jumper, so say di length (how e long reach) of di bungee go adjusted accordingly."
i district judge dey required to assess di probable (likely / fit happen) publicity wey go give dis shocking crimes (bad deeds / things wey break law) prior to di time a jury dey selected (picked / de one wey dem choose) and sequestered.,i district judge dey required to assess di probable publicity wey go give dis shocking crimes (bad deeds / things wey break law) prior to di time jury dey selected and sequestered.
"i dr. king no dey arrest seven times, but only four; and although hin claim say dire (na urgent or serious situation wey court suppose act fast on am) na such assault.","i officers wey make di arrest some years earlier for connection wit hin arrest for loitering outside courtroom (room for kote), one of di officers wey make di arrest denied (bin reject / talk say no be so) say na such assault."
"is""how you dey move""variable fit get plenty possible values, including: ""train"",""bus"", ""car"",""bicycle"", etc.","i ransport type""variable go get quite few possible values, including: rain"", us"", \car"", cycle"", etc."
"e go insist on complexity, kritikal tinin be say make we dey examine tori and ideas well, sabi wetin dey happen, and use am take make sense decision, and subtle (small-small) attention to di nuances of language while also opening (hole / start / vacancy) awaselves upto new insights wey dey arise (to show face / start to happen) from translingual process for student writing?","ow we insist on complexity, critical thinking (to reason / deep thought), and subtle attention to di nuances of language while also open ourselves upto new insights wey dey arise (to show face / start to happen) from translingual process for student writing?"
e dey one wit di dissent (to no gree / judge wey get different mind) say di goment's authority and expertise for dis matter no automatically trump di court's own obligation to secure (to make sure e safe / tie down) di protection wey di constitution grant to individuals,"e dey one wit di dissent (to no gree / judge wey get different mind) say di goment's""authority and expertise for dis matters no automatically trump di court own obligation to secure di protection wey di constitution grant to individuals"
i washington court of appeal revers di conviction.,i washington court of appeal reversed (to change de judgment / turn am back) di conviction.
"owever, no legal repercussions follow breaking social customs.","owever, no legal repercussions follow violating (to break law / go against rule) social customs."
i defendant no defense as to state facts unless hin fit persuade di jury say dem dey true for all dia particulars.,i defendant no defense as to state facts unless he fit persuade di jury say dem dey true for all dia particulars.
"i smaller scale of middle byzantine church also coincided wit reduction of large, public ceremonies.","i smaller scale of middle byzantine churches also coincided wit reduction (di act of beginning something new) of large, public ceremonies."
"i card dey place black side up or white side up completely at random, wit di randomisation occur only after di experimenter don left di room wit di participant.","i card dey place black side up or white side up completely for random, wit di randomisation occurring only after di experimenter don left di room wit di participant."
"for example, firefighter go need to be beard-free if a beard interfere wit di proper functioning of oxygen mask, critical piece of equipment wey fighting fires (di tin wey de show when somtin de burn).","for example, firefighter go required to be ard-free if a beard interferes (the smallest unit of a substance, wey get atoms joined together) wit di proper functioning of oxygen mask, critical piece of equipment wey dey fight fire (di tin wey de show when somtin de burn)."
"f we make we look di plot for figure 14.1, e dey tempting to conclude (make somtin end) say joyzepam dey better than di placebo and better than anxifree, but nano real dierence between anxifree and di placebo.","f we make we look di plots for figure 14.1, e dey tempt to conclude (make somtin end) say joyzepam dey better than di placebo and better than anxifree, but nano real dierence between anxifree and di placebo."
e call di tags()method on di returned object wey return dictionary (book or app wey dey explain word meanings) of tag objects (things / items),e call di tags()method on di return object wey return dictionary (book or app wey dey explain word meanings) of tag objects (things / items).
i intelligent (di capacity for thought and reason especially to high degree) being?,i intelligent being?
i judge originally rule say di jury go dey instruct say di burning of cross by imself dey sufficient (di quantity wey fit fulfill need or requirement but without being abundant) evidence from which y dey infer di required intent,"i judge originally rule say di jury go instruct""that di burning of cross by itself dey sufficient (di quantity wey fit fulfill need or requirement but without being abundant) evidence from wey y ou go infer di required intent"
turnout say exactly 95 of dem contain di true mean.,turnout say exactly 95 of dem contain di true mean.
"i debt (na money wey persin suppose pay to anoda persin or entity) dey, for true, discharged (na wen persin free from legal duty or work obligation)","i debt dey, for true, discharged (na wen court or jury find persin guilty of criminal charge)."
a later on you go tweak few of di command inside di le(maybe for new le call mynewdatanalaysis).,i command wey dey inside di le(maybe for new le called mynewdatanalaysis.
"i proses of puttin down tori for paper, from wen you dey plan am, draft (na written order to bank or persin to pay specified money) am, edit am, till you finish am well, di readers' expectations, and di grammar (di rules for language) anxiety (worry)","i writing process, readers' expectations, and grammar anxiety (different-different kinds)."
em dey identical.,dey identical
"et as we see, to rule out di impossible (no fit happen) never lead me make prediction (di act of predicting (as by reasoning about di future)).","e saw, ruling out di impossible (no fit happen) never led me make prediction (di meaning)."
"i right of free speech no absolute (everitin de complete, no comma) for all times and under all circumstances.","i right of free speech no dey absolute (everitin de complete, no comma) for all times and under all circumstances."
i insert into di member (one person inside join-body) table dey simply insert di two integers as new or existing (wetin dey ground now / active) row based on di constraint to make sure we no end up wit duplicate entries for di member table for particular user id combination.,i insert into di member table dey simply insert di two integers as new or existing row depending on di constraint (to hold body / control / limitation) to make sure we no end up wit duplicate entries for di member table for a particular user id combination.
no dey.,"f e dey unforeseeable (something wey no common / different style), then e no dey."
"f you dey any good for your job, you go do whole lot of oda things too, but let's consider just dis one simple experiment.","f you dey any good for your job, you also do whole lot of oda things too, but let consider just dis one simple experiment."
"a robson irst amendment (wey go bring freedom to pipo) 149 di months of negotiations (to drag price / settle mata through talk) over di proper level of compensation for teachers for di wyoming valley west highschool dey unquestionably a matter of public concern, and respondents (people wey dey answer case for kote) dey clearly engage for debate (fomal talk where two pipu dey talk against each oda) about say concern.","irst amendment (wey go bring freedom to pipo) 149 di months of negotiations over di proper level of compensation for teachers for di wyoming valley west highschool dey unquestionably (kpam-kpam / true-true / without doubt) matter of public concern, and respondents (people wey dey answer case for kote) dey clearly engage for debate about dat concern."
"or research among sian mericans, receiving (to collect / receive) financial services from other sian mericans lead to better financial outcomes; di clients (customers / people wey hire expert) dey more likely to obtain loans (borrowed money / credit) and to save more and longer.","iclients dey receiving (to commot / travel / leave something) financial services from oda asian americans ledtobetter financial outcomes (di first to last to last); diclients dey more likely toobtain loans andto ave more andlonger (zonta, 2004)."
"i remember, all for science dey to know dis issue, and does what dem fit to alleviate am","i issue, everyone for science dey aware of dis issue, and does what dem fit alleviate am"
"hildren fit feel relief once dem resettle, but resettlement fit bring additional challenges including financial stressors, difficulties finding adequate housing and employment, lack of community support, new family roles and responsibilities (de loads or work wey person get for head) wey often dey transcend developmental (di development of or relating to or constituting development) age, acculturation stressors such as isagreement (say dem no agree) and conflict between different generations— especially parents and children between children and parents, and struggle to form cultural identity for di resettled country.","i children go feelrelief once dem resettle, but resettlement fitbring additional challenges (di demanding or stimulating situation a demanding or stimulating situation a demanding or stimulating situation) including financial stressors, difficulties (di effort wey dey inconvenient, na effort wey dey inconvenient) finding adequate housing and employment, acculturation stressors such asgenerational conflict between children and parents, and struggle to form cultural identity for di resettled kontri. 5. 2 mental health challenges 101 abed (15)fle"
"i age<- c(60, 24, 26, 34, 42, 31, 30, 33, 2, 9)for some situation, suppose i dey quite helpful to group dem into smallish number of categories.","i suppose i interest for looking at di age distribution of pipo for social gathering:> age<- c(60, 58, 24, 33, 33, 33, 33, 33, 33, 33, 33, 33, 33, 33, 33, 33, 33, 33, 33, 33, 33, 33, 33, 33, 33, 33, 33, 33, 33, 33, 33, 33, 33, 33, 33, 33, 33, 33, 33, 33, 33,"
"ou go expect to find a big macon di menu, perhaps chicken mcnuggets plus french fries too.","ou go expect to find big macon di menu, perhaps chicken mcnuggets and french fries too."
"em call di\continuity correction (di act of offering improvement to replace mistake)"", or sometimes di yates correction","dey call di\continuity correction (di act of examining resemblances wey dey examinin resemblances)"", or sometimes di yates (small-small write-up / observations) correction."
"i example, you go wan to calculate di probability say today dey rainy(i. e, hypothesis hin true)and i'm carry umbrella(i. e, data dis observed).","i example, you go wan to calculate di probability say today dey rainy(i. e, data dis observed)."
"x2 n di idea here na say di statistic dey suppose range between 0(no for all association)and 1(perfect association), but e no dey always do dis when your one table wey dey show how two things connect dey bigger than 2, wey dey total pain.","i idea here na say di statistic dey suppose range between 0(no for all association)and 1(perfect association)and 1(perfect association)and 1(perfect association), but e no do dis when your contingency table dey bigger than 2 2, wey dey total pain."
"t times, if immigrant fit communicate (di transmit information wey dem transmit information) for nglish, providers fit assume say di level of understanding of di immigrant patient (person wey dey hospital / person wey get endurance) dey higher than wetin di immigrant patient fit actually understand.","i attimes, ifan immigrant cancommunicate inenglish, providers (plan to / mind set) go assume say di elevel of understanding of di immigrant patient (person wey get house or land and e use am rent) ishigher than what theimmigrant patient fit actually understand(flores, 2006)."
we fit use tuple assignment for forloop to transverse dis dictionary (book or app wey dey explain word meanings).,e go use tuple assignment for forloop to traverse dis dictionary (book or app wey dey explain word meanings).
"i jury dey allowed (bin give chance / bin gree) to impose (to force law or fine for person head) liability without fault and dey permitted to presume damages without proof of injury, new trial dey necessary.","i jury dey allowed (bin give chance / bin gree) to impose (to force law or fine for person head) liability without fault and dey permitted to presume damages without proof of injury, new trial dey necessary."
"i rdata"" dey actually a variable wey you wan save, and you go get error message","i rdata"" dey actually variable wey you wan save, and you go get error message."
i each of dis dey known as collective (di cooperative enterprise wey dey cooperative enterprise) mark,i each of dis dey known as collective mark
em no dey denied (bin reject / talk say no be so) or abridged,em no dey denied (bin reject / talk say no be so) or abridged.
rao woman dey make rice wine for jar— ikimedia ommons  - 3.0.,i brao woman make rice wine for jar wikimedia common cc by-sa 3. 0.
or marilyn sheppard,"i ""and to marilyn sheppard"
i largest barriers (something wey dey prevent you from reaching a place or thing) to higher-paying employment for immigrants na lack of education and nglish-speaking ability. pproximately 29%of immigrant workers no hold highschool diploma compared (bin compare) to only 7%of their native-born peers (mate / level).,"i largest barriers (something wey dey prevent you from reaching a place or thing) tohigher -paying employment for immigrants dey lack of education and splish-speaking ability. approximately 29%of their native-born peers(singer,2012)."
"i one way to do dis nato do exactly what i just don do, and describe all using percentiles (di numbers wey divide into 100)","ne way to do dis nato do exactly what i just do, and describe all for terms of percentiles."
"dey enrolled students, develop family scholars (deep students / book people) wit aninterest forimmigrant andrefugee displacement andresettlement process, include family dirapists wey dey work wit immigrant andrefugee families and emerging family scientists (pipo wey sabi science) conduct research ontheexperience ofimmigrant andrefugee families.","nrolled students, develop family scholars (deep students / book people) wit aninterest for immigrant and refugee displacement andresettlement process, include family therapists currently work wit immigrant and refugee families and emerging family scientists (pipo wey sabi science) conduct research on di experiences of immigrant and refugee families."
"i scientist(but rather fortunately for di general populace), e dey suppose say we dey analyse (to look somtin wella to sabi am) data from eld experiment, looking at di emotional status of pipo wey dey accused (person wey dem talk say e do bad) of witchcraft; some of whom dey burn for di stake (share / interest for something).","i scientist(but rather fortunately for di general populace), make we suppose say we dey analyse (to look somtin wella to sabi am) data from eld experiment, looking at di emotional status of pipo wey dey accused of witchcraft; some of whom dey burn for di stake. 12unfortunately for di scientist(but rather fortunately for di general populace), na hard to nd pipo for di process of being set on re, so di cell counts dey awfully small for some case."
dey take di approach of describing (di description wey dey give a description wey dey give) di logic(and to an extent di mathematics) wey underpins particular analysis rst; and only den introducing dircommands wey you use to produce di analysis.,"i book, i generally take di approach of describing di logic(and to extent di mathematics) wey dey underpins a particular analysis rst; and only then introducing thercommands wey you use to produce di analysis."
i nutrients to european plant dey poison to australianones,i nutrients (di quantity wey fit fulfill need or requirement but without being abundant) to ental and emotional pain wey person get after going through terrible experiences (things person don see).
i charlie get nothing specifically from claire for di criminal case oda than di general satisfaction of knowing (with full sabi / person wey get info) say hin attacker don convicted (na wen court or jury find persin guilty of criminal charge) of crime.,i charlie get nothing specifically from claire for di criminal case oda than di general satisfaction of know say hin attacker don convicted (na wen court or jury find persin guilty of criminal charge) of crime.
"a. thiamine b. phosphorus c. folic acid d. vitamin c kritikal tinin be say make we dey examine tori and ideas well, sabi wetin dey happen, and use am take make sense decision questions 30. tok how metabolism fit dey altered (changed).",. thiamine b. phosphorous c. folic acid d. vitamin c critical thinking questions 30. describe ho w metabolism fit be altered.
"i source dey create by legal scholars (deep students / book people) no be by recognized, legitimate law- create authority.","i sources dey create by legal scholars (deep students / book people) no be by recognize, legitimate law- creating authority."
i court no endorse di categorical rule di goment robson irst amendment (wey go bring freedom to pipo) 107 advances (progress / front money): say false statements receive no irst amendment (wey go bring freedom to pipo) protection.,"i court don endorse di categorical rule di goment robson irst amendment (wey go bring freedom to pipo) 107 advances (na wen persin no dey give proper care, and dis cause harm): dat false statements receive no irst amendment (wey go bring freedom to pipo) protection."
i delete (to comot somtin kpata kpata from file or system wey e dey) command show di use of where clause wey allow us express selection (choosing / pick-pick) criterion so we fit ask di database to apply di command to only di row wey match di criterion.,i delete (to comot somtin kpata kpata from file or system wey e dey) command show di use of where clause wey allow us to express selection (choosing / pick-pick) criterion so say we fit ask di database to apply di command to only di rows wey match di criterion.
"i concurring opinion joined by douglas, j. goldberg, j, issue a concurring opinion joined by douglas, j. goldberg, j, issue a concurring opinion joined by douglas, j.","i black, j, issue concurring opinion joined by douglas, j. goldberg, j. goldberg, j. goldberg, j. goldberg, j. goldberg, j. goldberg, j. goldberg, j. goldberg, j. goldberg, j. goldberg, j. goldberg, j. goldberg, j. goldberg, j. goldberg, j. goldberg, j."
"i participants also use di extensive (wide / big / plenti) use of summarization as learning tool apart from relying (to lean on / trust person) on summarization skill to complete various sourcebased writing assignments, di participants also use am extensively (di widespread way) for dia study as effective way to organize information.","i participants also use summarization (di act of preparing summary (or an instance thereof)) as learning tool apart from relying on summarization skill to complete various (many different-different types) sourcebased writing assignments, di participants also use am extensively for dia studies as effective way to organize information."
nd say e dey easier (no hard / simple) to interpret di results of type ii test than di results of a type i or type iii test.,nd say e dey usually easier (no hard / simple) to interpret di results of type ii test than di results of type ii test than di results of type ii test.
i ethical obligations (all de things wey people gats do) of corporations dey?,i ethical obligations (all de things wey people gats do) of corporations dey?
or 011?,i 011?
nderstand boundaries (di line or plane indicating di limit or extent of something) plus limitations on patent rights.,em understand boundaries and limitations (boundaries / things wey person no fit do) on patent rights.
rominent (well-known or important) pro-life politicians (di leader wey dey engage for civil administration) launched vitriolic attacks on di judges involved.,i prominent pro-life politicians (di leader wey dey engage for civil administration) launch vitriolic attacks on di judges involved.
"yperlink: thefts (stealing / tifi-tifi), skimming, fake (somtin wey no de real) invoices, oh my!","ifts, skimming, fake invoices, oh my!"
i important type of history eect na di eect of repeated testing (check-am / confirm-am) eect na di eect of repeated testing.7. 3 repeated testing eect dey important type of history eect na di eect of repeated testing.,"i very long experiment for di lab(say, something wey go for 3 hours), e dey likely say pipo go begin to get bored and tired, and say dis maturational eect go cause performance to decline, regardless (di usually follow by `of') without due thought or consideration or consideration) of anything else going on for di experiment 2.7. 3 repeated testing eect of repeated testing."
"i number of package wey i to talk about but no dey use for dis book, such as reshape, compute.","i number of package wey i to talk about but no use for dis book, such as reshape, compute. , histdata and multcomp among odas."
"tudy conducted (bin do de work / bin manage de event) by di obert ood ohnson oundation(arrett, 2006)find say e dey extremely difficult for refugees to move from low-paying to better paying (to drop money / settle bill) jobs (work / hustle / different employments) after dem don adjust to living for . . because many lack nglish language skills and education.","i study conducted (bin arrange / build follow plan) by thetherobert woodjohnson foundation(garrett, 2006)found wey dey extremely difficult for refugees tomove from low-paying to better paying jobs (work / hustle / different employments) after dem don adjusted to identify for . . because many lack english language skills andeducation."
i movement (to waka / shift / group wey get goal) of na+and ur ea into di int erstitial spaces by dis mechanisms (system wey dey produce one particular result) cr eat di hyper osmotic environment of di medul la.,i movement (to waka / shift / group wey get goal) of na+and ur ea into di int erstitial spaces by dis mechanisms (system wey dey produce one particular result) create di hyper osmotic environment of di medul la.
"i judgment no dey important say di goment and its employees for fact avoid practicing (as of jobs and professions wey dey carry out or practice) political justice, but e dey critical say dem appear to di public to dey avoid am, if confidence for di system of representative (di person wey represent oda person wey represent odas) goment no be disastrous (for events) wey dey having extremely unfortunate or dire consequences) extent.","no only important say di goment and im employees for true avoid practicing political justice, but e dey also critical say dem appear to di public to be avoiding am, if confidence (di freedom from doubt) for di system of representative goment no dey eroded to disastrous extent (how far de tin reach / level)."
em implement bans (ban / block-am / no-gree-make-e-happen) on texting while driving (to drive motor / push something go front).,i many states dey implement bans on texting while driving.
"i parties dey obligate to turnover material wey support dia own case, without demand from di oda side.","i parties dey obligated to turnover material wey support dia own case, without demand from di oda side."
"i inside two doors dey reveal a miniature effigy (a representation of specific person, typically for sculptural form)of di saint wey likely references (di books and papers wey dem use) hin pilgrimage shrine, wey dey thought to be site (building ground / location) for miracles.","i two doors dey reveal behind which reclines (areas of study or field of knowledge) miniature effigy (a representation of specific person, typically for sculptural for sculptural form)of di saint wey likely references (citation / to point to where info dey) hin pilgrimage shrine, wey dey thought to be site for miracles."
"e suppose say, wen we collect di data, e turnout di large(and statistically signi cant) dierence between di\milk and sugar""group and dio-milk and no-sugar""group and dio-milk and no-sugar""group.","e collect di data, e turnout there na large(and statistically signi cant) dierence between di\milk and sugar""group and dio-milk and no-sugar""group and dio-milk and no-sugar""group."
i lived (stay life / bin stay) experience no dey di only resource (one thing wey fit help) wey chozin bring to hin graduate work.,i lived (how dem take arrange am / building stage) experience dey certainly (kpam-kpam / true-true / without doubt) no di only resource wey chozin brought (bin carry come / fetch) to hin graduate work.
em agree wit filmmaker achbar say corporation go be psychopathic?,em agree wit filmmaker achbar say corporation go be psychopathic?
"i author (person wey write de tin / originator) tok say marilyn sheppard dey still off stage, and say she dey only child (pikin / smallie) wey she dey young and whose father no interest for di case.","i author (person wey write de tin / originator) then noted marilyn sheppard dey""still off stage, and say she dey only child (pikin / smallie) wey dey mother die wen she dey very young and whose father no interest for di case."
i case dey tried (bin try / test) on both stipulated (mention for agreement) evidence and oral (talk-talk / wetin comot from mouth) testimony.,"i case dey convened, and di case dey tried on both stipulated evidence and oral testimony."
i null model go be model.1 since di main eect of drug,i null model go be model.1 since e contains only di main eect of drug.
"thers dey able to support their families, but don have to leave everything behind to travel to safety (safe condition / no wahala) after conflict or natural disasters.","i odas dey able to commit (to do bad tin / to promise to do work) dia families, buthadtoleave all behind to travel tosafety (safe condition / no wahala) after conflict or natural disasters."
i problem na say di plot. formula()function use dierent names to for di argument than di plot()function expect.,i problem na say di plot. formula()function use dierent name to for di argument than di plot()function expect.
"em clarify di mental state wey dey necessary to violate (to break law / go against rule) 2339b, requiring (dem need am / e gats dey dere) knowledge of di foreign group's designation as terrorist organization or di group's commission of terrorist acts (deeds / many laws wey don pass).","i congress clarified (bin change small-small / adjusted) di mental state necessary to violate 2339b, requiring knowledge of di foreign group's designation as terrorist organization or di group's commission of terrorist act."
"orstead, try to break di problem for half (one of two tins wey de equal from anoda tin)",i problem for half (one of two tins wey de equal from anoda tin).
"i authors (di pipo wey write am) describe two variations (di rate or magnitude of change) of di course, one taught (bin teach) for george washington university for washington, d. c. and open only to l2 students and di oda taught for middlebury college for vermont and offer to both l2 students and di oda taught for middlebury college for vermont and offer to both l2 students.","i authors (di pipo wey write am) describe two variations of di course, one taught (bin get de sense say / intention) for george washington university for washington, d. c. and open only to l2 students and di oda taught (bin get de sense say / intention) for middlebury college for vermont and offered to both l1 and l2 students."
i court don tok say a person wey dey associat wit group wey use unlawful means to achieve (to make am / reach target / blow) its ends (where e finish / targets) no dey necessarily (di essential manner wey dey essential for di essential manner) forfeit irst amendment (wey go bring freedom to pipo)'s protection for freedom of association.,i court don previously (di earlier time or formerly) tok say person wey associates wit group wey use unlawful (something wey law no gree / illegal) means to achieve (to make am / reach target / blow) im end no thereby necessarily (di essential manner wey dey essential for di essential manner) forfeit irst amendment (wey go bring freedom to pipo)'s protection for freedom of association.
"ne of di reason we need all dis sampling theory na say every group of related numbers or data wey belong together leave us wit some of uncertainty, so awa estimates no go dey perfectly accurate.","i discussion dey illustrate (to show how e be), one of di reasons we need all dis sampling theory na say every group of related numbers or data wey belong together leave us wit some of uncertainty, so awa estimate no go be perfectly accurate."
"f di amount of water inside cell fall to av alue wey dey t oo low, di cyt osol becomes (turn to / start to be) to concentrate wit solut e to carry on normal cellular activities; if t oo much water enters ac ell, di cell ma y burst and be destroyed (bin spoil kpatakpata / scatter).","i cyt osol become t oo low, di cyt osol become t oo low, di cyt osol become t oo low, di cyt osol become t oo concentrate wit solut e to carry on normal cellular activities; if t oo much water enter ac ell, di cell ma y burst and be destroyed."
"i trial judge don before him newspapers show say di crime don draw intensive news coverage (how far insurance or news cover de mata), and di testimony of di county (area / local government division) judge, wey don enter di initial (de first one / start-start) restraining order based on di local and national attention di case don attract.","i trial judge don before him newspapers (di daily or weekly publication on folded sheets) demonstrating say di crime don draw intensive news coverage (how far insurance or news cover de mata), and di testimony of di county judge, wey don enter di initial restraining order based on di local and national attention di case don attracted."
dey make we look dem one time,o make we look dem one for time
magine say government dey draft (na written order to bank or persin to pay specified money) compulsory (for rule wey dey required by rule) military service(di draft)on top say you go prison if you no join milatary by force by fire (di tin wey de show when somtin de burn),"for example, imagine goment say institutes compulsory military (soja mata / army) service(the draft)under threat of imprisonment for fail to comply (to carry pickin take as your own / follow a style)."
s you go get two dierent groups of observations arises ( show face / e start to happen) wen you go get two dierent groups of observation.,i much more common situation arises ( show face / e start to happen) wen you go get two dierent groups of observations.
"s you see, wen di true value of dey close to 0. 5, di power of di test drop very sharply, but wen di power dey large, di power dey large","s you see, wen di true value of dey close to 0. 5, di power of di test drop very sharply, but wen e dey further away, di power dey large."
"a, perhaps no.",i perhaps no dey.
"because dem dey carried (bin carry / bin move load) in lipds, fat-soluble vitamins fit dey accumulated for di lipids wey dey stored for di bodi","i fat-soluble vitamins fit ac cumulat e for di lipids, fat-soluble vitamins fit ac cumulat e for di lipids store for di bodi."
"i reason wey dey use dis expanded notation dey to help you remember say we dey calculat standardised (di standard evaluate by comparing wit standard standard) version of a di average number, note standardised version of a single observation, wey dey what a-score usually to talk about).","i reason for using dis expand notation dey help you remember say we dey calculating standardised version of sample mean, nota standardised version of single observation, wey dey what az-score usually refers to)."
"i ownership interest dey important for matters of possession, right to transfer, right to profit (gain / better money from business) from di land, and liability.","i ownership interest dey important for matters of possession, right to profits (gain / better money from business) from di land, and liability."
i question don dey common.,i notice say all of dis question don something for common
"ccording to di report, something wey go ginger persons exist to favor (to help person / partial follow-up) businesses over consumers (people wey buy and use market) inside di to settle matter outside kot with judge process.","i report, incentives exist to favor businesses over consumers (people wey buy and use market) for di arbitration process."
"i experience, most psychology experiments dey sampling without replacement, because di same person no fit participate for di experiment twice.",i same person no allowed (bin give chance / bin gree) to participate for di experiment twice.
"nside fact, you go get a potential claim against di painters for interfering ( dey kom between so as to be hindrance or obstacle) with your property plus entering your land without your permission (di approval to do something).",i potential claim against di painters for interfering (di prescribed procedure dey preparing or putting through a prescribed procedure) wit your property and enter your land without your permission (di approval to do something).
efugees currently (for now / as we dey so) residing for their i country wey receive and give a home to immigrants or refugees and their family members wey dey awaiting permission (di approval to do something) to join dem must both work through cumbersome systems for their respective ( dey consider individually) countries.,i refugees currently (for now / as we dey so) residing for their host kontri and their family members awaiting permission (di approval to do something) tojoin dem must both work through cumbersome systems for their respective countries.
no go use am,no dey able to use am
"dey unlike (no be like) spermat ogonia, however, oogonia form primary oocyt e for di fetal o vary prior to birth (born pikin).","i spermat ogonia, however, oog onia form primary oocyt e for di fetal o vary prior to birth (born pikin)."
"i need to make profit na one truism wey bind (tie / hold together) all businesses together, but beyond dat, e hard to draw generalizations (to generalize about something) about business operations (dem do wit di execution of trades and keeping customer record).","i need make profit (gain / better money from business) dey one truism wey bind all business together, but beyond say, e hard to draw generalizations about business operations (dem do wit di execution of trades and keeping customer record)."
i degree of control wey di researcher exercise over di pipo and events for di study.,e dey talk about na di degree of control say di researcher exercise over di pipo and events for di study.
"but suppose we get significant interaction term, but non-significant main effect of milk.","e get signi cant interaction term, but non-signi cant main eect of milk."
"or a computer,0. 1 dey actually one for nitely long binary number",dey actually for nitely long binary number
e don highlight di requirement say di governmental interest for question be unconnected to expression for order to kom under o'brien's less demanding rule.,e]don highlight di requirement say di governmental interest for question be unconnected (na wen court fit force persin follow agreement or ruling) to expression for order to kot under o'brien's less demanding rule.
"for example, suppose sey we dey try to run  with three factors, , , and , and we wan to consider all possible main effects and all possible interactions (how people relate / communication), including di three-way interaction : : .","i suppose say we dey try run anova wit three factors, a, band c, and we go consider all possible main eects and all possible interaction, including di three way interaction, including di three way interaction: b: c."
"i degree of freedom"" no fit be whole number anymore, and di number of constraints (rules wey dey prevent you from going too far) wey i dey use upto dis point.","i \degree of freedom"" no get whole number anymore, and e no correspond all wey dey closely (near-near / check am well-well) to di umber of data points minus di number of constraints (different-different types / varieties)"" heuristic wey i dey use upto dis point."
i amino acids dey processed and stored as glucose or k etones,i amino acids dey process and store as glucose or k etones.
"i fourth (number four) count lays conspiracy to incite curtailment of production of things wey dey necessary to di prosecution of di war and to attempt to accomplish am by publishing (di business of issuing printed matter for sale or distribution or distribution) di second leaflet, to which i don referred (bin talk about / bin point to).","i fourth count lays a conspiracy to incite curtailment of production of things wey dey necessary to di prosecution of di war and to attempt to accomplish am by publishing (di first to last to last) di second leaflet, to which i don talk."
"i means say if evidence dey obtained (bin collect / bin get de tin for hand) for violation of di fourth (number four) amendment, then dem no use against di defendant for court of law.","i means say if evidence dey obtained (bin collect / bin get de tin for hand) for violation of di fourth (number four) amendment, then e no use against di defendant for court of law."
"i urinary system and homeos tasis 1145 acute kidney injury don dey caused (wetin make de tin happen) by number of factors, including transplants and oda surgeries.","i urinary system and homeos tasis 1145 acute kidney injury fit be caused b ya number of factors, but since stem cell therapy dey still for its infancy, na limited experiments for humans (pipo). 25. 10 di urinary system and homeos tasis 1145 acute kidney injury fit caused b ya number of factors, including transplants and oda surgeries."
just waned make di point wey rcontains whole lot of functions wey dey corresponding to dierent kinds (different types / varieties) of hypothesis test.,just wan make di point wey rcontain whole lot of functions corresponding to dierent kinds (different types / varieties) of hypothesis test.
i communists no building just for today di rest of us go profit (gain / better money from business) by dia example.,i communists no building just for today di rest of us might profit (gain / better money from business) by dia example.
dey understand say limited liability entities (organizations / separate things or bodies) dey now heavily favored.,i limited liability entities (organizations / separate things or bodies) dey now heavily favored.
"i point, we dey suppose done",e dey basically done
"em require llcs to get di letter""llc"" or words""limited liability company""for di official business name.","i most states require llc"" or words""limited liability company""for di official business name."
"no see di point of di cross-bars on standard boxplot, so i deleted dem","no see di point of di cross-bars on standard boxplot, so i delete (to comot somtin kpata kpata from file or system wey e dey) dem"
"ccording to ole(2006), in spite of its history as nation of immigrants, . . remain deeply nationalist (one wey love and defend hin or her kontri) and quite parochial; di law dey reflect (to show) dat parochialism.","i spite of immigrants, di united state dey deeply nationalist andquite parochial; dilawreflects (different-different kinds) wey parochialism."
"i function wey you need use dey call hist(), and e get reasonable default settings (different environments / locations).","i function you need use dey call hist(), and e don pretty reasonable default settings (where de mata happen / environment)."
reating immigrants and refugees within . . dey offer unique opportunities (di possibility due to a favorable combination of circumstances) and challenges (di demanding or stimulating situation a demanding or stimulating situation).,em treat immigrants and refugees within . . offersunique opportunities (di possibility due to a favorable combination of circumstances) andchallenges (di demanding or stimulating situation a demanding or stimulating situation).
i plaintiffs don get two diories available to dem.,"i product dey unreasonably (normal way / de way person wey get sense suppose act) dangerous (something wey get wahala / e fit cause damage), plaintiffs don two theories available to dem"
i aim of di struggle[against those taxes (money wey gofment dey collect from people hustle)]na.,i aim of di struggle[against those taxes] dey.
"dey calmer now, so wit any luck version 0. 5 go be a bigger step forward (front / moving on).","i things wey dey little calmer (person wey buy and use market) now, so wit any luck version 0. 5 go be bigger step forward (di ambiguity dey free from ambiguity)."
"ow educator, social worker, therapist, religious (matter of church or mosque / person wey follow od) spiritual leader, employer, etc. fit respond?","ow might educator, social worker, therapist, religious (matter of church or mosque / person wey follow od) spiritual leader, employer, etc."
i power wey dem give to congress to tax and spend money,em learn about di power given to congress to tax and spend money.
"i""no -beard""employment policy dey problematic (di open to doubt or debate) for african americans.","i""no -beard""employment policy go also be problematic (di quality of having inferior or less favorable position) for african americans."
i following program use findall() to find di line wit email (electronic message wey person de send or collect on top internet) addresses for demand extract one or more addresses from each of di line.,i following program use findall() to find di line wit email (electronic message wey person de send or collect on top internet) addresses for dem and extract one or more addresses from each of those lines.
"i most complete ownership interest dey represent by fee simple absolute (everitin de complete, no comma).","i most complete ownership interest dey represented by fee simple absolute (everitin de complete, no comma)."
e need to specify di name of di group wey dey scores dey expected (wetin person tink say go happen) to be larger (wey big pass) under di other idea.,i name of di group wey dey scores dey expected (wetin person tink say go happen) to be larger (wey big pass) under di other idea.
e go con ask python make e to show d value wey dey y.,e ask python to show di value currently (for now / as we dey so) for y.
"i panel b we get sample of 100 observations, and panel c we get sample of 10, 000 observations, and panel c we get sample of 10, 000 observations","e get sample of 100 observations, and panel c we get sample of 10, 000 observations."
e dey think?,ow you think?
i big bad world of mathematics scos for awa decimal numbers.,"happen to nd e useful because decimal numbers dey built around di number 10, but di big bad world of mathematics scos for awa decimal numbers."
"i students go ask me to take di easiest part or give me di least amount of time to present, wey i dey always against.","ometimes students go ask me to take di easiest part or give me di least amount of time to present, wey i dey always against."
"i loop condition dey index< len(fruit), so when index dey equal to di length (how e long reach) of di string, di condition dey false, and di bodi of di loop no dey executed (na wen di persin dem wey suppose sign done sign contract already).","i loop condition dey index< len(fruit), so when index dey equal to di length (how e long reach) of di string, di condition dey false, and di bodi of di loop no executed."
"i issue, and over a dissent (to no gree / judge wey get different mind) by seven judges, rehearing en banc denied (bin reject / talk say no be so).","i issue, and over dissent (to no gree / judge wey get different mind) by seven judges, rehearing en banc dey denied (bin reject / talk say no be so)."
"i first nominee dey close personal friend, harriet miers.","i first nominee dey close personal friend, harriet miers."
e use di median command:> median(x= afl. margins)[1] 30. 5 wey output di middle number of 30. 5.,e use di median command:> median(x= afl. margins)[1]30. 5 wey output di median value of 30. 5. 5 wey output di median value of 30. 5.
"i other idea na say di population mean di value,0","i other idea na say di population mean diers from dis value,0."
"ote, however, wey legally (inside law / wetin law gree make person do) lily's landscaping na still no different from lily herself.",i legally (inside law / wetin law gree make person do) lily's landscaping dey still no different from lily herself.
"e call di party method for dis line: an. party()wen di party method dey call, di first parameter(we call convention self)points to di particular instance (one example of somtin) of di party animal object wey party dey call from.","e call di party method for dis line: an. party()when di party method dey call, di first parameter(which we call by convention self)points to di particular instance (one example of somtin) of di partyanimal object wey party dey call from."
"dey experiment, as all life dey experiment","i experiment, as all life dey experiment, as all life dey experiment."
"e dey willing to tolerate type i error rate of 5%), then we go choose awa critical value so say na only 5%chance say x2 go get big if di null idea dey true.","e go choose awa critical value so say x2 go get tolerate type i error rate of 5%), then we get tolerate type i error rate of 5%), then we go choose awa critical value so say x2 go get to be say big if di null idea dey true."
"scale model of im invention (new machine or idea wey person build) na on display at di smithsonian(figure 9. 3""president lincoln's patent"").","i scale model of hin invention (new machine or idea wey person build) dey on display for di smithsonian(figure 9. 3""president lincoln's patent"")."
"a once we send blank (empty / nothing dey) line, we write loop wey dey receive data for 512-character chunks from di socket and prints (copy / mark / print-am-out) di data out until no more data to read(i. e, di recv() return empty string).","e write loop wey dey receive data for 512-character chunks from di socket and print di data out until no more data to read(i. e, di recv() return empty string)."
"i authority dey congress regulate deas, books, music, inventions (di reation of something for di mind) and creative works wey law dey protect as belonging to someone?",i authority dey congress regulate intellectual property?
i situation no dey problem.,i situations (kinds of mata wey fit happen for one place or time) no dey problem
"i sample program wey dey do dis task a little more effectively (sharp sharp), in case you go use dis pattern for program you dey write.","i task a little more effectively (di act of examining resemblances wey dey examinin resemblances), for case you go use dis pattern for program you ar e writing."
i plaintiff don demonstrate say di defendant breach dat duty.,i plaintiff don demonstrate say di defendant breached dat duty.
"i method of legal reasoning dey dem dey call di irac method, wey dey acronym (word wey dem use the first letters of many words form) for issue, rule, analysis, and conclusion.","i method of legal reasoning dey to talk about as di irac method, wey dey acronym for issue, rule, analysis, and conclusion."
i task wey i need to do na construct frequency (how many times something dey happen) count of di number of words wey each character speak (to yan / talk / express mind) during di show.,i task i go nd myself need to do na construct frequency count of di number of words each character speak (to yan / talk / express mind) during di show.
ne difference wey worth making (to dey build or produce something) between two types of non-experimental research na di difference between quasi-experimental research and study of one or few examples.,ne distinction (di difference) worth make between two types of non-experimental research na di dierence between quasi-experimental research andcase studies.
ano such restriction exist.,"a today, no such restrictions (boundaries / things wey person no fit do) exist."
i denominator (di divisor of a fraction of fraction) of awa t-statistic look like.,i denominator of awa t-statistic looked like.
"f you don rely on less sensible assumption to make you learn, you fit no win di game.","em relied (bin put mind for dere / trust) on less sensible assumption to drive your learning, you go get won di game."
i rise (to go up / increase) for pressure dey sustained ( hold ground / e last) by di aldos terone effects initiated by angiot ensin ii; dis include increase for na+retention and water volume.,i rise for pressure dey sustained by di aldos terone effects wey dey initiated by angiot ensin ii; dis include increase for na+retention and water volume.
"f you like to get clean (neat / no stain) record of what you dey last time, how you do am, and why you do am di way you do.","i clean record of what you don last time, how you go do am, and why you go do am, and why you go do am, and why you go do am di way you do."
ut i do no rest my conclusion upon a strict (no-nonsense / follow de rule exactly) categorical analysis.,no rest my conclusion upon strict categorical analysis.
"i statute of limitations dey possible, though, for many case to toll di statute of limitations","dey possible, though, for many case to toll di statute of limitations."
"nside south korea, for example, attempts (to try / struggle to do something) to create a more open plus responsive democracy resulted (bin cause / lead to) inside a novel plus wholesale revision to di country's court system: di adoption of citizen juries (kote people wey dey judge).",i adoption (to talk about am small) of citizen (person wey get right for de land / indigene) juries (kote people wey dey judge).
"edbetter argued (bin drag mata / talk with proof) wey each paycheck e received (wetin enter hand / something wey person collect) bin dey an unlawful discriminatory (to partial / treat person bad because of who dem be) act, so di fact wey e filed im lawsuit within 180 days of im last paycheck means im lawsuit na within di time limit.",i fact say she filed her lawsuit (na wen persin voluntarily agree or give permission make something happen) within 180 days of her last paycheck means her lawsuit dey within 180 days of her last paycheck means her lawsuit dey within di time limit.
a something else?,i something wey dey else?
i liter results for di production of about 125 ml min fil trate produce for male(range of 90 to 140 ml min)and 105 ml min fil trate produce for females (range of 80 to 125 ml min)and 105 ml min fil trate produce for females (range of 80 to 125 ml min)and 105 ml min fil trate produce for females (range of 80 to 125 ml,i liter results for di production of about 125 mlmin fil trate produce for males(r ange of 90 to 140 mlmin) and 105 mlmin fil trate produce for females (range of 80 to 125 mlmin).
"he process wither parents, joachim and anna, along wit several candle-bearing maidens, toward di jewish temple.","he process wit her parents, joachim and anna, along wit several candle-bearing maidens, toward di jewish temple."
"or my everyday work i nd say di output produce by di objects()command no dey informative (di tendence to increase knowledge or dissipate ignorance) enough, because di only thing wey dey to show na di name of each variable; but di ls. str()function no dey quite informative, because di only thing wey i don like to make we look.","i reason for using di who()function dey tooinformative, because di only thing dey straightforward (di ambiguity dey free from ambiguity): for my everyday work i nd say di output produce by di objects()function dey tooinformative, because di only thing wey dey print alot of additional information wey i no like to make we look."
i classification of personal property wey dey available to find property dey treasure trove.,i classification of personal property applicable (dem dey capable of being applied) to find property dey treasure trove.
"i bill of rights don focus on individual rights, but di bill of rights don focus on individual rights, but those amendments (adjustments to change law or agreement) don pass afta di constitution.","i bill of rights don focus on individual rights, but those amendments (wey go bring freedom to pipo) dey pass after di constitution dey write."
"i simple rules of name of variable as long as you follow di simple rules of name of variable, and avoid reserved words, you go get lot of choice wen you name your variables","i choosing mnemonic variable naming, and avoid reserved words, you go get alot of choice wen you name your variables."
"ilbank, 84(1),111-133.","i milbank, 84(1), 111-133."
"ccording to onnelly(2003), dis dichotomy dey permit (to allow / give license) countries to fulfill dual and seemingly incompatible roles: essential protector and principle violator. or . , dis duality fit dey seen (bin see am / dem don notice) for di difference between di laws upon which di country dey founded and di implementation of these laws for equitable fashion (style of cloth wey de popular for one time).",i factuality fit beseen for di difference between di laws upon which di kontri dey found and di implementation of dis laws upon which di kontri dey found and di implementation of dis laws wey di kontri dey found and di implementation of dis laws wey di kontri dey found and di implementation of dis laws for equitable fashion (style of cloth wey de popular for one time).
"i ford family continue to create two class of shareholders (people wey get part for company business), di ford family continue to get a strong and decisive voice on di future direction (which way e dey go) of di company even though e dey publicly (open-open / for everyone eye) trade company.","or oda words, by creating (to dey build or produce something) two class of shareholders (people wey get part for company business), di ford family continue to get strong and decisive voice on di future direction (which way e dey go) of di company even though e dey publicly traded company."
"e without question say dis interests dey robson irst amendment (wey go bring freedom to pipo) 83 compelling (something wey strong well-well / e force you to pay attention), and say di ordinance (local government law / official order) go tok say di ordinance go promote (to push something go front / ginger) dem","e no doubt (shaking mind / when person no sure) say dis interests (all de tins wey person eyes dey look / benefits) dey robson irst amendment (wey go bring freedom to pipo) 83 compelling (something wey miss / person wey no find im way), and say di ordinance go tok say to promote dem"
"e also recogniz say hin past research go work to hin advantage if hin develop topic quickly and presented (dem show am / dem bring am out) potential partners wit fully formed idea, thereby (by dat way / because of dat) saving dem di bother of coming ( dey come) up wit one on dia own.","also recognize say hin past research go work to hin advantage (upper hand / better chance) if hin develop topic quickly (fast-fast / sharp-sharp) and present potential partners wit fully (well) form idea, thereby saving dem di bother of coming up wit one on dia own."
oard of education v. barnette (1943).,i board of education v. barnette (1943).
"e divide two groups, one group to march on st. augustine, florida, di oda group to march into mississippi.","e dey dividing into two groups, one group to march on st. augustine, florida, di oda group to march into mississippi."
i law go specifically prohibit employment discrimination on di basis of sexual (mata wey concern body-to-body) orientation.,i law go specifically prohibit employment discrimination on di basis of sexual (mata wey concern body-to-body) orientation.
i data dey include for di le awesome,i data dey include for di le awesome
"i harasser is di plaintiff, and you dey di defendant","i harasser dey di plaintiff, and you dey di defendant"
"dey where all of di""thinking (to reason / deep thought)"" dey happen","dey where all of di ""thinking""happen"
"ny restraining order, still-still, must be narrowly (small-small / by whiskers / e remain small) drawn (bin write / bin pull something) and precise (correct / exact).","i restraining order, moreover, must be narrowly (small-small / with caution) draw and precise (correct / exact)."
"i name wey you give wey you need to specify nay, but you fit do dis for lots of dierent ways.","i main argument wey you need to specify na y, but you fit do dis for lots of dierent way."
"e don see three new distributions: χ2, t, and .","e dey see three new distributions:2, tandf"
"irst amendment (wey go bring freedom to pipo) go""trump"" defendants' rights?","irst amendment (wey go bring freedom to pipo) go""trump"" defendants' rights?"
i whitespace errors (mistakes / faults) dey tricky because space and tabs dey invisible (invisinle mean say you no fit see am) and we dey use to ignor dem,i whitespace errors (mistakes / faults) fit be tricky because spaces and tabs dey invisible and we dey use to ignoring dem
"or hundreds of reporters, cameramen and onlookers dey there, and one representative (di person wey represent oda person wey represent odas) of di news media dey permitted to accompany di jury while di sheppard home.","i hundreds of reporters, cameramen and onlookers dey there, and one representative (di person wey represent oda person wey represent odas) of di news media dey permitted to accompany di jury while dem inspect di sheppard home."
"i only way i fit make any sense of what pipo typically report nato try to guess from auxiliary cues wey dem use, and to assume say dem no change di default settings (different environments / locations).","i only way i fit ever (anytime / since world start) make any sense of what pipo typically report dey try to guess from auxiliary cues wey software dem use, and to assume say dem no change di default settings (where de mata happen / environment)."
i gradual ly begin to enlarge again.,i gradual ly begin to enlarge again.
"he don stop work wen di weather get cooler and she return to school, but promis herself to restart di business next summer.","he don stop working wen di weather get cooler and she return to school, but promise herself to restart di business next summer."
i students go notice say di con dence intervals also have di opposite sign.,i students go notice say di con dence intervals also get di opposite signs (marks / signals / signatures).
"otice say if you add dese two numbers together, you go get 15.9%",f you add dis two numbers together you get 15: 9%%of you add dis two numbers together you get 15: 9%%of you add these two numbers together you get 15: 9%%9%
"i oda hand, you fit only assume risk wey you know about.","i oda hand, you fit only assume risk wey you know about."
i ideological message no only accompanies many threatening use of di symbol but merely (just / only dat one) to symbolize di supremacist ideology and di solidarity of those wey dey espouse am.,"i ideological message no only accompanies many threatening use of di symbol, bu t dey also express wen burn cross no use to threaten but merely (just / ordinary) to symbolize di supremacist ideology and di solidarity of those wey dey espouse am."
"i suppose you andi dey observin di wellesley-croker competition, and afta every three hills (ground wey go up but e no reach mountain) you andi don predict who go win di next one, wellesley or croker.","i suppose you andi dey predict wey go win di next one, wellesley or croker."
"s congress enacted (dem don sign am into law) 2339b, congress simultaneously (di same instant for di same instant) remove an exception wey dey exist for 2339a(a) (1994 ed.)","ordeed (true-true / na so / for real), wen congress enacted 2339b, congress simultaneously remove exception wey dey existed for 2339a(a) (1994 ed.)"
ow we take to tell  to check inside di one kind of table?,ow we tell rto look inside di one kind of table?
"i none (nothing / nobody / zero) of dis fall within di purview of statistics, but e matter to di research project.","i purview of statistics, but e matter to di research project."
i angio tensin aldos terone renin na enzyme wey dey pr oduc ed by di juxtaglomerular (jg)c ells of di aff erent ar teriole for di jga.,i juxtaglomerular (jg)c ells of di aff erent ar teriole for di jga.
"simple x to di problem dey to use a \heteroscedasticity correct covariance (how two things dey move same way) matrix"" wey dey estimating (di judge tentatively or form an estimate of (quantities or time)) di standard errors (mistakes / faults).","i simple x to di problem dey use of \heteroscedasticity (di highest wey somtin fit contain or do) correct covariance matrix"" wey dey estimating di standard errors (mistakes / faults)."
i quantity (how plenty tin be / amount) wey we wan to calculate na di probability say x4 give say we know say: 167 andn20.,i quantity (how plenty tin be / amount) wey we wan to calculate na di probability say x4 given say we know say: 167 andn20.
"a because of dis, adaptive transfer go encourage (to ginger / support) faculty to adopt (to carry pickin take as your own / follow a style) alternative discourses approach, such assay wey dey note by thaiss and zawacki (2006).","i adaptive transfer go encourage (to ginger / support) faculty to adopt (to carry pickin take as your own / follow a style) alternative discourses approach, such as dat noted by thaiss and zawacki (2006)."
no should be seen (bin see am / dem don notice) as marginal issue wen compared (bin compare) to  and other trauma-related diagnoses.,"i asamarginal issue wen compare topts (different styles / papers to fill) and other trauma related diagnoses (weine, henderson, &kuc, 2005)."
i le panel dey very handy little tool (tinwey or ogbe wey dem dey use do sometin or wok) for navigating di le system.,i le panel dey very handy little tool (tinwey or ogbe wey dem dey use do sometin or wok) for navigating (di message wey dey describing how something dey done) di le system.
"or dis instance (one example of somtin), isher (1922)kindly provide di right answer to di question.","i instance (one example of somtin), fisher (1922)kindly provide di right answer to di question."
"s incoming students' preparation for di demand of assigned (dem don give am de work / hand over task) reading decrease (make somtin de turn to small), college teachers dey force to pay more attention to di way wey we fit help students to read and write about complex, college level texts (written words / messages).","s incoming students' preparation (di state of lacking unity) for di demand of assigned reading decreases, college teachers across di disciplines (areas of study or field of knowledge) dey force to pay more attention to di way wey we fit help students read and write about complex, college-level texts (written words / messages)."
i person wey dey answer di case' brief (small talk / summary wey lawyer write) features (karakata wey dey make am sweet or wey dey help) a veritable paean to lying.,i respondent's brief (small talk / summary wey lawyer write) features (karakata wey dey make am sweet or wey dey help) a veritable paean to lying.
dey easier (no hard / simple) to think about how to construct experiments to test ideas for research of di form\does x aect y?,dey usually easier (no hard / simple) to think about how to construct experiments to test research hypotheses (di proposal wey dey suppose explain certain facts or observations) of di form\does x aect y?
"isearch identified (di identity of someone or something) several books wey document individual or group experience ofimmigrant groups(such asimmigrant merica: portrait), or wey guide clinical practice wit immigrants(such asculturally competent practice wit immigrant andfamilies andsocial work, immigration andasylum ), but very fewbooks wey dey address how families deyfaring withinprocess.","isearch identify several books wey dey documented individual orgroup experience of immigrants(such as culturally competent practice wit immigrants(such as culturally competent practice wit immigrants(such as culturally competent practice wit immigrant and refugee childr enandfamilies and social work, immigration and asylum), but very fewbooks address how families dey faring for diprocess."
"or psychology, how fast (fast-fast / sharp-sharp) person answer(rt) data na good example of dis","or psychology, response time(rt) data dey good example of dis"
"f meteorologist kom on tv and tok say hin probability of rain for adelaide on 2 november 2048 dey 60%""we humans (pipo) dey happy (make person like wetin de happen) to accept dis.","f a meteorologist kom on tv and say, hin probability of rain for adelaide on 2 november 2048 dey 60%""we humans (pipo) dey happy (make person like wetin de happen) to accept dis."
"i according to leslie, she no dey trouble (wahala) finding vivid words and phrases to describe di artistic dancing movement (to waka / shift / group wey get goal) wey she saw for video (film / record wey person fit see) clips.",he always get trouble find vivid words and phrases to describe di artistic dancing movements (to waka / shift / group wey get goal) wey she saw for di video (film / record wey person fit see) clips.
"nside southern (south side / part of map) states, does ""coke""to talk about a coca-cola, or to soft drinks generally?","or southern (south side / middle / very important) states, does ""coke""refer to a coca-cola, or to soft drink generally?"
"to do dis thing, we go need wetin we call""keys"".",e need what we call 'keys'
i united state v. stevens (2010),i united states v. stevens (2010).
a president george w. bush wen hin name hin close friend harriet miers to fill vacancy wey justice sandra day o'connor's retirement.,i happen to president george w. bush wen hin close friend harriet miers to fill vacancy left by justice sandra day o'connor's retirement.
no mean say at all.,no mean say for all.
"i clergy saints wear church vestments and hold liturgical objects (things / items), such as censers, wey dey used by di clergy for church services.","i clergy saints wear church vestments and hold liturgical objects (things / items), such as censers, wey dey use by di clergy for church services."
i founding fathers of di united states did no create awa rule of law system comot of thin (lean / something wey no thick) air.,i founding fathers of di united state no create awa rule of law system out of thin air.
"i approach to regression, wey we add all of awa covariates into null model, and then add di variables of interest into alternative model, and compare di two model for way to check if your idea be true framework, dey often dem dey call hierarchical regression.","i approach to regression, wey we add all of awa covariates into null model, and then add di variables of interest into alternative model, and then compare di two models (samples / fine people for picture) for hypothesis testing framework, dey often to talk about as hierarchical regression."
"i suppose, also, punish (to discipline / give wahala) an attempt, conspiracy, or incitement to commit (to do bad tin / to promise to do work) di trespass.","i punish (to discipline / give wahala) an attempt, conspiracy, or incitement to commit (to do bad tin / to promise to do work) di trespass."
"i regular expression, we dey looking for substrings wey don get t least one non-whitespace character, followed by atleast one more non-whitespace character.","i output of di program go be: translating di regular expression, we dey look for substrings wey don get atleast one non-whitespace character, followed (bin talk about / bin point to) by atleast one more non-whitespace character."
"i month[c(2, 3, 4, 5, 6, 7, 8, 8) ]","i work just ne >sales. by month[c(2, 3, 4, 5, 6, 7, 8) ][1] 100 50 000 but e kind of alot of typing."
i petitioners (people wey start case or request for court) filed motion under di state civil rule 37 request (to ask for help or info / application) order compelling (something wey strong well-well / e force you to pay attention) discovery.,i petitioners (people wey start case or request for court) filed motion under di state's civil rule 37 request (to ask for help or info / application) compelling discovery.
"s di loop executes (to do wetin you tell am), total accumulate (we dey get or gather together) di sum of di elements; a variable wey dey use dis way dey call accumulator (somtin wey de keep energy or data).","i loop execute (to do wetin you tell am), total accumulates di sum of di elements; a variable wey dey use dis way dey call accumulator."
"em contend (drag / struggle) say civil discovery no different from oda sources (where things take start / origins) of information, and say therefore di information dey""protected speech""for irst amendment (wey go bring freedom to pipo) purposes (reasons why things dey happen).","em contend (bin talk wetin happen / record) say civil discovery no different from oda source of information, and say therefore di information dey""protected speech""for irst amendment (wey go bring freedom to pipo) purposes (reasons why things dey happen)."
i beginning (from di start) of di semester she don send her japanese books on business to help wither business courses (subjects wey student dey learn for school).,i beginning (from di start) of di semester she get her mother send her japanese books on business to help wit her business course.
em note say you don use di same convention for di rows and columns,i also note say you no get to use di same convention for di rows and columns.
"i extent (how far de tin reach / level) say(say) conscientiousness dey relevant to di psychological phenomenon wey i care about, dis attrition go decrease (make somtin de turn to small) di validity (how true something be) of my results.","i extent (how far de tin reach / level) wey(say) conscientiousness dey relevant to di psychological phenomenon wey i care about, dis attrition go decrease (make somtin de turn to small) di validity of my results."
"i menses phase go lose from 2 t o 7 days, or longer.","i menses phase fit last from 2 t o 7 days, di menses phase fit last from 2 t o 7 days, or longer."
"i affidavit, app.","i mckune affidavit, app."
e go start discuss di obvious question: na di measurement (to measure something) any good?,e go start discuss di obvious question: na di measurement (to measure something) any good?
"i federal judiciary (di part of government wey de interpret and use law), we dey to talk about very small entity compare to oda federal bureaucracies.","e dey speak (to yan / talk / express mind) of di""federal judiciary (di part of government wey de interpret and use law),""we dey referring (to look somtin wella to sabi am) to very small entity compared (bin compare) to oda federal bureaucracies."
"or di oda hand, if we retain (to keep / hold on to) di null idea wen e dey true, then we get type ii error.","f we retain (to keep / hold on to) di null idea wen dem dey in fact false, then we go make type ii error."
i data dey contain for di randomness,i data dey contain for di randomness.
oth di shared (dem share am / common) and divergent experiences (things person don see) of individuals from similar and differing immigrant and refugee groups go be highlighted (wey dem mark).,oth dishared and diver gent experiences (things person don see) ofindividuals from similar and differing immigrant and refugee groups go be highlighted.
"elley arrell, ift ofthe reamtime: wakening to the ivinity of rauma, eader's ompanion(2014).","i dreamtime: awakening to di divinity of trauma, reader 's companion(2014)."
i test statistic wey get calculated (di mathematical calculation or computation or computation) end up wit a rather (instead / prefer to) dierent look to am than di one we use for awa original anova.,i test statistic wey get calculated end up wit rather (instead / prefer to) dierent look to am than di one we use for awa original anova.
"during any given day, your metabolism go switch between absorptive and postabsorptive states",i metabolism switches between absorp tive and pos tabsorp tive states.
i table below to show you what di type iii tests look like for dis situation: term wey dem dey test na null model dey outcome,i table below show you what di type iii test look like for dis situation: term being tested na null model dey outcome~
"i community of practice: learning, meaning, and identity (who person be / real name and face)","i communities (neighborhood / groups of people) of practice: learning, meaning, and identity (who person be / real name and face)."
"i goment don dey substantial interest for assuring di continuing (for certain state, condition, or activity, or activity) availability of issue selective service certificate.",i goment don substantial interest for assuring di continuing (shelter mata / buildings) availability of issued selective service certificate.
"depict moniks pray wit icons for church, for codex containing (wey get) di heavenly (somtin wey de related to heaven) ladder of john climacus (sinai cod.","i miniature depicting monks praying wit icons for church, for codex containing (wey get) di heavenly ladder of john climacus (sinai cod."
i defendant's actions dey di proximate (na cause of injury wey connect to di harm and establish liability) cause of di plaintiff injury.,i defendant's actions dey di proximate cause of di plaintiff's injury.
"s di number of refugees for di world continue to grow, we need stronger and proactive policies and programs to support their resettlement process.","i asthenumber of refugees for di world continue to grow, weneed stronger andprograms tosupport dia resettlement process."
"em know how hintogram work, since dem dey so widely use, but for di sake of completeness (di state of being complete and entire) i go describe dem","i most of you probably know how hintograms work, since dem dey describe dem"
"i plaintiff's injury result from commonly (normal-normal / wetin people dey do always) known danger, then di defendant go escape liability.","f a manufacturer (na persin or company wey dey make goods for sell) fit convince jury say di plaintiff's injury result from commonly (mostly / de main reason) known danger, then di defendant go escape liability."
"i word \signi cant"", di word\error"" don dey technical meaning for statistics wey dey quite di same as its everyday english dey nition.","i word\error"" don technical meaning for statistics wey no dey quite di same as its everyday english de nition."
"i parties must bear (to carry load / endure wahala / get fruit) di cost of di arbitrator (middle-man wey dey settle palava), and dem typically retain (to keep / hold on to) counsel to represent dem","i parties must bear (to carry pickin take as your own / follow a style) di cost of di arbitrator, and dem typically retain (to keep / hold on to) counsel (advice / lawyer wey dey stand for person) to represent dem"
i assignment dey clearly confused for dis assignment,he write: you dey clearly confused for dis assignment
"a, errors (mistakes / faults) wey dey caused (wetin make de tin happen) wen data structure don dey wrong type, size, or composition, or perhaps you write some code and forget di shape of your data and introduce an error.","i compound data structure don useful, but dem dey prone to what i call shape errors (mistakes / faults); say na, errors caused (wetin make de tin happen) wen one data structure don get di wrong type, size, or composition, or perhaps you write some code and forget di shape of your data and introduce error."
"(2003, ec. 1). overty dey grow among children of immigrants for . .",i poverty grows among childr enofimmigrants for u. s.
i help le dey make sense,i help le wey go make sense.
i point dey been distinction (di difference) without di dierence.,dey distinction (di difference) without dierence.
"for example, math-based courses (subjects wey student dey learn for school) dey less onerous, so dem balance reading writing-intensive courses wit those wey dey more math-based.","or example, math-based course dey much less onerous, so dem balance reading writing-intensive course wit those wey dey more math-based."
dey like perfect ( set / e correct well-well),i pipo write dey like perfect ( set / e correct well-well)
"i students get access to cran, wey dey perhaps di largest and most comprehensive (di intensive examination testing student's proficiency for some special field of knowledge) library of statistical tools for existence (to dey alive / stay for ground).","i students get access to cran, wey dey perhaps di largest and most comprehensive (di intensive examination testing student's proficiency for some special field of knowledge) library of statistical tools for existence (to dey alive / stay for ground)."
"or di small marks for around words, rtreat 5as di number ve, and go allow you to do calculation wit am","i number ve, and go allow you to do calculations wit am."
i program go behave normally for all oda files (folders / official papers / computer data) wey exist and don exist.,i program go dey normally for all oda files (folders / official papers / computer data) wey exist and don exist
"uch an understanding go help you avoid or lessen di likelihood of liability exposure (showing body / making known), enabling you to manage your business affairs successfully (for successful manner), unhampered by unmanaged legal wahala of wey go pay for damage.","i understanding go help you avoid or lessen di likelihood of liability exposure (showing body / making known), enabling you to manage your business successfully (for no time intervening, without delay or hesitation), unmanage legal liability risk."
"or statistics, statistics don get kind of universality, and provide set of core (de main-main part / de heart of de matter) tools wey dey useful for most types of psychological research, di ways to do research side dey quite so universal.","i statistics don get kind of universality, and provide set of core tools wey dey useful for most types of psychological research, di research methods side no dey universal."
"i table too seriously (no be play-play / with full seriousness), so don take dis table too seriously",no take dis table too seriously.
"i another way of calling di pairs()function, wey dey useful for some situation, na to specify di variables wey dey include using one-sided formula.","i alternative way of call di pairs()function, wey fit useful for some situation, dey to specify di variables to include using one-sided formula."
i answer to-42 % % 10 na-5.,i answer to-42 %10 dey-5.
"for example, employers (ogas wey dey give work) no dey permitted to maintain all-white or all-black work crews even if dem dey demonstrate say do so dey good for business or moral.","for example, employers (ogas wey dey give work) no dey permitted to maintain all-white or all-black work crews even if dem fit demonstrate say do so dey good for business or morale."
"e take di dierence between each observation yrciand di grand mean y::, square di dierences, and add dem all up sstr r1c c1n i1n i1","e take di dierence between each observation yrciand di grand mean y::, square di dierences, and add dem all up sstr r1c c1n i1"
"em punish (to discipline / give wahala) those wey access a computer to commit (to do bad tin / to promise to do work) fraud, among oda things.","i punishes (to discipline / give wahala) those wey access computer to commit (to do bad tin / to promise to do work) fraud, among oda things."
any propaganda for war go de prohibited (law say make person no do am) by law.,i propaganda for war go prohibited (na wen court or jury find persin guilty of criminal charge) by law.
ut you find oda examples?,em find oda examples?
ou fit remember di difference between predictors (wetin fit predict) and outcomes (di results wey e give)?,i dierence between predictors (wetin fit predict) and outcome?
"i only type of source text, writing course go incorporate multimedia sources (where things take start / origins) and assist (to help) l2 writers to work wit dem","i only type of source text, writing course go incorporate multimedia source and assist l2 writers to work wit dem"
"i symmetry of di bodi dey enhance by tunic decorations ( dey use to beautify something wey dey use to beautify) wey define di shoulders, di vertical stretch of di chest, and di length (how e long reach) of di arms (guns / weapons).","i symmetry of di bodi dey enhanced by tunic decorations wey define di shoulders, di vertical stretch of di chest, and di length (how e long reach) of di arms."
i intricate int erpla y betw wit di endocrine system and di r eproductiv e system dey shown (bin display / dem don make am clear) for figure 27. 8.,i intricate int erplay between di endocrine system and di eproductiv e system dey show for figure 27. 8. 8.
"i legislature sought to criminalize terrorizing conduct na di fact say for di time di statute dey enacted (dem don sign am into law), racial (mata about tribe or de color of person skin) segregation no only di prevailing (for number, quantity, power, status or importance or importance) practice, but also di law for virginia.","i legislature (de group wey dey make law for de land) sought (bin find / bin look for) to criminalize terrorizing conduct na di fact say for di time di statute dey enacted, racial segregation no only di prevailing practice, but also di law for virginia."
"i military (soja mata / army) inside myanmar(known euphemistically as di state peace plus development council)imprisoned di democratically elected (bin choose through voting) plus nobel peace prize winning prime minister of di country, aung san suu kyi (figure 1. 2 ""aung san suu kyi"" ), under color of authority.","i military (soja mata / army) for myanmar(known euphemistically as di state peace and development council)imprisoned di democratically elected (bin choose through voting) and nobel peace prize winning prime minister of di kontri, aung san suu kyi"" ), under color of authority."
"i type ii tests, no dey good choice of di null idea.","i type ii tests, no good choice of null idea."
"i computers excel for mindless repetitive tasks, and alot of calculations for statistics dey both mindless and repetitive.","i computers excel for mindless repetitive tasks, and alot of statistical calculations dey both mindless and repetitive."
e fit do dis by specifying (di condition or requirement for contract or agreement) value= true for awa function call.,e fit do dis by specifying value= true for our function call.
"i arbitration fairness (equal treatment / no wayo) act of 2009 go resolve several issues of unfairness, but dis act no dey pass for law.","i arbitration fairness (equal treatment / no wayo) act of 2009 go resolve several issues of unfairness, but dis act no dey pass into law."
ri rush over to grab piece but his mother's hand swat am away.,a rushed over to grab apiece but dey swatted away by hin mother hand.
"e see dis same notion for di english bill of rights of 1689, though th e words use dey somewhat (small / somehow) different.","e see dis same notion for di english bill of rights of 1689, though th e words wey dey use dey somewhat different."
"go very brie y mention (to talk about am small) di one wey i think coolest, for very particular de nition of\cool"", wey dey.","go very brie y mention (to talk about am small) di one wey i think dey coolest, for very particular de nition of\cool"", dat dey."
"if you dey find more details, look d python documentation for greedy vs non-greedy quantfiers.",i python documentation on greedy vs non-greedy quantifiers (people wey get part for company business).
"f your parents tok say, you fit get new car, if you graduate from school, then dat would be example of conditional gift.","f your parents tok say,""you fit get new car, if you graduate from school,""then dat go be example of conditional gift."
"i cursor dey similar to socket or file handle for network connections and files (folders / official papers / computer data), respectively (di order wey dey given for di order wey dey give).","i cursor dey similar to socket or file handle for network connections and files (folders / official papers / computer data), respectively."
i second line dey print statement wey dey give value ton. di second line dey print statement wey dey display di value of n. di second line dey print statement wey dey display di value of n.,"i second line dey assignment statement wey dey give value ton. di second line dey assignment statement wey dey give value ton. di second line dey print statement wey display di value of n. wen you type statement, di interpreter execute (to do wetin you tell am) am, wey mean say e do whatever di statement say."
"a pin at d top fit dey unscrewed, allowing (to give chance / gree) d container to open.","i pin for top fit be unscrewed, allow di container to open."
"i means say di defendant no fit prove anything, because di burden dey on di goment to prove im case.","i means say di defendant no get prove anything, bikos di burden dey on di goment to prove dia case."
dey assum say even di most diligent reader don stop caring(or atleast form di opinion say di tie-correction factor no require dia immediate attention).,i point i dey assum say even di most diligent reader don stop caring(or atleast formed di opinion say di tie-correction factor dey something wey no require dia immediate (now-now / sharp-sharp) attention).
elated to di previous (something wey dey before now) point:  na real kod langwej wey dem dey use write instruksiyon wey komputa go fit undastand.,i previous (something wey dey before now) point: ris real programming language.
"i name don get to be unique plus distinctive, plus must typically include some form of di words""incorporated (company wey don register finish / join body),"" ""company,""""corporation,"" or""limited.""","i name don be unique and distinctive, and must typically include some form of di words""incorporated (for whole world / everywhere),""""corporation"" or""limited"""
"or other words, to get big ook's distance, observation must be substantial outlier and get high leverage.","or order to get large cook's distance, observation must be fairly substantial outlier and don high leverage."
"dey call\internal (for inside)"" bikos e to talk about di how two things dey related 22 things\inside"" di study.","dey call\internal"" because e dey to talk about di relationships (how people follow deirselves / connections) between-22- things\inside"" di study."
i case ended up before di supreme court.,i case ended up before di supreme court.
i population mean dey xed and no probabilistic (di oman atholic philosophy of probabilism of probabilism) claim go make about am,i population mean dey xed and no probabilistic claims go make about am
i only judgment wey dey award against petitioners (people wey start case or request for court) for di same publication.,i only judgment wey dey award against petitioners (people wey start case or request for court) for di same publication.
i program go retrieve di entire document and count di total number of character for di end of di document.,i program go retrieve di entire document and count di total number of character and display di count of di number of character for di end of di document.
"i communications (talk-talk / passing message / network) revolution don see di introduction of radio and television into awa lives, di promise of global community through di use of communications satellites (device wey dey orbit earth to help communication or observation), and di specter of a""wired"" nation by means of expand cable television network wit twoway capabilities (di quality of being capable -- physically or intellectually or legally).","i past half (one of two tins wey de equal from anoda tin) century a communications revolution don see di introduction (di act of beginning something new) of radio and television (di broadcasting visual images of stationary or moving objects) into awa lives (different faces / parts), di promise of global community through di use of communications satellites, and di specter of a""wired"" nation by means of expanding cable television network wit twoway capabilities."
link watch dis video( to observe ovulation and its initiation for response to di release of fsh and lh from di pituitar y gland.,i video( to observe ovulation and its initiation for response to di di elease (na urgent or serious situation wey court suppose act fast on am) of fsh and lh from di pituitar y gland.
"i newspapers (di daily or weekly publication on folded sheets) summarize and interpret di evidence, dey devoting particular attention to di material wey incriminated sheppard, and often drew unwarranted inference (to guess from numbers) from testimony.","s di trial progress (movement / improvement), di newspapers (di daily or weekly publication on folded sheets) summarized and interpret di evidence, devoting particular attention to di material wey incriminated sheppard, and often drew unwarranted inferences from testimony."
"i christian monasticism began (bin start / how e take take off) to thrive for di 4th century, receive imperial patronage for sites (building ground / location) like mount sinai for egypt.","i christian monasticism, wey began (bin start / how e take take off) to thrive for di 4th century, receive imperial patronage for sites (building ground / location) like mount sinai for egypt."
i reason why i don give you di human-friendly interpretation of 9with di possible exception of di third question.,i reason wey i don give you di human-friendly interpretation of 9with di possible exception of di third question.
"i felony ( very serious crime like murder, robbery or drug trafficking) wey di statute create na crime very unlike (no be like) di old felony of conspiracy or di old misdemeanor of unlawful assembly (gathering / meeting of people).",i felony wey di statute create na crime very unlike (no be like) di old felony of conspiracy or di old misdemeanor of unlawful (something wey law no gree / illegal) assembly (gathering / meeting of people).
"i variance, wey get lot of really nice statistical properties (di tangible or intangible possession wey dey owned by someone) wey i go ignore, 8and one massive psychological aw wey i go make big deal out of for moment.","e obtain (to get / collect / catch) measure dey call di variance, wey get alot of really nice statistical properties wey i go ignore, 8and one massive psychological aw wey i go ignore, 8and one massive psychological aw wey i go make big deal out of for moment."
i multilingual world: sec- ond language writing for composition study,i multilingual world: sec- ond language writing for composition studies.
"i judicial liberals, also known as judicial activists, believe say judges don play for shapin ga more perfect ( set / e correct well-well) union (join-body / workers' group).","i judicial liberals, also known as judicial activists, believe say judges get role to play for shapin ga more perfect ( set / e correct well-well) union (join-body / workers' group)."
e dey like to do nato convert dis two fairly meaningless (na no meaning or direction or purpose or purpose or purpose) numbers into one number,e dey like to do nato convert dis two fairly meaningless (di meaning or purpose dey having a meaning or purpose) numbers into one number.
"i experts test say mcdonald's coffee dey too hot to be consumed for di point of purchase (to buy market / transaction), na hotter than any oda restaurant's coffee or coffee wey dey brew for home, and na so hot say third degree burns go result within three to five seconds of coming ( dey come) into contact (to touch / reach out to person / connection) wit di skin.","i experts (pipo wey sabi science) testified say mcdonald's coffee or coffee brewed for home, and dey so hot say third-degree burns go result within three to five seconds of coming into contact (to touch / reach out to person / connection) wit di skin."
e go save your plot as images,ou fit save your plots as images
i howe dey spread dey 1.,i howe dey spread dey 1.
i klan don more members for robson irst amendment (wey go bring freedom to pipo) 46 state of ohio than does any oda organization.,i klan don more members for di robson irst amendment (wey go bring freedom to pipo) 46 state of ohio than does any oda organization.
i new york times standard defines (explain meaning) di level of constitutional protection appropriate to di how levels be of defamation (na false statement wey dey harm persin reputation or character) of a everybody person.,i new york times standard define di level of constitutional protection appropriate to di context of defamation of public person.
"i surprise of no-one, statistic dey rarely (once in a blue moon / no be always) di favourite part of one's di learning of psychology.","i surprise of no-one, statistics dey rarely (once in a blue moon / no be always) di favourite part of one's psychological education."
"at nato say, we wan to subtract: y{ik} - ȳ k.",e wan to subtract yikyk
i syntax for call a function for another module by specifying (di condition or requirement for contract or agreement) di module name followed by dot(period) and di function name.,i syntax for call a function for one module wey dey follow dot(period) and di function name.
"i money wey lily's landscaping take for, even if e dey in separate bank account, belongs to lily, and she fit do wit dat money wey she want.","i money wey lily's landscaping take for, even if e dey for separate bank account, belongs to lily, and she fit do wit dat money whatever she wan."
"i doctrine plows wetin dey between two side wey dey argue (to drag mata / try to prove point), wey person fit take am make everybody sabi say dem try balance tori",i doctrine plow a middle ground (di top of earth).
"em all talk about which value dey\in di middle""or \popular""for di data.","em all talk about which values dey\in di middle""or \popular""for di data."
"him be like say, dem get one kind law wey allow person use small part of wetin another person own, without say make dem ask am, but e get him own rule, wey be say, no be everything dem fit use, and dem no well define am of trademarks (company brand marks / signs) includes ( carry am follow / join body) comparative advertising (publicizing market / make people sabi wetin you dey sell) plus parody.",i fair use of trademarks (company brand marks / signs) include comparative advertising (publicizing market / make people sabi wetin you dey sell) and parody.
"hird, di extent (how far de tin reach / level) of awa i basic freedoms and rights wey law protect every person from government interference (na wrongful disruption or obstruction of anoda persin legal right or business) protections vary from time to time.",i extent (how far de tin reach / level) of awa civil liberties (freedom / right to do wetin person like) protection wey dey vary from time to time.
i case don dey intangible dimension wey dey make those rules inapplicable ( no dey capable of being applied).,"i case dey intangible dimension wey di court don develop for its interpretation of irst amendment (wey go bring freedom to pipo) for oda context, dis case dey intangible dimension wey make those rules for applicable (dem dey capable of being applied)."
"i bar oreceptors, blood-prssure receptors for di arch of di aor ta and di car otid arteries for di neck, det ect decrease (make somtin de turn to small) for blood prssure wey dey results from decreased blood volume.","irst, bar oreceptors, blood-pressure receptors for di arch of di aor ta and di car otid arteries for di neck, det ect decrease for blood pressure wey result from decreased blood volume."
"i reason for di error na say strings dey immutable, wey means you no change existing (wetin dey ground now / active) string","i reason for di error na say strings dey immutable, wey means you no change existing (wetin dey ground now / active) string."
i pairs of pants wey i own.,"dey ve\elementary (freedom / right to do wetin person like) events"", corresponding to di ve pairs of pants wey i own."
"em nd some third-year students, wey no get more of university education than di rst-years, and repeat (di third cycle word) di exercise.","i third-year students, wey obviously don get more of university education than di rst-years, and repeat (di third cycle word) di exercise."
"em dey involved for number of process, including mineral and bone metabolism, and cell and tissue growth (how somtin take de big), and dem act as c ofactors f or energy metabolism.","em dey involved for number of processes (procedures / styles to do work), including mineral and bone metabolism, and cell and tissue growth (how somtin take de big), and dem act as c of actors f or energy metabolism."
"i frequentist (one wey like frequency way) dey nition of probability for a nutshell: ip fair coin many times, and as ngrows large(approaches for nity, denotedn8), di proportion of heads go converge to 50%","i frequentist (one wey like frequency way) de nition of probability for nutshell: ip fair coin over and over again, and as ngrows large(approaches for nity, denotednn8), di proportion of heads go converge to 50%."
"ssues such as , deportation of undocumented immigrants wey dey split di family between those wit and without citizenship or documents (files / papers wey get important info), long-time detention of family members, orcing pipo, especially women and children, into prostitution (for pay sexual intercourse for pay pay pay) against their will and other pressing human rights issues all get significant deleterious effects on families for dis country. hile much of di conversation dey revolve around rights and obligations for di individual aswell as for di community, there dey very little for di way of","i issues such as fgm, deportation of undocumented immigrants wey dey plits di family between those wit andwithout citizenship or documents (files / papers wey get important info), longtime detention offamily members, sextrafficking, and other pressing human rights issues all don significant deleterious effects on families for di community, na very little for di way of specific family references (citation / to point to where info dey) for di human rights literature."
"or fact, almost all of interest wey i dey talk about for dis book dey rfunction (one  function) of some kind.","i lots of oda functions for r: for true, almost something of interest wey i go talk about for dis book dey rfunction of some kind."
i parties agree to submit (give / hand over) mandatory arbitration results wen disputes arise (to show face / start to happen) out of legally (inside law / wetin law gree make person do) binding contract wey dem agree to submit to mandatory arbitration.,i mandatory arbitration results wen disputes arise (to show face / start to happen) out of legally (inside law / wetin law gree make person do) binding contract involving commerce (big-time buying and selling) wey di parties agree to submit (give / hand over) to mandatory arbitration.
"e don tok say dis categories of expression no dey inside di area of constitutionally (follow wetin de grand-papa law talk) protected speech, or say di""protection of irst amendment (wey go bring freedom to pipo) no extend (to make am long / increase de reach)""to dem","e don sometimes tok say dis categories of expression no dey within di area of constitutionally (follow wetin de grand-papa law talk) protected speech,""or say di""protection of irst amendment (wey go bring freedom to pipo) no extend (to make am long / increase de reach)""to dem."
"a some depictions of dis scene include skull for di foot of di cross, wey tradition identify as di skull of adam(the first man), reflect (to show) di christian belief (wetin person believe / faith) say christ dey di new adam as savior of humankind.","i scene include skull for di foot of di cross, wey tradition identify as di skull of adam(the first man), reflecting (person wey dey hold office for small tayam / to play part) di christian belief (wetin person believe / faith) say christ dey di""new adam""as savior of humankind."
"e fit write forloop wey make we look each of di usernodes, and prints (copy / mark / print-am-out) di name andidtext elements aswell as di xattribute from di user node.","e fit write forloop wey look each of di user nodes (different faces / parts), and print di name andidtext elements aswell as di xattribute from di user node."
i papers wey dey help dey awesome.,"i means na say, once you dey use rfor long time and dey begin to get feel for how to use am, di help documentation dey awesome."
"i level dey xed for advance (to go front for somtin) for di normal way, e go prevent pipo choosing dia level after looking at di data.","i level dey xed for advance (high-level / front) by convention, e dey prevent pipo choosing dia level after looking at di data."
"a special gratitude to those students for di class for di spring (jump / water source) of 2015 wen a""dry run""of di casebook dey use.","i special gratitude to those students for di class for di spring (di highest wey somtin fit contain or do) of 2015 wen a""dry run""of di casebook dey use."
i 4th power of 5 dey calculat like dis: 545555 one way we go calculate 54inr go be to type for complete multiplication (times) as e dey show for di equation above.,i 4th power of 5 dey calculate 54inr go be to type for di complete multiplication as e dey show for di equation above.
"i children dey claim to benefit wey dia undocumented parents no dey, such as oney and services wey government give to pipo wey need help(peterson institute (place wey de for skul or to de research) for international economics,2005.","hese children dey areentitled to benefits say their undocumented parents no dey, such as welfare (to drag price / reason am) benefits (better-better tins wey person gain)(peterson institute for international economics,2005)."
i respondent and six oda montgomery residents (person wey dey stay for place) testify say dem read some or all of di statement as dem to talk about him for hin capacity (di highest wey somtin fit contain or do) as commissioner.,i respondent and six oda montgomery residents (person wey dey stay for place) testified say dem read some or all of di statements as dem read some or all of di statements as dem dey call hin capacity (di highest wey somtin fit contain or do) as commissioner.
just follow dia order,just follow dia order.
i oda party go seek legal remedy (way to settle de damage / solution).,"i oda party no perform under di lease (na agreement wey allow persin use anoda persin property for regular payment) as required, di oda party go seek legal remedy (way to settle de damage / solution)."
"or describing (di description wey dey give a description wey dey give) dia process of carry out di writing tasks, which kind linguistic (dem dey dey related to language) resources, rhetorical (talk for talk sake / grammar) knowledge, and writing experience dem focus group participants dey discuss?","i research go ask di following questions: for describing dia process of carry out writing tasks, what kind of linguistic (dem dey dey related to language) resources, rhetorical (talk for talk sake / grammar) knowledge, and writing experience do focus group participants discuss?"
i record includes ( carry am follow / join body) no excerpt (exceprt mean say dem commot short part for text wey long) from newscasts on radio and television but since space dey reserved for courtroom for dis media we assume say dia coverage (how far insurance or news cover de mata) dey equally large.,i record include no excerpts from newscasts on radio and television (di broadcasting visual images of stationary or moving objects) but since space dey reserved for di courtroom (room for kote) for dis media we assume say dia coverage (how far insurance or news cover de mata) dey equally large.
"or last, last, directory[last, first]) dis loop travers di keys for directory, wey dey tuples","or last, first indirectory: print(first, last, directory[last, first]) dis loop traverse (to change de judgment / turn am back) di keys for directory, wey dey tuples."
i independent (di neutral or uncommitted person (especially for politics)) advocacy wey dey viewed (bin see / bin check am out) as promoting di group legitimacy no dey covered (something wey security or insurance don take care of).,i independent (di neutral or uncommitted person (especially for politics)) advocacy wey dey view as promoting di group's legitimacy no covered (something wey security or insurance don take care of).
"e go think about awa afl winning margin data, and one more time we go start by pretend say na only 5 games for total, wit winning margin of 56, 31, 56, 8 and 32.","em think about our afl winning margin data, and once again we go start by pretending say e only 5 games for total, wit winning margins (the maximum and minimum wey something fit reach inside a system) of 56, 31, 56, 8 and 32."
"i bladder dey retroperit oneal organ wey dey"" dome"" dis tend ( usually be like say / e get style to) superiorl y wen di bladder dey filling wit urine.","i bladder dey retroperit oneal organ wey dey dome"" dis tend ( don big pass before / e climb) superiorl y wen di bladder dey fill wit urine."
i federal department and agencies (offices wey dey run business for people) wey implement immigration law and policy don change significantly since di terrorist attack of 2001.,i federal department and agencies (offices wey dey run business for people) wey implement immigration laws and policy don change significantly since di terrorist attack of2001.
"o give example of dis, consider di following example(see gelman and stern,2006).","i following example of dis, consider di following example(see gelman &stern, 2006)."
"a problem for sole (only one / him alone) proprietors (di law) someone wey own (is legal possessor of) business), especially those early for dia business ventures.","i raising work capital (moni wey person use take start business) fit be problem for sole (only one / him alone) proprietors, especially those early for dia business ventures."
"ome days she tell me i'm bit thin (lean / something wey no thick), and oda days she tell me i'm complete moron.","i intelligence by means of sking my mum""dey very unreliable: some days she tell me i dey complete moron (tinwey or ogbe wey dem dey use do sometin or wok)."
"for example, when we apply dis function to our normal. data, we get:> shapiro. test(x = normal. data) hapiro-ilk normality test data: normal. data w= 0.9903, p-value= 0.6862. o, no surprise, we no get evidence sey dis data no be normal.","e get di following:> shapiro. test(x= normal. data) shapiro-wilk normality test data: normal. data w=0. 9903, p-value= 0. 6862 so, no surprisingly, we no evidence say dis data depart from normality."
"i byzantine art include works wey dey create from di fourth (number four) century to di fifteenth century and from such diverse (different-different / many kinds) regions as greece, di italian peninsula, di eastern edge of di slavic world, di middle east, and north frica","s result, byzantine art include works create from di fourth century and from such diverse (different-different / many kinds) regions as greece, di italian peninsula, di eastern edge of di slavic world, di middle east, and north africa."
"i interviewees tell us say dia reading and writing assignments for college dey more demanding than those dem face for highschool, whether for dia native kontri or for di us.","i interviewees told us say dia reading and writing assignments for college dey more demanding than those dem face for highschool, whether for dia native kontri or for di us."
tate judges maybe either appointed (picked / dem don choose person) by di governor or elected (bin choose through voting) by di public.,i state judges go be either appointed (bin drag mata / try to prove point) by di governor or elected (bin choose through voting) by di public.
ipo task forces (pawa / soldiers) and prison visitation committees (special groups for work) continue to play an important role for keeping di everybody informed on deficiencies of prison systems and need for reforms (to change for beta).,i citizen task forces (pawa / authority) and prison visitation committees (group wey dem set up to do special work) continue to play important role for keeping di public informed (person wey sabi wetin dey sup / dem don tell am) on deficiencies of prison systems and need for reforms (rules of de land).
"i visitor ask whether or no visitor dey human, dem ask whether di visitor prefer puppies, owers or large, properly formatted data les.","or order to determine whether or no visitor dey human, dem ask whether or no visitor dey human, dem ask whether di visitor prefers (people wey join body do business / paddy) puppies, owers or large, properly formatted data les."
i problem two of hin teachers wey dey note for dia final (de very last / conclusion) paper comments (talk-talk / wetin people talk).,i problem two of hin teachers note for dia final (de very last / conclusion) paper comments (talk-talk / wetin comot from mouth).
i several students discuss how helpful e go be if instructors (teachers / lecturers / those wey dey give direction) go provide context for di reading beforehand (before).,i several students discuss how helpful e go provide context for di readings beforehand.
"i monumental depictions of christ and di virgin, biblical events, and an array of various (many different-different types) saints wey dey adorned church interiors for both mosaic and frescoes.","i monumental depictions of christ and di virgin, biblical events, and array of various (many different-different types) saints adorned church interiors for both mosaics and frescoes."
"amilies dey seek physical safety (safe condition / no wahala) for themselves and their children by fleeing to new country. . , wey don be di final (de very last / conclusion) destination for many of these families wey dey forced (by force-by-force / dem use pawa do am) to flee, fit offer dem refugee or asylee status as protection.","i families seek physical safety (safe condition / no wahala) for dimselves and dia children byfleeing to new kontri. . ., wey don dey receive difinal destination formany of dis families wey dey force to flee, can offer dem refugee orasylee status aprotection."
i important aspect na say for each artist go fit be many tracks.,i important aspect na say for each artist wey dey many tracks.
"i case dey submit (give / hand over) to di jury, e dey sequestered for its deliberations, wey take five days and four nights.","i case dey submit (give / hand over) to di jury, e dey sequestered for its deliberations, wey took five days and four nights."
"f you to start di set of possible values to include all verbal response, how fit you interpret dia answer?","f you open up di set of possible values to include all verbal response, how go interpret dia answer?"
"e only goal nato nd way of describing (di description wey dey give a description wey dey give), summarising and graphing dat sample.","i only goal dey to nd way of describing, summarising and graphing dat sample."
e go build functions wey take arguments as dia input,e go build functions wey take arguments as dia input.
ne way to do dis go be to find those numbers using di way to find di parts and den to give those numbers to di function to di way to break into groups.,ne way to do dis go be to calculate di value wey dey using di quantiles() function and then use those quantiles as input to di cut()function.
i going to do?,e dey you go do?
"i goals (targets / wetin person want reach) of imposing (to force tin on person / looking big) penalties for breaking criminal laws include protecting (to cover / guide / prevent wahala) society, punishing di offender, rehabilitating di offender, plus deterrence from future acts of crime.","i goals (targets / wetin person want reach) of imposing penalties for violating criminal laws include protect society, punishing (to discipline / give wahala) di offender, rehabilitating (dragging / to contest with oda people) di offender, and deterrence from future acts (deeds / many laws wey don pass) of crime."
"i word, pineapple, kom before banana","i word, pineapple, kom before all di lowercase letters, so: your word, pineapple, kom before banana."
"i best way to think about it, for my experience, na to imagine say a hypothesis test dey criminal trial4","i best way to think about am, for my experience, nato imagine say a hypothesis test dey criminal trial4. di trial of di null idea."
"i simple example, na easy to remember wich one argument kom rst and wich one kom second, but for more complicated functions dis no easy.","dey easy to remember which one argument kom rst and which one kom second, but for more complicated functions dis no easy."
i rules)for awa database operations (dem do wit di execution of trades and keeping customer record).,i database operations (dem do wit di execution of trades and keeping customer record).
i litigation move into di discovery phase.,i litigation move into di discovery phase.
em aid for eleasing hormones from endocrine glands.,still odas aid for releasing (wetin follow / as e dey start to happen) hormones from endocrine glands.
"i capacity (di highest wey somtin fit contain or do) of di tubular glucose s ympor ters, resulting (wetin come out for de end / outcome) for glucose for di urine.","or cases of poorly control diabetes mel litus, glucose levels exceed (to move front / continue) di capacity (di highest wey somtin fit contain or do) of di tubular glucose s ympor ters, resulting (wetin come out for de end / outcome) for glucose for di urine."
"i affidavit refers (point to / talk about) to""funds (money for ground / capital),"" ""financing (to find money for business / provide funds),""and ""goods""--none of which encompasses di plaintiffs' activities.","i affidavit to""funds (money for ground / capital),"" ""financing,""and ""goods""--none of which encompass di plaintiffs' activities."
"don draw dis plot for similar, minimalist style to di one for figure 6. 12b, but i use di horizontal (di something wey dey oriented horizontally) argument to draw am sideways for order to save space","dey draw dis plot for similar, minimalist style to di one for figure 6. 12b, but i use di horizontal argument to draw am sideways for order to save space."
"i law help websites (a page wey dey on internet) by stat say if a website user uploads infringing material and di website complies wit a copyright holder (person wey carry or get something for hand) request (to ask for help or info / application) to remove di material, di website no dey liable for infringement.","i portion of di law help website (a page wey dey on internet) by stating say if website user uploads infringing material and di website (a page wey dey on internet) complies wit copyright holder's request (to ask for help or info / application) to remove di material, di website (a page wey dey on internet) no dey liable for infringement."
dey lying to you a little bit so far,dey lying to you a little bit so far
"i cyt oplasm, citrate dey converted back for oxaloac etat e and ac etyl coa.","i cyt oplasm, citr ate dey converted back into oxaloac etat e and ac etyl coa."
"i war power, wey dey indeed (true-true / na so / for real) aspect of di power of self-preservation, e dey subject to constitutional limitations.","i war power, wey dey indeed (true-true / na so / for real) aspect of di power of self-preservation, e dey subject to applicable (dem dey capable of being applied) constitutional limitations."
ut  wan make exception for logarithms (numbers wey show power) and exponentials (numbers wey dey grow fast).,go wan make exception for logarithm and exponentials (di quality of having inferior or less favorable position).
i cross bars for di end of di whiskers,i cross bars for di end of di whiskers.
i lot of situations (kinds of mata wey fit happen for one place or time) wey dey infeasible or unethical do dat,i lot of situation wey dey either infeasible or unethical do dat.
"dey only partial membrane, as menstrual fluid and oda secr etions wey dey able to exit (where person go pass take comot somwhere) di bodi, regardless (di usually follow by `of') without due thought or consideration or consideration) of penile vaginal intercourse.","i onl ya partial membrane, as menstrual fluid and oda secr etions must be able to exit (where person go pass take comot somwhere) di bodi, regardless (di usually follow by `of') without due thought or consideration or consideration) of penile vaginal intercourse."
"i calls dey place by di jurors themselves; no record dey kept (bin keep) of di jurors wey make call, di phone number or di parties wey call.","i calls dey place by di jurors wey make call, di telephone numbers or di parties wey dey call, di telephone numbers or di parties wey dey call."
i california supreme court decline review by a divide vote (to choose leader / drop thumbprint).,i california supreme court declined (bin start / how e take take off) review by divide vote (to choose leader / drop thumbprint).
"f you wished to grant ownership rights inside real property to your mother for di length (how e long reach) of im life, but then expected (wetin person tink say go happen) di property to be returned to you upon im death, you might grant a life estate (all de property wey person leave when e die / big land) to im.","f you wished to grant ownership rights for real property to your mother for di length (how e long reach) of her life, but then expect di property to be return to you upon her death, you go grant life estate (to drag price / reason am) to her."
oho w dey water intake regulated (something wey under control / rules) by di bodi?,i bodi?
"i kidneys dey well vasculariz ed, r eceiving about 25 percent of di cardiac output for r","i kidneys dey well vasculariz ed, r eceiving about 25 percent of di cardiac output for rest."
ake we note those p-values and those  statistics.,em make note of those p-values and those f statistics.
"i basic unit (one single piece / section) of data, like number or string, wey a program manipulate.","i basic units of data, like number or string, wey a program manipulate."
"ano obvious way wey dey undertaking advocacy for political change through peaceful means or teaching di pkk and ltte, say how to petition di united nations (obodo / different-different countries) for political change through peaceful means or teaching di pkk and ltte, say how to petition di united nations for political change through peaceful means or teaching di pkk and ltte, say how to petition di united nations for political change dey fungible wit oda resources wey dey put to more sinister ends (where e finish / targets)","i petition di united nations (obodo / different-different countries) for political change through peaceful means or teaching di pkk and ltte, tok say, how to petition di united nations (obodo / different-different countries) for political change dey fungible wit oda resources wey dey put to more sinister ends for di way wey donations (obodo / different-different countries) of money, food, or computer training dey fungible."
"i 'o'rourke' error: unexpected (we no expected or anticipated or anticipated) symbol for ""'o'rourke"" to some extent (how far de tin reach / level), roers us cheap (small price or small quality) x to di problem because of di fact say e dey allow us use either""or 'as di delimiter character","i 'o'rourke' error: unexpected symbol for ""'o'rourke' error: unexpected symbol for ""'o'rourke"" to some extent (how far de tin reach / level), roers us cheap x to di problem because of di fact say e allow us use either""or 'as di delimiter character."
"i beings dey constantly force to choose di persona wey we present to di world, and awa choices (different-different options) nearly ( remain small / almost) involve intentional omissions and misrepresentations, if no outright deception","i choices (different-different options) nearly ( remain small / almost) always dey constantly force to choose di persona we present to di world, and awa choices (different-different options) nearly ( remain small / almost) always involve intentional omissions and misrepresentations, if no outright deception"
"i glossary (list of words with their explanations) 53 also, don forget to save your program before you run am","i glossary 53 also, don forget to save your program before you run am"
"i task dey very common to record di amount of time somebody take solve a problem or answer a question, bikos e dey indicator of how di task dey.","dey common to record di amount of time somebody take solve problem or answer question, bikos e dey indicator of how dicult di task dey."
"i problem say dis cause dey more serious than single sad nerd, because rha no way know say di1s for di group variable dey very animal kind of thing to di 1s for di gender variable",i problem wey dis cause dey much more serious than single sad nerd. because rhas no way of know say di1s for di group variable dey very dierent kind of thing to di 1s for di gender variable.
"i length (how e long reach) of time wey between seeing di\criminal"" and being asked (bin ask / seek for answer) to identify di suspect for di\line up""dey shorter.","i length (how e long reach) of time between seeing di\criminal"" and being asked (bin ask / seek for answer) to identify di suspect for di\line up""dey usually shorter."
earn about di consequences (wetin follow de action / outcome of wahala) of committing (do bad tin / promise) a crime.,em learn about di consequences (wetin follow de action / outcome of wahala) of committing (do bad tin / promise) crime.
"i petitions (formal begs / applications) deyfiled chronologically, andeach prospective (di future of or concerned wit or related to di future) immigrant dey give i date wey determine when your turn go reach to get visa or immigration benefit","i petitions (people wey start case or request for court) dey filed chronologically, and each prospective immigrant dey given a""priority date"""
e discover say my. anova no get twoclasses,e discover say my. anova actually get twoclasses
"i study by ives, leahy, leming, pierce,& schwartz, and zawacki and habib for dis volume discuss dis faculty ambivalence, finding say faculty""want to be fair and ethical for work wit linguistically diverse (different-different / many kinds) students, but no know how to do so while still to hold onto (on top of) di commonly (normal-normal / wetin people dey do always) hold standards for writing for dia disciplines and institutions""(ives and al.)","i studies by ives, leahy, leming, pierce,& schwartz, and zawacki and habib for dis volume discuss dis faculty ambivalence, finding say faculty no dey fair and ethical for work wit linguistically diverse (different-different / many kinds) students, but no know how to do so while still sticking to di commonly hold standards for writing for dia disciplines and institutions""(ives et al.)."
i statistical information for di bottom (down-down / base) about di test result dey ofcourse di same as before.,i statistical information for di bottom (down-down / base) about di test result dey ofcourse di same as before.
i update track set plays =16where title= quotesingle. ts1 diupdate statement describe a table and then a list of fields and value wey dey change after di setkeyword and optional where claus wey dey change for di setkeyword,iupdate statement specifies a table and then list of fields and value to change after di setkeyword and then optional wey clause to change after di setkeyword and then optional wey clause to change after di setkeyword and then optional (way through / reading part) wey clause to change after di setkeyword and then optional wey clause to change after di setkeyword and then optional wey clause to change after di setkeyword and then optional wey clause to change after di setkeyword and then optional wey clause to change after di setkeyword and then optional wey clause
"i facts wey dey explain for di court's plurality opinion, authored by justice powell, and joined by justices (big-big judges for higher court) rehnquist and o'connor dey these: petitioner dun& bradstreet, a credit reporting (to tell about) agency, provide subscribers (di someone wey express strong approval wey dem express strong approval) wit financial and related information about business","i facts, as explain for di court's plurality opinion, authored (person wey write de tin / originator) by justice powell, and joined by justices rehnquist and o'connor dey dis: petitioner dun& bradstreet, credit reporting (to tell about) agency, provide subscribers wit financial and related information about businesses."
"i loop go repeat (di third cycle word) forever, resultin for infinite (numbers wey no get end) loop.","i loop go repeat (di third cycle word) forever, resulting (wetin come out for de end / outcome) for infinite loop."
i sole (only one / him alone) proprietor (di law) someone wey own (is legal possessor of) business) dey challenge for di sole proprietor.,i tax planning (arrangement / strategy) fit also be challenging for di sole (only one / him alone) proprietor.
"em draw both points and line, but no dey overplot.","i draw both points and lines, but don overplot."
e go start out wit one of di rules of di study of chance.,em start wit one of di rules of probability theory.
"i water dey r edis tribut ed by di same gradient, but for di opposite direction (which way e dey go), r eplenishing water for al l of di tissues.","i water dey r edis tribut ed by di same gradient, but for di opposite direction (which way e dey go), r eplenishing water for al l of di tissues."
"i research and di adaptive transfer framework, dem suggest, go help wac professionals (sabi people / experts) and wid teachers complicate ( make more complicated) dia expectations for di writing knowledge students go transfer from prior course.","i adaptive transfer framework, dem suggest, go help wac professionals (sabi people / experts) and wid teachers complicate dia expectations for di writing knowledge students go transfer from prior course."
"judge may decide, for example, to fine a party for bad or unethical behavior.","i judge go decide, for example, to fine party for bad or unethical behavior."
"em argu say we dey bound (something wey must happen / person wey law tie down) by di witconsin supreme court's conclusion say di statute punish (to discipline / give wahala) bigoted thought, and no conduct.","e dey bound (something wey security or insurance don take care of) by di wisconsin supreme court conclusion say di statute punishe bigoted thought, and no conduct."
"a. acetyl coa; f ad, nad b. acetyl coa; f adh 2; nadh c. pyruv ate; oxygen; o xaloac etat e 7.",". acetyl coa; f adh 2; nadh c. pyruvate; f adh 2; nadh c. pyruvate; oxygen; o xaloac etat e 7. wey pathway produce di most atp molecules (the smallest unit of a substance, wey get atoms joined together)?"
"i presidential (di president or presidency dey relating to a president or presidency) veto dey executive (de branch of gofment wey dey run de land)""check"" on di legislative (concern people wey dey make law) bodi.","i presidential veto na executive (de branch of gofment wey dey run de land)""check"" on di legislative body."
i trademark owner only need show say im mark go dey diluted or tarnished for some way.,i trademark owner only need to show say its mark go dey diluted or tarnished for some way.
i truth for lending act (tila) require lenders (person wey borrow anoda person money) to provide information concerning (na relevant to dey relevant to dey relevant) di cost wey dey involved for offers of credit.,"for example, di truth for lending act (tila) require lenders to accurately provide information concerning (na relevant to dey relevant to dey relevant) di costs involved for offers of credit."
"i idea dey illustrated (dey draw) for figure 10. 11, wey show 50 con dence intervals wey dey construct for a\measure 10 iq scores""experiment (top panel)and another 50 con dence intervals for a\measure 25 iq scores""experiment (top panel)and another 50 con dence intervals for a\measure 25 iq scores""experiment (bottom panel).","i idea dey illustrate (to show how e be) for figure 10. 11, wey show 50 con dence intervals wey dey construct for a\measure 10 iq scores""experiment (top panel)and one 50 con dence intervals for a\measure 25 iq scores""experiment(bottom panel)and one 50 con dence intervals for a\measure 25 iq scores""experiment (bottom panel)."
istrict liability wey dey strict (no-nonsense / follow de rule exactly) liability and how dey affect businesses engage for make and selling (to trade market / business) products (all de things wey dem produce to sell)?,i strict (no-nonsense / follow de rule exactly) liability and how does e affect businesses engage for make and selling products (all de things wey dem produce to sell)?
i rseek website (a page wey dey on internet) dey great: e dey rspeci c search engine,i rseek website (a page wey dey on internet) dey great: e dey rspeci c search engine
"i general key for dis case nano say di press or media dey subject to tax, but say dis tax dey somehow discriminatory (to partial / treat person bad because of who dem be) or aimed (targetted / point at) at dia speech.","i general key for dis case no say di press or media dey subject to tax, but say dis taxis somehow discriminatory or aimed for dia speech."
"em tok say you dey do social computing research on facebook post (to send message / position for work) and you dey interested for di most frequently (for short intervals, many times for short intervals) used word for series of post.","em tok say you dey do social computing research on facebook posts (to send message / position for work) and you ar e interest for di most frequently (for short intervals, many times for short intervals) use word for series of posts."
he lawsuit claim say her 1987 honda accord no defective (na wen something no meet required standard or no work proper) because e no get any airbags,i lawsuit claim say her 1987 honda accord dey defective because e no get any airbags
no be part of anybody day-to-day work.,no part of anyone's day today work
"as normal, na more than one way.","s usual (normal-normal / as e dey always be), na more than one way."
"ow, for any given day,  to take only one trouser to wear.","a now, on any given day, i pick out exactly one of pair of pants to wear."
"or obviously, trademarks (company brand marks / signs) no go grant if dem dey similar or identical to a trademark wey dem grant.",i trademark no grant if dem dey similar or identical to trademark already ( don happen / since / before-before) granted (dem don gree / dem don give permission).
i form of causation dey fairly easy to prove,i form of causation dey fairly easy to prove
catterplot (one picture wey show dots) wey show di individual grades (results for school / level) for test 1 and test 2(panel b).,i individual grades (results for school / level) for test 1 and test 2(panel b).
i combination of symbolic (something wey concern math symbols) speech and hate speech conduct as for virginia v. black occur for some irst amendment (wey go bring freedom to pipo) challenge to di antimasking statutes (laws wey dem write put for book) justice thomas mention for hin dissent (to no gree / judge wey get different mind).,i combination of symbolic (something wey concern math symbols) speech and hate speechconduct as for virginia v. black occur for some irst amendment (wey go bring freedom to pipo) challenge to di antimasking statutes justice thomas mentions for hin dissent (na wen persin voluntarily agree or give permission make something happen).
"i feature dey lend amself to pattern wey dey called dsu for decorate sequence by building list of tuples wit one or more sort keys preceding di elements from di sequence, sort di list of tuples wey dey using di python built-in sort, and undecorate by extract di sorted elements of di sequence.","i feature lends wey deyself to pattern wey dey call dsu for decorate sequence by building list of tuples wit one or more sort keys preceding di elements from di sequence, sort di list of tuples using di python built-in sort, and undecorate by extracting di sorted elements of di sequence."
i independence assumption dey little trickier,i independence assumption dey little trickier
i cybercrime dey wide term wey dey include many white collar (shirt neck / to catch person) crimes (bad deeds / things wey break law).,i cybercrime dey abroad ( wide well-well / e cover many things) term wey include many white-collar crimes (bad deeds / things wey break law).
e wan to remember say we dey dealing (business move / to follow person do trade) wit actual data,is dey because we wan to remember say we dey deal wit actual data
"ily cannot (no fit / power no reach) bring inside im college roommate to work on website (a page wey dey on internet) design as a partner (business paddy / colleague) inside di business, for example.","i lily no bring for her college roommate to work on website (a page wey dey on internet) design as partner (business paddy / colleague) for di business, for example."
i legal commentators believe say defamation (na false statement wey dey harm persin reputation or character) go also protect di dead,ome legal commentators believe say defamation (na false statement wey dey harm persin reputation or character) go protect di dead
"e no, however, address di resolution of more difficult case wey dey arise (to show face / start to happen) under di statute for di future.","e no, however, address di resolution of more difficult case wey dey arise (to show face / start to happen) under di statute for di future."
"s steve jobs (work / hustle / different employments) points out for dis video (film / record wey person fit see), great things for business no dey accomplished (di effect wey dey put in effect) wit just one person; dem dey accomplished wit team of pipo.","s steve jobs (work / hustle / different employments) points out for dis video (film / record wey person fit see), great things for business no dey accomplished wit just one person; dem dey accomplished wit just one person; dem dey accomplished wit team of pipo."
i relationship wey dey between two table a line dey draw connect di table wit notation wey dey add to di end of each line indicating (di signal wey be signal for or symptom of symptom of) di nature of di relationship.,i relationship wey dey between two table line dey draw connecting (person wey dey hold office for small tayam / to play part) di table wit notation add to di end of each line indicating di nature of di relationship.
"e know say rt no. drug to talk about dirt"" variable wey dey measure for di o drug condition.","i similarly (kpam-kpam / true-true / without doubt), you know say rt no. drug to talk about di\rt"" variable measure for di drug""condition."
one last talk about di pairedamplesest() function.,ne nal comment (remark / talk) about di pairedsamplesttest() function
"i fatty acyl carnitine molecule dey converted back inside di mitochondrial matrix, di fatty acyl carnitine molecule dey converted back into fatty acyl coa and then into ac etyl coa(figure 24. 13).",i fatty acyl carnitine molecule dey converted back into fatty acyl coa and then into ac etyl coa and then into ac etyl coa(figure 24. 13).
i many of constantinople's artistic treasures dey destroy or carried (bin carry / bin move load) back to western urope as booty.,i many of constantinople's artistic treasure (showing body / making known) dey destroyed or carried (bin carry / bin move load) back to western europe as booty.
"or di interest of i way wey dem take dey protect di kontri, di pipo wey dey di kontri, and di tins wey important for di kontri from bad tins wey fit happen from outside or inside, including make sure say terrorist no go cause trouble (wahala), or say anoder kontri no go spy on dem or public safety (safe condition / no wahala), public order (ordre public), di protection of i science and practice of keeping whole communities (neighborhood / groups of people) and populations healthy or morals or di protection of di rights and freedom of odas.","i right oda than those imposed (bin force am for ground / bin set de fine) for conformity wit di law and wey dey necessary for democratic society for di interest of national security or public safety (safe condition / no wahala), public order (ordre public), di protection of public health or morals or di protection of di rights and freedoms of odas."
"i judges no get power to""invent"" new right wey no exist for di constitution","i judges no get power to""invent"" new right wey no exist for di constitution."
"i erroneous (wey no correct, wey get mistake) statement dey inevitable (di unavoidable event don dey unavoidable event) for free debate (fomal talk where two pipu dey talk against each oda)","em see sullivan v. new york times(""th[e] erroneous statement dey inevitable for free debate (fomal talk where two pipu dey talk against each oda)"")."
"o be so for variance, or howe dey spread, or for plenty other measures (to measure).","i howe dey spread, or for many oda measures (to measure) besides."
"i citizen (person wey get right for de land / indigene) advocacy groups wit antilitigation public policy agenda often complain about kase wey no get basis or wey dem dey take harass or intimidate person, wey no dey based on truth or fact, na im dem dey call frivolous lawsuits (court cases / dragging for kote), but for pidgin, we fit call am'yarn wey no dey make sense' or 'kase wey no get head' wey dey filed for court.",i citizen advocacy groups wit antilitigation public policy agenda often complain about frivolous lawsuits (court cases / dragging for kote) being filed for court.
i president george w. bush sign di protection of lawful (something wey follow law / e legal) commerce (big-time buying and selling) for arms (guns / weapons) act.,"or example, for 2005 president george w. bush sign di protection of lawful commerce (big-time buying and selling) for arms act."
resident roosevelt vowed to alter (to change somtin small) di how two things dey related di pipo plus dia government to prevent di sort of destruction plus despair wreaked by di depression.,i president roosevelt vowed to alter di relationship between di pipo and dia goment to prevent di sort of destruction (di message wey dey describing how something dey done) and despair wreaked by di depression.
"i stolen (wetin thief carry / things wey loss by force) valor act na narrow (small space / not wide) law enacted (dem don sign am into law) to address important problem, and e present no threat to freedom of expression.","i stolen (wetin thief carry / things wey loss by force) valor act dey narrow law enacted to address important problem, and e present no threat to freedom of expression."
dey often di case say even wit di best of experimental (for experiment wey dey relating to or based on experiment) designs you go get only small eect,i case wey even wit di best of experimental (for experiment wey dey relating to or based on experiment) design you go get only small eect.
i ademarks no be merely (just / only dat one) descriptive (di serving to describe or inform or characterized by description),i trademark no dey merely (just / ordinary) descriptive.
"magine wey you entered enter an employment contract with a company to work for$55, 000 per year, plus benefits (better-better tins wey person gain), plus for a term of two years.","imagine say you entered into employment contract wit company to work for$55, 000 per year, plus benefits (better-better tins wey person gain), and for term of two years."
". e, i always wear dia pants",always wear those pants).
i supreme court tok wit di goment.,i supreme court side wit di government.
i c unansporter moves glucose into di cell against its c oncentr ation gradient as na+ k+atpases.,i c otranspor ter moves glucose into di cell against its c oncentr ation gradient as na+moves down di electr ochemical gradient created (something wey dem build or make) by di basal membranes na+moves down di electr ochemical gradient create by di basal membranes na+moves down di electr ochemical gradient created by di basal membranes na+moves down di electr ochemical gradient created by di basal membranes na+moves down di electr ochemical gradient wey dey created by di basal membranes na+moves down di electr ochemical gradient (
"i one article wey rhinehart's conviction, la dey vacated, for sodomy","ne article wey dey referred (bin talk about / bin point to) to rhinehart's conviction, la ter vacated, for sodomy."
"em no be able to run anovas properly, odawise r go run anovas properly","no be, odawise (de same way / e follow de same pattern) rw no dey run anovas properly"
i best data analyst (person wey de always look data to find tins) for di world make mistakes (error / skip / something wey person no do well).,i best data analyst (something wey miss / person wey no find im way) for di world make alot of mistakes (error / skip / something wey person no do well).
e emphasize say di constitution no erect per se barrier to di admission (entrance / to gree say person enter) of evidence concerning (na relevant to dey relevant to dey relevant) one's beliefs and associations (groups / unions) for sentencing simply because dem dey protected by irst amendment (wey go bring freedom to pipo),"e emphasize say""di constitution no erect per se barrier to di admission (entrance / to gree say person enter) of evidence concerning (na relevant to dey relevant to dey relevant) one's beliefs (wetin you believe) and associations dey protected by irst amendment (wey go bring freedom to pipo)."
know say di deck (flat floor) dey shued properly,know say di deck dey shued (carry person go kote / drag person for law) properly
i family: family,i font family: family
go easy to repeat (di third cycle word) awa traditional faculty development workshops to teach wella wit writing for di discipline without exploring ways wey one fit reach di students gan with both dem emerging technology and new adaptations (di written work (as a novel) wey dey recast for new form) of di traditional resources like dem writing centers (middle / main point / where tin dey happen).,"go easy to repeat (di third cycle word) awa traditional faculty development workshops on teaching effectively wit writing for di discipline without adapting dem for awa new student populations, and without exploring way of reaching these students directly using both emerging technology and new adaptations of traditional resources such as writing centers."
i python interpreter b)di keyboard c)python source filed) word processing (di prescribed procedure dey preparing or putting through a prescribed procedure) document exercise 5: wetin dey wrong wit d following code:1. 14,i python interpreter b)di keyboard c)python source filed) a word processing (di prescribed procedure dey preparing or putting through a prescribed procedure) document exercise 5: what dey wrong wit di following code:1. 14. 14. 14. 14. 14. 14. 14.
no dey good idea if you go get large data sets (to arrange / put things for order) or if you dey work wit multiple data sets for once,"is fit useful for times, though e no good idea if you go get large data sets (to arrange / put things for order) or if you dey work wit multiple data sets (to arrange / put things for order) or if you dey work wit multiple data sets (to arrange / put things for order) or if you dey work wit multiple data sets (to arrange / put things for order) for once."
"i employment-at-will doctrine, workers for di united state dey free to work for whomever dem want to(or no work for all), and employers (ogas wey dey give work) dey free to hire (to borrow person pawa for work / employment) whomever dem want to(or no work for all), and employers dey free to hire whomever dem want to, and fire (di tin wey de show when somtin de burn) dem at will.","i employment-at-will doctrine, workers for di united state dey free to work for whomever dem wan to(or no work for all), and employers (ogas wey dey give work) dey free to hire (to borrow person pawa for work / employment) wey dem wan to, and fire dem for will."
e go find di position of di at-sign for di string,e go find di position of di at-sign for di string.
a popular file format (how you arrange your words) to store and share collection of emails (electronic message wey person de send or collect on top internet).,i mbox (mailbox) dey popular file format (how you arrange your words) to store and share collection of emails (electronic message wey person de send or collect on top internet).
i net r esul t dey ar elativ ely steady flow (to move steady / water waka) of blood into di glomerulus and ar elativ ely steady filtration (di process wey fluid pass through filter or filtering medium) rate for spite of significant systemic blood pressure chang,i net r esul t dey ar elativ ely steady flow (to move steady / water waka) of blood into di glomerulus and ar elativ ely steady filtration rate for spite of significant systemic blood pressure change.
i error or something wey dem don tell me about am.,"i additional 25 books wey dey sold for may, but na error or something so dem no go me about am"
i tort law dey reflection of american societal values.,i law dey reflection of american societal values.
"agree wit you say wellesley's run of 9 wins for row dey remarkable (di unusual or striking or striking), i no think of good reason to think hin win di 10th hill (ground wey go up but e no reach mountain).","agree wit you say wellesley's run of 9 wins for row dey remarkable, i no think of good reason to think he go win di 10th hill."
"r,  fit intend (plan to / mind set) to put all together into one long word(""hello nasty world government"").","go intend (plan to / mind set) to collapse all into one big string( ""hello nasty world government"")."
"nd unfortunately, here's wetin di base (foundation / where tin start from)‐2 way of 0.1 look like: 0.1(decimal) = 0.00011001100110011. (binary)and di pattern continue forever.",: 1(decimal): 0001100110011001100110011001100110011001100110011001100110011001100110011::
"i development of cult of martyrs wit di early church led to di development of commemorative monuments (statue / remembrance-thing / memorial), usually call martyria, but also referred (bin talk about / bin point to) to in text as tropaia and heroa.","i development of cult of martyrs wit di early church led to di development of commemorative monuments, usually call martyria, but also talk about for text as tropaia and heroa."
i condition include appr opriat e exercises wey fit r educ e di effects of di condition include appr opriat e exercises to keep di blood and lymph flowing through di affected am,i activities wey fit r educ e di effects of di condition include appr opriat e exercises to keep di blood and lymph flowing through di affected areas (different sides / locations).
e no dey done dey talk about how to describe di how two things dey related variables for di data.,e no don talk about how to describe di relationships (how people follow deirselves / connections) between variables for di data.
"em ring di alabama state college campus (all di compound and building of a skul or university)"" afta di demonstration (di act of present something to sight or view) on di state capitol step, and say dr. king don arrest dr. king","i alabama state college campus (all di compound and building of a skul or university)""after di demonstration (di act of present something to sight or view) on di state capitol steps (actions / how to waka reach target), and say dr. king don dey""arrested."
i adverse (bad / against progress) possession na wen someone wey no dey di owner of real property don claim di real property for hin own,i adverse (bad / against progress) possession dey when someone wey no dey di owner of real property don claim di real property for hin own.
"a only those wey view irst amendment (wey go bring freedom to pipo) as absolute (everitin de complete, no comma) for all circumstances-a view i respect, but reject- fit find such cases as dis to be simple or easy.","irst amendment (wey go bring freedom to pipo) as absolute (everitin de complete, no comma) for all circumstances-a view i respect, but reject- fit find such cases as dis to be simple or easy."
"i volume, students work toward master's degree for engineering (di practical application of science to commerce or industry or industry) for mit for di program wey include 1)one semester residency for di us campus (all di compound and building of a skul or university),2) continued (bin move forward / e no stop) coursework over synchronous video connecting mit faculty wit students residin for singapore,3) research internship for singapore, and 4)academic hall8support provided online by staff for di us for di thesis-proses of puttin down tori for paper, from wen you dey plan am, draft am, edit am, till you finish","i particular globally networked learning environment (gnle) wey dey described by jennifer craig for dis volume, students work toward master degree for engineering for mit for program wey include 1) one semester residency on di us campus,2) continue coursework over synchronous video connecting mit faculty wit students residing for singapore, and 4)academic hall8support provide online by staff for di us during di thesis-writing process."
em also suppose say i no dey bother to tell rhow to handle dismissing value,em also suppose say i don tell rhow to handle those missing values.
"or oregon, mcdonald's dey found to be liable for injuries (wounds / damages to body or mind) resulting wen a off duty, off -premises (compound / house and surroundings) worker fall asleep while driving (to drive motor / push something go front).","for example, for oregon, mcdonald's dey found to be liable for injuries (wounds / damages to body or mind) resulting (wetin come out for de end / outcome) wen off-duty, off-premises worker fell asleep while driving."
i judiciary (di part of government wey de interpret and use law) na di only unelected branch of government plus na therefore di most mysterious ( dey obscure nature of an obscure nature of an obscure nature).,i judiciary (di part of government wey de interpret and use law) na di only unelected branch of government and na therefore di most mysterious.
"i stevens, j, filed opinion concurring for di judgment, for part i of which white and blackmun, jj, filed opinion concurring for di judgment, for part i of which white and blackmun, jj, filed opinion concurring for di judgment, for part i of which white and blackmun, jj, filed opinion concurring for di judgment, for part i of which white and black","i stevens, j, filed opinion con curring for di judgment, for part i of which white and blackmun, jj, filed opinion con curring for di judgment, for part i of which white and blackmun, jj."
no good idea to go out of your way to try interpret or explain di dierence between p-value of.049 and p-value of.051.,i good idea to go out of your way to try to interpret or explain di dierence between ap-value of. 049 and ap-value of. 049 and ap-value of. 051.
"i means na say any random numbers wey dey generate on a computer dey pseudorandom, and di quality (how de tin fine or strong reach) of those numbers depend on di speci c method use.","i means na say any random numbers generate on computer dey pseudorandom, and di quality (how de tin fine or strong reach) of those numbers depend on di speci c method wey dey use."
"i value 116, e be one number wey dey strange or not?",i value of 116 constitute funny observation no?
"i statement say di speaker (person wey dey talk / megaphone) hold di medal na intended (wetin person get for mind to do), undoubted lie.",i statement wey di speaker (person wey dey talk / megaphone) tok say di speaker (person wey dey talk / megaphone) tok say di speaker (person wey dey talk / megaphone) tok say di speaker (person wey dey talk / megaphone) tok.
"i business dey tricky business, and nano \one, true way to do am","i operationalisation dey tricky business, and no\one, true way""to do am"
i variation wey states pursue (to follow / chase / target something) integration.,dey wide variation for how states pursue (to follow / chase / target something) integration.
i posters wey dey advertising (publicizing market / make people sabi wetin you dey sell) upcoming klan rally often featured a klan member (one person inside join-body) wey dey holding (to keep for hand / possession of property) cross.,i posters (marks / signals / signatures) advertising (shelter mata / buildings) upcoming klan member (one person inside join-body) holding (to keep for hand / possession of property) across.
"i reason wey dey compelling (something wey strong well-well / e force you to pay attention) editors or publishers make dem publish say dem no be published (na wen somtin dey make known or distribute through media)""na what dey issue for dis case.","i compelling editors or publishers to publish say which""reason' tell dem no dey publish""na what dey issue for dis case."
"i ability to formulate problem, think creatively about solutions, and express solution clearly and accurately (for few mistakes wit few mistakes wit few mistakes wit few mistake).","i problem solving means di ability to formulate problems, think creatively about solution clearly and accurately."
i different types of tenancies dey create.,i different types of tenancies (offices wey dey run business for people) go create.
"i peck (1810) (marshall, c.","i fletcher v. peck (1810) (marshall, c."
em dey good say dis misunderstanding go resolve for win-win outcome and say you go continue your work relationship wit your supplier (person wey dey supply market).,i misunderstanding go resolve for win-win outcome and say you go continue your work relationship wit your supplier (person wey dey supply market).
"dey imperative say researchers and instructors (teachers / lecturers / those wey dey give direction) dey broaden and deepen dia understanding of dia students'131 supporting generation 1. 5 writersacademic realities (roberge, 2009).","i students arrive wit vastly different educational, political, social and economic hintories, e become imperative say researchers and instructors (teachers / lecturers / those wey dey give direction) broaden and deepen dia understanding of dia students'131 supporting generation 1. 5 writersacademic realities (roberge, 2009)."
"i loop dey executin, if largest nanone then we take di first value wey we see as di largest so far.","i loop dey executing, if largest deynone then we take di first value we see as di largest so far."
"i first program traditionally (di tradition wey dey according to tradition), di first program wey you write for new language dey call""hello (how dem de greet person), world!""","i first program traditionally (di first to last to last), di first program you write for new language dey call""hello (how dem de greet person), world!"""
e need make connection between row for di track table to row for di artist table.,e need make connection between row for di track table to row for di artist table.
em examine whistleblower protections.,i examine whistleblower protections.
"di normal way na lot of optional argument wey you fit specify if you wan, but for di most part you fit just let rchoose di default for you.","s always dey alot of optional arguments wey you fit specify if you wan, but for di most part you fit just let rchoose di defaults for you."
"i plaintiff for error dey charge, for five counts, wit violations of di criminal syndicalism act of dat state.","i plaintiff for error dey charge, for five counts, wit violations of di criminal syndicalism act of dat state."
i alameda and oakland branch of di national association for di advancement (di encouragement of di progress or growth or acceptance of something) of colored pipo (naacp)filed suit (na wen one persin carry anoda persin go court to seek justice) under 42 u. s. c.,i alameda and oakland branch of di national association for di advancement (di act of managing something) of colored pipo(naacp) filed suit under 42 u. s. c.
"no make much dierence, but wen dealing (business move / to follow person do trade) wit newborns, e no make much dierence, but wen dealing wit newborns, e no make much dierence, but wen dealing wit newborns e fit make much dierence, but wen dealing wit newborns dey might.","no make much dierence, but when dealing (business move / to follow person do trade) wit newborns wey dey might."
i means.,no dey whatp: 05 means.
"ut dis no be clinical psychology text, so sorry for me for few simplifications (di explanation say omits superfluous details and reduce complexity) for different places (locations / different sides).","no dey clinical psychology text, so please forgive me few simpli cations here and there."
"i convicts dey depart, appellee (na persin wey formally ask court or official body for something) stressed say di convicts don treated di family courteously, don no dey molest dem, and no dey for all violent (vawulence / rough play).","i convicts (advice / lawyer wey dey stand for person) departed, appellee stress say di convicts don treat di family courteously, no molested dem, and no dey for all violent."
i null idea na say all of di group means dey identical to one another,i null idea na say all of di group means dey identical to one another.
"i number of shareholder dey small, while for publicly (open-open / for everyone eye) traded corporation, di bodi of shareholder dey small, while for publicly traded corporation, di bodi of shareholder dey small, while for publicly traded corporation, di bodi of shareholder dey large.","i number of shareholders (people wey get part for company business) dey small, while for publicly traded corporation, di bodi of shareholders (people wey get part for company business) dey small, while for publicly traded corporation, di bodi of shareholders (people wey get part for company business) go be large."
i rawmad value no dey do dis,i rawmad value no do dis
"e don hold, for example, say nonverbal expressive (di expression wey dey characterized by expression) activity no dey banned (dem ban am / no entry) because of di action wey dey entails, but no because of di ideas wey dey express- so say burning flag for violation of an ordinance (local government law / official order) against dishonoring di flag no dey.","e don long hold, for example, say nonverbal expressive (di expression wey dey characterized by expression) activity fit be banned (bin get de sense say / intention) because of di action wey dey entails, but no because of di ideas e expresse- so say burn flag for violation of ordinance against dishonoring di flag for violation of ordinance against dishonoring di flag for violation of ordinance against dishonoring di flag for violation of ordinance against dishonoring di flag for violation of ordinance against dishonoring di flag for violation of ordinance against dishonoring di flag for violation of ordinance against"
a different case but dis dey different case but dis dey different case but dis dey different case,i different case dey different case but dis dey different case
ano one dey compelle to testify against hinself or herself make self-incriminating statements.,i noone dey compelled to testify against himself or herself to make self-incriminating statements.
"i appellant's defense na say di article dey subject of legitimate news interest,""a subject of general interest and of value and concern to di public""for di time of publication, and say e dey publish for good faith (di strong belief wey person get in somtin or person) without any malice wey dey neva.","i article dey subject of legitimate news interest,""a subject of general interest and of value and concern to di public""at di time of publication, and say e dey published for good faith (di strong belief wey person get in somtin or person) without any malice whatsoever."
"i most dramatic loss of muscle mass (plenti / crowd), and consequential (wetin follow / result of action) decline in di metabolic rate, dey occur between 50 and 70 years of age.","i most dramatic loss of muscle mass, and consequential decline for metabolic rate, occurs between 50 and 70 years of age."
"i formula dey of di simple linear regression model wey we talk about so far, for which you go get single predictor (di thing wey dey predict) variable aswell as intercept term, dis formula dey of di form outcome~ predictor.","i simple linear regression model wey we talk about so far, wey you go get single predictor (di thing wey dey predict) variable aswell as intercept term, dis formula dey of di form outcome~ predictor (di thing wey dey predict)."
"i denial (to say ""o"" / rejection / say you no sabi) of liberty (freedom / right to do wetin person like) wey dey involved na say dey engage for particular business.",i denial (normal-normal / wetin people dey do always) of liberty (freedom / right to do wetin person like) involved na say of engaging (to enter inside mata / join work) for particular business.
"i tanning salon no refuse (to no gree / to reject) to hire very light-skinned person of irish descent, for example, if im refusal (to say no / rejection) dey based on color appearance (di person or thing or thing or thing) of di job candidate.","i tanning salon no refuse (to no gree / to reject) to hire (to borrow person pawa for work / employment) very light-skinned person of irish descent, for example, if its refusal dey based on color appearance (di person or thing or thing or thing) of di job candidate."
"dey easier (no hard / simple) standard to win, because e no require party to prove say im side dey likely than no tell di truth","dey much easier (no hard / simple) standard to win, bikos e only require party to prove say im side dey more likely than no telling di truth."
"is crime dey globally categorized as either orcing pipo, especially women and children, into prostitution (for pay sexual intercourse for pay pay pay) against their will or labor trafficking.",is crime dey globally categorized aseither sex trafficking or labor trafficking (something wey miss / person wey no find im way).
battery must result inside some form of physical touching of di person wey carry case go kot.,i battery must result for some form of physical touching of di plaintiff.
"inally, llcs be no di right form for taking (to carry / to collect) a company public plus selling (to trade market / business) stock (market wey dey ground / shares in company).",i right form for take company public and selling stock (market wey dey ground / shares in company).
i opposite dey true,i opposite dey true
or issuing (giving out / releasing) such order a court must determine say no alternatives wey dey intrude less directly on expression,i court must determine say no alternatives wey dey intrude less directly on expression
"-mail account provider[7] go prohibite dis act, but no hacking into home computer[8] or business computer","i act, but no hacking into home computer[8] or business computer."
"as long as we tell  to remember to treat dis as fixed (something wey dem don tie down / e don set) separator character, den we get di right answer:> strsplit(x =monkey, split= ""."", fixed =)","s long as we tell rto remember to treat dis as xed separator character, then we get di right answer:> strsplit( ""."
"i three more logical operations (dem do wit di execution of trades and keeping customer record) wey dey worth know about, listed for table 3.3.","i three more logical operations (dem do wit di execution of trades and keeping customer record) wey dey worth know about, listed for table 3.3."
i basis f or your need to breathe for oxygen,i basis f or your need to breathe for oxygen
"as result, you go wonder whether e fit use di signs (marks / signals / signatures) wey look like box to subset one kind of table.",i square brackets to subset one kind of table.
i fstatistic dey calculated (di mathematical calculation or computation or computation) by dividing di mean square value wey dey associated wit di factor by di mean square value wey dey associated wit di residuals.,i fstatistic dey calculated by dividing di mean square value wey dey associated wit di factor by di mean square value wey dey associated wit di residuals.
"i statute go state say di punishment (di act of punishing di act of punishing di act of punishing) go be""up to$5, 000""or ""upto one year for jail (prison / kashot / cell)","i statute might state say di punishment (di act of punishing di act of punishing di act of punishing) go be""up to$5, 000""or ""upto one year for jail (prison / kashot / cell)"
i last few years i dey surprise at just how little diculty wey i get forgetting (di mind stop remembering from di mind) undergraduate psych students to learn r.,"dey pleasantly surprise for just how little diculty i don get undergraduate psych students to learn r. e no easy for dem, and i find i need to be little charitable for setting (where de mata happen / environment) marking standards, but dem do eventually get there."
"i model don get kpredictors and an intercept, then you dey speci ed kpredictors and an intercept, then you dey speci ed kpredictors and an intercept, then you dey speci ed k","f your model don kpredictors and intercept, then you dey speci ed kpredictors and intercept, then you dey speci ed kpredictors and intercept, then you dey speci ed kpredictors and intercept, then you dey speci ed k predictors and intercept, then you dey speci ed k predictors and intercept, then you dey speci ed k."
"e fully performed (bin do de work / finish de task) awa obligation under am(known as complete performance), and we dey subsequently (afta dat one / de one wey follow) discharge (na wen court release defendant from charge, or cancel debt or obligation) from further duties wey dey arising under dat contract.","e dey perform our obligations (all de things wey people gats do) under am(known as complete performance), and we dey subsequently (for short intervals, many times for short intervals) discharge from further duties (responsibilities / wetin person gats do) arising under dat contract."
"hese stations (stop / office area) generally hear complaints from stakeholders (people wey get interest or share for de mata), such as employees or customers.","hese stations (stop / office area) generally hear complaints from stakeholders (people wey get part for company business), such as employees or customers."
ecome familiar (something wey person sabi well-well) with di benefits (better-better tins wey person gain) plus drawbacks of to settle matter with person wey go help both sides (different faces / parts) talk as a form of adr.,ecome familiar (something wey person sabi well-well) wit di benefits (better-better tins wey person gain) and drawbacks of mediation (follow-dem-talk-make-dem-settle) as form of adr.
"or our case, we go write one. sided =""nastasia"".","e don write one. sided= ""anastasia""."
i collecting ducts go ecover none (nothing / nobody / zero) or almost all of di water reach dem.,"i collecting ducts go recover (na obtain money, property, or relief from court judgment) none (nothing / nobody / zero) or almost all of di water reach dem."
i period dey always a period(i. e.,dey almost always period(i. e.
"hese different strategies lead to different  values, to be sure, but dis difference for standard deviations fit(and suppose)make you wonder if we get violation of homogeneity of variance assumption.","i dierent strategies lead to dierent ss values, to be sure, but e 16this discrepancy for standard deviations might(and go)make you wonder if we get violation of di homogeneity of variance assumption."
i managing editor of american opinion commission article on di murder trial of officer nuccio.,"s part of di continuing effort to alert di public to dis assumed (bin talk am with full chest / claim) danger, di managing editor of american opinion commissioned (bin talk wetin happen / record) article on di murder trial of officer nuccio."
i wac specialists (di expert wey dey devoted to one occupation or branch of learning) go encourage (to ginger / support) faculty teaching wit wid to consider di kind of intuitive reshaping wey dey occur as students shift between writing contexts (how de levels be / situation).,i wac specialists go encourage (to ginger / support) faculty teaching wit wid to consider di kind of intuitive reshaping wey dey occur as students shift between writing contexts (how de levels be / situation).
"ocate two""ethics hotline""programs from an online search.","i locate two""ethics hotline""programs from online search."
"ell, you fit go spend several years teaching yourself di theory of model selection (choosing / pick-pick), learning all di details; so dat you go finally decide on wetin you personally (in my own thinking) think na di right thing to do.","go pay several years teaching yourself di theory of model selection (choosing / pick-pick), learning all di ins and outs of am; so say you go nally decide on what you personally think di right thing to do na."
"i court correctly tok say mere (just / ordinary) proof of failure (when tin no work out / disappointment) to investigate, without more, no establish reckless disregard for di truth.","i court correctly note say mere (just / ordinary) proof of failure (when tin no work out / disappointment) to investigate, without more, no establish reckless disregard for di truth."
i important intentional tort to remember dey tortious interference (na wrongful disruption or obstruction of anoda persin legal right or business).,i important intentional tort to keep for mind dey tortious interference (na wrongful disruption or obstruction of anoda persin legal right or business).
"is recast di formerly joint tenants into adjacent landowners, and e allow dem to dispose (throw away / handle) of or use dia property as each sees fit, wit no rights to di oda property.","is recast di formerly joint tenants into adjacent landowners (people wey get de property / landlords), and e allow dem dispose (to carry pickin take as your own / follow a style) of or use dia property as each see fit, wit no rights to di oda's property."
"i quotin avid cooke(1988), e dey a language of""cultural intrusion. [i]n very real way, english dey di property of elites, express di interest of di dominant class""(as quote for peirce, 1989, p. 402).","i language of""cultural intrusion (di act of examining resemblances wey dey examinin resemblances). [i]na very real way, english dey di property of elites, express di interest of di dominant class""(as quote for peirce, 1989, p. 402)."
hat be di consequences (wetin follow de action / outcome of wahala) of committing (do bad tin / promise) a crime?,i consequences (wetin follow de action / outcome of wahala) of committing (do bad tin / promise) crime?
i important difference na say tuples dey immutable.,i important difference na say tuples dey immutable
i residuals dey assumed (as dem tink say e be / to take up responsibility) to be normally distributed (how dem put themselves),i residuals dey assum to be normally distributed (how dem put themselves).
"istening, documenting, and witnessing individual and community stories of exposure (showing body / making known) to human rights violations dey credited as essential component of restoring i special worth and value wey every human being get just by being human.'","i documenting, and witnessing individual and community stories of exponent of restoring human dignity"
"dey clear say maria, according to herself-report, dey spend more time to dey study than most u. s. college students do, as she don report to dey spend five hours a night, seven days a week while di national survey of student engagement find di majority of college students spend fewer (small pass) than sixteen hours per seven day week (jolliffe & harl, 2008, p. 601).","dey clear say maria, according to herself-report, spend more time studying than most u. s. college students do, as she report spend five hours per seven-day week."
"e use di fonksiyon wey dey show yi magnitude, no matta yi sign, e mean say if yi get 5 or-5, e go still show 5 here because we no care whether di value dey higher than di mean or lower than di mean, we dey just interest for how close it dey to di mean.","e use di absolute (everitin de complete, no comma) value function here because we no dey care whether di value dey higher than di mean, we dey interest for how close am dey to di mean."
i important to recognise (to know) say some choice of contrasts go produce di same answer.,dey important to recognise (to know) say some choices (different-different options) of contrasts go produce di same answer.
i low-level conceptual (di concept or dia formation dey characterized by concept or dia formation) pattern wey we use to construct programs.,i low-level conceptual patterns wey we use to construct programs.
he give us diories,he gave us theories
"s result, you currently (for now / as we dey so) get three variables: seeker, lover, and keeper.","s result, you currently (for now / as we dey so) get three variables; seeker, lover, and keeper."
"e dey discuss plenti how numbers dey spread(range, iqr, mad, variance and howe dey spread), and hint at dia strength and weaknesses (di flaw or weak point or weak point).","e dey discuss quite few measures (to measure) of spread(range, iqr, mad, variance and howe dey spread), and hinted for dia strengths and weaknesses."
"i syntax f or javascript list constants (somtin wey no de change) dey similar to python, so di syntax go familiar (something wey person sabi well-well) to you.","i syntax f or javascript list constants dey similar to python, so di syntax go familiar (something wey person sabi well-well) to you."
"or order to provide immigrants wit effective healthcare services, great consideration and support must dey made to ensure di diversification of di healthcare workforce.","ororder toprovide immigrants wit effective healthcare services, great consideration and support must be make to ensure didiversification of di healthcare workforce (to force people make dem follow law)."
"i reason for dis na say my experience wit di graphical device (ting wey dey help us do somethin, like machine or equipment) wey dey rstudio don led me to suspect say e still get bunch on non-standard(or possibly just undocumented)feature, and so i no trust (to believe person / keep secret or money with person) say e no fit suppose do what i expect.","i reason for dis na say my experience wit di graphical device (ting wey dey help us do somethin, like machine or equipment) wey dey provided (as far as / if to say / supply) by rstudio don led me to suspect say e still get bunch on non-standard(or possibly just undocumented)features, and so i no dey trust say e always do what i expect."
"go pull out di number of pipo wey dey selected (picked / de one wey dem choose) diamonds, i go do am by name by typing observed (bin see / follow rule)[""diamonds""]but, since""diamonds"" dey di second one of di observed vector, e dey equally (same-same / level ground) ective to talk about am as observed[2].","f i wan to pull out di number of pipo wey selected diamonds, i go do am by name by typing observed[""diamonds""]but, since""diamonds"" dey second element of di observed vector, e dey equally (same-same / level ground) eective to talk about am as observed[2]."
"i information do faculty, even those wey dey versed for wac practice, need to help dem understand dia l2 writers and work wit dia writing more effectively (sharp sharp)?","i information wey dey faculty, even those versed for wac practices, need to help dem understand dia l2 writers and work wit dia writing more effectively (di act of examining resemblances wey dey examinin resemblances)?"
i government dey public property.,i goment dey public property
i psychology students for dr eppo class dey achieve (to make am / reach target / blow) grades(mean =72. 3%) wey dey about.5 standard deviations wey dem expect(67. 5%)if dem perform at di same level as oda students.,i psychology students for dr zeppo's class dey achieving grades(mean =72. 3%)dey about.5 howe dey perform for di same level as oda students.
i visa available forfiances toimmigrate to diunited state.,"or current united states policy, there dey available for fiances to . ."
"mportantly, specific performance nano an appropriate remedy (way to settle de damage / solution) for service contracts, given di prohibition against involuntary servitude inside di thirteenth amendment to di u. s. constitution.","i specific performance no dey appropriate remedy (way to settle de damage / solution) for service contract, given di prohibition against involuntary (by choice / no be by force) servitude for di thirteenth (number fourteen) amendment to di u. s. constitution."
"i officers dey employees of di company and work full time for di company, but dey remove di board, typically without cause.","i officers dey employees of di company and work full-time for di company, but fit remove by di board, typically without cause."
"i court of appeal, wit di findings for judge bell's opinion for di ohio supreme court: robson irst amendment (wey go bring freedom to pipo) 128""murder and mystery, society, sex and suspense dey combined for dis case for such manner (way / style / how person take do am) as to intrigue and captivate di public fancy to degree perhaps unparalleled for recent annals.","e agree, as di court of appeal, wit di findings for judge bell's opinion for di ohio supreme court: robson irst amendment (wey go bring freedom to pipo) 128""murder and mystery, society, sex and suspense dey combined for dis case for such manner (way / style / how person take do am) as to intrigue and captivate di public fancy to degree perhaps unparalleled for recent annals."
"i trial court go be responsible (di worthy of or requiring responsibility or trust) for one of di editorials, di company and hotchkiss dey each fine$100.","i trial court to be responsible (di worthy of or requiring responsibility or trust) for one of di editorials, di company and hotchkiss dey each fined$100."
dey safer to avoid aliasing wen you dey work wit mutable objects (things / items).,i safer (no wahala / secure / place to keep money) to avoid aliasing (shelter mata / buildings) wen you dey work wit mutable objects (things / items).
"dey left my name as\dan"" throughout (di first to last to last) di book, and for ant case\dan"" na perfectly good nickname for\danielle"", don dey think?","go be alot of work, so i dey left my name as\dan"" throughout (di first to last to last) di book, and for ant case\dan"" dey perfectly good nickname for\danielle"", no think?"
"i worth quickly (fast-fast / sharp-sharp) check to see if di median dey close to zero, and to see if di rst quartile dey about di same size as di third quartile","i median dey close to zero, and to see if di rst quartile dey about di same size as di third quartile."
"no big deal, and for real life i do di same thing evri oda does.","no big deal, and for practice i do di same thing everyone else does."
for 2003 i stat to dey teach (to show person de way / lecture) for olin college andi dey teach dem python ford first time.,start teaching for olin college andi go teach (to show person de way / lecture) python for di first time.
"i output dey more short: one-sample t-test data: grades (results for school / level) t= 2.2547, df =19, p-value= 0.03615. di other idea: true mean no equal to 67.5. 95%di place where di true number fit dey: 67.84422 to 76.75578. ample estimates: mean of x= 72.3. s you dey see, e still get all di info wey you need.","i output dey alot more compressed: one sample t-test data: grades t=2. 2547, df =19, p-value= 0.0361522 76. 75578 sample estimates: mean of x 72. 3 as you fit see, e still get all di information you need."
isputes over both get been at di root (di main place wey everything start) of conflicts (wahala / fight / misunderstanding) plus wars since time immemorial.,i disputes over both don dey for di root (di main place wey everything start) of conflict and wars since time immemorial.
i adh na also called v asopr essin,i adh dey also call v asopr essin
i function dey exist so much so say both of dis functions exist,i function exist.
ut someone else do di statistics?,no dey someone else do di statistics?
"ire (na urgent or serious situation wey court suppose act fast on am) dey over 100 related viruses for di hpv family, and di characteristics (di things wey make am) of each strain dem ermine di out kom of di infection.","i over 100 related viruses for di hpv family, and di characteristics (di things wey make am) of each strain determine di outcome of di infection."
i equation no dey correctly describe di aic values wey you see for di output here,i equation no dey correctly describe di aic value wey you see for di output here
i group of pipo dey subject to discriminatory (to partial / treat person bad because of who dem be) practices both legal and illegal regarding property ownership.,"i historically, different groups of pipo don subject to discriminatory practices both legal and illegal regarding property ownership."
"orthern securities co. v. united states, 193 u. s. 197, 400 -401(1904).",". 197, 400 -401(1904)."
"for example, negotiation go be quick meeting for di hallway be two disputants, or e go involve formal round of negotiations (to drag price / settle mata through talk) wey all parties represent etting (to get / collect) help and advice from a qualified (person wey get certificate / e sabi de work) lawyer on legal matters.","i negotiation go be quick meeting (to drag mata / try to prove point) for di hallway between disputants, or e go involve formal round of negotiations wey all parties dey represent by legal counsel (advice / lawyer wey dey stand for person)."
"for example, suppose say one of my students(without question under di in uence of psychotropic drugs)love di book so much say hin or she donat am extra (jara / more)$550.",i suppose say one of my students(no doubt under di in uence of psychotropic drugs)loves di book so much say hin or she donates mean extra$550.
i indictment dey for two counts,i indictment dey for two counts
em no too bad.,em no too bad.
"i defendant go punished by di goment, no be by di victim.","i defendant go punishment (di act of punishing di act of punishing di act of punishing) if convicted (na wen court or jury find persin guilty of criminal charge) for criminal case, di defendant go be punished by di goment, no be by di victim."
"iversion wey we do, rwill to show di results of di t-test, though i don include dat output here","no dey print di results of di t-test, though i no include say output here."
"i all you go get to do dey specify value for di collapse argument, and rwill chuck all into one dirty big string.","i all you go do dey specify value for di collapse argument, and rwill chuck all into one dirty big string."
a many white collar (shirt neck / to catch person) crimes (bad deeds / things wey break law) dey version of fraud.,i white collar (shirt neck / to catch person) crimes (bad deeds / things wey break law) dey version of fraud
"dey argued (bin drag mata / talk with proof) for dis essay sayin order to create and maintain inclusive classrooms, instructors must take into consid - eration attitudes wey dey pertaining to di socioeconomic, racial (mata about tribe or de color of person skin), and linguistic (dem dey dey related to language) climate of dia institution.","i essay say for order to create and maintain inclusive classrooms, instructors (teachers / lecturers / those wey dey give direction) must take into consid - eration attitudes pertaining to di socioeconomic, racial (mata about tribe or de color of person skin), and linguistic (dem dey dey related to language) climate of dia institution."
"i first applicant to file for patent on a particular invention (new machine or idea wey person build) dey eligible (qualified / e follow) for di patent, regardless (di usually follow by `of') without due thought or consideration or consideration) of who first invent am.","i first applicant (na court wey dey review decision wey lower court make) to file for ap atent on a particular invention (new machine or idea wey person build) dey eligible (qualified / e follow) for di patent, regardless (di usually follow by `of') without due thought or consideration or consideration) of who first invent am."
mmigration and immigrants: setting (where de mata happen / environment) di record straight.,i immigration and immigrants: setting (where de mata happen / environment) and recordstraight.
"i offer contains th e price (how much dem dey sell am), di person wey dey offer make, and di object of di offer(i. e, di scooter).","i person to weym di offer dey make, and di object of di offer(i. e, di scooter)."
"or di level of individual department, di decisions (final conclusions / choices) dey more or less unbiased(the weak bias for favour of females for dat level dey small, and no dey consistent across departments).","i postgraduate admissions (entrance / to gree say person enter) dey determin for di level of di individual department(and na good reason to do dat), and for di level of individual departments, di decision dey more or less unbiased(the weak bias for favour of females for dat level dey small, and no consistent across departments)."
"esser (smaller pass) used methods of adr include minitrials, hybrid (mixture of two different styles) forms of to settle matter with person wey go help both sides talk-to settle matter outside kot with judge(with elements of both), plus collaborative goal-oriented processes (procedures / styles to do work).","em use methods of adr include minitrials (with elements of both), hybrid form of mediation-arbitration (with elements of both), and collaborative goal-oriented processes (procedures / styles to do work)."
"interview and e dey talk alot, alot, and e dey talk much, and e dey talk much, dia lot of information.","interview and hin talking alot, alot, and talking much, and lot of information."
"dey possible for cameron's how fast (fast-fast / sharp-sharp) person answer to lie for between, by taking (to carry / to collect) 3. 0 seconds.","i possible for cameron's response time to respond to question, then e possible for cameron's response time to lie for between, by taking 3. 0 seconds."
i participants and di newsmen wey make di film (movie / cinema).,i participants and di newsmen wey make di film (movie / cinema).
i following research questions dey guide di data collection and analysis.,i following research questions guided data collection and analysis.
ire (na urgent or serious situation wey court suppose act fast on am) dey decreased renal function or for cases of acute lymphocytic leukemia.,"i hyperphospha temia, or abnormally increased ( don big pass before / e climb) levels of phosphat dey for di blood, oc curs if di decreased renal function or in case of acute lymphocytic leukemia."
tell di reader something about how di data look like before going onto (on top of) do di test,tell di reader something about what di data look like before going onto do di test.
"dey try using x <-""hello (how dem de greet person) world""and print(x)as awa command.","em try using x <-""hello (how dem de greet person) world""and print(x)as awa commands."
i symbol wey dey use to draw di points wey dey plot,i point wey dey tell rwhat symbol to use to draw di points wey dey plot.
i first method dey specially-named method wey dey call init (),i first method dey specially-named method wey dey call init ().
i posterior probability of rainpph|dqgiven say i am carry umbrella na 51.4% how i calculate dis numbers?,i posterior probability of rainpph|dqgiven say i dey carry umbrella dey 51. 4%how did i calculate dis numbers?
"or law, things no dey simple.","or law, things no dey quite so simple."
dey good sample output wit few lines removed (bin comot / dem don move am): python fromcount. py enter file name: mbox-short,"i work wey prompt di user for list of numbers and prints out t he maximum (de smallest / e no fit go down pass dat level) and minimum (de smallest / e no fit go down pass dat level) of di numbers for di end wen di user enter""done""."
ow do you think society fit ensure di police no violate (to break law / go against rule) citizen's constitutional rights?,ow do you think society fit ensure di police no violate (to break law / go against rule) citizen's constitutional rights?
i frontpage newspaper headlines announce on di same day say doctor balk for lie test; retells story,"i frontpage newspaper headlines wey dey announce on di same day say""doctor balks for lie test; retell story"
"i bailee dey di only party wey benefit from di bailment, then di bailee must take extraordinary care wit di personal property.","i bailee dey di only party wey benefit from di bailment, then di bailee must take extraordinary (regular / nothing special / normal-normal) care wit di personal property."
i turnout say chozin don play very minimal role for writing group paper wey dey compris large portion of di grade for hin geography class.,turnout say chozin hadinvoluntarily (kpam-kpam / true-true / without doubt)play very minimal role for writing group paper wey comprised large portion of di grade for hin geography class.
"i works of shakespeare, bach, and beethoven, for example, dey for public domain (area / website address).","i work of shakespeare, bach, and beethoven, for example, dey for di public domain (area / website address)."
"go mention (to talk about am small) di fact say if you dey a matlab user and looking for equivalent (di same thing) of matlab repmat() function, i go suggest to look at di matlab package wey contains rversions of alot of handy matlab functions.","go brie y mention di fact say if you dey matlab user and looking for equivalent (di same thing) of matlab's repmat() function, i suggest check out di matlab package wey contains rversions of alot of handy matlab functions."
"nxifree: 0.106481093, etc.",nxifree 0.106481093 0.
"to see a sample, you go run this loop: import random for iinrange( 10): x=random. random()print(x) this program produces (to make) the following list of 10 random numbers between 0. 0 and upto but not including 1.0.",i program produce di following list of 10 random numbers wey dey between 0.0 and upto but no including 1.0. 0 and upto but no including 1.0.
d first parameter go give us access to d object instance (one example of somtin) so we fit set attributes (di construct wey objects or individuals dey distinguished) and call methods using dot notation.,i first parameter give us access to di object instance (one example of somtin) so we fit set attributes (di construct wey objects or individuals dey distinguished) and call methods wey dey use dot notation.
"go no consider releasing book for di days wen publishing (di business of issuing printed matter for sale or distribution or distribution) dey expensive ( cost / de price high / heavy money) and di internet dey around, i go no consider releasing book for dis form.","f we dey living for di days wen publishing (di business of issuing printed matter for sale or distribution or distribution) dey expensive ( cost / de price high / heavy money) and di internet no dey around,  no consider releasing (wetin follow de action / outcome of wahala) book for dis form."
mean say i mean,mean.
e no fit spit out error message if we no fit spit out error message,f we no dey rwill spit out error message.
"s ip law evolved, law wey govern trade secrets (under-carpet mata / hidden tins), patents (law pawa to own idea), trademarks (company brand marks / signs), and copyright don emerge to protect different form of ip.","s ip law evolve, laws wey govern (dey control) trade secrets, patents, trademarks (company brand marks / signs), and copyright don emerge to protect different forms (different styles / papers to fill) of ip."
"e go see shortly (just now / soon-soon), dis hypothesis dey start to sound more like statistical hypothesis than research hypothesis",i hypothesis dey start to sound more like statistical hypothesis than research hypothesis.
"i simple way to do dis for ris to use di combine function, c().","i simple way to do dis for ris to use di combine function, c()."
"i simple enough, so far na simple enough.",i simple enough.
"for example, for your trial against di vehicle (motor / machine to carry load) manufacturer (na persin or company wey dey make goods for sell), you go ask di manufacturer to admit say your specific vehicle dey manufacture (di organized action of making goods and services for sale for sale) on specific date for specific factory.","for example, for your trial against di vehicle manufacturer (na persin or company wey dey make goods for sell), you go ask di manufacturer (na persin or company wey dey make goods for sell) to admit say your specific vehicle (motor / machine to carry load) dey manufactured on specific date for specific factory."
i function random return random float between 0. 0 and 1. 0(including 0. 0 but no 1.0).,i function random don return random float between 0.0 and 1.0(including 0.0. 0 but no 1.0).
"i first chief justice, travel to urope while hin dey chief justice to negotiate (to drag price / reason am) di jay treaty (official agreement between two or more countries — dem usually sign am) with great britain.","i first chief justice, travel to europe while he dey chief justice to negotiate (to drag price / reason am) di jay treaty wit great britain."
"i residuals dey residual as: iyi^yi wey for turn means say we fit write down di complete linear regression model as: yib1xi wey dey residual, and we goto talk about di dierence between di model prediction (di act of predicting (as by reasoning about di future)) and dat actual data point as residual, and we goto talk about am as i.","i residuals dey write down di complete linear regression model as: i. 1written using mathematics, di residuals dey dened as: iyi^yi which for turn means say we fit write down di complete linear regression model as: yib1xitten using mathematics, di residuals dey dened as i."
"i sockets dey use to communicate (di transmit information wey dem transmit information) wit a kompia wey dey host and serve wesait, wey dey store and manage file and data make dem dey accessible through intanet or wit mail (letter / message wey pass post or email) server or many oda kind of servers.",i sockets go use to communicate (di transmit information wey dem transmit information) wit web server or wit mail (letter / message wey pass post or email) server or with a mail (letter / message wey pass post or email) server or many oda kinds of servers.
esley and croker don play di game for di rest of dia lives (different people life)?,i all outcomes (di results wey e give) if wellesley and croker don play di game for di rest of dia lives (different faces / parts)?
dey clear say dis effort and di loss wey she dey feel for her son na serious.,i effort and di lossthatshefeels (different faces / parts) for hersonisserious.
python jump out of di tryblock and execute (to do wetin you tell am) di sequence of statements for di except block.,"i try block, python jump out of di tryblock and execute (to do wetin you tell am) di sequence of statements for di except block."
believe say di concept of equal access must accord more flexibility (di property of being flexible) for order to accommodate di practical (something wey person fit do / no be just talk) distinctions (di difference) between di press and di general public.,"believe say di concept of equal access""as meaning access wey dey identical for all respects (di worthy of or requiring responsibility or trust), i believe say di concept of equal access must be accord more flexibility for order to accommodate di practical (something wey law no gree / illegal) distinctions between di press and di general public."
"i mychromosomal gender dey almost certainly (kpam-kpam / true-true / without doubt) go be male (xy) orfemale (xx), but there dey few oda possibilities ( future prospect or potential).","ichromosomal gender dey almost certainly (kpam-kpam / true-true / without doubt) go be male (xy) orfemale (xx), but na few oda possibilities ( future prospect or potential)."
"or di iconoclastic period of di eighth to ninth (number nine) centuries, di byzantine empire, and particularly di capital (moni wey person use take start business) city of constantinople(modern istanbul), dey convuls wit di question of whether religious (matter of church or mosque / person wey follow od) images wit human figures(called ""icons"") dey appropriate, or whether such images dey in effect idols, akin to di statues of gods for ancient greece and rome.","i byzantine empire, and particularly its capital (moni wey person use take start business) city of constantinople(modern istanbul), dey convulse wit di question of whether religious images wit human figures(called ""icons"")dey appropriate, or whether such images dey in effect idols, akin to di statues of gods for ancient greece and rome."
i c. l. p.,"he dey appoint member (one person inside join-body) of di resolutions committee (group wey dem set up to do special work), and, as such, sign di following resolution for reference (citation / to point to where info dey) to political action, among odas proposed by di committee: di c. l. p."
i researchers start to openly discuss di politics wey dey behind di scholarly (something wey concern serious school or research work) and institutional (wey dey relating to or constituting or involving institution) silence (quiet / no talk) on race and diversity wey affect multilingual and multicultural writers.,"s diversification trends continue to evolve across campuses nationwide, researchers dey begin to openly discuss di politics behind di scholarly and institutional silence (as e turn out) on race and diversity wey affect multilingual and multicultural writers."
i interpretation of 95%con dence interval must get something to do wit replication (di act of make copies).,i interpretation of 95%con dence interval must get something to do wit replication.
"very common to see pipo present""aggregated (put together)"" data of some kind; and sometimes, when you to check well and find di first numbers yourself, you go see say di wey dem put together tell different story from di disaggregated (break down) data.","dey common to see pipo present ggregated"" data of some kind; and sometimes, wen you dig deeper and nd di raw data yourself, you nd say di aggregated data tell dierent story to di disaggregated data."
"i provision, apparently (di appearance wey dey alone from appearances alone) so unnecessary (we no need necessary) to legitimate prosecution of intimidation, na so sake of dat quite enough to raise di question whether virginia's contentbased statute seeks (person wey dey find / look for) more than mere protection against a virulent form of intimidation.","i provision, apparently (di appearance wey dey alone from appearances alone) so unnecessary (chance / open door) to legitimate prosecution of intimidation, na therefore quite enough to raise di question whether virginia contentbased statute seek more than mere protection against virulent form of intimidation."
"urthermore (join join / more-so), those wey dey unbanked (when person no get any bank account or access to banking services) dey experience more structural barriers such as understanding di banking system, documents (files / papers wey get important info) and process.","i furthermore, those wey dey unbanked experience more structural barriers (something wey dey prevent you from reaching a place or thing) such as understanding dibanking system, documents (files / papers wey get important info), andprocess."
em talk about fisher's approach,em talk about fisher's approach.
i portability property of a program wey dey run on more than one kind of computer.,i portability a property of a program wey dey run on more than one kind of computer
"a okay, let's start","a okay, let's get start"
"hrough dis program, exican immigrants begin to establish homes (where person dey stay) and netwok of pipo wey dey connect through tori, especially dem wey dey use intanet, like facebook, wey pipo dey share tori, foto, and vidio for . , and in turn, help friends and family to come to . . both legally (inside law / wetin law gree make person do) and illegally.","or disprogram, mexican immigrants began (bin start / how e take take off) toestablish homes and social networks for . . both legally (inside law / wetin law gree make person do) and illegally."
go read di statute as criminalizing firstamendment -protected pure speech and association only wen di defendant know or intend (plan to / mind set) say those activities go assist (to help) di organization's unlawful (something wey law no gree / illegal) terrorist actions.,go read di statute as criminalizing firstamendment -protected pure speech and association only wen di defendant know or intend say those activities go assist di organization's unlawful terrorist actions.
"or di most part, di dierent devices (machines wey dey save) all behave di same way, so you no need to know much about di dierences wey dem dey between dem wen learn how to draw pictures","i dierent device (ting wey dey help us do somethin, like machine or equipment) all behave di same way, so you no need to know much about di dierences between dem wen learning how to draw pictures."
"i court state for ne w york times co. v. sullivan:""allowance (money or somtin wey dem give for somtin wey de wan do) of di defense of truth, wit di burden of proving (to show prove / confirm) am on di defendant, no mean say only false speech go deterred","i court state for ne w york times co. v. sullivan:""allowance of di defense of truth, wit di burden of proving am on di defendant, no mean say only false speech go deterred"
i rst row actually contains di column name and no data.,i rst row actually contains di column name and no data.
"y default position dey say e dey worth includin di eect size, but no dey worry about di con dence interval unless di assignment ask you to or implies (meaning say / suggest) say you need.","i default position na say e dey usually worth includng di eect size, but no worry about di con dence interval unless di assignment ask you to or implies (to force law or fine for person head) wey you go or implies (to force law or fine for person head) wey you go."
"a many times for di business world, im pay to be exceptional (di usual for magnitude or degree or degree) and different","i business world, e pay to be exceptional and different."
i kidney dey important for determining (to finalize / find de real answer) di c oncentr ation of red blood cells?,i kidney dey important for determining di c oncentr ation of red blood cells?
"or order to understand dis, you need a slightly deeper understanding of what anova dey and what di mean square value dey actually dey.",i mean slightly deeper understanding of what anova dey and what di mean square values actually dey.
i judgment accordingly dey affirmed,i judgment accordingly dey affirmed
i landlord (person wey get house or land and e use am rent) go be very happy (make person like wetin de happen) about dat,i landlord (person wey get house or land and e use am rent) go be very happy (make person like wetin de happen) about dat
i main arguments to di function dey x,i main argument to di function dey x
tell you what type of test wey dey ran and di data wey dey test am on.,tell you what type of test wey dey ran and di data wey dey test am on.
"i answer:> sort(fac) [1]zebra swing aardvark levels: zebra swing aardvark dey sort di data into di numerical order wey di factor levels, no di alphabetical order wey di factor levels.",i answer:> sort(fac) [1]zebra swing aardvark wey dey sort di data into di numerical order wey di factor level.
i instance (one example of somtin) wey di falsity of speech bear (to carry load / endure wahala / get fruit) upon whether e dey protected,"i law and tradition show, then, na instances wey di falsity of speech bear upon whether e dey protected"
"em tok say since di fda approve di label, lawsuits (court cases / dragging for kote) arguin say di label dey inadequate (di requisite qualities or resources to meet task) dey pree mpted.","i fda approve di label, lawsuits argu say since di fda approve di label, lawsuits arguing (to drag mata / try to prove point) say since di fda approve di label, lawsuits arguing (to drag mata / try to prove point) say di label dey inadequate (to drag price / reason am) dey pree mpted."
"e get di simple equationiyi^yi dis dey ofcourse wey we saw earlier, and unless i speci cally to talk about some oda kind of residual, dis na di one wey we dey tok about.","e get di very simple equation wey we saw earlier, and unless i speci cally to some oda kind of residual, dis na di one wey dey talk about some oda kind of residual, dis na di one wey dey talk about."
"i family social science department head, tok say 'yes' wen we ask herifwe go develop and teach (to show person de way / lecture) graduate course onimmigrant andrefugee families, dicourse wey dem born.","i celia jaes falicov, ph. d. clinical professor, department of family medicine and public health university of california, san diego acknowledgements dr. janmcculloch, former (de one before / ex-oga) family social science department head, tok say 'yes' wen we dey happy (make person like wetin de happen)."
": 10.1080 01634372.2014.923085 ewburger, ,& ryn, .(2009).",": 10.1080 01634362. 2014. 923085 newbur ger, e,&gryn, .(2009)."
"or awa example, we go mean we dey calculate x67","i example, say go mean we calculate x67: 5."
i colour wey we use toll di box?,i colour go use toll di box?
"i nurses shift from academic to workplace (office / site / work area) setting, dem start to see di significance (di quality of being significant) of di genre to dia professional work and""began to perceive differences between di way dem don done care plans (arrangements / formats / goals) while for university and those wey dem go do on di unit""(p. 415).","s dis nurses wey dey kom from academic to workplace (office / site / work area) setting (where de mata happen / environment), however, dem start to see di significance of di genre to dia professional work and""began to perceive differences between di way dem don done care plans while for university and those wey dem don begun to do on di units""(p. 415)."
a women and children wey dey present for di corridor,i women and children present for di corridor.
"write script, wey i keep tweaking until e produce di gure wey i waned.","goote script, wey i make until e produce di gure wey i wan."
"i roughly 28-day cycle wey dey correlated (di reciprocal or mutual relation to bear reciprocal or mutual relation) wit, but no be di same as, di menstrual cycle (discussed shortly).","i menstrual cycle wey dey correlated wit, but no di same as, di menstrual cycle (discussed shortly) cycle wey dey correlated wit, but no di same as, di menstrual cycle (discussed shortly)."
"or di prevailing (for number, quantity, power, status or importance or importance) diories and methods of measuring transfer work well for studying full blown expertise, but dem represent too blunt instrument for smaller change for learning wey lead to di development of expertise.","i ories and methods of measuring transfer work well for study full blown expertise, but dem represent too blunt instrument for smaller change for learning wey lead to di development of expertise."
i justices (big-big judges for higher court) dey interest no for di attorneys wey dey repeat di facts for di brief but rather for probe di weaknesses (di flaw or weak point or weak point) of dia argument and di implications (wetin something fit cause or mean) should dia side win.,i justices (big-big judges for higher court) dey interest no for di attorneys repeating di facts for di briefs (small talk / summary wey lawyer write) but rather (instead / prefer to) for probing di weaknesses of dia arguments and di implications (wetin something fit cause or mean) go dia side win.
gluconeogenesis go also begin for di liver to replace di glucose wey dey used by di peripheral tissues,i gluc oneog enesis go begin for di liver to replace di glucose wey dey use by di peripheral tissues.
i powertransform() function for di car package wey fit estimate di best value of.,"f what you dey try to do dey convert data to normal, or as normal as possible, na di powertransform() function for di car package wey fit estimate di best value of."
"i wise man, therefore, proportion hin belief (wetin person believe / faith) to di evidence.","i wise man, therefore, proportions hin belief (wetin person believe / faith) to di evidence."
dey another environment.,i package wey you go get loaded (wey don start) na one environment.
a actually wey dey happen wit awa example above.,dey actually wetin dey happen wit awa example above.
he dey arrest and convicted (na wen court or jury find persin guilty of criminal charge) of conspiracy and provid material support to terrorists (di radical wey employ terror as political weapon).,he dey indicted and convicted (na wen court or jury find persin guilty of criminal charge) of conspiracy and providing material support to terrorists.
"any healthcare providers find am difficult to provide adequate language services, as dem fit be understaffed, underfunded, and often no fit provide service due to other demands (requests / wetin person say ""must"" happen) of di job.","i healthcare providers find am difficult to provide adequate language services, asthey go beunderstaf fed, underfunded, andoften unable toprovide service duetoother demands (reasons why things dey happen) ofthejob(morris etal."
"i endometrium contain c onnectiv e tissue lining, di lamina pr opria, wey dey covered (something wey security or insurance don take care of) by epithelial tin sue wey dey line di lumen.","i endometrium contains ac onnectiv e tissue lining, di lamina pr opria, wey dey covered (something wey security or insurance don take care of) by epithelial tissue wey dey line di lumen."
"rand literary works, such as shakespeare's hamlet or beethoven's fifth symphony, fit be performed (bin do de work / finish de task) plus enjoyed by anyone at anytime without seeking permission or paying (to drop money / settle bill) any fees (money for service / payment for work done) or royalties.","i grand literary works, such as shakespeare's hamlet or beethoven's fifth symphony, go perform and enjoy by anyone for anytime without seeking (to look for / desire) permission (di approval to do something) or pay any fees or royalties."
ne possible solution to di problem go be to take all dis calculations and turn dem into some rfunctions (one  function) yourself.,ne possible solution to di problem go take all dis calculations and turn dem into some rfunctions yourself.
"if we continue for dis sample program, we go seed first line of code wey we go fit execute (to do wetin you tell am): an=partyanimal() na where we go instruct python make e construct(i. e, create) an object or instance (one example of somtin) of d class party animal.","i first executable line of code: an=partyanimal() dis dey where we instruct python to construct(i. e, create) object orinstance of di class partyanimal."
i valid reasons dey known as defenses (all de yans wey lawyers talk to protect person for kote) to contract,i valid reasons dey known as defenses to contract.
i death of millions dey statistic,i death of millions dey statistic
"i decision make as to limitations on di size and content of di paper, and treatment of public issues and public officials- whether fair or unfair- constitute (to be) di exercise of editorial control and judgment.","i choice of material to go into newspaper, an decision make as to limitations on di size and content of di paper, and treatment of public issues and public officials- whether fair or unfair- constitute (to be) di exercise of editorial control and judgment."
"i convention dey report di test statistic, then di sampling distribution, and then dip-value.","i convention dey report di test statistic, then di sampling distribution, and then dip-value."
"i number of incoming links, di old page rank (to put for order), di new page rank, di id of di page, and di url of di page.","i show di number of incoming links, di old page rank (to carry pickin take as your own / follow a style), di new page rank (to carry pickin take as your own / follow a style), di id of di page, and di url of di page."
i family don release unharmed.,i family dey release unharmed (get weapon / gun-dey).
"i plaintiff's contributory or comparative negligence (na wen persin no dey give proper care, and dis cause harm) no dey defense.","i plaintiff's contributory or comparative negligence (na wen persin no dey give proper care, and dis cause harm) no dey defense."
i congress don approve cost-of-living increase for judges.,"i judicial salaries no be reduce, years don pass since congress approve cost-of-living increase for judges."
"or di study of chance, di model dey known, but di data no dey.","i key thing: for probability theory, di model dey known, but di data no dey."
i question dey no di question,i question dey no di question
"i power to establish post (to send message / position for work) office and post road and to protect deas, books, music, inventions (di reation of something for di mind) and creative works wey law dey protect as belonging to someone for copyright and patents (law pawa to own idea).",i power to establish post (to send message / position for work) offices and post roads and to protect intellectual property for copyrights and patents (marks / signals / signatures).
"i buyer (pesin wey buy market / customer) and seller go negotiate contract, wey go contain all essential terms of di sale, such as location of di real property, price, fixtures (fix-property / things-wey-dey-ground / attachment) wey dey excluded (comot / no follow join) from sale, and di type of ownership interest wey dey transferred.","i buyer and seller go negotiate (to drag price / reason am) contract, wey go contain all essential terms of di sale, such as location of di real property, price (how much dem dey sell am), fixtures wey go exclude (to remove) from sale, and di type of ownership interest wey dey transferred."
"s di stipulation note, di demonstrators no respond to verbal directions (di line wey dey leading to place or point or point) from di sheriff to clear di street (road / where houses dey).","s di stipulation also no respond to verbal directions (directions / orders from oga)""from di sheriff to clear di street (road / where houses dey)."
"acetyl coa go enter di krebs cycle by combining with four-carbon molecule, oxaloacetate, to form di sx-carbon molecule citrate, or citric acid, at di same time e go release di coenxyme a molecule","i ac etyl coa enter di k rebs cycle by combining wit af awa-carbon molecule, oxaloac etat e, to form di six-carbon molecule citr ate, or citric acid, for di same timer eleasing di c oenzyme molecule citr ate, or citric acid, for di same timer eleasing di c oenzyme molecule."
"i statutory statement and di house report use broad ( wide well-well / e cover many things) terms like""contributions (support / money wey people join together)"" and""services"" wey dey construct as encompassing (for scope) di plaintiffs activities.","i statutory statement and di house report use broad ( wide well-well / e cover many things) terms like""contributions"" and""services"" wey go construct as encompass di plaintiffs' activities."
"i world dey messy, dis no dey possible.","i world dey messy, dis no possible."
"f di factfinder dey to know di prima facie evidence provision, as di jury dey in respondent black case, di provision go get di practical (something wey person fit do / no be just talk) effect of tilting di jury's thinking (to reason / deep thought) for favor (to help person / partial follow-up) of di prosecution.","f di factfinder dey aware of di prima facie evidence provision, as di jury dey in respondent black case, di provision go get di practical (something wey person fit do / no be just talk) effect of tilting di jury's thinking (to reason / deep thought) for favor of di prosecution."
"no be scienti c research hypothesis, na pop song.","i scienti c research hypothesis, na pop song."
i example of exculpatory clause wey you don sign.,i example of exculpatory clause wey you sign.
"or 2012 di highest (de oga kpatakpata / top level) number of refugees wey one country set as limit to accept per year dey set at 76,000 and total 58,179 refugees come to . .","or 2012 di refugee ceiling wassetat76,000 and atotal 58, 179 refugees wey dey came to . .(burt &batalova, 2014)."
"i trivial burden on free expression wey dey employed (person wey get work / oga don hire) by requiring (dem need am / e gats dey dere) say a available, alternative mode (di one wey show most) of expression- including uttering words critical of di flag, be employed.","i trivial burden on free expression occasioned by requiring say available, alternative mode (di one wey show most) of expression occasioned by requiring say available, alternative mode of expression- including uttering words critical of di flag, be employ."
"dey e good to talk about""twice di how fast (fast-fast / sharp-sharp) person answer""(2 ×), or""di how fast person answer plus 1 second""( +1).","dey perfectly sensible to talk about wice di response time"",2 rt, or di esponse time plus 1 second"", rt, or di esponse time plus 1 second"", rt, or di esponse time plus 1 second"", rt, or di esponse time plus 1 second"", rt, or di esponse time plus 1 second"", rt, or di esponse time plus 1 second"", rt, or di esponse time plus 1 second"", rt, or di esponse time plus 1 second"
"i joint probability of di hypothesis and di data dey written ppd; hq, and you fit calculate am by multiply di prior pphqby di likelihood ppd","i joint probability of di hypothesis and di data dey written ppd; hq, and you fit calculate am by multiplying di prior pphqby di likelihood ppd|hq."
i classic (old-school / standard) dictum of justice holmes for di schenck case wey speech per se receive say emphasis for majority opinion.,no until di classic (old-school / standard) dictum of justice holmes for di schenck case wey speech per se receive say emphasis for majority opinion.
e go ask for di idvalue for awa code and store am for a variable for later use.,e go ask for di idvalue for awa code and store am for a variable for later use.
"em charge wit gross neglect of duty, illicit relations (na legal connections between parties wey define dem rights and duties) wit gangsters, and wit participation for graft.","i charge wey dey direct against di chief of police; hin charge wit gross neglect of duty, illicit relations (na legal connections between parties wey define dem rights and duties) wit gangsters, and wit participation for graft."
"for example, if you rent an apartment (rooms for building wey pipu de live for), house, or dormitory room from campus (all di compound and building of a skul or university), you be a tenant with a leasehold interest.","for example, if you rent partment, house, or dormitory room from campus (all di compound and building of a skul or university), you dey tenant wit leasehold interest."
"our computer or personal digital (computer style / something wey concern internet) assistant (pda) dey usually contain many programs from different programmers, each go dey compete for your attention.","i computer or personal digital assistant (pda) usually contains many different programs from many different groups of programmers, each competing (dragging / to contest with oda people) fo r your attention and interest."
focus exclusively on di logic underpinning bayesian (one kind of statistical method) statistics.,dey focus exclusively on di logic underpinning bayesian statistics.
he wander into one resident (person wey dey stay for place) room and pickup antique vase from di oda resident's bureau.,"i one day, she wanders into one resident's room and pick up antique vase from di oda resident (person wey dey stay for place) bureau."
"i progesterone fit bind (tie / hold together) to receptors f or which hormone wey, wen released, active (person or tin wey dey move / e dey function) ates water retention?",". tea b. coffee c. alcohol d. milk 26. progesterone go bind to receptors f or which hormone wey, wen release, activates water retention?"
"i bodies dey create from fats and serve as di preferential (di partiality dey manifest partiality) fuel source for di heart (di tin wey de make blood move for bodi) and oda orans, so say di brain fit use glucose.","owever, ketone bodies ar e create from fats and serve as di preferential fuel source for di heart (di tin wey de show when somtin de burn) and oda organs, so say di brain fits till use glucose."
"i central (main side / middle / very important) role reading play for most of di disciplinary course, summarization (di act of preparing summary (or an instance thereof)), wey dey entails adequate reading comprehension, don become tacit need for source-based assignments, although few instructors (teachers / lecturers / those wey dey give direction) directly explain dis to di participants of di study.","i central (main side / middle / very important) role reading play for most of di disciplinary course, summarization (di act of preparing summary (or an instance thereof)), wey entails adequate reading comprehension, don become tacit need for source-based assignments, although very few instructors directly explain dis to di participants of di study."
e don offer example of successful (dem dey having succeeded or being marked by favorable outcome) multilingual student wey dey develop as both professional and as writer.,i example of successful (dem dey having succeeded or being marked by favorable outcome) multilingual student wey develop as both professional and as writer.
so now d output go finally look like wetin we want for our word frequency (how many times something dey happen) analysis.,i output finally look like wetin we wan for awa word frequency analysis.
hy go you go get to pay damages to di bank but no to your former (de one before / ex-oga) best friend?,i bank but no to your former (de one before / ex-oga) best friend?
"i work wit graduate students as a writing tutor (private teacher / coach) dey one of my motiva - tions for di project, but i no dey tutor for di study.","i work wit graduate students as writing tutor dey one of my motiva - tions for di project, but i no tutor (small-small write-up / observations) during di study."
"owever, some losses and di accompanying grief dey disenfranchised, meaning say grief dey occur wen loss dey experienced (sabi person / person wey don see things) but e no dey recognized by others as loss.","i losses and diaccompanying grief dey disenfranchised, meaning say grief occur wen a loss isexperienced but no dey recognize by oda as loss."
xplore di concept of misappropriation plus di legal consequences (wetin follow de action / outcome of wahala).,i concept of misappropriation and di legal consequences (wetin follow de action / outcome of wahala).
"e go allow state to""prescribe what shall be orthodox (di normal way)""by say one go burn di flag to convey (to pass message / move something from  to ) one attitude toward di flag and its referents only if one no endanger di flag's representation of nationhood and national unity.","e go allow state to""prescribe what shall be orthodox (di normal way)""by say one go burn di flag to convey (to pass message / move something from  to ) one's attitude toward am and im referents only if one no endanger di flag's representation of nationhood and national unity."
or alternative dispute resolution (adr) dey term wey dey compass many different methods of dispute resolution oda than litigation.,i alternative dispute resolution (adr) na term wey encompass many different methods of dispute resolution oda than litigation.
"i extensible markup language(xml) don dey use for longtime and dey best suited for exchanging (one another give to, and receive from, one another) document-style data.",i extensible markup language(xml) don dey use for very longtime and dey best suited for exchanging (to dey give / as far as) document-style data.
"tudying di how law things be of business helps us understand how to reduce wahala of wey go pay for damage, identify legal problems wey require an help from lawyer, plus identify di links between business plus di law.","i legal environment of business help us understand how to reduce liability risks, identify legal problems wey require attorney's assistance, and identify di links between business and di law."
i example of secondary (level wey follow / not as important as de main one) memory include disk drives and flash memory for usb stick.,i examples of secondary (level wey follow / not as important as de main one) memory for usb sticks.
"pipo wey good for making (to dey build or produce something) tests go actually to try to provide""test norms"" wey fit apply to plenty different populations(e. g, different age groups, nationalities, etc.).","i good test designers (people wey join body do business / paddy) go get some lengths to provide est norms"" wey dey apply to lots of dierent populations(e. g, dierent age groups, nationalities etc)."
i part of government wey dey carry out and enforce (to force people make dem follow law) laws— led by resident or rime inister seem to get forgotten di essential purpose and history of irst amendment (wey go bring freedom to pipo).,i executive (de branch of gofment wey dey run de land) branch seem to get forgotten di essential purpose and history of irst amendment (wey go bring freedom to pipo).
"i judgment, most situations wey di state don get justifiable interest for regulating (di act of controlling or directing according to rule) speech go fall within one or more of di various established (dem set up or find dem) exceptions (di deliberate act of omission wey dey deliberate act of omission) wey dey discuss above but no dey applicable here, to di usual rule say gomental bodies no prescribe di form or content of individual expression.","e no overemphasize say, for our judgment, most situations (kinds of mata wey fit happen for one place or time) wey di state don get justifiable interest for regulating speech go fall within one or more of di various (many different-different types) establish exceptions, discuss above but no applicable (dem dey capable of being applied) here, to di usual rule say governmental bodies no prescribe di form or content of individual expression."
"i data from both groups(male and female)dey pretty borderline: by pure chance, one of dem don end upon di magic side of dip: 05 line, and di oda one no dey borderline","i data from both groups(male and female)dey pretty borderline: by pure chance, one of dem dey happen to end upon di magic side of di p:05 line, and di oda one no dey."
i part of your job dey take these statistics and turn dem into a description (di statement wey represent something for words wey represent something for words),i part of your job dey take dis statistics and turn dem into description (di statement wey represent something for words wey represent something for words wey represent something for words)
i topic wey we go discuss later.,i topic wey we go discuss later.
"mmigrants dey face significant stressors as dem dey seek employment and new life for . , particularly wen dem dey face discrimination along di way.","mmigrants dey face significant stressors asthey seek employment and new life for . ., particularly wen dem face discrimination along diway."
e don show no evidence say substantial numbers of citizens dey standing (level / position / right to carry mata go kote) ready to strike (drop-tool / work-stop) out physically for whoever dey assault dia sensibilities wit execrations like say cohen.,e don show no evidence say substantial numbers of citizens dey standing (level / position / right to carry mata go kote) ready to strike (drop-tool / work-stop) out physically for whoever go assault dia sensibilities ( future prospect or potential) wit execrations like dat uttered by cohen.
a powerfully and directly influence by di hormone adh.,i water recovery dey also powerfully and directly influence by di hormone adh.
i each of dis dey sensible,i each of dis seem sensible
i question whether di same standard go be applicable (dem dey capable of being applied) both to persons voluntarily (by choice / no be by force) and involuntarily (di will dey against your will) thrust into di public limelight no dey here before us.,i question whether di same standard go applicable (dem dey capable of being applied) both to persons voluntarily (kpam-kpam / true-true / without doubt) and involuntarily thrust into di public lalight no here before us.
"when you wan do one or very few operations (dem do wit di execution of trades and keeping customer record) for text file, you fit just open am for di editor for words and make d changes (adjustments / turns) wey you want.","i when you wan to do one or very few operations (dem do wit di execution of trades and keeping customer record) on text file, you fit open am for text editor and make di change you wan."
"or one side of di wall dey separated area wit two rows of seats (chair / position), wia di jury sit.","along one side of di wallis a separated area wit two rows of seats (different sides / locations), wey di jury sit."
dey absolutely (as intensifiers dey use informally as intensifiers) and completely right,e dey absolutely and completely right.
"s you deyfeelguilty, you feel say you dey epunishing someone wey no deypunished",dey punish (to discipline / give wahala) someone wey dey punish (to discipline / give wahala) someone wey go tbe punished
"i null idea na say di population mean equal to some speci ed value 0, and di other idea na say nano.","i null idea na say di population meanis equal to some speci ed value 0, and di other idea no dey."
i point of reporting (to tell about) your results nato communicate (di transmit information wey dem transmit information) to another human being.,i point of reporting (to tell about) your results dey to communicate (di transmit information wey dem transmit information) to another human being.
"ox, bobrowski, and maher(2003) support di explicit instruction (di message wey dey describing how something dey done) on summary writing by sharing (to share) dia experience about how one fit teach di business majors to evaluate (to check if something dey correct) source text well and identify di key claim and ideas.","i cox, bobrowski, and maher(2003) also support explicit instruction (di message wey dey describing how something dey done) on summary writing by sharing dia experiences (things person don see) about how to teach business majors to critically evaluate (to check mata with searchlight / deep inspection) source text and identify key claims and ideas."
"urvivors of all backgrounds dey face substantial barriers (something wey dey prevent you from reaching a place or thing) to seeking (to look for / desire) assistance, such as fear of di abuser (person wey dey mistreat or hurt another person, especially in a relationship) and retaliation.","i survivors of all backgrounds face substantial barriers (something wey dey prevent you from reaching a place or thing) to seeking (to look for / desire) assistance, such as fear of di abuser and retaliation (bhuyan etal."
i speaker (person wey dey talk / megaphone) no dey.,"i speaker (person wey dey talk / megaphone) no be some of di figures for di films (movie / cinema) carried weapons, di speaker (person wey dey talk / megaphone) no."
"ire (na urgent or serious situation wey court suppose act fast on am) dey nonr enal mechanism (system wey dey produce one particular result) wey dey involved for dia pr ser vation, including v asoc onstriction, wey go act within seconds ofa drop for prssure.","i blood volume dey important for maintaining sufficient blood pressure, and na nonr enal mechanisms (system wey dey produce one particular result) dey involved for its pr eser vation, including v asoc onstriction, wey fit act within seconds ofa drop for pressure."
"s di name of a function, and you go avoid having a variable and a function wit di same name.","i name of a function, and you go avoid having variable and a function wit di same name."
i criminal law differ from civil law for several important way.,i criminal law differs from civil law for several important way.
"f someone no read or speak (to yan / talk / express mind) di language wey di contract dey written, e fit also indicate lack of capacity (di highest wey somtin fit contain or do).","f someone no read or speak (to yan / talk / express mind) di language wey di contract dey written, wey fit also indicate lack of capacity (di highest wey somtin fit contain or do)."
i most important reason na say psychology dey statistical science,i most important reason na say psychology dey statistical science.
"emember, too, wey di statute of frauds (different-different wayo moves) requires ( gats happen / e need am) certain contracts to be inside writing plus signed by di person wey dem carry go kot to be enforceable (na wen court fit force persin follow agreement or ruling) against di person wey dem carry go kot.",i statute of fraud require certain contracts to be writing and signed by di defendant to be enforceable (na wen court fit force persin follow agreement or ruling) against di defendant.
"dey also some key dierences, so e important to talk about matrices for little detail","i key dierences, so e important to talk about matrices for little detail."
"i real world scenario, you go get di actual numbers store for a variable of some kind, just like we get wit di afl. margin variable.","or almost every real world scenario, you go get di actual numbers wey dey store for variable of some kind, just like we get wit di afl. margin variable."
i sense wey student wey turn upto class(i. e.,i really dey sense wey student wey turn upto class(i. e.
is one na main effect of sugar?,i main eect of sugar?
"f  just create plain (normal-normal / e clear / e no get decoration) vector,  goto remember to know which element correspond to which event.",go rely on memory to know which element correspond to which event.
"or justinian' s rebuilding of di church of di holy apostles for constantinople, wey five domes covered (something wey security or insurance don take care of) di cruciform (crossshaped) building.","i spatial unit form by di dome on pendentives go use as design module, as for justinian's rebuilding of di church of di holy apostles for constantinople, wey five domes covered (something wey security or insurance don take care of) di cruciform (crossshaped) building."
hese visas dey give survivors of  temporary (for now-now / e no go last) legal status and di ability to work.,hese visas give survivors (people wey get de property / landlords) of impv temporary legal status and diability to work.
ow true na dat?,ow true na say?
"em prohibit acts (deeds / many laws wey don pass) of retaliation against anyone wey complain about, or participate for, any employment discrimination complaint.","i title vii also prohibit acts of retaliation against anyone wey complain about, or participate for, any employment discrimination complaint."
ealthcare providers fit require more training (to learn work / practice to sabi something well) about how to work collaboratively wit new populations of refugees to assess di mental health effects of war.',"ealthcare providers go require more training (to learn work / practice to sabi something well) about how work collaboratively (di act of examining resemblances wey dey examinin resemblances) wit new populations of refugees to assess di mental health effects of war""(2014, p.13)."
"i duty of di marshal of di district wey any alien enemy shall be, wey by di president of di united states, or by order of any court, judge or justice, as aforesaid, go dey require to depart, and to execute (to do wetin you tell am) such order, by himself or hin deputy, or oda discreet person or persons wey dem dey employed (person wey get work / oga don hire) by him, as aforesaid, go execute such order, by himself or hin deputy, or oda discreet person or person wey dey employed by him,","i duty of di marshal of di district wey any alien enemy go apprehended, wey by di president of di united state, or by order of any court, judge or justice, as aforesaid, go required to depart, and to execute (to do wetin you tell am) such order, by hinself or hin deputy, or oda discreet person or persons to be employed by him, by causing removal of such alien out of di territory of di united state; and for such removal of such alien out of di territory of di united state; and for such removal of such alien out of di territory of di united state; and for such removal of such alien"
"f you go get suggestion (di idea wey dey suggest for di idea wey dey suggest) or correction (di act of offering improvement to replace mistake), please send email (electronic message wey person de send or collect on top internet) to.","f you go get suggestion (di message wey dey describing how something dey done) or correction (di act of offering improvement to replace mistake), please send email (electronic message wey person de send or collect on top internet) to."
"for example, pipo fit experience sense of helplessness, damaged (spoil / wound) trust, shame and or humiliation associated wit traumatic experiences such as rape, physical violence, witnessing death, being forced (by force-by-force / dem use pawa do am) to violently turn on one another, and having to flee homes (where person dey stay).","or instance (one example of somtin), pipo go experience asense of helplessness, damaged trust (to believe person / keep secret or money with person), shame, and orhumiliation wey dey associated wit traumatic experiences (things person don see) such as rape, physical violence, witnessing death, being force to violently turn ononeanother, and having to flee homes."
is govern (dey control) di colour of di lines wey dey draw di things wey dey matter.,i govern (dey control) di colour of di line wey dey use to draw di relevant elements.
"i diseases wey dey f di liver or obs tructions of bile dr ainag e from di liver pipo dey a dark"" tea""or ""cola""hue to di urine.","i liver or obs tructions of bile dr ainag e from di liver impar ta dark"" tea""or ""cola""hue to di urine."
i dissenters doubted only di probable (likely / fit happen) effectiveness (di quality of being able to bring about effect) of di puny efforts toward subversion.,i dissenters doubt (shaking mind / when person no sure) only di probable effectiveness (di quality of being able to bring about effect) of di puny effort toward subversion.
"at nato say, we go start by playing with variances, and e go turnout sey dis one give us useful tool (tinwey or ogbe wey dem dey use do sometin or wok) to investigate means.","e go start out by playing around wit variances, and e go turnout say dis give us useful tool (tinwey or ogbe wey dem dey use do sometin or wok) for investigating means."
"i example, let go through an example",em go through example
i glucose dey eleased into di bloodstream to serve as fuel source for cells throughout (di first to last to last) di bodi.,i glucose dey released into di bloodstream to serve as fuel source for cells throughout (di first to last to last) di bodi.
"p. 913. ack of language appropriate and culturally competent services— wetin dey stop pipo to tok wella becuz dem no sabi same language, na him dey cause problem for communication dey pose (show / bring problem) critical problem for community-based organizations and for systems like di police, to communicate (di transmit information wey dem transmit information) wit di survivors and their families and to help dem effectively (sharp sharp).",". 913128 immigrant and refugee families lack of language appropriate and culturally competent services language barriers (something wey dey prevent you from reaching a place or thing) pose a critical problem for community-based organizations andforsystem like di police, to communicate (di transmit information wey dem transmit information) wit disurvivors and their families and tohelp dem effectively (yingling, etal."
"i monastery's isolated location, fortifications, continuous occupation by monks, as100 smarthistory guide tobyzantine art well as di dry climate of di region, all likely contribute (di quality wey dey bestow a quality on top quality on top) to di preservation of icons for sinai.","i monastery's deyolated location, fortifications (reasons why things dey happen), continuous occupation by monks, as100 smarthistory guide tobyzantine art well as di dry climate of di region, all likely contribute to di preservation of icons for sinai."
i clause incorporate constitutional protections against di state for addition to di federal goment.,i clause incorporate (tin wey concern big business join-body) constitutional protections against di state for addition to di federal goment.
"i sechrist test say dis language make her""very","i language make her""very."
"i significant remains ( still dey / e never comot) for rome, wey dey known as tituli, most early sites (building ground / location) of christian worship (to serve od / praise) dey rebuilt and enlarged to give dem suitably public character, thus destroy much of di physical evidence.","i significant remain for rome, where dem dey known as tituli, most early sites (market wey dey ground / shares in company) of christian worship dey subsequently (for short intervals, many times for short intervals) rebuilt and enlarged to give dem suitably public character, thus destroy much of di physical evidence."
i means say all of di variables( x)and methods( party) from di partyanimal class dey inherited by di cricketfan class.,i means say all of di variables( x)and methods( party) from di partyanimal class.
nd myself really lik di help les(most of dem anyway).,nd myself really liking di help les(most of dem anyway).
"candidly reported (bin talk wetin happen / record), hin instructor don require students to read four novels (na someting wey new, nobody never see am before for law case) and write three analytic paper, a requirement wey hin find say he no fit meet partly because, as hin instructor dey require students to read four novels and write three analytic paper, a requirement wey hin find say he no fit meet partly because, as hin suppose fit meet partly because, as hin instructor don require students to read four novels and write three analytic paper, a requirement wey hin find he no fit meet partly because","i first-year-seminar dey di most demanding, as hin instructor requirement say hin find hin no meet partly because, as hin instructor required students to read four novels and write three analytica paper, requirement say hin find hin no meet partly because, as hin instructor required students to read four novels before hin became too bored to continue."
"for this reason, some scholars (deep students / book people) dey to talk about byzantium as d""medieval roman""or ""eastern roman""empire.","or dis reason, some scholars (deep students / book people) to talk about byzantium as di""medieval (something wey no common / different style) roman""empire."
"i court historian prokopios criticize young men of di capital (moni wey person use take start business) for dressing and arranging dia hair for""persian"" (i. e. asanian) and hinnic fashion (style of cloth wey de popular for one time).","i court historian prokopios criticize young men of di capital (moni wey person use take start business) for dressing and arranging dia hair for""persian"" (i. e. tenanian) and""hunnic fashion (style of cloth wey de popular for one time)"
i first klan no dey exist.,i first klan no longer existed.
"ou cannot (no fit / power no reach) ""get comot"" of di promise without suffering legal detriment.",i promise without suffering legal detriment.
i line wey we dey drawing dey call aregression line,i line wey we draw dey call deygression line.
i judiciary (di part of government wey de interpret and use law) need no dey postpone indefinitely (for an indefinite extent) without dey damaging im fabric,i judiciary (di part of government wey de interpret and use law) need postpone indefinitely without damaging its fabric.
"i imagination don failed ( no work / person wey fall hand) me completely, let's pretend am aest of awesomeness"", and na two groups of pipo, \a""and \b"".","i imagination don fail me completely, let pretend e dey est of awesomeness"", and na two groups of pipo,\a"" and\b""."
"t broader (more wide / general pass) level, host of legal, human rights and policy level changes (adjustments / turns) go need to be achieved nationally and globally to reduce di punitive stressors associated wit undocumented immigrant status, which dey impact di daily (make somtin de sup every day) lives of millions for dis country.","i atabroader level, ahost oflegal, human rights and policy level changes (to measure something) go need to beachieved nationally andglobally to reduce di populations for dis kontri."
"i supreme court don turn di verdict on appeal on grounds (main reasons why dem carry mata go court) of irst amendment (wey go bring freedom to pipo), holding (to keep for hand / possession of property) say as public figure, falwell don endure di advertisement.","i supreme court overturned (dem don change de decision / flip) di verdict on appeal on grounds (main reasons why dem carry mata go court) of irst amendment (wey go bring freedom to pipo), holding (to keep for hand / possession of property) say as public figure, falwell don endure di advertisement."
hat be di primary differences between trial plus appellate courts?,i primary differences between trial and appellate courts?
"i civil rights advocate goto show say regardless (di usually follow by `of') without due thought or consideration or consideration) of what di law tok say, discrimination based on race dey wrong.","i civil rights advocate go point out say regardless (di usually follow by `of') without due thought or consideration or consideration) of what di law"" tok say,""discrimination based on race dey simply wrong."
e don hold say liability for di defamation (na false statement wey dey harm persin reputation or character) of public official or figure dey require proof say defamatory statements were make wit knowledge or reckless disregard of dia falsity.,e don hold say liability for di defamation (na false statement wey dey harm persin reputation or character) of public official or figure require proof say defamatory statements dey make wit knowledge or reckless disregard (to look somtin wella to sabi am) of dia falsity.
"for example, if i dey analyse (to look somtin wella to sabi am) data wey dey associated wit football (di kind play wey pipu de use leg knack ball to score) games, i go get factor wey dey call home. team, and another factor wey dey call winning. team","f i dey analyse (to look somtin wella to sabi am) data wey dey associated wit football games, i go get factor wey dey call home. team, and one factor wey dey call home. team, and one factor wey dey call home. team, and one factor wey dey call home. team, and another factor wey dey call home. team, and one factor wey dey call home. team, and another factor wey dey call home. team, and one factor wey dey call home. team, and one factor wey dey call home. team, and one factor wey dey call home. team, and another factor wey dey call home"
"e dey quite willing to share hin own struggles and as hin language proficiency grew, so make hin willingness to talk.","em quite willing to share hin own struggle and as hin language proficiency grew, so do hin willingness to talk."
"i internal (for inside) and external constraints (rules wey dey prevent you from going too far) dey all interactive"" (kirkland& saunders,1991, p.114), wey further complicate ( make more complicated) summary proses of puttin down tori for paper, from wen you dey plan am, draft am, edit am, till you finish am well.","i internal and external constraints (di act of examining resemblances wey dey examinin resemblances)""dey all interactive"" (kirkland& saunders,1991, p.114), wey further complicate summary writing processes (procedures / styles to do work)."
"i perpetrators (dem wey do bad tin, like people wey throw bomb) dey often trust (to believe person / keep secret or money with person) colleagues wey no fit fall under di suspicion of odas.",i perpetrators (pipo wey sabi science) dey often trust (to believe person / keep secret or money with person) colleagues wey no ordinarily (regular / nothing special / normal-normal) fall under di suspicion of odas.
"i idea behind punitive (na damages wey pass compensation to punish wrongdoer and stop future harm) damages na say compensatory damages dey inadequate (di requisite qualities or resources to meet task) to deter future bad conduct, so additional damages dey necessary to ensure di defendant correct dia way to prevent future injuries (wounds / damages to body or mind).","i idea wey dey behind punitive (na damages wey pass compensation to punish wrongdoer and stop future harm) damages dey indequate to deter future bad conduct, so additional damages dey necessary to ensure di defendant correct im way to prevent future injuries (wounds / damages to body or mind)."
"hile you might enjoy apple products (all de things wey dem produce to sell) as a consumer (person wey buy and use market), get you ever (anytime / since world start) thought about apple as a corporation?","i while you go enjoy apple products (all de things wey dem produce to sell) as consumer (person wey buy and use market), don you ever (anytime / since world start) thought about apple as corporation?"
i rationale wey standardised (di standard evaluate by comparing wit standard standard) coecients go like dis.,i rationale wey dey behind standardised coecients (di transmit information wey dem transmit information) go like dis.
i brief (small talk / summary wey lawyer write) for veterans (old-timers / soldiers wey don retire) of foreign wars of di united state and al.,i brief (small talk / summary wey lawyer write) for veterans of foreign wars of di united state et al.
i variable friend change for each iteration (doing the same thing again and again) of di loop and controls wen di forloop complete.,i variable friend change for each iteration (doing the same thing again and again) of di loop and controls wen di forloop complete.
i goment goto find di area wey dey specified (dem mention am clear-clear) by di warrant (official paper to arrest person or search house) for di item (single thing / article) wey dey subject of di warrant.,i goment go search for di area wey dey specified by di warrant (official paper to arrest person or search house) for di item (single thing / article) wey dey subject of di warrant (official paper to arrest person or search house) for di item (single thing / article) wey dey subject of di warrant (official paper to arrest person or search house).
uppose congress pass legislation such as di personal responsibility inside food consumption act to immunize di food industry (hustle / big-big business area) from product liability suits (law cases / coat and trouser)?,em pass legislation such as di personal responsibility for food consumption act to immunize di food industry (hustle / big-big business area) from product liability suits?
"e get all dis terminology (di words wey dem use) and notation, we go use am to state di problem a little more precisely (more clearly).","e get all dis terminology (di words wey dem use) and notation, we fit use am to state di problem a little more precisely (more clearly)."
em dey share-1- 1.,i background-1- 1
"i up and down keys go really handy if you wan di text on di screen go away, hit escape20using di up and down keys go really handy if you need di text on di screen go away.","f you wan di text on di screen to go away, hit escape20using di up and down keys go really handy if you typelong command wey don one typo for am"
"i normal, or healthy, bmi range dey betw 18 and 24. 9 kg m2.","i normal, or healthy, bmi range dey between 18 and 24. 9k g m2."
"or 6 tubular r eabsorp tion 1135 quantities of water to leave di loop and enter di hyper osmolar for di descending loop allows prodigious25. 6 tubular r efor di pyramid, where dey return to di circulation (di dimination of copies of periodicals (as newspaper or magazines)) by di v asa r ecta.","i pr esenc e of aquaporin channels for di descending loop allow prodigious25. 6t ubular r eabsorption 1135 quantities of water to leave di loop and enter di hyper osmolar int erstitium of di pyramid, wey dey return to di circulation by di v asa r ecta."
"e no get vigilante system, wey victims go bring dia own form of justice to an offender.","e no get vigilante system, wey victims go bring dia own form of justice to offender."
"is dey sometimes severe limitation, but no always.","is dey sometimes severe limitation, but no always."
"or typically, someone wey dey interest for acquiring (getting / collecting) real property go ask third party, such as real estate (all de property wey person leave when e die / big land) agent or a broker, to help locate suitable property and to facilitate ( dey make easier) di terms of di deal.","i typically, someone wey dey interest for acquiring real property go ask third party, such as real estate agent or broker, to help locate suitable property and to facilitate ( dey make easier) di terms of di deal."
i bayes factor go be less than 1.,i bayes factor go be less than 1.
"i patent don dey issue by di uspto, however, di patent na merely (just / only dat one)""presume"" to be valid.","i patent dey merely (just / ordinary)""presumed"" to be valid."
i list traversal di sequential (for regular succession without gaps) accessing of each element for a list.,i list traversal di sequential accessing of each element for list.
"i content dey raw, wit inefficient (asteful, wey no dey produce desired results) data model, and no compressed ( dey make more compact by or as if by pressing pressing)","i content. sqlite data dey raw, wit inefficient data model, and no compress."
i type i method dey strictly (by force / no wayo) sequential (for regular succession without gaps).,i type i method dey strictly sequential
"ome state constitutions (rules of de land) dey older (senior / old pass) than di federal constitution, while odas dey relatively (if you look am side-by-side with oda things) new.","ome state constitution dey older (something wey miss / person wey no find im way) than di federal constitution, while odas dey relatively (if you look am side-by-side with oda things) new."
"when we dey write files (folders / official papers / computer data), e better make we closed file so as to leave nothing to chance.","e dey write files (folders / official papers / computer data), we wan to explicitly (to tell am exactly) close di files (folders / official papers / computer data) so as to leave nothing to chance."
i way wey di bank don dey incorrect,i way say di bank no dey incorrect
"i four things wey dey try: reading examine your code, read am back to yourself, and check say e tok say e no dey say.","or when you dey debugging program, and especially if you dey work on hard bug, na four things to try: reading examine your code, read am back to yourself, and check say e say what you meant (bin get de sense say / intention) to say."
dey impossible (no fit happen) for di experimenter to avoid knowing (with full sabi / person wey get info) a little bit about what expectations wey i get,i experimenter to avoid know a little bit about what expectations i get.
"i numba wey if you multiply am by itself, e go give you the original numba, we dey call am squa root (di main place wey everything start), but for pidgin, we fit say 'numba wey e be root of anoda numba' of di vif dey interpretable: e tell you how much wider di con dence interval for di corresponding coecient bkis, relative (connection / family person) to what you go expect if di predictors dey all nice and uncorrelated (we no dey varying together) wit one another.","tell you how much wider di con dence interval for di corresponding coecient bkis, relative (connection / family person) to what you go expect if di predictors (wetin fit predict) dey all nice and uncorrelated wit one another."
i library()command for everyday use.,i library()command for everyday usage.
i string method wey dey named (mention name / title) find say to find di position of one string within another,i string method wey dey tok say search for di position of one string within another:6. 9. 9. 9. 9. 9. 9. 9. 9. 9. 9. 9. 9. 9. 9. 9. 9. 9. 9. 9. 9. 9. 9. 9. 9. 9. 9. 9. 9. 9. 9. 9. 9. 9. 9. 9. 9. 9. 9. 9. 9. 9. 9. 9. 9. 9. 9. 9. 9. 9. 9. 9. 9. 9. 9. 9. 9. 9.
"arly researchers found sayin case of unusually high secretion of adh, di hormone dey caused (wetin make de tin happen) v asoc onstriction (v asopr essor activity, hinc e di name).","i hormone caused v asoc onstriction (v asopr essor activity, hinnce di name)."
dey initiate students into academic culture and discourses,i initiating stu- dents into academic cultures and discourses.
"i rst letter no dey okay, but what if you no fit start from di rst letter?",f you no wan to start from di rst letter?
em consider di two scatterplots (one picture wey show dots) show for figure 5.8. 8.,em consider di two scatterplots show for figure 5.8.
"i lsrpackage actually include its own function wey you fit use for dis purpose, called who().","i lsrpackage actually include dia own function wey you fit use for dis purpose, called who()."
think dis dey helpful: you fit make we look dis part of di output and check say e make sense: if e no fit type something incorrecrtly,think dis dey helpful: you fit make sense: if e no fit type something incorrecrtly.
e use di class keyword to define di data and code wey go makeup each of di objects (things / items),e use di class keyword to define di data and code wey go makeup each of di objects (things / items).
you fit no get any bad tin for mind and make you no cheat person for business but wahala fit still sup,"i best intention and be truly diligent for your efforts to do business fairly (well-well / high-high), inevitably conflicts go arise (to show face / start to happen) for everyday business dealings (business move / to follow person do trade)."
i notion say regular expression contain special action character wey give us more control as to we fit match di regular expression.,i serve to introduce di notion say regular expressions contain special action character wey give us more control as to what go match di regular expression.
aacp v. button(1963).,aacp v. button(1963).
a you profit (gain / better money from business) from dat discovery?,em profit (gain / better money from business) from dat discovery?
"i problem dey say almost certainly (kpam-kpam / true-true / without doubt), no single person for dat sample go be grumpy (cross) as me.","i problem na say almost certainly (kpam-kpam / true-true / without doubt), no single person for dat sample go be as grumpy as me."
"texas focus on di precise (correct / exact) nature of johnson expression, moreover (join-am say / apart from dat), miss di point of awa prior decisions: dia enduring lesson, say di goment no prohibit expression simply because dia disagree ( no gree / drag mata) wit dia message, no dey depend on di particular mode wey one choose to express idea","i enduring lesson, say di goment no prohibit expression simply because e disagree ( no gree / drag mata) wit its message, no dey depend on di particular mode (di one wey show most) wey one choose to express idea."
i function dey allow us to store a bit of code and give am name and later invoke (to use) say code wey dey use di name of di function.,i function allow us store a bit of code and give am name and then later invoke (no clear / blurry) say code using di name of di function.
"technically speaking (talk-talk / to yarn), operator dey function for r: di addition operator na convenient ( dey suite to your comfort or purpose or needs) way of call di addition function`+`().",i addition operator+ dey functions for r: di addition operator+ dey functions for r: di addition operator+ dey convenient ( dey suite to your comfort or purpose or needs) way of call di addition function`+`().
"i only reason wey we get double (one kind of number) summation here na say i dey classi ed pipo into groups, and then assigned (dem don give am de work / hand over task) numbers to pipo within groups.","i only reason say we get double (one kind of number) summation here na say i classi ed pipo into groups, and then assigned (dem don give am de work / hand over task) numbers to pipo within groups."
"for example, di manufacturer go ask you to produce your vehicle (motor / machine to carry load) so say di engineers (person wey sabi design, build, or maintain systems) go inspect (to check am well-well) am","f you sued (carry person go kote / drag person for law) a vehicle (motor / machine to carry load) manufacturer (na persin or company wey dey make goods for sell) bikos your tire fell off while driving, for example, di manufacturer go ask you to produce your vehicle so say its engineers fit inspect am."
his go be a good case for a court to impose (to force law or fine for person head) di equitable remedy (way to settle de damage / solution) of quasi-contract.,is go be good case for court to impose (to force law or fine for person head) di equitable remedy (way to settle de damage / solution) of quasi-contract.
"i stream of facebook post (to send message / position for work) and pore over di text wey dey look for di most common word, but dat go take longtime and be very mistake (error / skip / something wey person no do well) prone.","i stream of facebook posts (to send message / position for work) and pore over di text looking for di most common word, but dat go take long time and be very mistake (error / skip / something wey person no do well) prone."
i only pressure moving ( dey waka / e dey shift) fluid across di capil lary wall into di lumen of bowman 's space dey hydrostatic pressure.,i only pressure moving fluid across di capil lary wall into di lumen of bowman space dey hydrostatic pressure.
"i issue wey di tax went (bin travel / bin comot)""to di heart of di natural right of dime mbers of an organized (well-arranged / follow order) society, united for dia common good, to impart and acquire (to get / collect) information about dia common interests.","i issue wey di tax go""to di heart (di tin wey de make blood move for bodi) of di natural right of di members of organized society, united for dia common good, to impart and acquire information about dia common interest."
i growth (how somtin take de big) and development of ovarian f ollicles dey described shortly (just now / soon-soon).,i growth (how somtin take de big) and development of ovarian f ollicles go described shortly.
e fit workout how much belief (wetin person believe / faith) to place for di other idea using essentially (for bottom or by one's (or its) very nature) di same equation.,e fit workout how much belief (wetin person believe / faith) to place for di other idea using essentially (for bottom or by one's (or its) very nature) di same equation.
i casebook deploy organization wey dey work well for previous (something wey dey before now) years and points to doctrinal selection (choosing / pick-pick) issues as dem occur.,i casebook deploys an organization wey dey work well for previous (something wey dey before now) years and point to doctrinal selection (choosing / pick-pick) issues as dem occur.
"ritically (importantly), almost all of di data points dey fall above di diagonal line: almost all of di students do seem to don improve dia grade, even if e be by small amount.","i data points fall above di diagonal line: almost all of di data points fall above di diagonal line: almost all of di data points fall above di diagonal line: almost all of di students doseem to get improve dia grade, if only by small amount."
i experiment don yieldx97.,i experiment don yieldedx97.
"lus, if financial matters do no go as anticipated, awa legal system allows businesses to ask di court for protection from creditors (people wey lend money / those wey dey collect debt) under awa bankruptcy law.","f financial matters no go as anticipated, our legal system allow business to ask di court for protection from creditors under awa bankruptcy law."
"f you take your chair to di landfill, you don abandon di chair.","f you take your chair to di landfill, you go get abandoned di chair."
i illegal or undocumented immigrants.,i illegal orundocumented immigrants.
"i practice dey impossible (no fit happen) to measure rt dat exactly, e dey possible for principle.","i practice dey impossible (no fit happen) to measure rt dat precisely (kpam-kpam / true-true / without doubt), e dey possible for principle."
etin dey wrong?',em dey wrong?
"not dat one averaging di squared deviations wey we dey when we dey calculating di variance, we just add dem up.","i simple: forstead of averaging di squared deviations, wey dey what we do when calculating di variance, we just add dem up."
i boxcox() function for di carpackage.,i boxcox() function for di carpackage.
"i u. s. goment dey system wey no dey stay the same, e dey keep changing (to turn / change style) wey provide opportunities (di possibility due to a favorable combination of circumstances) for special interests (all de tins wey person eyes dey look / benefits) to coalesce and change di law and public policy.",i u. s. goment dey dynamic system wey provide opportunities (di possibility due to a favorable combination of circumstances) for special interest to coalesce and change di law and public policy.
"di colour wey line be: boxcol (colour for di box), medcol (colour for di middle line), whiskcol, staplecol, outcol (colour for di outside points).","i boxcol, hiskcol, hiskcol, hiskcol, hiskcol, hiskcol, hiskcol."
no tell us anything interesting about di bell way wey deyself,no tell us anything interesting about di bell way itself.
"she dey depicted with around face, bifur cated by an aquiline nose and delicately balanced by bow-shaped lips.","he dey depict wit around face, bifur cated by aquiline nose and delicately balanced by bow-shaped lips."
"data structure na collection of related values, wey dey always dey organized (well-arranged / follow order) for inside lists (groups of things), dictionaries, tupules, etc.","i data structure collection of related values, often organized for lists, dictionaries, tuples, etc."
iatrical production need no always perform for buildings or even on defined (wetin dem don explain clear / get meaning) area such as conventional stage.,i certainly theatrical production no dey perform for buildings or even on defined area such as conventional stage.
i figure 24. 8 electron transport chain (tins wey join togeda) di electron tr anspor t chain dey series of electron carriers (transporters / things wey carry load) and ion pumps wey dey use to pump h+ions out of di inner mitochondrial matrix.,i electron transport chain (tins wey join togeda) di electron transport chain (tins wey join togeda) di electron tr anspor t chain na series of electron carriers and ion pumps wey dey use to pump h+ions out of di inner mitochondrial matrix.
fit type di command wey you wan(or code as e dey generally call when you dey typ di command into script le)and save am when you dey done.,i command wey you wan(or code as e dey generally call wen you dey typing di command into script le)and save am wen you dey done.
i following mapping dey add to di sakai data: iupui. edu ->indiana. edu so all di accounts (bank statement / records of money movement) from di various (many different-different types) indiana university campuses (all di compound and building of a skul or university) dey track together,i following mapping dey add to di sai data: iupui. edu so all di account from di various (many different-different types) indiana university campuses dey tracked to - gether
finder keepers?,i finders keepers?
"i likelihood dey great say di message go dey present, and for di surrounding (for all sides of simultaneously) circumstances di likelihood dey great say di message go understand di message.","i intent to convey (to pass message / move something from  to ) particularized message dey present, and for di surrounding circumstances di likelihood dey great say di message go dey understood (bin start / how e take take off) by those wey view am."
"i opinion for dennis dey lengthy and review di earlier world war i case, including holmes' dissen ts","i opinions (wetin people tink / how judge see de mata) for dennis dey lengthy and review di earlier world war i case, including holmes' dissen ts."
i rule of law sef provides (to provide) protection for property.,i rule of law also provide protection for property.
i meaning of di commerce (big-time buying and selling) clause don expand greatly,i meaning of di commerce (big-time buying and selling) clause don expand greatly (mostly / de main reason).
i failure (when tin no work out / disappointment) to recognize di trap and tricks wey dey incorporated (company wey don register finish / join body) into contracts go dey rail good business idea.,i failure (when tin no work out / disappointment) to recognize di traps and tricks wey dey incorporated (company wey don register finish / join body) into contracts fit derail good business idea.
"e realize say di designator ""english as di oda language wey you learn""dey problem- atic, for say english no be di third, fourth (number four), etc, language of di students wey dey referring to","e realize say di designator ""english as di oda language wey you learn""dey problem- atic, for dat english go be di third, fourth (number four), etc, language of di students wey dey referring (to look somtin wella to sabi am) to."
"i two measures wey pipo dey report most frequently (for short intervals, many times for short intervals) na di statistic and di somewhat (small / somehow) superior version, wey dey known as cram er's v. mathematically (we dey respect to mathematics wit respect to mathematics), dem dey simple.","i two measure wey pipo dey report most frequently (for short intervals, many times for short intervals) dey di statistic and di somewhat superior version, wey dey known as cram er's v. mathematically, dem dey simple."
"for example, if there dey spill on store floor and di store owner don put up sign say""caution slippery floor""yet someone decide to run through di spill anyway, then say person go lose negligence (na wen persin no dey give proper care, and dis cause harm) lawsuit if he or she slip and falls ( dey drop / waterfall) because di spill dey open and obvious.","f e dey spill on store's floor and di store owner don put up sign wey say""caution slippery floor,""yet someone decide to run through di spill anyway, then dat person go lose negligence (na wen persin voluntarily agree or give permission make something happen) lawsuit if hin or she slips and falls because di spill dey open and obvious."
i complexity of for real life bayesian (one kind of statistical method) way to check if your idea be true kom down to how you calculate di likelihood ppd|hqwhen di hypothesis hin complex and vague (no clear / blurry) thing.,i complexity of real life bayesian hypothesis testing (check-am / confirm-am) kom down to how you calculate di likelihood ppd|hqwhen di hypothesis hin complex and vague thing.
i court's fundamental error dey compound by di holding (to keep for hand / possession of property) say im lacked power to control di publicity about di trial.,i court's fundamental error dey compounded by di holding (to keep for hand / possession of property) say e lacked power to control di publicity about di trial.
"i complexities (di quality of being intricate and compounded) of summarization, di oda language wey you learn writer researchers don investigate major difficulties (di effort wey dey inconvenient, na effort wey dey inconvenient) and challenges (di demanding or stimulating situation a demanding or stimulating situation) wey novice academic writer dey encounter while work on such tasks.","i complexities (organizations / separate things or bodies) of summarization (di act of preparing summary (or an instance thereof)), di oda language wey you learn writing researchers don investigate major difficulties (di effort wey dey inconvenient, na effort wey dey inconvenient, na effort wey dey inconvenient) and challenge wey novice academic writers encounter while work on such tasks."
i critical point na say assumptions and biases (personal feelings wey dey affect person judgement) dey unavoidable if you wan learn anything about di world.,i critical point na say assumption and biases dey unavoidable if you wan learn anything about di world
"i rcommand for dis one dey predictable (di capable of being foretold): dchisq(), pchisq(), pchisq(), rchisq()","i rcommands for dis one dey predictable: dchisq(), qchisq(), rchisq(), rchisq(), rchisq(), rchisq(), rchisq()."
e go treat dis table as di data wey we dey looking to analyse (to look somtin wella to sabi am),e go treat dis table as di data wey we dey look to analyse (to look somtin wella to sabi am).
"i instance (one example of somtin) you go need to, since r go do di division (divide) rst anyway, but wen you dey start out e dey better to make sure r do what you wan","i instance (one example of somtin) you go need to, since rw go get di division (divide) rst anyway, but wen you dey rst start out e better to make sure rdoes what you wan"
"i white collar (shirt neck / to catch person) crimes dey particularly insidious because white collar criminals work from inside, dey difficult to spot since dem dey hold position of trust (to believe person / keep secret or money with person), and use deception as dia primary tool (tinwey or ogbe wey dem dey use do sometin or wok).","i white-collar crimes (bad deeds / things wey break law) dey particularly insidious because white-collar criminals work from di inside, fit be difficult to spot since dem often hold position of trust, and use deception as dia primary tool (tinwey or ogbe wey dem dey use do sometin or wok)."
irst amendment (wey go bring freedom to pipo) command say no injunction go issue.,irst amendment (wey go bring freedom to pipo) command say no injunction (di act of beginning something new) go issue.
i probability of reject di null idea dey small wen di null idea dey true,i probability of reject di null idea dey larger (wey big pass) wen di null idea dey larger (wey big pass) wen di null idea dey larger (wey big pass) wen di null idea dey true
"i state don laws wey prevent employer from firing worker or take any negative work action, such as demotion, against di worker for jury duty, no legal requirement say employer continue to pay worker on jury duty.","i most states don laws wey prevent employer from firing worker or taking any negative work action, such as demotion, against di worker for being on jury duty, no legal requirement say employer continue to pay worker on jury duty, nano legal requirement say employer continue to pay worker on jury duty, nano legal requirement say employer continue to pay worker on jury duty."
ip-values wey dey associated wit di attend (to go meeting / follow join) variable and di reading variable for di regression output.,i p-values wey dey associated wit di attend (to go meeting / follow join) variable and di reading variable for di regression output.
i file wey be html and javascript to visualize a google map,i file wey. html consists of html and javascript to visualize google map.
"i rst thing you dey see(assuming say you dey look for di rconsole, dat dey)na whole lot of text wey no make much sense.","i rst thing wey you see(assuming say you dey look di rconsole, dat dey)na whole lot of text wey no make much sense."
i example of offeror wey dey offer to sell hin scooter for four hundred dollars.,em continue awa example of offeror wey dey sell hin scooter for four hundred dollars.
"e get information about di rst choice and di second choice wey dem make, we fit construct di following one table wey dey show how two things connect wey cross-tabulate di rst choice against di second choice.","e don construct di following contingency table wey cross-tabulates di rst choice and di second choice wey everyone make, we fit construct di following contingency table wey cross-tabulates di rst choice against di second choice."
"when d loop exists ( still dey ground / e dey live), count go contain d result: d total number of a's.",i total number of a's.
"i exercise 1: write while loop wey start for di last character for di string and work its way backwards to di first character for di string, printing each letter on separate line, except backwards.","i exercise 1: write while loop wey start for di last character for di string and works its way backwards to di first character for di string, printing each letter on separate line, except backwards."
i class dey like cookie cutter and di objects (things / items) wey dey create using di class dey di cookies (small files wey websites keep on your device)2.,i class dey like cookie cutter and di objects (things / items) wey dey create using di class dey di cookies2.
i greatest (de highest / de boss) challenge wey dey face during hin program dey devising strategy for complete group projects one of di greatest challenge wey dey face during hin program devising strategy for complete group projects.,i right collaborators (people wey join body do business / paddy) for group projects one of di greatest challenges chozin face during hin program dey devising strategy for completing group projects.
"is terminology (di words wey dem use) dey rather old, and e date back to time when""significant"" just mean something like""indicated (wey dem show)"", not dat one im modern (new school / latest style) meaning, wey dey much closer to""important"".","i terminology (di words wey dem use) dey rather (instead / prefer to) old, and dates back to time wen \signi cant""just meant something like\indicated"", no be its modern (new school / latest style) meaning, wey dey closer to\important""."
"at mean say, di first one of x dey add to di first one of y, and di second one of x dey add to di second one of y.","i rst element of xis add to di rst element of y, and di second element of xis add to di second element of y."
"i rst version dey much easier (no hard / simple), but cases wey you no fit make we look few of di variables, so e dey nice to use di formula interface.","i rst version dey much easier (no hard / simple), but na case wey you really only wan make we look few of di variables, so e dey nice to use di formula interface."
"or mathematical operator, python follow mathematical convention","or mathematical operators, python follow mathematical convention."
"owever, a lack of good faith (di strong belief wey person get in somtin or person) by one party fit lead to damages.",i lack of good faith (di strong belief wey person get in somtin or person) by one party go lead to damages.
"ifferent organizations provide different advantages plus disadvantages inside creation cost plus simplicity (di quality of being simple or uncompounded), ongoing maintenance (di activity wey dey involved for maintain something for good work order) requirements, dissolution (di separation into component parts parts) plus continuity, fundraising, managerial control, public ownership, tax planning, plus limited liability.","i different organizations provide different advantages (upper hand / better chance) and disadvantages (di quality of having inferior or less favorable position) for creation (to make something / new work) cost and simplicity (di highest wey somtin fit contain or do), ongoing maintenance requirements, dissolution and continuity, fundraising, managerial control, public ownership, tax planning, and limited liability."
or such scenario?,"i""national"" position for such scenario?"
i ali no warrant (official paper to arrest person or search house) say di information wey dey provided (as far as / if to say / supply) na complete and accurate,i information provided (as far as / if to say / supply) dey complete and accurate.
"effectively (sharp sharp) own large chunk of houses for ustralia as security for im money wey you borrow for house and many small loan (kash wey dem dey borrow, wey dem go pay back wit intres) wey dey specifically for business, no be loan wey person dey take care of im personal things, like shop (place of hustle / where market dey) or invest for moni.",i eectively own massive (wide / big / plenti) swathe of australian housing (shelter mata / buildings) as security for its home loans aswell as many small business loans aswell as many small business loans aswell as many small business loans.
"a regular publications (books or papers) and press release about trends for migration, both to di united state and internationally (di world throughout di world throughout di world)","em don regular publications (books or papers) and press release about trends for migration, both to di united state and internationally."
"riginally created (something wey dem build or make) to ensure di integration of african americans enter mainstream society, di law prohibits (law say no / e ban am) discrimination on di basis of race, color, religion, sex, plus national origin (where e start from / source).","i law prohibit discrimination on di basis of race, color, religion, sex, and national origin (where e start from / source)."
"i type= ""o""","i type= ""o"""
"i internal (for inside) statements for di bodi of di function dey executed (na wen di persin dem wey suppose sign done sign contract already), so dem remain invisible (invisinle mean say you no fit see am) to di user.","i internal statements for di bodi of di function dey executed there, so dem remain invisible to di user."
i summons dey send process server to effect service on di defendant.,i summons dey send to process server to effect service on di defendant
"i current practice for psychology dey misguided, and di reliance (to put mind for person hand / depend on something) on frequentist (one wey like frequency way) methods dey partly to blame","i current practice for psychology dey often misguided, and di reliance (how reliable something be) on frequentist (one wey like frequency way) methods dey partly to blame."
a make we look di dierence between di average number xand di value wey di null idea predict for di population mean.,"e go do, na make we look di dierence between di sample mean xand di value wey di null idea predict for di population mean."
"for example, urdish families wey resettle for . . while addam ussein na president fit have found say pipo for . . no understand why dem go miss living for raq.",i kurdish families wey dey resettled for . . while saadam (small talk / summary wey lawyer write) hussein deypresident go find saypeople for . . while saadam (small talk / summary wey lawyer write) hussein deypresident go find saypeople for . . while saadam hussein deypresident go find saypeople for .
"at mean say, we dey calculate di""observed (bin see / follow rule) minus expected (wetin person tink say go happen)""difference score, di observed minus di expected.","e calculate di\observed (wetin dem talk say happen but never get proof) minus expected"" dierence score, oiei."
i saint diodosia' scult dey popular for sinai as e dey elsewhere (for anoda place) for di byzantine world,iodosia' scult dey popular for sinai as elsewhere for di byzantine world.
i knowledge wey an to settle matter outside kot with judge go definitely (but without question and beyond doubt) follow a failed ( no work / person wey fall hand) to settle matter with person wey go help both sides (different faces / parts) talk fit be a strong something wey go ginger person to ensure wey di to settle matter with person wey go help both sides talk phase of a med -arb works.,i knowledge wey arbitration go definitely (di meaning) follow fail mediation (follow-dem-talk-make-dem-settle) go be strong incentive to ensure say di mediation (follow-dem-talk-make-dem-settle) phase of amed -arb works.
"i fear of large verdicts for damage suits (law cases / coat and trouser) for innocent (person wey hand clean / no be im do am) or merely negligent (na persin wey no dey give proper care or attention) misstatement, even fear of di expense wey dem dey involved for dia defense, must cause publishers to""steer.","i fear of large verdicts for damage suits for innocent (person wey hand clean / no be im do am) or merely (just / only dat one) negligent misstatement, even fear of di expense involved for dia defense, must inevitably cause publishers to""steer."
i easiest way to explain am na by drawing some pictures.,"i skewness dey basically measure of asymmetry, and di easiest way to explain am na by drawing some pictures."
"m may want to be taxed as a corporation, for example, plus pay corporate (tin wey concern big business join-body) income tax on net income.","go wan to pay as corporation, for example, and pay corporate (tin wey concern big business join-body) income tax on net income tax on net income."
e need know di sampling distribution for fif di null idea dey true.,"e need know di sampling distribution for fif di null idea test, we need know di sampling distribution for fif di null idea dey true."
i avenues (way / street) for document immigration dey limited.,"fprospective immigrants donot fallintooneof dis categories, dia avenue (money for ground / capital) fordocumented immigration deyquite limited."
"i end of chozin two year program, hin don successfully defend (to back person / fight for your right) both hin thesis proposal (idea / plan dem drop for table) and hin thesis ahead (to de in front of somtin or person) of most of hin classmates.","i end of chozin's two-year program, hin don successfully (for no time intervening, without delay or hesitation) defended both hin thesis proposal (to talk am with full chest / claim) and hin thesis ahead of most of hin classmates."
"to add to dis developments for architecture and monumental art, exquisite examples of manuscripts, cloisonne enamels, stonework, and ivory carving survive from dis period aswell.","or addition to dis developments for architecture and monumental art, exquisite examples of manuscripts, cloisonne enamels, stonework, and ivory carving survive from dis period aswell."
"at mean say, we wan di 95th percentile of di sampling distribution.",e wan di 95th percentile of di sampling distribution.
"s she explain, her analysis dey first motivate by di students' reticence during course meeting (gathering / discussion group) and conferences, a reticence wey she dey able to counter (table / to go against) for her face-to-face interaction wit students through di use of wac pedagogical approaches.","s she explain, her analysis dey first motivated by di students' reticence during course meetings (boundaries / where things gats stop) and conferences, reticence say she don previously (di appearance wey dey alone from appearances alone) dey able to counter for her face-to-face interaction wit students through di use of wac pedagogical approaches."
"s a friend of mine tok say or every experiment wey you go get publish, you also get 10 failures (when tin no work out / disappointment)","s friend of mine tok or every experiment wey you go publish, you also get 10 failure (when tin no work out / disappointment)"
"i first theory, wey dey known as disparate treatment, allege say di defendant employer don act intentionally (by choice / person do am with im clear eye) to discriminate (na recognize or perceive di difference) against di victim bikos of di victim membership (di bodi of members of an organization or group or group) for protected class.","i first theory, known as disparate treatment, allege say di defendant employer act intentionally (by choice / person do am with im clear eye) to discriminate (na recognize or perceive di difference) against di victim because of di victim membership for protected class."
"f you wan make your model to generalize (draw conclusion for everybody base on wetin dem see for small group) well to new observations, you go need to avoid throwing too many variables inside.","f you wan your model to be able to generalise well to new observations, you need to avoid throwing for too many variables."
"i notice state say one of respondent's former (de one before / ex-oga) employee (person wey de work for office and e de collect moni), no respondent itself, don filed for bankruptcy and say respondent""continued (bin move forward / e no stop) for business as normal.","i notice state say one of respondent's former (de one before / ex-oga) employees, no respondent itself, don filed for bankruptcy and say respondent""continued for business as usual"
i tin sues ( carry person go kote) of water and increase di solut e concentratation for dia tissues.,eating depend your tissues of water and increase di solut e concentration (di strength of solution) for those tissues.
"i one kind meeting (gathering / discussion group) wey dem dey call to yarn about somethin, wey dem go take am discuss, wey one person go lead, make dem hear pipo tori, sabi wetin dem like, wetin dem no like dey ideally suite to help wac researchers help identify di instances (examples / cases / times wey tin happen) of di adaptive transfer, whether wit alumni or dem current students.","i focus groups go dey suite to help wac researchers identify instances (one example of somtin) of adaptive transfer, whether wit alumni or current students."
"i physical universe no allow for nite anything, because di physical universe no allow for nite anything.","e no say\in nite sequence""of events dey real thing for di physical universe (different-different kinds), because di physical universe no allow in nite anything."
"s felix read di textbook for hin fashion (style of cloth wey de popular for one time) design course, clothing construction (di act of construct something), because hin find say e reinforce what di teacher convey (to pass message / move something from  to ) for class.","i similarly (kpam-kpam / true-true / without doubt), felix read di textbook for hin fashion (style of cloth wey de popular for one time) design course, clothing construction, bikos hin find say e reinforce (to force people make dem follow law) what di teacher conveye for class."
"or first, let state di null idea for words: h0: all four suits (law cases / coat and trouser) dey chosen (picked / de one wey dem select) wit equal probability now, because dis dey statistics, we get to say di same thing for mathematical way.","i null idea for words: h0: all four suits (na urgent or serious situation wey court suppose act fast on am) dey chosen (picked / de one wey dem select) wit equal probability now, bikos dis dey statistics, we go say di same thing for mathematical way."
"or passing di statute now under review, di virginia legislature (de group wey dey make law for de land) dey concerned (to dey worried) wit anything but penalizing conduct wey dey particularly vicious.","dey simply beyond belief (wetin person believe / faith) say, for pass di statute now under review, di virginia legislature (de group wey dey make law for de land) dey concerned (na wen court fit force persin follow agreement or ruling) wit anything but penalizing conduct e must get viewed as particularly vicious."
lenty di editor for words dey to know python syntax and go colour reserved words differ entirely (kpatakpata / everything complete) wey go give you clues to keep your variables and reserved words separate.,i many text editors dey aware of python syntax and will color reserved words differently to give you clues to keep your variables and reserved words separate.
rotect human rights.,em protect human rights.
i officials dey convicted (na wen court or jury find persin guilty of criminal charge) for dia absence (di fact say something no dey) and no dey extradit to italy.,i officials dey convicted (na wen court or jury find persin guilty of criminal charge) for dia absence and no dey extradited to italy
". g, p1is di true probability of choosing di puppy.","i null idea dey claim say di true choice probabilities (di measure of how likely e dey say some event go occur) don depend on di species of di person make di choice, we fit let pirefer to dis probability: e. g, p1is di true probability of choosing di puppy."
"e need second contrast, one wey enable us to distinguish (to show de difference between two things) between joyzepam and placebo.","e need second contrast, one wey allow us to distinguish (to show de difference between two things) between joyzepam and di placebo."
"e get unbalanced (for balance or equilibrium, throw out of balance or equilibrium) design.",e don unbalanced (bin change small-small / adjusted) design.
e get problem of variable selection (choosing / pick-pick).,e get problem of variable selection (choosing / pick-pick).
"o dat end, we fit measure each person working (to dey hustle / de way tin take dey move) memory capacity (di highest wey somtin fit contain or do) for two conditions: with music, and without music.","e go measure each person's work memory capacity (di highest wey somtin fit contain or do) for two conditions: wit music, and without music."
"i name no dey cosmetic, since e no need to pull out di name themselves, then e just type name(profit).","f i ever (anytime / since world start) need to pull out particular elements of di vector by referring to dia name themselves, then i just type name(profit)."
o  fit don type something like sqrt(x =225) or abs(x= -13)earlier.,go type something like sqrt(x =225) orabs(x = 225) earlier.
irst amendment (wey go bring freedom to pipo) rights dey ground (di top of earth) for di free speech clause.,irst amendment (wey go bring freedom to pipo) rights dey ground (di top of earth) for di free speech clause.
"f you type a function definition (di meaning) for interactive mode (di one wey show most), d interpreter prints (copy / mark / print-am-out) elli pses(.","f you type function definition (di meaning) for interactive mode (di one wey show most), di interpreter prints elli pses (."
dey conceptually simple,i multiple regression dey conceptually simple
"i rehnquist, j, filed dissenting opinion, wey burger, c. j, and white, j. join.","i rehnquist, j, filed dissenting opinion, wey burger, c. j, and white, j, join."
i bom only list di component cost to apple; e no capture di amount of money apple spend for developing ( dey processing a photosensitive material for order make image visible) di product through dir&d process.,i bom only list di component costs to apple; e no capture di amount of money apple spent for developing ( dey processing a photosensitive material for order make image visible) di product through di r&d process.
"i public citizen, a nonprofit (no-profit business) organization wey represent consumer (person wey buy and use market) interest for ongress, release report concerning (na relevant to dey relevant to dey relevant) arbitration for b2c disputes.","i constitution citizen (person wey get right for de land / indigene), nonprofit organization wey represent consumer (person wey buy and use market) interest for congress, release report concerning (na relevant to dey relevant to dey relevant) arbitration for b2c disputes."
i time to look a bit more closely (near-near / check am well-well) at di data.,"dey suspicious, na time to look a bit more closely (near-near / check am well-well) for di data."
"ultural variation for perceptions of  — di orld ealth rganization(), which na nited ations recognized agency, dey define  as 'behavior by intimate partner (business paddy / colleague) or ex-partner wey dey cause physical, sexual (mata wey concern body-to-body) or psychological harm, including physical aggression, hen person use pressure or threats to force another person into sexual acts they no want, hen person use words, threats or controlling (oga-ship / to manage how things go) behaviour","i world health organization(who), wey dey united nations (obodo / different-different countries) recognize agency, defines (to carry pickin take as your own / follow a style) ipv as""behavior byanintimate partner orex-partner wey causes physical, sexual (mata wey concern body-to-body) harm, including physical aggression, sexual coercion, psychological harm, including physical aggression, sexual coercion, psychological abuse and controlling behaviors""(2016)."
"i entire student body protest to state authorities by refusing (to say ""o"" / reject) to reregister, dia dining hall dey padlocked for an attempt to starve dem into submission","i entire student bodi protest to state authorities by refusing (to say no / rejection) tore -register, dia dining hall dey padlocked for attempt to starve dem into submission"
"hen you see dis, e mean say  dey wait (to stay / hold on / delay) patiently for you to do something!","mean sayris waiting patiently (for short intervals, many times for short intervals) for you to do something"
e human like to write awa numbers for base (foundation / where tin start from) 10 because we don get 10 ngers,e humans (pipo) like to write awa numbers for base (foundation / where tin start from) 10 bikos we get 10 ngers
em run di program and see what error message you go get,i program and see what error message you go get
"e dey contend (drag / struggle), dey offer researcher way to see dis messiness more fully (well) than how traditional notions of transfer dey allow.","e contend, offer researcher away to""see"" dis messiness more fully (well) than traditional notions of transfer allow."
"o start, make we think about di  model as a whole.",em think about di anova model as whole.
i participants make connections between dia classroom (school room / where dem dey learn) experience wit writing and di attitude of majority students inside and outside di classroom.,i participants make connections between dia classroom (school room / where dem dey learn) experience wit writing and di attitudes of majority students for and outside di classroom (school room / where dem dey learn).
i following show two executions of di program:3. 11. 11.,i following show two execution of di program:3. 11.
em to sabi how pattern dey work dis dey de nitely wey you wan.,"s noted above, unless you understand regular expressions dis dey de nitely what you wan."
"is, privacy concerns (wetin join body with de mata) gave (bin dash / bin provide) way wen balance against di interest for publishing (di business of issuing printed matter for sale or distribution or distribution) matters of public importance.",i interest for publishing (di first to last to last) matters of public importance.
em no say any oda statute wey dey relating (concern / how things link body) to speech and terrorism go satisfy (to make person bellefull / meet condition) irst amendment (wey go bring freedom to pipo).,no say any oda statute relating to speech and terrorism go satisfy (to give good reason why person do something) irst amendment (wey go bring freedom to pipo).
"i software company don release product to eliminate (comot am kpata-kpata) unwanted e-mails wey dey call""spam arrest"", e dey sued (carry person go kote / drag person for law) by hormel, makers (person wey create something / producer) of spam canned luncheon meat","i software company release product to eliminate unwanted e-mails called""spam arrest,""it dey sued (carry person go kote / drag person for law) by hormel, makers of spam fitned luncheon meat."
"i simple way to x dis nato rotate di labels (akwele wey dem dey mark for somtin to identify am), so say di text run vertically (for a vertical direction direction) no horizontally.","i simple way to x dis nato rotate di label, so say di text run vertically no horizontally."
i attorney go probe into any potential biases (personal feelings wey dey affect person judgement) di witness don get or try to prove say di witness's recollection of events no be as clear or certain as di witness believe.,i attorney go probe into any potential biases di witness go get or try to prove say di witness's recollection of events no be clear or certain as di witness believe.
"f you succeed, you fit use am immediately (for no time intervening, without delay or hesitation)","f you succeed, you fit use am immediately (for no time intervening, without delay or hesitation)."
"i respondent's complaint allege say hin don libeled by statements for full-page advertisement wey dey carried (bin carry / bin move load) for di new york times on march 29, 1960.","i respondent's complaint allege say hin don libeled by statements for full-page advertisement wey dey carried (bin carry / bin move load) for di new york times on march 29, 1960."
e think e dey largely (mostly / for de most part) because governmental officials no make principled distinctions (di difference) for dis area say di constitution leave matters of taste and style so largely to di individual.,e think e dey largely (mostly / de main reason) because governmental officials no make principle distinctions (di difference) for dis area say di constitution leave matters of taste and style so largely (mostly / de main reason) to di individual.
"e ask each of di six students to complete inventory listing multiple strategies wey di literature dey scribe as typical practice of experienced (sabi person / person wey don see things) readers, we ask each of di six students to complete inventory listing multiple strategies wey dey based on reading inventory wey dey developed (something wey don grow / advanced) by auerbach and paxton(1997).","e ask each of di six stu- dent to complete an inventory listing multiple strategies wey di literature de - scribes as typical practices of experienced readers, we ask each of di six stu- dents to complete inventory listing multiple strategies wey di literature de - scribes as typical practices of experienced readers, we ask each of di six stu- dents to complete an inventory listing multiple strategies based on reading inventory developed by auerbach and paxton(1997)."
i rst of dis commands dey di one wey dey load di data,i rst of dis commands na di one wey load di data
i data dey just a uke.,i data dey just uke
"i terms wey then use for immigration research include: unauthorized (without go-ahead / illegal move) immigrants, undocumented immigrants, and illegal immigrants.","em don enter dicountry legally (inside law / wetin law gree make person do) wit avalid visa but don enter di country legally (inside law / wetin law gree make person do) wit avalid visa but don stay beyond divisa' sexpiration date (passel &cohn,2011). oda terms also use inimmigration research include: unauthorize immigrants, and illegal immigrants."
dey probably what you wan,dey probably what you wan
or most of di time you go end up wit someone wey dey measurin di 100 to 140 range.,i time you go end up wit someone wey iq dey measure for di 100 to 140 range.
orld elief (better feeling / wetin person get from kote) pokane— elcome to pokane  -- 2.0.,i world relief (to borrow person pawa for work / employment) spokane welcome to spokane cc by-nc-nd 2.0.
"i paper copies of di financial record!""",i paper copies of di financial records
i lactif erous ducts each extend (to make am long / increase de reach) to alactif erous sinus wey connect to glandular lobe wey dey within di breast itself wey contain groups of milk -secr eting cells for clusters (gathering of tins or pipu wey resemble eachoda) cal ledalveoli (check di picture 27. 17).,i lactif erous ducts each extend (to make am long / increase de reach) to alactif erous sinus wey connect to glandular lobe within di breast itself wey contains groups of milk -secr eting cells for clusters cal ledalveoli (check di picture 27. 17).
i united states for 3 -4 & n.,a brief (small talk / summary wey lawyer write) for di united state for 3 -4 & n.2.
ow dem dey di same?,ow dey di same?
"i consistent observation as teachers of both l1 and l2 students center (di midu of somtin) and niestepski 94 say less able readers dey less able writers, and, conversely (di terms of di relation reversed), di best writers for awa class no dey successful (dem dey having succeeded or being marked by favorable outcome) writers, and, conversely, di best writers for awa class no dey good readers.","i consistent observation as teachers of both l1 and l2 research say, although successful (dem dey having succeeded or being marked by favorable outcome) readers no dey good readers""(p. 215), confirm awa consistent observation as teachers of both l1 and l2 students center (di midu of somtin) and niestepski 94 wey dey less able readers dey less able writers, and, conversely, di best writers for awa clas also read wit facility and insight."
i professors (pipo wey dey teach for university) and mental healthcare providers can tailor reading within di book to meet di needs of dia course or clients (customers / people wey hire expert).,i professors (big-big judges for higher court) and mental healthcare providers fittailor readings within di book tomeet theneed of dia course orclients.
m fit exclude (to remove) certain types of disputes from being bound (something wey must happen / person wey law tie down) to settle matter outside kot with judge through mandatory to settle matter outside kot with judge clauses (sections inside law or agreement).,go exclude (make somtin end) certain types of disputes from being bound (something wey dey prevent you from reaching a place or thing) to arbitration clauses.
"i demonstration (di act of present something to sight or view) of real psychic powers (pawa / authority) go actually be cool11, but for oda contexts (how de levels be / situation) 1% dierence no dey interesting, even if e dey real dierence.","i demonstration (di act of present something to sight or view) of real psychic powers go actually be pretty cool11, but for oda contexts (how de levels be / situation) 1% dierence."
i free speech don destroy am as effective political party.,i free speech don destroy am as effective political party.
"ince am na unlikely (no fit happen / e far) wey letting someone else live inside your housing unit inside your absence (di fact say something no dey) go violate public policy, then di landlord must expressly (direct / dem talk am clear-clear) prohibit di assignment within di original contract if e wishes to prevent tenants from subleasing.","dey unlikely (no be like) say letting (where de mata happen / environment) someone else live for your housing unit for your absence go violate (to break law / go against rule) public policy, then di landlord must expressly prohibit di assignment within di original contract if she wish to prevent tenants from subleasing."
i many pipo dey batter emotionally everyday to varying degrees,i many pipo dey battered emotionally everyday to varying degrees.
"e need to incorporate new methods, models, and technology wey potentially (di possibility of becoming actual) offer previously (di earlier time or formerly) unavailable means of implementing strategies wey dey useful to l2 students while also serving (working for / giving food) di needs of l1 student writers.","e also need incorporate (tin wey concern big business join-body) new methods, models (samples / fine people for picture), and technologies wey potentially offer previously (di earlier time or formerly) unavailable means of implementing strategies tailored to l2 students while also serving di needs of l1 student writers."
"(di nited ations agency wey protect and help refugees around the world): di  hold council (group of people wey dey rule or advise) for 1951 on di status of refugees, and dem create definition (di meaning) of refugee.","i unhcr: di unhcr dey acouncil for 1951 on di status of refugees, and dem create adefinition of refugee."
"or urllib, you fit treat a webpage much like file","i urllib, you fit treat webpage much like file."
"ndeed (true-true / na so / for real), congress routinely (normal-normal / steady) uses (ways wey dem dey take use tin) economic trade sanctions against""rogue"" nations such as cuba plus north korea as a means of economic warfare to try to bring about regime change.","i congress routinely (normal-normal / steady) use economic trade sanctions against""rogue"" nations such as cuba and north korea as means of economic warfare to try to bring about regime change."
"or likewise (de same way / follow suit), contracts possess certain qualities (behavior / how-thing-be / character) wey prohibit parties from acting for certain way, unless those qualities dey expressly (direct / dem talk am clear-clear) waived.","i contract possess certain qualities (organizations / separate things or bodies) wey prohibit parties from acting (person wey dey hold office for small tayam / to play part) for certain way, unless those qualities dey expressly waived."
"a title, artist, album, number of plays, rating (0-100) and length (how e long reach) for milliseconds.","i columns for dis file dey: title, artist, album, number of play, rating (0-100) and length (how e long reach) for milliseconds."
"ustice breyer, wit whom justices (big-big judges for higher court) ginsburg and sotomayor join, dissenting.","i justice breyer, wit whom justices (big-big judges for higher court) ginsburg and sotomayor join, dissenting."
"ieling and colleagues adapt evidence-based intervention called arent anagement raining, regon odel (; atterson,2005) wey include core components (di abstract part of something no dey abstract part of something) of encouragement (di expression of approval and support), positive involvement, setting limits, monitoring (di act of observing something (and sometimes keeping record of am)) and problem solving to di context of ental and emotional pain wey person get after going through terrible experience.","i wieling and colleagues adapt evidence-based intervention (di act of intervening (as to mediate dispute, etc.)) call parent management (di act of intervening (as to mediate dispute, etc.))) training, oregon model (pmt o; patterson, 2005) wey include core component of encouragement, positive involvement, setting limits, monitoring, andproblem solving to dicontext of traumatic stress."
"bartnicki v. vopper for bartnicki v. vopper, 532 u. s. 514(2001), di court tok say statutory wiretapping prohibition no be constitutionally (follow wetin de grand-papa law talk) applied (wetin dem use work / put into action) to radio host wey play tape of intercepted conversation on hin radio show.",i court tok say statutory wiretapping prohibition no be constitutionally (follow wetin de grand-papa law talk) applied (wetin dem use work / put into action) to radio host wey play tape of intercepted conversation on hin radio host wey play tape of intercepted conversation on hin radio show.
"or di moment wey awa bigger problem dey say e dey pain to type in such long command many times: for example, if your experiment don get 10 groups, then you go run 45t-tests.","for example, if your experiment don 10 groups, then you go run 45t-tests."
"i massachusett constitution, for example, don ratified for 1780, seven years before di federal constitution.","i massachusetts constitution, for example, dey ratified for 1780, seven years before di federal constitution."
i example wey dey surround di nissan. com domain (area / website address).,i example surround di nissan. com domain (area / website address).
i law no go favor (to help person / partial follow-up) di user's claim to di land over dat of di actual owner.,i law go just go favor di user's claim to di land over dat of di actual owner.
"i student number 7 don turn upto lectures(i. e, attend =1, x1; 60) wia student number 6 no(i. e, attend =0, x1; 60).","owever, student number 7 don turn upto lectures(i. e, attend = 1, x1; 71)whereas student number 6 no(i. e, attend =0, x1; 60)."
another talk!,"i fry: uh, yup!"
"or di four gospels for di christian bible, but odas dey inspired by non-biblical texts (written words / messages), such as di ""protoevangelion of james,""a second century narrative of di life of di virgin wey no dey read by byzantines.","i events dey record for di four gospels (different styles / papers to fill) for di christian bible, but odas dey inspired by non-biblical texts (written words / messages), such as di ""protoevangelion of james,""a second-century narrative of di life of di virgin wey no dey read by byzantines."
i pyruv ate dey common start material f or gluc oneog enesis.,i pyruvate dey ac ommon start material f or gluc oneog enesis.
"i approach wey students use when struggling wit di readings nato ask someone, typically classmate or di instructor, for help.","i approach students use wen struggling wit di readings dey ask someone, typically classmate or di instructor, for help."
"f you don read di textbook, for example, you go expect your grade to drop by 28%relative (connection / family person) to someone wey dey do","f you don read di textbook, for example, you go expect your grade to drop by 28%relative to someone wey dey do."
his rule or level requires ( gats happen / e need am) di scales of justice to tilt ever (anytime / since world start) so slightly toward one party to declare (to talk am out / announce) wey party di winner.,i standard require di scales of justice to tilt ever (anytime / since world start) so slightly toward one party to declare (to talk am out / announce) say party di winner.
i local citizenry complain say chaplinsky dey denouncing all religion as racket,"i state citizenry complain to di city marshal, bowering, say chaplinsky dey denouncing all religion as""racket"""
i newborn christ appear for a manger (a feed trough for animals)near an ox and ass.,i newborn christ appear for manger (a feeding trough for animals)near ox and ass.
or you think na too many frivolou cases wey dey filed?,em think there dey too many frivolous cases filed?
i justice typically take on case wen dem believe say lower court don misapplied or misinterpret a prior supreme court precedent.,i justices typically take on case wen dem believe say lower court don misapplied (bin change small-small / adjusted) or misinterpret prior supreme court precedent.
"herefore, strict (no-nonsense / follow de rule exactly) liability applies (dey work).",i strict (no-nonsense / follow de rule exactly) liability applies (dey work).
"i warren go later transform di civil rights landscape wit series of decisions (final conclusions / choices), leading (de oga for de group / showing road) eisenhower to describe nominating warren as di biggest damn fool mistake wey i ever (anytime / since world start) make.","i warren go later transform (to tell about) di civil rights landscape wit series of decisions, leading (de oga for de group / showing road) eisenhower to describe nominating warren as""the biggest damned fool mistake i ever (anytime / since world start) make."
"is difference matter for some contexts (how de levels be / situation), but e no important for our purposes (reasons why things dey happen).","i distinction matters for some contexts (how de levels be / situation), but e no important for awa purposes (reasons why things dey happen)."
"e start talking about di study of chance, e dey helpful to spend moment thinking (to reason / deep thought) about di how two things dey related probability and statistics.","e start talking about probability theory, e dey helpful to spend moment thinking (to reason / deep thought) about di relationship between probability and statistics."
i shared (dem share am / common) experience ofundocumented erson's legal classification— whether dem have permission (di approval to do something) to bein a country and under what conditions within mixed-status families.,i multigenerational punishment (di act of punishing di act of punishing di act of punishing): shared experiences (things person don see) of undocumented immigration status within mixed-status families.
i correlation no mean what you think am means.,i correlation go no mean what you think e mean.
i physical and emotional conditions go lead to interruption pathway and r esul t for di inability to achieve (to make am / reach target / blow) an erection.,hese physical and emotional conditions fit lead to int errup tions for di v asodilation pathway and r esul t for inability to achieve (to make am / reach target / blow) erection.
"(di  government office wey handle all immigration applications and papers) require say sther provide paper wey show say dem born you to prove her relationship to her children, all minors (small children / under-age), but these documents (files / papers wey get important info) no dey exist.","i uscis require say esther provide birth (born pikin) certificate toprove her relationship to her children, allminors (mistakes / faults), but dis documents (files / papers wey get important info) didnotexist."
em announce di program and invit all interested persons make arrangements (plans / settings) for di regular public tours.,"or july 8, 1975, hin announce di program and invite all interest persons to make arrangements (di act of offering improvement to replace mistake) for di regular public tours."
"h, but — hear you ask— how  go calculate di 95th percentile of chi-squared distribution with k minus 1 freedom?",hear you ask{ how do i calculate di 95th percentile of chi-squared distribution wit k1 degree of freedom?
i riparian owners (people wey get de property / landlords) go very well get actionable claim.,i riparian owners (people wey get de property / landlords) go very well get actionable claim.
i dierence go be about exactly how close to zero dis dierence should be,or exactly how close to zero dis dierence go be.
i part of di value of di contract for locke na di opportunity (chance / open door) to work on projects wey go earn additional money and promote (to push something go front / ginger) and enhance locke career.,i value of di contract for locke dey di opportunity (chance / open door) to work on projects wey go earn additional money and promote and enhance locke's career.
"hile human rights dey based on moral values, e important to recognize say values dey fundamentally (di main thing be say) different from rights.","i human rights deybased onmoral values, e dey important to recognize weyvalues dey different from rights."
"dey far from obvious say dis advocacy activities go redirect, or go free oda resources wey dey direct, towards terrorist ends (where e finish / targets).","dey far from obvious say dis advocacy activities fit themselves be redirect, or go free oda resources wey dey direct, towards terrorist ends (where e finish / targets)."
etrieved from who. int hac techguidance health of migrants en orld ealth rganization.,etrieved from www. who. int hac techguidance health of migrants en world health organization.
i study don express conflicted feelings wey dey based on where you dey l2 writing.,i study express conflicted feelings for relation to l2 writing
i congressional (concern de law-makers / ational ssembly mata) intent no to abridge irst amendment (wey go bring freedom to pipo) rights be understand?,ow should di congressional (for now / as we dey so) intent no to abridge irst amendment (wey go bring freedom to pipo) rights be understood?
"irst amendment (wey go bring freedom to pipo) principles wey dey pronounced ( dey speak, pronounce, or utter for certain way) for new york times guide awa conclusion, we reach say conclusion only by apply dis principles for dis discrete (wey dey separate) context.","irst amendment (wey go bring freedom to pipo) principles pronounced for new york times guide our conclusion, we reach say conclusion only by apply dis principles for dis discrete (to make something / new work) context."
i values di operator dey apply to dey call operands,i values di operator dey applied (wetin dem use work / put into action) to dey call operands
a you ever (anytime / since world start) try to speak (to yan / talk / express mind) a language wey you no dey fluent?,em tried to speak (to yan / talk / express mind) language wey you no fluent?
e dey do?,e go do?
"i stage dey worth taking (to carry / to collect) di time to teach (to show person de way / lecture) you, bikos e dey much cleaner system.","dey worth take di time to teach (to show person de way / lecture) yourself, because e dey much cleaner system."
"for example, ietnamese generally no dey recognize di concept of preventative medicine, and go not seek treatment unless symptoms dey present and go sometimes discontinue medication wen symptoms dey abate.","for example, v ietnamese generally no recognize di concept of preventative medicine, and no seek treatment unless symptoms dey present and will sometimes discontinue medication wen symptoms abate (cdc, 2008a)."
e dey convinced say congress dey justified for reject say view,e dey convinced say congress dey justified for rejecting (to make am long / increase de reach) dat view.
"i concept of a mean dey something wey dey already ( don happen / since / before-before) understand, i go use to introduce some of di way wey math dey write wey statisticians (pipo wey sabi statistics) use to describe dis calculation, and talk about how di calculation dey done for r.","i concept of mean na something wey everyone already ( don happen / since / before-before) understand, i go use dis as excuse (to give reason for mistake / pardon) to start introducing some of di mathematical notation wey we dey averaging(in dis case n5)."
i law also affect those for management (di act of managing something).,"i law also affect those for management (di act of intervening (as to mediate dispute, etc.))"
"i very simple measure for principle, wit quite few wrinkles wey you start di details.","dey simple measure for principle, wit quite few wrinkles wen you start digging into di details."
"i quotations (exact words wey somebody write or talk) all derive from case wey defamation, fraud, or some oda legally (inside law / wetin law gree make person do) cognizable harm wey dey associated wit false statement, such as invasion (force entry / enter person space) of privacy or di cost of vexatious litigation.","hese quotations (wetin something fit cause or mean) all derive from cases discuss defamation (na false statement wey dey harm persin reputation or character), fraud, or some oda legally (inside law / wetin law gree make person do) cognizable harm associated wit false statement, such as invasion of privacy or di cost of vexatious litigation."
"or di brain, go suppose use ketone bodi oxidation organs wey dey dependent (wetin dey depend) solely (him alone / only dat one) on glucose, such as di brain, go suppose use ketone as al ternativ e energy source.","i brain, fit actually use ketones as anal ternativ e energy source."
i scholars (deep students / book people) posit different explanations for holmes change over di summer.,i scholars (deep students / book people) posit various (many different-different types) explanations (obodo / different-different countries) for holmes' change over di summer.
"i interesting thing wey dey note here na say increase di hours work always increase di grade receive, as di one line wey no cut.","i interesting thing to note here na say na perfect monotonic relationship wey dey between di two variables: for dis toy example atleast, increasing di hour work always increase di grade receive, as illustrate (to show how e be) by di solid line."
"i problem for your first few years wey you dey learn to speak (to yan / talk / express mind), na problem for your first few years wey you just make cute gurgling noises (unwanted random changes in a signal).",i problem for your first few years wey you just make cute gurgling noises (to go up / increase).
"i function dey pretty exible, and allow you to input your data for few dierent ways.","i function dey exible, and allow you to input your data for few dierent way."
"o let start wit di\what"".","o make we start wit di\what (small talk / summary wey lawyer write)""."
i loop continue until no character dey left,i loop continue until no character dey left
"or most cases you dey interest for pairwise group dierences, so tukey hsd dey useful thing to know about.","or most cases you probably dey interest for pairwise group dierences, so tukey's hsd dey useful thing to know about."
i court review dey limited to legal errors (mistakes / faults).,i appellate court review dey limited to legal errors (mistakes / faults).
i tension wey dey between trademark protection and free speech.,em explore di tension between trademark protection and free speech
"i technique wey dey especially useful wen sampling from a hidden or hard to access population, and dey especially common for social sciences.","i snowball sampling na technique wey dey especially useful wen sampling from a\hidden"" or hard to access population, and dey especially common for social sciences."
"obson irst amendment (wey go bring freedom to pipo) 181 for farah v. esquire magazine, 736 f.3d 528(d. c. cir.","irst amendment (wey go bring freedom to pipo) 181 for farah v. esquire magazine, 736 f.3d 528(d. c. cir. cir."
"i hyperkalemia, an levated potassium blood level, also don impair di function of skeletal muscles, di nervous system, and di heart (di tin wey de make blood move for bodi).","i function of skeletal muscles, di nervous system, and di heart. hyperk alemia fit r esul t from increased ( don big pass before / e climb) dietary intake of potassium."
"invela (2004)discuss three writing-toread strategies wey help students understand di material wey dem read: summary, synthesis, and response paper.","i hirvela (2004)discusses three writing-toread strategies wey help students understand di material wey dey reading: summary, synthesis, and response papers."
i fourteenth amendment don render (to give / provide / perform service) di legislatures (law-makers house / people wey dey make rule) of di state as incompetent (dem no competent to take effective action) as congress to enact such laws.,i fourteenth (number fourteen) amendment don rendered di legislatures (bad deeds / things wey break law) of di states as incompetent as congress to enact such laws.
i bill don pass afta dia statements without any further debate (fomal talk where two pipu dey talk against each oda) by vote (to choose leader / drop thumbprint) of 393 to 1.,i bill dey pass after dia statement without any further debate (fomal talk where two pipu dey talk against each oda) by vote (to choose leader / drop thumbprint) of 393 to 1.
i federal sentencing guidelines wey federal judges dey expect to use when sentencing offenders.,"i sentencing commission establish di federal sentencing guidelines, wey federal judges dey expect to use when sentencing offenders."
"is vitamins dey move easily (soft work / e no hard at all) through bodily fluids, wey be water based, so dem no dey store am for bodi","i vitamins move easily (soft work / e no hard at all) through bodily fluids, wey dey water based, so dem no dey store for di bodi."
em start to make sense if you understand say di bayesian (one kind of statistical method) frequentist (one wey like frequency way) distinction (di difference).,i bayesian (one kind of statistical method) frequentist (one wey like frequency way) distinction (di difference).
"i judge no repeat hin ""suggestions (di idea wey dey suggest for di idea wey dey suggest)""and ""requests (ask-for / demand / beg-for-something)""say di jurors no expose themselves to comment (remark / talk) upon di case.","i judge simply repeat (di third cycle word) hin""suggestions (di act of offering improvement to replace mistake)"" and""requests (to ask for help or info / application)"" say di jurors no expose themselves to comment (remark / talk) upon di case."
"ne of di proudest images of our flag, di one wey dey immortalized for our own national anthem, na of di bombardment wey dey survive for fort mchenry.","i one of di proudest images of our flag, di one immortalized for our own national anthem, dey of di bombardment wey dey survive for fort mchenry."
"ater, your friend wants (wetin person heart dey find / desires) to move to conventional farming practices.",i friend want to move to conventional farming practices.
e dey teach (to show person de way / lecture) you stats (statistics) because you really-really need am.,"e teach (to show person de way / lecture) you stats because you really, really need am"
"s you need consider no only di(probably unlikely)possibility (something wey fit happen / chance dey) of outright fraud, but also di(probably quite common)possibility say di research dey unintentionally \slanted","i(probably unlikely)possibility (something wey fit happen / chance dey) of outright fraud, but also di(probably quite common)possibility (something wey fit happen / chance dey) say di research dey unintentionally \slanted""."
"a even a certain""look"" go trademark if consumer (person wey buy and use market) identify am wit certain origin (where e start from / source).","i certain""look"" go trademark if ac onsumer identify am wit certain origin (where e start from / source)."
ut  think e important to understand dese things before we goto di applications (different programs).,think e important to understand dis things before moving onto (on top of) di applications (different programs).
i impression dey wrong.,i impression dey wrong
"ociety evolves with progress (movement / improvement) plus challenges, plus with wey evolution, different needs arise (to show face / start to happen) inside di realm of i basic freedoms and rights wey law protect every person from government interference (na wrongful disruption or obstruction of anoda persin legal right or business).","i society evolves wit progress (movement / improvement) and challenges (di demanding or stimulating situation a demanding or stimulating situation), and wit dat evolution, different needs arise (to show face / start to happen) for di realm of civil liberties (freedom / right to do wetin person like)."
"don do research about immigration because say na what i know di most about from my personal experience and from my research on di topic, often times i go offer add insightful idea about di subject.","don do research about immigration bikos i know di most about from my personal experience and from my research on di topic, often times i able to offer add insightful idea about di subject."
"f you fit see big departure from linearity here, then e strongly (with pawa / well-well) suggest say you need make some change.","f you see big departures from linearity here, then e strongly suggest say you need make some change."
"i approach, to show say reliance (to put mind for person hand / depend on something) on promises dey important part of business wey provide necessary stability (how well a system fit maintain balance), regardless (di usually follow by `of') without due thought or consideration or consideration) of whether keeping di promise make economic sense or no.","i approach, pointing out say reliance (how reliable something be) on promises dey important part of business wey provide necessary stability (how numbers dey different), regardless (di usually follow by `of') without due thought or consideration or consideration) of whether keeping di promise make economic sense or no."
ut sometimes you really need know di real day.,"owever, sometimes you go need know di actual date."
i bribery occur wen someone pay government official to influence di official decision or actions for hin or her official capacity (di highest wey somtin fit contain or do) for di benefit of di person pay di bribe (money or gift to make person no do di correct tin).,i bribery occur wen someone pay goment official to influence di official decision or actions for hin or her official capacity (di highest wey somtin fit contain or do) for di benefit of di person pay di bribe.
"i bookkeeper realize say di physicians (doctor) themselves dey very busy, and dem seem to trust (to believe person / keep secret or money with person) di bookkeeper wit di task of figuring out what needs to pay","i bookkeeper realize say di physicians (pipo wey sabi science) themselves dey very busy, and dem seem to trust (to believe person / keep secret or money with person) di bookkeeper wit di task of figuring out what need to be paid."
"or spite of dis, judicial pay dey low compare to pay for private sector and dey source of tension between di judiciary (di part of government wey de interpret and use law) and di oda branch of government.",i judicial pay dey low compare to pay for di private sector and dey source of tension between di judiciary (di part of government wey de interpret and use law) and di oda branch of government.
glycogen and triglyceride storage (na keeping of goods or documents for safekeeping or later use) dey slow,lycogen and triglyceride storage (na urgent or serious situation wey court suppose act fast on am) storage (na keeping of goods or documents for safekeeping or later use) storage slows.
i details don matter for awa purpose,i details no dey matter for awa purpose.
i answer to say question no depend upon di degree of public disclosure (to open de secret / tell de whole truth) wey go attend (to go meeting / follow join) di operation (one calculation) of most governmental activity.,i answer to dat question no depend upon di degree of public disclosure (to put for order) wey go attend (to go meeting / follow join) di operation (one calculation) of most governmental activity.
"i paragraph (section of writing) wey dey purport to illustrate di""wave of terror""by describing (di description wey dey give a description wey dey give) certain alleged (wetin dem talk say happen but never get proof) events.","i terror wey dey purport to illustrate (to show how e be) di""wave of terror""by describing certain alleged (wetin dem talk say happen but never get proof) events."
"i rules wey apply to trademarks (company brand marks / signs) apply equally (same-same / level ground) to service marks, collective (di cooperative enterprise wey dey cooperative enterprise) marks, plus certification marks.","i rules wey apply to trademarks (company brand marks / signs) apply equally (same-same / level ground) to service marks (company brand marks / signs), plus certification marks (company brand marks / signs)."
e dey wonder say we dey discuss economics,e go wonder why we dey discuss economics
"i district court tok say di respondents don demonstrated irreparable injury, absence of adequate remedy for law, probability of success on di merits (wetin make am good), a favorable (beta / good side) tin wey concern everybody for society, wey be say e important for all of us, an d balance of hardships (suffer-suffer / hard life) for dia favor.","i district court conclude (make somtin end) say di respondents don""demonstrated irreparable injury, absence of adequate remedy (way to settle de damage / solution) for law, probability of success (victory / when plan work well) on di merits, favorable public interest, an da balance of hardships""for dia favor."
"i context of to study numbers pipo go use di term \kata data wey dey group tinz into difren group, like color, sex, or brand, wey each group no dey mix wit anoda, no be say one group pass anoda"" no be ominal scale data"".","i context of data analysis pipo go use di term \categorical data""rather than ominal (something wey no common / different style) scale data""."
"i national restaurant (di building wey dem go eat pipo go eat) chain cracker barrel, for example, for many years maintain open policy of no hiring (giving work / rent) homosexuals (person wey like pipu wey get hin sex) and dismissing any person wey kom out for work.","i national restaurant (di building wey pipu de live for) chain (tins wey join togeda) cracker barrel, for example, for many years maintain open policy of no hiring (to borrow person pawa for work / employment) homosexuals and dismissing any person wey kom out for work."
turnout say di afl winning margin data dey fairly skewed.,turnout say di afl winning margin data dey fairly skewed
"ip-value dey. 192, so we no reject di null idea.",e no reject di null idea.
"i technical distinction wey dey take between disloyal and abusive (to de use bad word or do somtin bad to person) language wey dey applied to di form of our goment into contempt and disrepute, and language wey dey like character and intended to produce like results directed (something wey dem guide or control / aimed at) against di president and congress, di agencies (offices wey dey run business for people) wey dey through awa goment into contempt and disrepute, and language wey dey like character and intended to produce like results wey dey against di president and congress, di agencies wey dem dey","i technical distinction (di act of beginning something new) go perhaps dey take between disloyal and abusive language wey dey applied (wetin dem use work / put into action) to di form of awa government into contempt and disrepute, and language of like character and intended (wetin person get for mind to do) to produce like results direct against di president and congress, di agencies through wey form of awa goment must function for time of war."
"for example, i try unload di lattice package while di matrix package dey still loaded (wey don start)",try to unload di lattice package while di matrix package dey still loaded (wey don start).
e dey consider say xshould be big or small for order to reject di null idea.,i x go big or very small for order to reject di null idea.
"think e dey especially useful to comment (remark / talk) thoroughly (di exhaustive manner wey dey exhaustive manner for di exhaustive manner), partly because di simple action of typing in explanation of what di code go help you keep am clear for your own mind wey you dey try to achieve (to make am / reach target / blow).","think e dey especially useful to comment (remark / talk) thoroughly, partly because di simple act of typing for explanation of what di code go help you keep am clear for your own mind what you dey try to achieve (to make am / reach target / blow)."
e dey see di opportunities (di possibility due to a favorable combination of circumstances) wey new technology get for further democratizing knowledge.,e see di opportunities (di possibility due to a favorable combination of circumstances) wey new technologies don for further democratizing knowl -edge
e need now na statistical test of di null idea wey all group means dey identical,e need now na statistical test of di null idea say all group means dey identical
i help document for those functions dey just as dense(if no more dense)than di help le wey you dey reading.,"i help documents (files / papers wey get important info) for di parent. frame()function (and sometimes wey dey good idea), but often you go nd say di help wey you dey currently (for now / as we dey so) reading."
"or fruitful function a function wey dey di tin wey dey come out from function, dem dey call am return value, but make we tok am well, na di result wey function dey bring out after e don finish im work",i fruitful function wey return value.
"i last five years, four new justices (big-big judges for higher court) don join di court.","i last five years, however, four new justices don join di court."
i laws dey cold comfort (make person no get wetin de pain am) for di realities wey face dem afta whistle dey blow,i laws dey cold comfort for di realities wey face dem after whistle dey blown.
or some cases cultural and religious (matter of church or mosque / person wey follow od) values dey impose (to force law or fine for person head) strict regulations (rules of de land) on gender roles and expectations wey dey affect wit whom immigrant fit interact and under wetin circumstances.,or some cases cultural and religious (groups of things) values impose (to force law or fine for person head) strict regulations (rules of de land) on gender roles and expectations wey affect wit whom immigrant fit interact and under what circumstances.
"i prototype no dey release yet, but there you dey wit actual prototype for your hands","no dey released yet, but there you dey wit actual prototype for your hands"
"i appropriate way to consider di statute's prima facie evidence term, for my view, no be as if e dey overbroad statutory definition (di meaning) amenable to severance or narrowing construction (di act of construct something).","i appropriate way to consider di statute's prima facie evidence term, for my view, no as if e dey overbroad ( wide well-well / e cover many things) statutory definition (di meaning) amenable to severance or narrowing construction."
"en refugees dey able to remain wit close family members, e fit ease (somtin wey no hard) di strains of relocation and coping wit di traumas dem experience for di home country. or study of refugees for orway, ie, avik and aake (2001)find say di presence of close family for orway get positive (good / sure / something wey dey certain) impact on mental health symptoms, especially for those wit higher exposure (showing body / making known) to traumatic events.","i refugees fornorway, lie, lavik, andlaake (2001)found say di presence ofclose family fornorway, lie, lavik, andlaake (2001)found say di presence ofclose family fornorway hadapositive impact on mental health symptoms, especially forthose wit higher exposure to traumatic events."
"i right to associate (link / padi) nor di right to participate for political activities na absolute (everitin de complete, no comma) for any event.","i right to associate (link / padi) nor di right to associate (link / padi) nor di right to participate for political activities dey absolute (everitin de complete, no comma) for any event."
"ire (na urgent or serious situation wey court suppose act fast on am) dey additional trace miner wey dey additional trace miner wey dey additional trace miner wey dey say dey still import tant to di bodi 's functions, but dia r equir ed quantities dey much lower.","i additional trace minerals wey dey important to di bodi's functions, but dia r equir ed quantities ar e much lower."
"dey to talk about di fact say often, di data don actually say what di researchers think dem say.","dey to talk about di fact say often, di data don tok say what di researchers think dem say."
"dditionally (join am follow / plus), all common-law contracts must contain valid consideration.",i common-law contract must contain valid consideration.
i mathematicians (pipo wey sabi math) go tok say 0 {0 no get proper answer,"f you fit remember your highschool maths, remember say 0 {0 isunde ned."
"i final (de very last / conclusion) clause of 772(f), wey dey leave americans free to praise di war for vietnam but dem send person like schacht to prison for opposing am, no survive for a kontri wey don get irst amendment (wey go bring freedom to pipo).","i final (de very last / conclusion) clause of 772(f), wey leave americans free to praise (person wey buy and use market) di war for vietnam but fit send persons like schacht to prison for opposing am, no survive for kontri wey get irst amendment (wey go bring freedom to pipo)."
i order no apply to information gained by means oda than di discovery process.,i order no apply to information gain by means oda than di discovery process.
"i two wey we care most about for practice dey""complete. obs"" and.","i two wey we care most about for practice dey several dierent value wey you fit specify for dis, but di two wey we care most about for practice go be""complete. obs"" and."
"e fit write down di model like dis: ppheadsq0: 5 wey you go read ashe probability of heads dey 0. 5"".","for example, for di coin ipping example, we fit write down di model like dis: ppheadsq0: 5 wey you fit read ashe probability of heads na 0. 5"
"for inside square bracket, d period na period.",i period dey period.
"i best test of truth dey di power of di thought to get imself accepted (bin gree collect / welcome idea) for di competition of di market, and say truth dey di only ground (di top of earth) wey dem dey reach for di competition of di market, and say truth dey di only ground wey dem dey reach for di competition of di market, and say truth dey di only ground wey dem dey reach for di competition of di market, and say truth dey di only ground wey dem dey reach di ultimate (last-last / final) good desired dey reach di ultimate good desired","i best test of truth dey di power of di thought to get itself accept for di competition of di market (place wey dem dey buy and sell), and say truth dey di only ground (di top of earth) upon which dia wishes safely (no wahala / secure / place to keep money) go carried (bin carry / bin move load) out."
"ne of dem go yell,`be able american,'and then dem go shoot di viet cong wit dia pistols.","ne of dem go yell,`be able american, and then dem go shoot di viet cong wit dia pistols."
i result tells ( dey yarn / inform) say di evidence for favour of di alternative dey 0. 5 to 1,i result tell say di evidence for favour of di alternative dey 0. 5 to 1.
go dey valuable for evaluating julie's written work because e go highlight her rhetorical (talk for talk sake / grammar) process of adaptive transfer.,i information go dey valuable for evaluating julie's written work because e go highlight her rhetorical (talk for talk sake / grammar) process of adaptive transfer.
e dey switch from+to* to indicate zero or more non-blank character since [a-za-z0-9] dey already ( don happen / since / before-before) one non-blank character,e switched from+to* to indicate zero or more non-blank character since [a-za-z0-9] dey already ( don happen / since / before-before) one non-blank character.
"f employees wait (to stay / hold on / delay) beyond 180 or 300 days, dia claim go dey dismiss (to sack / throwey case / tell person make e go).","f employees wait (to stay / hold on / delay) beyond 180 or 300 days, dia claim go dismiss (to sack / throwey case / tell person make e go)."
e only 6i go note say i dey hid something here,e only 6i go note say i dey hid something here
xcess (extra / surplus) acetyl coa dey converted int ohydroxymeth ylglutar yl coa (hmg coa),"i k etone synthesis reaction, excess (extra / surplus) acetyl coa dey converted int ohydroxymeth ylglutar yl coa (hmg coa)."
i plaintiff no use related cause of action to avoid di constitutional requisites (wetin must dey) of di defamation (na false statement wey dey harm persin reputation or character) claim,i constitutional requisite of defamation (na false statement wey dey harm persin reputation or character) claim
"i  theory describing (di description wey dey give a description wey dey give) the different stages a family go through from when dem start to when they old dey describe di normative stages wey family dey go through(i. e, initial coupling, marriage commitment, transitioning to parenthood, etc.).","i family lifecycle model describe thenormative stages wey afamily go through(i. e, initial coupling, marriage / commitment, transitioning toparenthood, etc.)."
ilution dey allow trademark owner to stop usage of similar word or phrase even if consumers (people wey buy and use market) no dey confused,"i traditionally (join am follow / plus), trademarks (company brand marks / signs) dey intended (wetin person get for mind to do) to prevent consumer (person wey buy and use market) confusion."
"i consumer (person wey buy and use market) misuse di product for way wey dey unforeseeable by di manufacturer (na persin or company wey dey make goods for sell), then strict (no-nonsense / follow de rule exactly) liability no apply.","i consumer (person wey buy and use market) misuse di product for way wey dey unforeseeable by di manufacturer (na persin or company wey dey make goods for sell), then strict liability no apply."
no dey prepared (something wey don ready / well-arranged) you to do di writing wey dey do for your profession (di bodi of pipo wey dey learned occupation)?,ow don prepare (arrange / set) you to do di writing you dey do for your profession?
"no dey pretty, e no dey",no dey e?
"s di x2versusgexample illustrate (to show how e be), two dierent things wit di same sampling distribution dey still, well, dierent","i x2versusgexample dey illustrate (to show how e be), two dierent things wit di same sampling distribution dey still, well, dierent."
"i several evangelical christian groups don campaign (to find support / struggle for votes) hard to dey emphasize teaching evolution for public high schools (places where dem dey learn book), replacin am wit alternative theory wey dey call intelligent (di capacity for thought and reason especially to high degree) design, wey states say di universe dey so complex wey dey impossible to dey explain by random nature and, therefore, intelligent entity designed am.","i several evangelical christian groups don campaign (to find support / struggle for votes) hard to de-emphasize teaching evolution for public high schools (places where dem dey learn book), replacing am wit alternative theory wey dey call intelligent design, wey states say di universe dey so complex say e dey impossible to explained by random nature and, therefore, intelligent entity designed am."
"f odas discover di secret of di invention(not difficult task since patent applications dey public record), dem dey prohibited (law say make person no do am) from making (to dey build or produce something), using, or selling (to trade market / business) am without di patentee permission.","i secret of di invention(not difficult task since patent applications (different programs) dey public record), dem dey prohibited (law say make person no do am) from make, using, or sell am without di patentee's permission (di approval to do something)."
"i dynamic (something wey fit change, e no just stay one place) theory of writing along wit informing how faculty teach wit wid interact wit students text, adaptive transfer might also encourage faculty to embrace dynamic theory of writing, wey dey implications (wetin something fit cause or mean) for both native nglish speakers (talkers / sound boxes) depalma and ringer60and multilingual writers.","i context of writing along wit informing how faculty teaching wit wid interact wit students' text, adaptive transfer go also encourage (to ginger / support) faculty to embrace dynamic theory of writing, wey dey implications (wetin something fit cause or mean) for both native english speakers depalma and ringer60and multilingual writers."
i length(x= sales. by month),"dey quite straightforward (di ambiguity dey free from ambiguity):> length(x= sales. by month) [1]12 secondly, you often wan to alter all of di elements of a vector for once."
"i image dey use di data from di histdata package(friendly, 2011), and dey draw minor alterations to di command wey dey provided (as far as / if to say / supply) for di help les.","i image use di data from di histdata package(friendly, 2011), and dey draw using minor alterations to di command wey dey provided (as far as / if to say / supply) for di help les."
em see examples for more small tins,see examples for details.
i danger wey dey here,i danger here
"i domed church of st. hripsime for v agarshapat don rising above eight supports (e get), set inside rectangular (di right angles dey having four right angles) building.","i domed (mention name / title) church of st. hripsime for v agarshapat don dome rising above eight supports, set within rectangular building."
member (one person inside join-body) of di grand jury dey state say to bein sympathy wit di gangsters.,i grand jury dey state to be sympathy wit di gangsters.
"i\logical analysis""reject say assumption entirely (kpatakpata / everything complete).","i\logical analysis""reject say assumption entirely (kpatakpata / everything complete)"
i goment make two effort to answer dis question,i goment make two effort to answer dis question.
"i secondly (second), i care about pipo speed, measured by di mean how fast (fast-fast / sharp-sharp) person answer wey dem take make those decisions (final conclusions / choices), denot mrt.","care about pipo's speed, measure by di mean response time take make those decisions (final conclusions / choices), denoted mrt."
use when introducing di idea of correlation,use when introducing di idea of correlations (na legal connections between parties wey define dem rights and duties).
". g, wages (salary / pay for work done), salary (pay / monthly money)) h. a fictional story wey you create f. a condominium on di thirty-second floor of a building for lower manhattan g. di right to eceive payment (na wen persin transfer money fulfill obligation or settle debt) for your work(e. g, wages, salary)h. a wig wey someone wear i.","i right to receive f. condominium on di thirty-second floor of building for lower manhattan g. di right to receive payment for your work(e. g, wages, salary)h. wig wey someone dey wear i."
"s we saw wit di previous (something wey dey before now) colour-related parameters, di simplest way to specify dis parameter dey use character string: e. g, col= ""blue""","s we saw wit di previous colour-related parameters, di simple way to specify dis parameter dey using character string: e. g, col= ""blue""."
i implication wey petitioner get criminal record na false.,i implication wey petitioner don get criminal record na false
i impact dia daily (make somtin de sup every day) life activities.,is impact dia daily (make somtin de sup every day) lifeactivities.
i good samaritan statutes (laws wey dem write put for book) dey designed (bin arrange / build follow plan) to remove any hesitation a bystander for accident (somtin wey person no plan wey cause gbege) go need provide first aid or o dir assistance.,i good samaritan statutes (laws wey dem write put for book) dey designed (bin arrange / build follow plan) to remove any hesitation a bystander for accident (somtin wey person no plan wey cause gbege) go get to providing first aid or oda assistance.
"i way wey we get rewritten di data, e mean say we don test di hypothesis say di total for one line and column totals kom from di same distribution.",mean say we dey test di hypothesis say di row totals and column totals kom from di same distribution.
"dey true say cross burning, even for political rally, arouses sense of anger or hatred among di most part of citizens wey see a burning cross.","i true say across burning, even for political rally, arouses (talk-talk / wetin comot from mouth) sense of anger or hatred among di most part of citizens wey see burn cross."
"i reshape() function, as well as di stack()and unstack() functions, all of which dey useful under certain circumstances.","i core package wey dey distributed (how dem put themselves) wit rthere na di reshape() function, as well as di stack() function, all of which fit useful under certain circumstances."
ne fit tell di intimidating instance (one example of somtin) from di wholly ideological one only by reference (citation / to point to where info dey) to some further circumstance.,ne fit tell di intimidating instance from di wholly ideological one only by reference (citation / to point to where info dey) to some further circumstance.
i mediator typically explain di process wey di mediation (follow-dem-talk-make-dem-settle) go observe.,i mediator typically explain di process say di mediation (follow-dem-talk-make-dem-settle) go observe.
i plurality recommend law wey go apply only to lies wey dey intended (wetin person get for mind to do) to secure (to make sure e safe / tie down) money or oda valuable considerations (factors to reason / payment for contract),"i plurality recommend a law wey go apply only to lies wey dey intended (wetin person get for mind to do) to""secure moneys or oda valuable considerations"
"a nice white lab coat (jacket / covering), or e don get something to do wit researcher control over variables?","i nice white lab coat, or does e get something to do wit researcher control over variables?"
i exception don allow di majority rule.,i exception (di message wey dey describing how something dey done) swallow di majority's rule.
o modern (new school / latest style) politicians (di leader wey dey engage for civil administration) make di same accusation?,o modern (new school / latest style) politicians (people wey join body do business / paddy) make di same accusation?
"dey also several different functions wey you fit use, including ls() wey dey identical to objects(), and ls. str() wey dey identical to objects(), and ls. str","i moreover na also several oda function wey you fit use, including ls() wey you fit use to get fairly detailed description (di statement wey represent something for words wey represent something for words) of all di variables for di workspace (di place wey you dey work for )."
"i pipo wey dey carry di questionnaire for di treatment group but no di control group, we dey introduced (di cause to kom know personally) confound: di pipo wey dey carry di questionnaire for di treatment group but no di control group.","i pipo wey actually tok di questionnaire for di treatment group but no di control group, we don introduce confound: di pipo wey actually take di questionnaire for di treatment group but no di control group, we don introduce confound: di pipo wey actually took di questionnaire for di treatment group."
i most exercises include link to my solution,i most exercises include link to my solution
i rdata contains single variable wey contains di raw likert-scale responses:,"i rdata contains di raw likert-scale responses:> load( ""likert"
"i distinction (di difference) wey we show, na of no moment wey di nonverbal conduct dey expressive (di expression wey dey characterized by expression), as e dey here, and where di regulation of dat conduct dey related to expression, as e dey here.","e don show, na of no moment wey di nonverbal conduct dey expressive (di expression wey dey characterized by expression), as e dey here, and where di regulation of dat conduct dey related to expression, as e dey here, and where di regulation of dat conduct dey related to expression, as e dey here, and where di regulation of dat conduct dey related to expression, as e dey here, and where di regulation of dat conduct dey related to expression, as e dey here"
i defendant wey dey prosecut for speech or expressive (di expression wey dey characterized by expression) conduct dey challenge di law on its face if dia activities no dey protected by irst amendment (wey go bring freedom to pipo).,"i defendant dey prosecut for speech or expressive (di expression wey dey characterized by expression) conduct go challenge di law on its face if e reach protected expression, even when dat person activities no protected by irst amendment (wey go bring freedom to pipo)."
"i adaptive transfer offers lens, for oda words, wey fit help wac researchers acknowledge di complexity wey dey associated wit multilingual writers writing across di curriculum.","i adaptive transfer offer lens, for oda words, wey fit help wac researchers acknowledge di complexity wey dey associated wit multilingual writers writing across di curriculum."
no alone (only one / by imself) for doing dis,no alone (only one / by imself) for do dis
"em dey consider mitchell argument say di wisconsin statute dey unconstitutionally (against de law of de land) overbroad because of its""one kind situation wey dey make journalists (person wey dey write or talk news for akwukwo, magazi, or telivishon) fear to yarn wetin dem wan yarn, because dem dey fear say dem go suffer consequence (as e turn out), like say dem go censor dem, punish dem, or pipo go backlash dem""for free speech.","i wisconsin statute dey unconstitutionally (for no time intervening, without delay or hesitation) overbroad ( wide well-well / e cover many things) bikos of its""chilling effect""on free speech."
"i generic (somtin wey fit be anytin) function pass o di hard work to a default""method, wey dey print. default()","i generic function pass o di hard work to a\default"" method, wey name for dis case go print. default()."
"i intercept term dey 43. 5, wey dey close to di\group"" mean of 42. 5 observe for di two students wey no read di text or attend (to go meeting / follow join) class.","i intercept term dey 43. 5, wey dey close to di\group"" mean of 42. 5 observe for those two students wey no read di text or attend (to go meeting / follow join) class."
dey useful to rescale di plots,dey sometimes useful to rescale di plots.
"no believe say all contentbased regulations (rules of de land) dey equally infirm and presumptively invalid (something wey no get pawa / e no legal); unlike (no be like) justice white, i no believe say all contentbased regulations dey equally infirm and presumptively invalid; unlike justice white, i no believe say all contentbased regulations dey equally infirm and presumptively invalid; unlike justice white, i no believe say all contentbased regulations dey equally infirm and presumptively invalid; unlike justice white, i no","no believe say all contentbased regulations (rules of de land) dey equally (same-same / level ground) infirm and presumptively invalid; unlike justice white, i no believe say fighting words dey weylly unprotected by irst amendment (wey go bring freedom to pipo)."
"i""shed"" be comfortable garage-like room wit cooler and fan and say coach leach dey simply having di player stand inside, out of di sun, in accordance (di concurrence of opinion of opinion) wit medical orders (commands / how gofment or oga say make e be).","i""shed"" dey comfortable garage-like room wit cooler and fan and say coach leach dey simply having di player stand inside, out of di sun, for accordance (di person or thing or thing or thing or thing) wit medical orders."
"rivate enterprise plus di profit motive allow innovation (di creation (a new device or process) result from study and experimentation) plus entrepreneurship to flourish, leading (de oga for de group / showing road) to prosperity (di economic state of growth wit rising profits and full employment) plus peace.","i profit (gain / better money from business) motive allow innovation and entrepreneurship to flourish (to show de difference between two things), leading (de oga for de group / showing road) to prosperity and peace."
"i video (film / record wey person fit see) clip: al franken"" to hear di details of senator franken work on dis matter",i details of senator franken's work on dis matter.
resident eisenhower reluctantly ordered di 101st airborne division (divide) of di u. s. army to little rock to ensure di students fit enroll plus attend (to go meeting / follow join) class.,i president eisenhower reluctantly order di 101st airborne division (divide) of di u. s. army to little rock to ensure di students go enroll and attend (to go meeting / follow join) class.
e dey goon.,i wetin dey go on
em go wait (to stay / hold on / delay) until for next one of dis book.,"i topic wey deserve fairly detailed treatment, but (again)due to deadline constraints (rules wey dey prevent you from going too far), e go wait (to stay / hold on / delay) until future version of dis book."
"i pvalue don directly measure di probability of di data(or data more extreme)under di null, and which\possible tests""dey tell you to accept di alternative.","i pvalue no directly measure di probability of di data(or data more extreme (too much / over))under di null, e dey more of abstract description (di statement wey represent something for words wey represent something for words) about which\possible tests"" dey tell you to accept di alternative."
"i gain variable wey most pipo don show a mood gain(mean:88), though without knowing (with full sabi / person wey get info) what di scale dey here e hard to say much more than dat","e fit see from looking for di summary of di mood. gain variable wey most pipo dey show mood gain(mean:88), though without knowing what di scale dey hard to say much more than dat."
i respiratory (di respiration wey dey pertaining to respiration) contribution (di part played by a person for bring about a result) to acid-base balance dey usually discussed (bin talk about de mata / deliberation) fort erms of co2(no be of carbonic acid).,i r espir atory contribution (di worthy of or requiring responsibility or trust) to acid-base balance dey discuss for terms of co2(rather than of carbonic acid).
e go use di etasquared() function from di lsrpackage.,e go use di etasquared() function from di lsrpackage.
"as result, you expect di value of ss wto be smaller than di total adding all the squared gaps to measure total error, because di fact say di drugs(if dem work)go get animalt eect on pipo's moods.","i value of ss wey dey smaller than di total adding all the squared gaps to be smaller than di total adding all the squared gaps to measure total error, bikos e dey completely ignor any group dierences {that na, di fact say di drugs(if dem work)go get dierent eects on pipo's moods."
s you write programs you go makeup your own words wey get meaning to you con call am variables.,s you write programs you go makeup your own words wey dey meaning to you call variables.
i employees pay attention to di employees?,em think di employees pay attention to am?
em dey also immutable,em also immutable.
i second priority na di c onser vation of amino acids f or proteins.,i second priority dey di c onser vation of amino acids f or proteins.
"i regulation of drugs dey by glomerular filtration (di process wey fluid pass through filter or filtering medium), tubular secretion, and tubular r eabsorption.","i regulation of drugs dey by glomerular filtration, tubular secretion, and tubular r eabsorption."
"rademark infringement occurs ( dey happen / e dey show face) when someone uses (ways wey dem dey take use tin) someone else's mark, either completely or to a substantial degree, when marketing goods or services, without di permission (di approval to do something) of di mark's owner.","i trademark infringement occur wen someone use someone else's mark, either completely or to substantial degree, wen marketing goods or services, without di permission (di approval to do something) of di mark's owner."
esearch dey show say family violence na even stronger predictor (di thing wey dey predict) of  for children than war exposure (showing body / making known).,i research show say family violence naneven stronger predictor (di thing wey dey predict) of ptsd for children than warexposure (catani etal.
"i right includes ( carry am follow / join body) freedom to change hin religion or belief, and freedom, either alone or for community wit odas and for public or private, to manifest (show clear / list of load) hin religion or belief for teaching, practice, worship (to serve od / praise) and observance.","i universal declaration (di statement wey represent something for words wey represent something for words wey represent something for words) of human rights(1947) provide: article 18 everyone don get di right to freedom of thought, conscience and religion; dis right include freedom to change hin religion or belief (wetin person believe / faith) for teaching, practice, worship and observance."
"i grief response wey dey come wit loss fit manifest (show clear / list of load) as physical, emotional and psychological responses including crying, anger, numbness, confusion, anxiety (worry), agitation, fatigue and guilt.","i grief response wey kom wit loss canmanifest as physical, emotional, and psychological responses including crying, anger, numbness, confusion, anxiety, agitation, fatigue, andguilt."
ou may spend your entire life without ever (anytime / since world start) meeting (gathering / discussion group) a single judge.,i entire life without ever (anytime / since world start) meeting (gathering / discussion group) single judge.
i several considerations (factors to reason / payment for contract) persuade me say di st. paul ordinance (local government law / official order) no dey unconstitutional ( against de grand-papa law of de land) contentbased regulation of speech.,i several considerations persuade me say di st. paul ordinance (local government law / official order) no dey unconstitutional ( against de grand-papa law of de land) contentbased regulation of speech.
"a such requirements aim to reduce incentives (di positive motivational influence influence a positive motivational influence influence) for undocumented immigration, but also pose (show / bring problem) burdens (heavy loads / serious responsibilities) of liability and reduce labor availability for employers.","em requirements aim to reduce incentives (different-different types / varieties) for undocumented immigration, but also pose burdens of liability and reduce labor availability for employers (ogas wey dey give work)."
dey because you don place condition on di consideration.,is dey because you go get place condition on di consideration.
dey good idea to read dis book for front of a computer so you go try out di examples as you go,dey good idea to read dis book for front of computer so you fit try out di examples as you go.
no make us perfect ( set / e correct well-well) though,no make us perfect ( set / e correct well-well) though
ey immigrant small business help local economies grow,ow immigrant small businesses help local economies grow. retrieved from www. fiscalpolicy. org.
"he dey assume say di harasser dey drunk and misses, but for return you take swing and hit him, knock him to di ground (di top of earth).","i harasser dey drunk and misses, but for return you take swing and hit him, knocking him to di ground (di top of earth)."
xamine excuse (to give reason for mistake / pardon) for kots available to strict (no-nonsense / follow de rule exactly) product liability.,i examine defenses available to strict (no-nonsense / follow de rule exactly) product liability.
"a some attempts (to try / struggle to do something) to workout di how two things dey related di two, and na somewhat (small / somehow) surprising.","i attempt to workout di relationship between di two, and e dey somewhat (small / somehow) surprising."
i deluge (very big or overwhelming amount of something) of publicity reach atleast some of di jury.,i deluge of publicity reach atleast some of di jury.
i probability dey add to di probability.,i expression of approval add to di probability.
"f we import awa data from csv le, rwill store am as one kind of table.","f we import awa data from csv le, rwill store am as one kind of table."
"i evidentiary rules dey(in theory, at least)designed (bin arrange / build follow plan) to ensure say there no chance of wrongfully convictin an innocent (person wey hand clean / no be im do am) defendant.","i evidentiary rules dey(in theory, at least)designed (bin arrange / build follow plan) to ensure say no chance of wrongfully convicting innocent (person wey get house or land and e use am rent) defendant."
"i goment don dey interest for encouraging proper treatment of di flag, however, dey no say di goment don encourage (to ginger / support) proper treatment of di flag as means of political protest.","i goment don interest for encouraging (to ginger / support) proper treatment of di flag, however, no say e dey criminally punish person for burning flag as means of political protest."
"i record now before us no clear say further publicity, unchecked, go so distort (to change or twist something comot from its true form) di views of potential urors wey 12 no fit find wey go, under proper instructions (directions / orders from oga), fulfill dia sworn duty to render (to give / provide / perform service) just verdict exclusively on di evidence wey dey present for open court.","i record now before us no clear say further publicity, unchecked, go so distort di views (how people take see de mata) of potential jurors wey 12 no dey found wey go, under proper instructions (directions / orders from oga), fulfill dia sworn duty to render (to change de judgment / turn am back) just verdict exclusively on di evidence wey dey present for open court."
"i next step for di process dey convert dis deviation to absolute (everitin de complete, no comma) deviations.","i next step for di process dey convert dis deviations to absolute (everitin de complete, no comma) deviations."
i statement wey call a method.,i invocation statement wey call method
i statement must know or reckless falsehood.,i statement must be knowing or reckless falsehood.
i landowners don higher duty of care to such person.,i landowners (people wey get de property / landlords) don get higher duty of care to such person.
"e don use di json library to dig through di parsed json, since di return data dey simply native python structure.","e don use di json library to dig through di parsed json, since di return data dey simply native python structure."
"i link for disassignment, write down your perceptions of federal prison camp","i link for dis assignment, write down your perceptions of""federal prison camp"""
"i last point dey see as drawback or benefit, based on di circumstances of di negotiation","i last point go see as drawback or benefit, based on di circumstances of di negotiation."
ou go need learn how to talk fast (fast-fast / sharp-sharp) to keep up with the cpu.,i cpu dey go learn how to talk fast (fast-fast / sharp-sharp) to keep up wit di cpu.
"i important to note, however, say no all law dey public law","i important to note, however, say no all law dey public law."
"because say sort dey return none (nothing / nobody / zero), d next operation (one calculation) wey you go perform dey likely to fail.",i next operation (one calculation) you perform wit tis likely to fail.
"i command wey dey use to do dis, save() and save. image()","i two command wey you fit use to do dis, save() and save. image()."
"i faa's broad ( wide well-well / e cover many things) interpretation, no all binding arbitration clauses (sections inside law or agreement) dey upheld (dem support de first decision / law stand) by courts for b2c case.","i faa's broad ( wide well-well / e cover many things) interpretation, no all binding arbitration clauses (sections inside law or agreement) don upheld (dem support de first decision / law stand) by courts for b2c case."
"i formal (official way / follow-follow rule) methods of adr include mediation-arbitration (med-arb), wey dey essentially (for bottom or by one's (or its) very nature) a mediation (follow-dem-talk-make-dem-settle) followed by arbitration (med-arb), wey dey essentially a mediation followed by arbitration.","i more formal (official way / follow-follow rule) methods of adr include mediation-arbitration (med-arb), wey dey essentially (for bottom or by one's (or its) very nature) a mediation wey dey follow arbitration."
"nside wey case, a married (don marry) couple, composed of a judge plus an attorney, met di requirements for adverse (bad / against progress) possession plus successfully brought (bin carry come / fetch) an action for quiet title.","i married couple (two / husband and wife), composed of judge and attorney, met di requirements for adverse (bad / against progress) possession and successfully (for no time intervening, without delay or hesitation) brought action for quiet title."
ne seriously (no be play-play / with full seriousness) believe say di media- properly free and untrammeled for di fullest sense of dis terms- no fit protect themselves.,"i solicitude repeatedly show by dis court for irst amendment (wey go bring freedom to pipo) freedoms go dey sufficient assurance against any such effort, even if one seriously believe say di media- properly free and untrameled for di fullest (de oga kpatakpata / top level) sense of dis terms- dey notable to protect themselves."
fit understand di academic article more clearly if i use my own words to express di information,fit understand di academic articles (items / sections for law book) more clearly if i use my own words to express di information.
i legend no dey quite properly.,i legend no dey quite t properly
iunited state must complete interview for diunited state.,em must complete interview attheunited states.
"i ordinance (local government law / official order) only proscribed class of""fighting words"" wey dey particularly offensive (something wey dey disrespect or abuse person) by di city- i. e, those wey dey contain.","i ordinance (local government law / official order) only proscribed class of""fighting words""dey those"" wey dey contain."
i framers no assess di relative (connection / family person) value of di first and sixth(or fifth)amendments (adjustments to change law or agreement)?,i framers no dey assess di relative value of di first and sixth(or fifth)amendments?
i why dey biased?,i why dey ^biased?
e fit use dis distribution as tool (tinwey or ogbe wey dem dey use do sometin or wok) for assess how closely (near-near / check am well-well) di null idea agree wit awa data.,e fit use dis distribution as tool (tinwey or ogbe wey dem dey use do sometin or wok) for assessing how closely (near-near / check am well-well) di null idea agree wit awa data.
i suppose i interest for proportion of babies born for particular hospital wey dey boys,suppose i interest for proportion of babies born for particular hospital wey dey boys.
"i 1960's don narrow (small space / not wide) di scope of di traditional categorical exceptions (di deliberate act of omission wey dey deliberate act of omission) for defamation, see new york times co. v. sullivan(1964) and for obscenity (dirty behavior or talk wey go against morals), see miller v. california(1973) and for obscenity, see miller v. california(1973) and for obscenity, see miller v. california(1973) and for obscenity, see miller v. california(1973) and for obscenity","i decision since di 1960'shave narrowed di scope of di traditional categorical exceptions for defamation (na false statement wey dey harm persin reputation or character), see miller v. california(1974), but a limited categorical approach don remain important part of awa irst amendment (wey go bring freedom to pipo) jurisprudence."
is don happen sometimes.,is dey happen sometimes.
i most databases dey organize like dictionary (book or app wey dey explain word meanings) for di sense say dem map from keys to value,i most databases dey organize like dictionary (book or app wey dey explain word meanings) for di sense say dem map from keys to value.
"i revetment covers much of di wooden surface wit swirling filigree pattern, and smaller icons of various (many different-different types) saints populate di icon frame.","i revetment cover much of di wooden surface wit swirling filigree pattern, and smaller icons of various saints populate di icon' s frame."
"nless person quick think of something, the pipo wey dey d planet fit stab person wit their spears, put you for spit, still roast person over fire (di tin wey de show when somtin de burn), con chop you as night food.","i inhabitants of di planet dey likely to stab you wit dia spears, put you on spit, roast you over fire (di tin wey de show when somtin de burn), and eat you for dinner."
sing mental health indicators to identify post-disaster gender-based violence among women displaced by urricane atrina.,i mental health indicators (mistakes / faults) toidentify post disaster gender- based violence among women displaced by hurricane katrina.
em dey reserve words and wey dey just dem name wey dey represent figure wey fit change for kompyuta program?,dey reserved words and wey dey just variable name?
"i answer, show for figure 11. 5, na say almost di entirety of di sampling distribution don move into di critical region","i answer, show for figure 11. 5, na say almost di entirety of di sampling distribution don move into di critical region."
i petitioners (people wey start case or request for court) go declare (to talk am out / announce) di right of accused (person wey dem talk say e do bad) subordinate to dia right to publish for all circumstances.,i petitioners (people wey start case or request for court) go get us declare (to talk am out / announce) di right of accused (person wey get right for de land / indigene) subordinate to dia right to publish for all circumstances.
"i fact say many of di prejudicial news items (different things / materials) dey traced to di prosecution, as well as di defense, aggravate di judge's failure (when tin no work out / disappointment) to take any action.","i fact say many of di prejudicial news items (different things / materials) go traced to di prosecution, aggravate di judge's failure (when tin no work out / disappointment) to take any action."
"f you sign such agreement wit a party wey hold inherently great power than you, such as your employer, then you go find you at extreme (too much / over) disadvantage (di quality of having inferior or less favorable position) for arbitration proceeding.","f you sign such agreement wit party wey hold inherently (di appearance wey dey alone from appearances alone) greater power than you, such as your employer, then you go find yourself for extreme (too much / over) disadvantage (upper hand / better chance) for arbitration proceeding."
em influence byzantine art and architecture widely influenced by dis many connections wit lands and pipo far and near.,i byzantine art and architecture widely influencedand dey influenced by dis many connection wit lands and pipos far and near.
i geocoding api go call di geocoding api to retrieve di data and store am for di database.,"i openstreetmap data for di location, e go call di geocoding api to retrieve di data and store am for di database."
i steps (actions / how to waka reach target) fore xchang e for h+by antipor t mechanism (system wey dey produce one particular result) for di apical membranes of cells wey dey lining di renal tubule.,i step wey dey involved for supply (to provide market / give wetin people need) bicarbonat e ions to di system ar e seen (bin see am / dem don notice) for figure 26. 17 and ar e summarized below: step 1: sodium ions dey reabsorbed from di fil trate for h+by an antipor t mechanism for di apical membranes of cells lining di system ar enal tubule.
i owner don think about timbering di forest f or some extra (jara / more) money.,i owner don think about timbering di forest f or some extra money.
i application a sample code to help get you start for solving real-world problem.,i applications (different programs) as sample code to help get you start for solving real-world problem.
et dis to  to display di plot horizontally not dat one vertically (for a vertical direction direction).,i plot horizontally no be vertically.
"i axis scales on both di horizontal (di something wey dey oriented horizontally) and vertical dimensions don expand, di axes (di lines for side) don dey suppress (press am down / hide) as dem dey suppress, but di axes don dey suppress as dem dey suppress, but di axes don dey suppress as dey annotations, but i've keep box around di plot.","i axis scales on both di horizontal and vertical dimensions don expand, di axes don suppress as get di annotations, but i dey kept box around di plot."
e goto talk about dis as rcfactorial anova.,"f we let rdenote di number of rows for di table, and cdenote di number of columns, we fit to talk about dis as rcfactorial anova."
or many years di joint judgment of di executive and congress don be say to protect di rights of federal employees wit respect to dia jobs (work / hustle / different employments) and dia political acts and beliefs nano enough merely (just / only dat one) to forbid one employee to influence or coerce (to change by force) another.,i joint judgment of di executive (de branch of gofment wey dey run de land) and congress don dey say to protect di rights of federal employees wit respect to dia job and dia political acts and beliefs (wetin you believe) e no dey enough merely (just / only dat one) to forbid one employee to attempt to influence or coerce another.
"at one na one thing wey dey help for real numbers work, but e no be something we need right now.","i useful skill for real world data analysis, but e no something wey we need right now."
i means say any contract wit a minor dey voidable by di minor under di infancy doctrine,i means say any contract wit minor dey voidable by di minor under di infancy doctrine.
"i really plausible to think say dis\common sense""approach dey trustworthy?","i\common sense""approach dey trustworthy?"
"i odds na you gured na typo, since andxlook pretty similar","i odds dey you gured e dey typo, since andxlook pretty similar."
"ompare plus contrast how awa criminal justice system go differ if di goal of punishment bin dey each of di following: retribution (di justly deserved penalty a justly deserved penalty), rehabilitation (di restoration of someone to useful place for society), protection of society, or deterrence from future acts (deeds / many laws wey don pass) of crime.","i retribution, rehabilitation, protection of society, or deterrence from future acts (deeds / many laws wey don pass) of crime."
"i manufacturers (na persin or company wey dey make goods for sell) must warn say misuse dey foreseeable (something wey person fit sabi say e go happen), manufacturers must warn say misuse aswell.","f consumer (person wey buy and use market) misuse dey foreseeable, manufacturers (na persin or company wey dey make goods for sell) must warn against dat misuse aswell."
"peration (one calculation): addition(+), one example wey you give 10+2, output 12; subtraction (-),9-3, 6; multiplication (),55, 25; division ( ),10 3, 3.333; power(^), 5^2, 25.",i operation (one calculation) operator example output addition+ 10+2 12 subtraction -9-36 multiplication*5*5 25 division 10 33 power^5^2 25.
"i plurality analysis, di determination of whether interest dey sufficiently compelling (something wey strong well-well / e force you to pay attention) depend not on di harm wey dey regulation for question seeks (person wey dey find / look for) to prevent, but on di area of society wey dey suppose prevent, but on di area of society wey dey which dey aims.","i determination of whether interest dey sufficiently compelling (something wey strong well-well / e force you to pay attention) depend no on di harm regulation for question seeks (person wey dey find / look for) to prevent, but on di area of society wey dey aims."
"i additional difficulties (di effort wey dey inconvenient, na effort wey dey inconvenient) include limitations on students' time for reading and writing posed by di requirements of oda kinds of assigned work, student activities, and team sports; di difficulty of performing (to do de work / show-working) kritikal tinin be say make we dey examine tori and ideas well, sabi wetin dey happen, and use am take make sense decision tasks; and di challenge of sustaining (di lengthen or extend for duration or space) di concentration wey di subject no dey among one interest.","i additional difficulties include limitations on students time for reading and writing posed by di requirements of oda kinds (different types / varieties) of assigned (dem don give am de work / hand over task) work, student activities, and team sports; di difficulty of perform critical thinking tasks; and di challenge of sustaining di concentration required for reading wen di subject no among one's interest."
i majority somehow conclude (make somtin end) say di advocacy no direct towards inciting imminent action.,i majority somehow conclude (make somtin end) say di advocacy no direct towards inciting imminent action.
"i provision as so interpreted (bin give meaning to law or talk)"" ' go create unacceptable (we no dey adequate to give satisfaction) risk of di suppression of ideas.","dey apparent say th e provision as so interpret"" go create unacceptable risk of di suppression of ideas"
i form of invasion (force entry / enter person space) of privacy go take di form of invasion of physical solitude.,i invasion (di act of examining resemblances wey dey examinin resemblances) of privacy fit also take di form of invasion (di act of examining resemblances wey dey examinin resemblances) of physical solitude.
i young white boy approach di group on di opposite side of di street (road / where houses dey) wey dem dey standing (level / position / right to carry mata go kote).,i young white boy approach di group on di opposite side of di street (road / where houses dey) wey dem stand.
e see say di 95. 4%chance wey dey fall within two standard deviations of di mean.,e see say 95. 4%chance say a observation go fall within two howe dey spread of di mean.
no surprise given say di good line dey di one wey go right through di middle of di data.,i good line dey di one wey go right through di middle of di data.
"s a physical threat, dey no concern to di plurality.","i unintended audience to extreme (too much / over) emotional distress, and, sometimes, unintended (wetin person get for mind to do) audience to extreme (too much / over) emotional distress, and dey virtually no viewed merely (just / only dat one) as""unwanted communication,""but rather, as physical threat, na of no concern to di plurality."
no even protect a man from injunction against uttering words wey dey suppose get all di effect of force.,no even protect man from injunction against uttering words wey go get all di effect of force.
i contract contains markedly unfair (wayo / no be so e suppose be / injustice) terms against di party wit less bargaining power or sophistication ( dey uplifting enlightenment) than di party wey create di terms and induce di oda party to sign am.,i contract contains markedly unfair (to move steady / water waka) terms against di party wit less bargaining power or sophistication than di party wey create di terms and induced di oda party to sign am.
"i however, sometimes, especially wen you start out, e fit convenient ( dey suite to your comfort or purpose or needs) to pull dis variables out of di list, and into di workspace (di place wey you dey work for ).","ometimes {especially wen you dey start out{ e fit convenient ( dey suite to your comfort or purpose or needs) to pull dis variables out of di list, and into di workspace (di place wey you dey work for )."
i truth dey complete defense to defamation (na false statement wey dey harm persin reputation or character),i truth dey complete defense to defamation (na false statement wey dey harm persin reputation or character).
"i mathematically (we dey respect to mathematics wit respect to mathematics) elegant way to describe variation around di mean, but e dey completely uninterpretable because e no use di same unit (one single piece / section) as di data.","dey mathematically elegant, and dey probably di ight"" way to describe variation around di mean, but e dey completely uninterpretable bikos e no use di same units as di data."
i faster way wey dey use di split()function,i faster way do am dey use di split()function
i fact say irst amendment (wey go bring freedom to pipo) no be self-defining and self-enforcing no dey impairs its usefulness (di quality of being of practical use) nor compels (force person) dia paralysis as a living instrument.,i fact say irst amendment (wey go bring freedom to pipo) no t self-defining and self-enforcing neither impairs (to force law or fine for person head) im usefulness nor compels its paralysis as living instrument.
"i new vocabulary, discipline-specific terminologies, and cultural jokes (somtin wey dem talk or do to make pipu laugh) wey dey frequently (for short intervals, many times for short intervals) appear for di guest lectures dey cause her additional difficulties (di effort wey dey inconvenient, na effort wey dey inconvenient) to understand di information.","ortentimes, new vocabulary, discipline-specific terminologies, and cultural jokes wey frequently (for short intervals, many times for short intervals) appear for di guest lectures wey dey cause her additional difficulties (di effort wey dey inconvenient, na effort wey dey inconvenient, na effort wey dey inconvenient, na effort wey dey inconvenient) to understand di information."
"i klan victims include blacks, s outhern whites wey disagree ( no gree / drag mata) wit di klan, and ""carpetbagger"" northern whites.","i klan victims include blacks, s outhern whites wey disagreed wit di klan, and ""carpetbagger"" northern whites."
no matter how careful (to look well / watch out) or reasonable di company or individual dey liable for any injury resulting (wetin come out for de end / outcome) from dia actions.,i case no matter how careful (to look well / watch out) or reasonable di company or individual dey liable for any injury result from dia actions.
or di parents.,"ano children, then to di parents."
llowing (to give chance / gree) di media to avoid liability only by proving (to show prove / confirm) di truth of all injurious statements does no accord adequate protection to irst amendment (wey go bring freedom to pipo) liberties (freedom / rights).,i media to avoid liability only by proving (to carry something reach owner hand) di truth of all injurious statements no accord adequate protection to irst amendment (wey go bring freedom to pipo) liberties (freedom / right to do wetin person like).
e go create dictionary (book or app wey dey explain word meanings) wit character as keys and counters (table / to go against) as di corresponding value.,go create dictionary (book or app wey dey explain word meanings) wit character as keys and counters as di corresponding values.
"a suppose i wan name a variable wey stores (shops / supermarkets)\my new salary (pay / monthly money)"".","i suppose name a variable wey store\my new salary (pay / monthly money)""."
"i same input wey dey deterministic (di inevitable consequence of antecedent sufficient causes) pertaining to a program wey dey do di same thing each time wey dey run, give di same inputs.","i deterministic pertaining to program wey dey do di same thing each time wey dey run, given di same inputs."
oreign-born workers labor force characteristics (di things wey make am).,i foreign-born workers labor forcecharacteristics (di quantity wey fit fulfill need or requirement but without being abundant).
trypsin go den bind (tie / hold together) to chymotrypsinog en to convert am to di active (person or tin wey dey move / e dey function) chymotrypsin,i active (person or tin wey dey move / e dey function) ch ymotr ypsinog en to convert am into di active (person or tin wey dey move / e dey function) ch ymotr ypsin.
"i time around awa reasoning go be slightly dierent, but go still lead nato di same answer.","i time around awa reasoning go dey slightly dierent, but go still lead nato di same answer."
"em pay acoyote (person wey dey smuggles pipo across borders)$10, 000, wey cover attempts (to try / struggle to do something) to bring dia sons to di united states.","em paid acoyote (someone wey smuggles pipo acrossborders)$10, 000, wey cover ed3attempt tobring dia sons to . ."
"recognize say writers shape and dey shape by rhetorical (talk for talk sake / grammar) practice, and, because of dat, e allow for di possibility (something wey fit happen / chance dey) say newcomers work wit a genre go act as a broker wey dey introduce new way of seeing, doing, doing, or knowing (with full sabi / person wey get info) into writing practice(beech, 1999; wenger, 1998).","recognize say writers shape and dey shape by rhetorical practice, and, as such, e allow for di possibility (something wey fit happen / chance dey) say newcomers work wit genre might act as brokers wey introduce new way of seeing, do, or knowing into writing practice(beech, 1999; wenger, 1998)."
to write for screen matrix wey dey indicating (di signal wey be signal for or symptom of symptom of) di sample size(number of pairwise complete case) wey contribute (di quality wey dey bestow a quality on top quality on top) to each correlation.,i sample size(number of pairwise complete case) wey dey contribute (di worthy of or requiring responsibility or trust) to each correlation.
"i state law wey discriminate (na recognize or perceive di difference) against out-of-state commerce (big-time buying and selling), or place undue burden on interstate (between two or more states / travels) commerce, go violate di dormant commerce clause.","i state law wey discriminate (di act of examining resemblances wey dey examinin resemblances) against out-of-state commerce (big-time buying and selling), or place undue burden on interstate commerce (big-time buying and selling), go violate (to break law / go against rule) di dormant commerce clause."
"i second thing to note na say, although di t-statistic and degree of freedom no change, di p-value don.","i second thing to note na say, although di t-statistic and degree of freedom no change, dip-value don."
dey try pretty hard to clear on which thing r dey to talk about for each case.,dey tried pretty hard to clear on which thing r dey to talk about for each case.
"as starvation dey continue, and more glcose dey needed (wetin dem want / something wey must dey ground), glycerol from fatty acids fit dey libertaed and used as as source for gluconeogenesis","s starvation continue, and more glucose dey need, gl ycerol from fatty acids fit be liberated and use as source for gluc oneog enesis."
ow we take capture dis distinction (di difference) for ?,ow do we capture dis distinction (di difference) for r?
"ssentially (for bottom or by one's (or its) very nature), di ucc contains two sets (to arrange / put things for order) of rules for contracts.",i ucc contains two sets (to arrange / put things for order) of rules for contracts.
"for example, if you talk say""i wish say plenty pipo go work to make their health better"", wetin d dog go hear na""and soon"".","f you say,""i wish more pipo go walk to improve dia overall (everything join together / de whole tin) health"", what most dog likely hear na,""blah blah"
"f di dierence between di two numbers dey below certain threshold value, we dey equal for all practical (something wey person fit do / no be just talk) purposes (reasons why things dey happen).","f di dierence between di two numbers dey below certain threshold value, we dey deem dem to be equal for all practical (something wey person fit do / no be just talk) purposes (reasons why things dey happen)."
"o dat na wetin ""installed (wey dey present)""mean: e mean say""e dey for your computer somewhere (one place)"".",means\it's on your computer somewhere (everyplace' dey use informally for any or all place)
"when you run a""xerox"" photocopy, na di xerox photocopier or some oda machine?","or when you run a""xerox"" photocopy, na e on xerox photocopy, na e on xerox photocopier or some oda machine?"
"a one impressive table for di opposite side, di defense.","i impressive table for di opposite side, di defense."
i iqr dey di range covered (something wey security or insurance don take care of) by dat middle half (one of two tins wey de equal from anoda tin).,i iqr dey di range covered (something wey security or insurance don take care of) by dat middle half (one of two tins wey de equal from anoda tin)
"i first, simplest to study numbers dey to determine""who send di most mail (letter / message wey pass post or email)?""","i first, simplest data analysis dey determine""whosent di most mail (letter / message wey pass post or email)?"
"i null idea dey wrong, but e no dey clear say we dey care, because di eect size dey so small.","i null idea dey wrong, but e no dey clear say we actually care, because di eect size dey so small."
i petitioners' motion for judgment notwithstanding (even with all dat / despite say) di verdict dey denied (bin reject / talk say no be so).,i petitioners' motion for judgment nowithstanding di verdict dey denied (bin reject / talk say no be so).
"i harlan, j, filed opinion concurring for part and dissenting for part","i harlan, j, filed opinion con curring for part and dissenting for part."
"i ductus def erens dey thin (lean / something wey no thick), muscular tube wey dey bundle together inside di scr otum wit c onnectiv e tissue, blood vessels (container wey dem design to hold chemicals or reactions), and nerves int oas tructur e called di sperma tic cord(check di picture 27. 2 and figure 27. 3).","i ductus def erens dey thick, muscular tube wey dey bundled together inside di scr otum wit c onnectiv e tissue, blood vessels, and nerves int oas tructur e called di sperma tic cord(check di picture 27. 2 and figure 27. 3 )."
"for example, another way to describe where di lsr. pdf file dey for my ac be ~ rbook lsr. pdf. at about all you really need know about file paths.","for example, an alternative way to describe di location of di lsr. pdf leon my mac go be ~\rbook\lsr. pdf leon my mac go be ~\rbook\lsr."
"i blood of co2and reduces di level of carbonic acid, make di blood t oo alkaline.","i blood of co2and r educ e di level of carbonic acid, make di blood t oo alkaline."
"i statute prohibiting (law wey say ""no do am"" / ban) cross burning wit intent to intimidate sweeps beyond a prohibition once rtain conduct into di zone of expression na only di words of di statute but also reality.",i conclusion say di statute prohibiting cross burning wit intent to intimidate sweeps beyond a prohibition once rtain conduct into di zone of expression overlooks no only di words of di statute but also reality.
"i conclusion feel true conclusion feel true argument dey valid 92%say alid"" 46%say alid"" argument dey valid 92%say alid"" argument dey valid 92%say alid"" 8%say alid""","i intuitive feel true conclusion feel true conclusion feel true conclusion feel true conclusion feel true conclusion feel true conclusion feel true conclusion feel false argument dey valid 92%say alid"" 9%say alid"" 9%say alid"" 9%say alid"" 9%say alid"" 9%say alid"" 9%say alid"" 9%say alid"" 9%say alid"" 9%say alid"" 9%say alid"" 9%say alid"" 9%say alid"" 9%say alid"" 9%say alid"" 9%say alid"" 9%say alid"" 9%say alid"" 9%say alid"" 9%say alid"
"dey to talk about di f-test as way of testing (check-am / confirm-am) whether a particular term for di model(e. g, main eect of factor a)dey signi cant.","dey to talk about di f-test as way of testing (check-am / confirm-am) whether a particular term for di model(e. g, main eect of factor a)dey signi cant."
i holmes dey dissenting for closely (near-near / check am well-well) divided (shared / e no dey as one) case wey no involve irst amendment (wey go bring freedom to pipo) but monopoly.,i holmes dey dissenting for closely (near-near / check am well-well) divide case wey no dey involve irst amendment (wey go bring freedom to pipo) but monopoly.
"dey difficult to assess di goment's claim, especially wen one database of congressional (concern de law-makers / ational ssembly mata) medal of honor winners exist, e dey difficult to assess di government's claim, especially wen one database of congressional medal of honor winners exist","dey difficult to assess di goment's claim, especially wen atleast one database of congressional medal of honor winners already ( don happen / since / before-before) exist."
i usually possible to treat dem as if dem dey arguments of di plotting function,dey possible to treat dem as if dem dey arguments of di plotting function.
"i nonhuman legal person, such as corporation, go own property","ordeed (true-true / na so / for real), even nonhuman legal person, such as corporation, fit own property."
"i core (de main-main part / de heart of de matter) political speech occupy di highest (de oga kpatakpata / top level), most protected position; commercial speech and nonobscene, sexually explicit speech dey regar as a sort of secondclass expression; obscenity (dirty behavior or talk wey go against morals) and fighting words receive di least protection of all.","i core political speech wey dey occupies di highest (de oga kpatakpata / top level), most protected position; commercial speech and nonobscene, sexually explicit speech dey regard (to look / respect / concern) as sort of secondclass expression; obscenity and fighting words receive di least protection of all."
i recent debates (fomal talk where two pipu dey talk against each oda) don sought (bin find / bin look for) to recast di viability of tort law for political terms.,"i endured for many years, recent debates (fomal talk where two pipu dey talk against each oda) don sought (bin find / bin look for) to recast di viability of tort law for political terms."
"i book close wit di foreword by jonathan hall, di book close wit afterword by christopher (di hristian martyr and patron saint of travellers (3rd century)) thaiss.","i book close wit afterword by jonathan hall, di book close wit afterword by christopher thaiss."
"tatistics and indicators on forced (by force-by-force / dem use pawa do am) labor and orcing pipo, especially women and children, into prostitution (for pay sexual intercourse for pay pay pay) against their will.",i statistics and indicators (teachers / lecturers / those wey dey give direction) onforce (to force people make dem follow law) labor and sextrafficking.
i meaning of branzburg dey hotly debated,i meaning of branzburg dey hotly debate (fomal talk where two pipu dey talk against each oda)
i question for every case dey whether di words wey dey use for such circumstances and dey of such a nature as to create clear and present danger wey dem go bring about di substantive (mata wey get weight / real issue for law) evils (bad tin / wicked) wey congress get right to prevent.,"i""question for every case dey whether di words wey dey use for such circumstances and dey of such nature as to create clear and present danger wey dem go bring about di substantive (mata wey get weight / real issue for law) evils (bad tin / wicked) wey congress get right to prevent"
ut no completely.,"i extent (how far de tin reach / level), but no completely."
e dey gather go di interview,e always go together to interview
"i character wey dey printed whenever you hit di eturn"" key on your keyboard.","i character wey dey print wenever you hit di eturn"" key on your keyboard"
"how we gotake define""open?""","ow we define""open?"""
"go dey well, and all go dey well","i kom back, and all go be well."
i osmor eceptors ar e sensory receptors for di thirst center (di midu of somtin) for di h ypothalamus wey monitor di concentrat ation of solut s (osmolality) of di blood.,i concentration (di strength of solution) of solut e sensory receptors for di thirst center (di midu of somtin) for di h ypothalamus wey monitor di concentration (di strength of solution) of solut e (osmolality) of di blood.
"f i dey measure how fast (fast-fast / sharp-sharp) person answer(rt) for ve dierent events, i go store di data for milliseconds, as dey conventional for di psychological literature.","f i dey measure response time(rt) for ve dierent events, i go store di data for rlike dis:> rt<- c(342, 401, 590, 391, 554)where di data here dey measure for milliseconds, as dey conventional for di psychological literature."
"i trial courts dey di triers of fact, and dia judgment no question by appellate courts.","i trial courts dey di triers of fact, and dia judgment no question by appellate courts."
i condition wey a person get difficulty either initiating or maintain an erection,i male r eproductiv e system erectile dysfunction (ed)dey ac ondition wey person get difficulty either initiating or maintaining erection.
"ournal of eneral nternal (for inside) edicine,22(2), 283-288.","ournal of general internal medicine,22 (2), 283-288."
"if di kidneys fail, ds functions dey comprised or lost (something wey miss / person wey no find im way) altogether (di formal terms wey dey informal for nakedness), with devastating effects on homeostasis (when a system maintain a state of balance and stability).","i functions dey compromise or lost (something wey miss / person wey no find im way) altogether, wit devastating effects on homeos tasis."
i balance of power lie between congress and di president for prosecuting di war on terror?,i balance of power lie between congress and di president for prosecuting (di act of present something to sight or view) di war on terror?
"seem like you go save single le wey dey use(in conjunction wit your di first numbers les)and reproduce everything(or atleast, everything interesting) wey you do during your to study numbers.","dey like you ought (bin find / bin look for) to save single le wey rcould use(in conjunction wit your raw data les)and reproduce all(or atleast, everything interesting)and reproduce all(or atleast, all interesting) wey you dey during your data study."
"for example, muscles go switch to dey use glucose to fatty acids as fuel.","for example, muscles go switch from using glucose to fatty acids as fuel."
i idea dey simple,i idea dey simple
m applies (dey work) to employers (ogas wey dey give work) with more than fifteen employees.,applies (dey work) to employers (ogas wey dey give work) wit more than fifteen employees.
i probability of say event ppxqis a number wey dey between 0 and 1,i probability of dat event ppxqis number wey lies between 0 and 1.
"i channels (ways to pass info / media stations) of communication (di activity of communicating) no be sufficient, therefore, say di channels of communication be free of governmental restraints (things wey dey hold person back)","no sufficient (di quantity wey fit fulfill need or requirement but without being abundant), therefore, say di channels (di statement wey represent something for words wey represent something for words) of communication (di activity of communicating) dey free of governmental restraints (things wey dey hold person back)."
make sure you remember what dem dey,em make sure you remember what dem dey.
"i defendant go make motion for directed (something wey dem guide or control / aimed at) verdict, arguing (to drag mata / talk back and forth) say no reasonable juror go find for favor (to help person / partial follow-up) of di prosecution or plaintiff before hear di evidence wey dey present so far.","i defendant go make motion for directed verdict, arguing (to drag mata / try to prove point) say no reasonable juror go find for favor (to help person / partial follow-up) of di prosecution or plaintiff after hear di evidence presented (dem show am / dem bring am out) so far."
"i cells no dey active (person or tin wey dey move / e dey function) as those for di pct; thus, dire (na urgent or serious situation wey court suppose act fast on am) no dey active as those for di pct; thus, dir e no dey active as those for di pct; thus, dire no dey active as those for di pct; thus, dire no dey fewer (small pass) micr ovilli on di apical surface","i cells no as active (person or tin wey dey move / e dey function) as those for di pct; thus, na fewer micr ovilli on di apical surface."
i two terms dey related to both di predictors (wetin fit predict) and di outcomes (di results wey e give).,"i two terms dey dened for di following way: confound dey additional, often unmeasure variable5 wey dey turnout to be related to both di predictors (wetin fit predict) and di outcomes (di results wey e give)."
"or time, consumers began (bin start / how e take take off) to identify""sam smith""as your business, then your name don acquired (bin get / collect / buy) secondary (level wey follow / not as important as de main one) meaning and trademarked.","f, however, you call your business sam smith anyway, and start growing your business so say eventually, over time, consumers (people wey buy and use market) began to identify""sam smith""as your business, then your name don get acquired secondary (level wey follow / not as important as de main one) meaning and fit be trademarked."
"s your choices (different-different options) dey depend on statistical inference, trade-off dey between simplicity (di quality of being simple or uncompounded) and goodness of fit. s you add more predictors to di model, e dey become more complex; each predictor add new free parameter(new regression coefficient), and each new parameter increase di model ability to""absorb"" random variations (di rate or magnitude of change).","dey trade o between simplicity (di highest wey somtin fit contain or do) and goodness oft. as you add more predictors (wetin fit predict) to di model, you make am more complex; each predictor add new free parameter(i. e, new regression coecient), and each new parameter increase di model's capacity (di highest wey somtin fit contain or do) to bsorb"" random variations."
ery short: notice sey di nested model 0 dey correspond to di full model 1 when we constrain some of di regression coefficients (numbers wey you use multiply variables in a formula) to zero.,i nested model m0 correspond to di full model m1 wen we constrain some of di regression coecients to zero.
irst amendment (wey go bring freedom to pipo) dey guarantee against infringement by di government no be private actors (person wey de act feem).,irst amendment (wey go bring freedom to pipo) dey guarantee against infringement by di goment no be private actors (person wey dey talk / megaphone).
"i values wey dey store for tuple fit be any type, and dem dey indexed by integers.","i value wey dey store for tuple fit be any type, and dem dey indexed by integers."
"i second nominee, president george w. bush selected (picked / de one wey dem choose) samuel alito, safe (no wahala / secure / place to keep money) decision wey dem give alito's prior judicial record","or hin second nominee, president george w. bush selected samuel alito, a safe (no wahala / secure / place to keep money) decision give alito's prior judicial record."
i argument dey value or variable wey we dey pass into di function as input to di function,i argument dey value or variable wey we pass into di function as input to di function.
"i activist shareholders (people wey get part for company business) for al-mart under most state laws, including delaware's business laws, shareholders don give unique right to sue third party on behalf (to stand for anoda person) of di corporation.","i activist shareholders (people wey join body do business / paddy) for wal-mart under most state laws, including delaware's business laws, shareholders (people wey join body do business / paddy) dey give unique right to sue a third party on behalf (to stand for anoda person) of di corporation."
"dey ready to assume say im go be to di greater ( big pass / more-more) public good, at least over di long run.","i election (di process wey pipu de use take vote) go turn on just such factor; if e go assume say e go be to di greater ( big pass / more-more) public good, for least over di long run."
l students' use of academic skills for content course.,em use of academic skills for content course.
ne thing to remember wen thinking (to reason / deep thought) about sampling distributions dey say anysample statistic you go care to calculate a sampling distribution.,ne thing to keep for mind wen thinking (to reason / deep thought) about sampling distributions na say anysample statistic you go care to calculate get sampling distribution.
"i final (de very last / conclusion) addition to semen dey made by tw obulbour ethr al glands(or co wper 's glands) wey release a thick, sal ty fluid wey lubricat am di end of di ur ethr a and di vagina, and help to clean (neat / no stain) urine residues from di penile ur ethr a.","i final addition to semen dey make by tw obulbour ethr al glands(or co wper 's glands) wey dey release thick, sal ty fluid say lubricat dey di end of di ur ethr a and di vagina, and help to clean urine residues from di penile ur ethr a."
"i computer storeowner, don owned (wetin person get for hand / property) di domain (area / website address) for years before nissan motors don tempt to gain ownership of di domain.","i uzi nissan, computer storeowner, don own di domain (area / website address) for years before nissan motors attempt to gain ownership of di domain (area / website address)."
e get some beliefs (wetin you believe) pphqabout which hypotheses (di proposal wey dey suppose explain certain facts or observations) dey true,i prior to running di experiment wey we get some beliefs (wetin you believe) pphqabout which hypotheses (di proposal wey dey suppose explain certain facts or observations) dey true.
"ow open your favorite di editor for words or software for writing papers, and paste am.","em open up your favourite text editor or word processing software, and paste am."
i heck dey di population wey dey referred (bin talk about / bin point to) to for dis case?,i heck dey di population being to be precise (correct / exact) 8a funny question almost always pop up for dis point: what di heck dey di population being referred (bin talk about / bin point to) to for dis case?
"hite, j, concurring [omitted (bin forget or comot am / e no dey inside)].","i white, j, concurring [omitted]."
"i complication (di act or process of complicating di act or process of complicating): you need tell step()what di largest possible model wey dey willing to entertain na, using di scope argument.","i one complication: you also need to tell step()what di largest possible model wey you dey go entertain na, using di scope argument."
em go through di output,em go through di output.
i immediate (now-now / sharp-sharp) danger dey none (nothing / nobody / zero) di less real and substantial because di effect of a given utterance no be accurately (for few mistakes wit few mistakes wit few mistakes wit few mistake) foreseen.,i immediate (now-now / sharp-sharp) danger no be accurately foreseen.
"i aw""mad value wey i described above dey completely interpretable on its own terms, although di aw""mad value wey i described above dey completely interpretable on its own terms, na no actually howe dey use for real world contexts (how de levels be / situation).","i aw""mad value wey i dey described above dey completely interpretable on im own terms, na how dem use for alot of real world contexts (how de levels be / situation)."
"i scope of interests (all de tins wey person eyes dey look / benefits) for real property scope of ownership matters, bikos e dey determinative of what fit(or no)be done wit di land.","i scope of interests (all de tins wey person eyes dey look / benefits) for real property scope of ownership matters, bikos e dey determinative of what can(or no)be done wit di land."
i package wey i dey to talk about alot for dis book dey call carand psych,i package wey i dey to talk about alot for dis book dey call carand psych.
e specify di value as question marks(?),e specify di values as question marks(?))
"or simple example, let start wit simple example","i probably no make much sense yet, so let start wit simple example."
vailable treatments fit also be limited for their abilities to treat immigrants and refugees.,i available treatments go also be limited for their abilities (di measure of how likely e dey say some event go occur) totreat immigrants and refugees.
"i enter (di midu of somtin) for ictims of orture (): cvt. org —  dey believe for di exchange of knowledge, ideas and creative strategies to heal torture (di way dem dey hurt person) survivors and inspire effective action to end torture worldwide.","i center (di midu of somtin) for victims of t ortur e (cvt). cvt believe for di exchange of knowledge, ideas and creative strategies to heal torture survivors and inspire effective action to end torture worldwide."
i virginia cross -burning statute pass constitutional muster because e proscribe only conduct wey constitute (to be) true threat.,i virginia crossburning statute pass constitutional muster bikos e proscribe only conduct wey constitute (to be) true threat.
i vector of character strings wey dey containing (wey get) di data wey you wan split (divide / tear),i vector of character strings wey dey containing (wey get) di data wey you wan to split (divide / tear).
"nput and output devices (machines wey dey save) software main memory central processing (di prescribed procedure dey preparing or putting through a prescribed procedure) unit (one single piece / section), wetin be next?","i input and output devices (ting wey dey help us do somethin, like machine or equipment) software main memory central (main side / middle / very important) processing (di prescribed procedure dey preparing or putting through a prescribed procedure) unit (one single piece / section) what next?"
dey straightforward (di ambiguity dey free from ambiguity) enough.,e dey straightforward (di ambiguity dey free from ambiguity) enough.
dey active (person or tin wey dey move / e dey function) transport process r equir e atp to move some solut e ag ains t dia c oncentr ation gr adients betw e compartments (di space wey dey subdivide a space into which area dey subdivide).,i active (person or tin wey dey move / e dey function) transport processes r equir e atp to move some solut ag ains t dia c oncentr ation gr adients between compartments.
i case wey di united states dey a party dey subject to federal court jurisdiction.,i case wey dey involvin di interpretation of treaties (di measure of how likely e dey say some event go occur) wey di united state dey party dey subject to federal court jurisdiction.
"i time around, my experiment involves ( carry am follow / e concern) ipping fair coin repeatedly (every time / again and again), and di outcome wey i dey interest for dey di number of heads wey i observe.","i time around, my experiment involves ( dey processing a photosensitive material for order make image visible) ipping fair coin repeatedly (every time / again and again), and di outcome wey i dey interest for na di number of heads wey i observe."
"must renew di judiciary's small cost, and its critical role for protect di constitution and rights wey we enjoy, i must renew di judiciary's modest petition: simply provide cost-of-living increases wey dey unfairly denied (bin reject / talk say no be so)!",must renew di judiciary's modest petition: simply provide cost-of-living increases ( don big pass before / e climb) wey dey unfairly denied (bin reject / talk say no be so).
"ustice douglas, dissenting.","i justice douglas, dissenting."
"i right of free speech no absolute (everitin de complete, no comma) for since forever and under all circumstances","i right of free speech no dey absolute (everitin de complete, no comma) for all times and under all circumstances"
"y di end of dis chemical-priming or energy-consuming phase, one glucose go breakdown to two glyceraldehyde-3-phosphate molecules (the smallest unit of a substance, wey get atoms joined together).","i end of dis chemical -priming or energy-consuming phase, one glucose molecule dey broken down into tw o glyceraldeh yde-3-phosphate molecules (the smallest unit of a substance, wey get atoms joined together)."
i two jurors dey admitted (bin gree / bin enter (like school)) for open court say dem hear am,i jurors (mistakes / faults) admitted for open court say dem hear am
"dey wrong to say 20istwice as hot as 10, just as e dey weird (strange) and meaningless (na no meaning or direction or purpose or purpose or purpose) to try to claim say 20is negative two times as hot as 10. just as e dey weird and meaningless to try to claim say 20is negative two times as hot as 10.","dey wrong to say 20istwice as hot as 10, just as e dey weird and meaningless (di meaning or purpose dey having a meaning or purpose) to try to claim say 20is negative two times as hot as 10."
"i le for version 3. 0. 2 dey about 54mb for size, so e go take sometime based on how fast (fast-fast / sharp-sharp) your how your internet be dey.","i le for version 3. 0. 2 dey about 54mb for size, so e go take sometime depending on how fast (fast-fast / sharp-sharp) your internet connection dey."
ivil rights activists often rely on natural law arguments to advance (to go front for somtin) dia platforms.,i civil rights activists often rely on natural law arguments to advance (to measure something) dia platforms (all de things wey dem produce to sell).
"ikewise (de same way / follow suit), someone wey suffers from a temporary or permanent cognitive defect (fault / damage) lacks capacity to be bound (something wey must happen / person wey law tie down) to a contract.",em suffer from temporary or permanent (something wey follow law / e legal) cognitive defect (system wey dey produce one particular result) lacks capacity (di highest wey somtin fit contain or do) to be bound (something wey get wahala / e fit cause damage) to contract.
er apparent crime na say some months before she don lead march for women's rights at di college she attend (to go meeting / follow join).,i apparent crime dey saysome months before shehadledamarch forwomen' srights atthecollege sheattended.
"i policy determine whether immigrants get access to employment, to health or educational (di process of education dey relating to di process of education) resources, and to family reunification (when family members wey been separated finally come back together)","i policy determine whether immigrants don get access to employment, to health or educational resources, and to family reunification (menjivar,2012)."
don get two argument: x,don get two arguments: x
i python interpreter go display value on di screen.,i print function an instruction (di message wey dey describing how something dey done) wey dey cause di python interpreter to display value on di screen.
"for example, we fit group di data into three big groups: young(0-20), adult(21-40), and older(41-60).","e go group di data into three broad ( wide well-well / e cover many things) categories: young(0-20), adult(21-40) and older(41-60)."
a now take make we look di output above,em take make we look di output above.
"i brand dey essential to carry out dis objective (to stand for truth / no be because of person face), and e fit lead to startling profits (gain / extra money wey comot from business)","i brand dey essential to carry out dis objective (mata wey get weight / real issue for law), and e fit lead to startling profits (gain / better money from business)."
i mode (di one wey show most) of a variable to talk about di format (how you arrange your words) of di information wey di variable stores (shops / supermarkets).,i mode (di one wey show most) of a variable to di format (how you arrange your words) of di information wey di variable store.
"dey ranking (to arrange from best to worst) from smallest to largest, because dat's di default way wey dey rdo am.","ranking (how you arrange your words) from smallest to largest, because dat na di default way wey rdoes am"
"i big problem wey dey interpret di results of di tests, especially for main eect terms","i big problem wen interpret di results of di tests, especially for main eect terms."
xamine methods of acquisition of real property.,i examine methods of acquisition of real property.
"f you dey schedule a vacation on royal caribbean cruise ship wey dey docked for private beach (di place wey get sand or small small stone beside oshimiri) during di week following di earthquake, go?","f you dey scheduled to begin vacation on royal caribbean cruise ship wey docked for its private beach (road / where houses dey) during di week following di earthquake, go you go?"
i process dey call genericide,i process dey call genericide
"i policy dey known as stare decisis, or""let di decision stand""","i policy dey known as stare decisis, or""let di decision stand"
i+and*characters for regular expression expand outward to match di largest possible string.,i+and*characters for regular expression expand outward to match di largest possible string.
no make alot of sense simply to assume say di true population di average  dey 100.,"i regardless (di usually follow by `of') without due thought or consideration or consideration) of which town you think about, e no make alot of sense simply to assume say di true population mean iq dey 100."
i next two systems na di exo-and macro-systems.,i next two systems dey di exoandmacro-systems.
"em wan measure di eectiveness of visual illusion, and your participants dey all psychology students","i eectiveness of visual illusion, and your participants dey all psychology students."
"for example, for my esp study di data wey i obtained (bin collect / bin get de tin for hand) only just fall inside di critical region- so i go get signi cant eect, but na a pretty near thing.","or my esp study di data wey i dey obtained only just fell inside di critical region- so i don get signi cant eect, but dey near thing."
dey simply an invitation to bargain (to price market / agreement price),dey simply an invitation to bargain
"i reflective assignment wey dem suggest(e. g, literacy narratives, journals, blogs, or eportfolio) go help faculty and wac researchers understand how students go draw on dia""history as writers""and on dia multilingual background to navigate (find your way through something or control am) novel (na someting wey new, nobody never see am before for law case) rhetorical (talk for talk sake / grammar) tasks.","i reflective assignments dem suggest(e. g, literacy narratives, journals, blogs, or eportfolios) go help faculty and wac researchers understand how students go draw on dia""history as writers""and on dia multilingual backgroundsto navigate (find your way through something or control am) novel rhetorical tasks."
i residualplots() function for dicarpackage.,i residualplots() function for dicarpackage.
go try make clear what type of input produce what kind of outputs.,go try make clear what type of input produce what kinds (different types / varieties) of outputs.
i contract dey internal (for inside) to di contract.,i contract dey restrictions (boundaries / things wey person no fit do) wey dey internal to di contract.
"i certain welldefined and narrowly (small-small / by whiskers / e remain small) limited class of speech, di prevention (di act of preventing di act of preventing) and punishment (di act of punishing di act of punishing di act of punishing) of which no dey thought to raise any constitutional problem",". g, chaplinsky v. new hampshire(1942) (""there dey certain welldefined and narrowly limited class of speech, di prevention and punishment (di act of punishing di act of punishing di act of punishing) of which no dey thought to raise any constitutional problem"")."
"i oda hand, sequential (for regular succession without gaps) page numbers or listings for phone directory show no creativity and no dey copyrightable.","or di oda hand, sequential page numbers or listings for phone directory show no creativity and no dey copyrightable."
"i researchers don find sayamong those without highschool diploma, wages (salary / pay for work done) decreased byapproximately 1%for di long run(shierholz, 2010; ottaviano & peri, 2012)but dey increased ( don big pass before / e climb) slightly for di long run (ottaviano & peri, 2012)","i researchers don find say among those without ahigh school diploma, wages decreased byapproximately 1%int heshort run(shierholz, 2010; ottaviano & peri, 2012)but dey increase slightly for di long run (ottaviano & peri, 2012)."
i specialists (di expert wey dey devoted to one occupation or branch of learning) go use adaptive transfer to complicate ( make more complicated) faculty expectations regarding what students don learn prior to entering dia course and how dem go do wit dat knowledge wey dem follow di course.,"i specifically, wac specialists go use adaptive transfer to complicate faculty expectations regarding what students don learn prior to enter dia course and what dem go do wit dat knowledge following those course."
"e dey create disturbance (di activity wey dey malfunction, intrusion, or interruption).",dey creating (hole / start / vacancy) disturbance
i interest wey dey protected here na your right to travel and move about freely (free-free / anyhow) without impediment,i interest being protected here na your right to travel and move about freely without impediment.
i wordplay na wordplay,dey wordplay
i more granulosa and dica cells f ollicle don produce e for response to lh stimulation.,i more granulosa and dica cells af ollicle don produce for response to lh stimulation.
i fatty acyl coa combines wit carnitine to create fatty acyl carnitine molecule wey help to transport di fatty acid across di mitochondrial membrane.,"is fatty acyl coa combine wit carnitine molecule, wey help to transport di fatty acid across di mitochondrial membrane."
"i informant wey dey tok say,""just hate myself, i no fit get good english""(2001, p.57), chozin tok say,""i no care whether dem[my group members]understand my language or no; hin dey determined (di calculation, investigation, experiment, survey, or study, or study) to press ahead (to de in front of somtin or person) within learning","no get good english""(2001, p.57), chozin tok say,""just hate myself, i no get good english""(2001, p.57), chozin tok say,""i no care whether dem[my group members]understand my language or no""; hin determined to press ahead (to come out / move forward) wit hin learning."
"use try to explain am, but after awhile i give up, because e no really all dat important, and to be true i no remember myself.","i book wey i use to try explain am, but after awhile i gave up, bikos e no really all dat important, and to be honest i no remember myself."
i impossibility na defense wey dey use when performi di contract don become truly impossible (no fit happen).,i impossibility (something wey fit happen / chance dey) dey defense wey dey use wen perform di contract don become truly impossible (no fit happen).
"i data dey fairly normally distributed (how dem put themselves), wit di mean grumpiness (crossness) score being 17 out of 50 questions wey dey answer for grumpy (cross) way, and di howe dey spread na 5.","i data dey fairly normally distributed (how dem put themselves), wit di mean grumpiness (crossness) score being 17 out of 50 questions wey dey answer for grumpy way, and di howe dey spread dey 5."
i only dierence na say di speci c value wey di null idea predicts na 0.,i only dierence na say di speci c value say di null identical to di way we described di hypotheses (di proposal wey dey suppose explain certain facts or observations) for di one-sample t-test: di only dierence na say di speci c value say di null idea predict dey 0.
"em give us a\long run guarantee"".","i among oda things, all e give us dey run guarantee"
i difference wey dey between downloading a song on peer-to-peer network versus (against / vs) walking into store and putting cd into your jacket and walking out without pay for am?,em think there na any difference between downloading song on peer-to-peer network versus (subjects wey student dey learn for school) walking into store and putting (to hold back / put boundary) acd into your jacket and walking out without paying for am?
i lack of clarity associated wit  loss wey no be clear or final (de very last / conclusion)— like when person dey missing but you no know if dem dey alive fit lead to onfusion about who dey inside the family and who no dey— who count as family expressed (dem talk am out / dem clear de doubt) for conflict and ambivalence for di new roles family members dey take after resettlement.,i lack ofclarity wey dey associated wit ambiguous loss fitlead to boundary ambiguity express for conflict and ambivalence for dinew role family members take after resettlement.
"i xml""person"" tag dey gone ( don go / finish), replace di set of outer curly braces.","i xml""person"" tag dey go, replace set of outer curly braces."
i justice stevens no participate for di cert pool process,i justice stevens also no participate for di cert pool process.
i hyperlink: finder keepers?,"em check note 8. 32 ""hyperlink: finders keepers?"""
"is dey di dicult situation wey dey interpret, and pipo often get a bit confused about dis.","i dicult situation to interpret, and pipo often get bit confused about am"
"tok say i wan to load di data 12notably wit. rda,",em tok say i wan to load di data 12notably those wit. rda.
"s entrepreneur (di someone wey organiz business venture and assum di risk for am) wey wish to form her own company but no want to take di thirty hours of classes (groups for school / different kinds) wey dey sues ( carry person go kote) di state for unconstitutional law, say lawsuit go dey pass yet.","f an entrepreneur wey wish to form her own company but no wan to take di thirty hours of class sues di state for unconstitutional ( against de grand-papa law of de land) law, say lawsuit go dey pass yet."
i researcher get fairly vague (no clear / blurry) idea of what di population dey and design di study as best he she fit on dat basis.,i researcher don fairly vague (no clear / blurry) idea of what di population dey and design di study as best heshe canon dat basis.
no dey leave notes (small-small write-up / observations) for yourself,no leave notes (small-small write-up / observations) for yourself
i suppose correct?,i seem correct?
"is go be number, specifying (di condition or requirement for contract or agreement) di con dence level","i number, specifying (di condition or requirement for contract or agreement) di con dence level."
i third argument no dey so obvious,i third argument no dey so obvious
"i bonferroni correction (di act of offering improvement to replace mistake) tell say: p1mp and therefore, if you use di bonferroni correction, you go reject di null idea if p1","f we let pdenote di original p-value, and letp1 jbe di correct value, then di bonferroni correction tell say: p1mp and therefore, if you use di bonferroni correction, you go reject di null idea if p1."
"i trademark no dey associated wit specific origin (where e start from / source), e become generic (somtin wey fit be anytin) and lose legal protection.","i trademark no dey associated wit specific origin (where e start from / source), e become generic and lose legal protection."
get my hands on di testing (check-am / confirm-am) data wey di civil authorities ofchapek 9 use check dis.,go my hand on di testing data wey di civil authorities ofchapek 9 use to check dis
"adly, di relationship deteriorated plus, allegedly, ended on unfriendly terms.","i relationship deteriorate and, allegedly (clear-clear / no corner-corner), ended on unfriendly terms."
oss of connections na death: amily wey get members living indifferent ( dey marked by lack of interest) countries at the same time ties (relationship / things wey join people together) among udanese refugee families resettling for . .,i transnational family tiesamong sudanese refugee families resettling for di united state.
"dditionally (join am follow / plus), immigrants fit face language and cultural barriers (something wey dey prevent you from reaching a place or thing) for accessing financial products (all de things wey dem produce to sell).","i additionally (join am follow / plus), immigrants fit face language and cultural barriers (something wey dey prevent you from reaching a place or thing) forccessing financial products (all de things wey dem produce to sell)."
"for example, someone wey lose case for federal district court for pennsylvania (one of di original 13 colonies) go appeal hin or her case to di third circuit court of appeals (to carry mata go higher court because you no gree), while litigant (na persin wey involved for lawsuit as plaintiff or defendant) wey lose for florida go appeal hin or her case to di eleventh circuit court of appeals, while litigant wey lose for florida go appeal hin or her case to di eleventh circuit court of appeals, while litigant wey lose for florida go appeal hin or her case to di eleventh circ","or example, someone wey lose case for federal district court for pennsylvania go appeal hin or her case to di third circuit court of appeal, while litigant wey lose for florida go appeal hin or her case to di third circuit court of appeals (to carry mata go higher court because you no gree)."
mmigrant and refugee families dey typically starting over economically; dem dey arrive wit few or no financial resources and dem no dey familiar (something wey person sabi well-well) wit di financial system for di host countries.,mmigrant and refugee families dey typically start over economically; dem arrive wit fewornofinancial resources and dey unfamiliar (we no dey known or well known or well known) wit di financial system for dihost counties.
i how two things dey related di two depend on di procedure wey di sample dey selected (picked / de one wey dem choose).,i relationship wey dey between di two depend on di procedure wey di sample dey selected.
i item (single thing / article) one name for key-value pair,i name for key-value pair.
"no dey uncommon to base (foundation / where tin start from) such penalties (fines / punishments for offense) on some percentage of profits (gain / extra money wey comot from business), or all profits wey dey from di ill-gotten gains of criminal activity.","no dey uncommon to base (foundation / where tin start from) such penalties (fines / punishments for offense) on some percentage of profits (gain / better money from business), or all profits (gain / better money from business) derived from di ill-gotten gains of criminal activity."
sychological trauma most often no dey limited to single traumatic event but dey include direct and indirect events over di course of person's life.,i psychological trauma no dey limited toasingle traumatic event but include direct and indirect events over dicourse of erson's life(jamil etal.
"i such proceedings (all de things wey dey happen for kote or meeting) no open to di public for common law and, for general, dem dey conduct for private as a matter of modern (new school / latest style) practice.","i such proceedings no open to di public for common law and, for general, dem dey conduct for private as matter of modern (new school / latest style) practice."
"i california supreme court tok say wen di radio station (stop / office area) start di contest (competition / drag), e dey foreseeable say young and inexperienced driver go drive negligently (na di way persin do someting wey no have proper care) to claim di prize and say therefore ad uty of care exist.","i california supreme court tok say wen di radio station start di contest, e dey foreseeable say young and inexperienced driver go drive negligently (di appearance wey dey alone from appearances alone) to claim di prize and say therefore ad uty of care existed."
"an francisco arts& athletics, inc. v. united states olympic comm,","i san francisco arts& athletics, inc. v. united states olympic comm."
i major difference wey dey between general and limited partnerships (business join-body / two or more people wey dey work).,em explore di major differences between general and limited partnerships (di members of business venture create by contract).
"i kidneys share ph regulation wit di lungs and plasma buffers, so say proteins fit preserve (keep am safe / maintain) dia three-dimensional c onformation and thus dia function.","i kidneys share ph regulation wit di lungs and plasma buffers, so say proteins fit preserve (keep am safe / maintain) dia three-dimensional c onformation and thus dia function."
"i pastor, fred phelps, believe say american soldier deaths for iraq and afghanistan dey punishment (di act of punishing di act of punishing di act of punishing) from g od for di kontri tolerance of homosexuality.","i pastor, fred phelps, believe say american soldier deaths for iraq and afghanistan dey punishment (di act of punishing di act of punishing di act of punishing) from g od for di kontri tolerance of homosexuality."
"i book go include more detailed discussion of one way to see if test fit catch difference, but for now dis dey about as much as i dey comfortable say about di topic","go convinced odawise for di future, and probably future version of dis book go include more detailed discussion of power analysis, but for now dis dey about as much as i dey comfortable say about di topic."
"i undisputed facts dey say appellant (na court wey dey review decision wey lower court make) ""wanted (wetin person desire / person wey police dey find) pipo to know say i thought merica stood (bin stand) for peace","i undisputed facts dey say appellant (na court wey dey review decision wey lower court make) ""wanted pipo to know say i thought ew ental and emotional pain wey person get after going through terrible experience for peace"
i cross burnings dey accompanied (dem present or associated wit event or entity or entity or entity) by shooting.,i cross burnings dey accompanied by shooting
"i only thing we need know how to do dey pull out di residuals (i. e, diikvalues) so we fit draw awa shapiro-wilk test.","i only thing we need know how to do dey pull out di residuals (i. e, diikvalues) so say we fit draw awa qq plot and run awa shapiro-wilk test."
i parties enter mediation (follow-dem-talk-make-dem-settle) or negotiation to resolve dia dispute.,i parties enter into mediation (follow-dem-talk-make-dem-settle) or negotiation to resolve dia dispute.
"f my interest dey solely (him alone / only dat one) for di home and away season, i think e go be shame to throw away information pertaining to one of di most distinctive(if boring)games of di year.",think e go be shame to throw away information pertaining to one of di most distinctive(if boring)games of di year.
"f someone na di wrong race and dem dey for place where there dey terrorist attack, dem fit pick dem up, dem fit hold dem without charge or trial for month after month, year after year.'","f someone dey isofthewrong race and dem dey inaplace where there dey terrorist attack, dem go dey held (wetin dem use work / put into action) without chargeortrialformonth after month, year after year."
esley's win streak continue for di next three hills (ground wey go up but e no reach mountain).,i wellesley's winning streak continue for di next three hills.
"suppose, but, say  wan know di chance to get 4 or less.",wan know di probability of rolling 4 or fewer skulls.
i shareholders wey dey different class dey give preferential (di partiality dey manifest partiality) treatment wen dey kom to corporate actions such as pay dividends (gain for stockholders) or voting (thumbprint / choosing leader) at shareholder meetings.,i shareholders (people wey get part for company business) indifferent class go give preferential treatment wen dem kom to corporate actions such as paying dividends or voting (di act of examining resemblances wey dey examinin resemblances) for shareholder meetings (gathering / discussion group).
"i time, however, you no dey interest for di sample for and of itself.","i time, you no dey interest for di sample for and of itself."
i nation well know say one of di cost of irst amendment (wey go bring freedom to pipo) na say e protect di speech wey detest aswell as di speech we embrace.,i nation well know say one of di cost of irst amendment (wey go bring freedom to pipo) na say e protect di speech we detest aswell as di speech we dey embrace.
"hese experiences fit include witnessing and experiencing violence, fleeing from family home located ( dey for dat side / position) for city or village wey dey being destroyed (bin spoil kpatakpata / scatter), and walking to find refuge and safety (safe condition / no wahala) for days or weeks wit limited food, water and resources.","hese experiences (things person don see) go include witnessing and experiencing violence, fleeing from afamily home located ( dey processing a photosensitive material for order make image visible) for lowor village wey dey destroyed, and walking tofindrefuge andsafety fordays orweeks wit limited food, water, andresources."
"i court tok say""actual malice, di standard wey dey from new york times v. sullivan, no dey applicable (dem dey capable of being applied) and concluded (bin finish / end de matter) say damages- - -even presumed damages or punitive (na damages wey pass compensation to punish wrongdoer and stop future harm) damages- - -dey permissible.","i court tok say""actual malice,"" di standard derived from new york times v. sullivan, no applicable (dem dey capable of being applied) and concluded (bin give chance / bin gree) say damages-- - dey permissible."
i second one go display table show di data for rstudio.,i second one go display pretty table show di data for rstudio.
"to fit request (to ask for help or info / application) document from a kompia wey dey host and serve wesait, wey dey store and manage file and data make dem dey accessible through intanet, we go make connectio, e. g","e make connection, e. g."
i main point here na say whenever you go get signi cant interaction you go stop and think about what di main eect actually means for dis context.,i main point here na say whenever you go get signi cant interaction you go stop and think about what di main eect actually means for dis context.
"i court don tok say when""speech"" and ""nonspeech"" elements dey combined for di same course of conduct, sufficiently important goment interest for regulating (di act of controlling or directing according to rule) di nonspeech element fit justify (to give good reason why person do something) incidental limitations on irst amendment (wey go bring freedom to pipo) freedoms.","i court don hold say when""speech"" and ""nonspeech"" and ""nonspeech"" elements dey combine for di same course of conduct, sufficiently important governmental interest for regulating (di act of beginning something new) di nonspeech element fit justify (to give good reason why person do something) incidental limitations on irst amendment (wey go bring freedom to pipo) freedoms."
"i lanham act excludes (to remove) a few categories from trademark registration (to put name for list / official record), mainly for public policy purposes (reasons why things dey happen).","i lanham act exclude (make somtin end) few categories from trademark registration (to put name for list / official record), mainly for public policy purposes (reasons why things dey happen)."
"f i set v <-m[2,] and then try to calculate m %%v, wey you think go fail, e actually works because rtreat di one dimensional array as if e dey column vector for di purpose of matrix multiplication (times).","f i set v <-m[2,] and then try to calculate m%*% v, wey you think go fail, e actually work because rtreat di one dimensional array as if e dey column vector for di purpose of matrix multiplication."
i paper no dey bad,i paper no dey bad
"urthermore (join join / more-so),'international human rights arguments often dey seen (bin see am / dem don notice) as di advocates' last refuge pulled out only wen there no dey other authority to cite.'","i human rights arguments dey seen (bin see am / dem don notice) as di advocates' last refuge pulled out only wen no oda authority to cite""(cole, 2006, p. 628)."
i truthful report of public judicial proceedings (all de things wey dey happen for kote or meeting) don afford special protection against subsequentpunishment.,i truthful report of public judicial proceedings (company brand marks / signs) don afford special protection against subsequent punishment (di act of punishing di act of punishing di act of punishing).
"mmigrants and refugees dey at high risk for clinical depression due to their extensive (wide / big / plenti) histories of loss, potential trauma and resettlement.","mmigrants and refugees dey thigh risk for clinical depression due to their extensive (wide / big / plenti) histories of loss, potential trauma, andresettlement."
i erection of press table for reporter inside di bar dey unprecedented.,i erection of press table for reporters inside di bar dey unprecedented.
i next case consider press access to prison and imprisoned persons.,i next case consider press access to prisons and imprisoned persons.
"em focus on source-based writing, wit summary writing constitute (to be) major component of di curricula, although for di most advanced (high-level / front) course, summarization dey often taught (bin teach) for relation to research paper writing.","i course focus on source-based writing, wit summary writing constituting major component of di curricula, although for di most advanced (high-level / front) course, summarization (di act of preparing summary (or an instance thereof)) dey often taught for relation to research paper writing."
"i cause of metabolic acidosis ar e decrease (make somtin de turn to small) for di e xcretion of bicarbonat e ions, wey inhibit di c onser vation of bicarbonat e ions, and excessive (too much / over-load) loss of bicarbonat e ions for di gastrointestinal tract due to diarrhea.","i c onser vation of bicarbonat e ions, and excessive loss of bicarbonat e ions, and excessive loss of bicarbonat e ions, and excessive loss of bicarbonat e ions, and excessive loss of bicarbonat e ions through di gastrointestinal tract due to diarrhea."
"or likewise (de same way / follow suit), terms wey dey left open go be filled for.",i terms wey dey left open go filled for.
"i doctrine of judicial review, wey allow courts to determine di final (de very last / conclusion) validity (how true something be) of laws aswell as di meaning of di constitution.","i doctrine of judicial review, wey allow courts to determine di final (de very last / conclusion) validity of laws aswell as di meaning of di constitution."
i entire community go suffer di consequences (wetin follow de action / outcome of wahala) of few bad actors (person wey de act feem),i communities (neighborhood / groups of people) go suffer di consequences (wetin follow de action / outcome of wahala) of few bad actors.
i teaching summarization (di act of preparing summary (or an instance thereof)) skills: di influence of student ability level and strategy difficulty,i student ability level and strategy difficulty.
"f you don sabi one kod langwej wey dem dey use write instruksiyon wey komputa go fit undastand like python, you go find am easy to learn another kod langwej wey dem dey use write instruksiyon wey komputa go fit undastand like javascript orc++","or once you learn one programming language such as python, you go find am much easier (no hard / simple) to learn second programming language such as javascript orc++."
i mood. gain) for every person,i mood. gain) for each person.
"ome states don allow same-sex marriage, but most do no.","ome states allow same-sex marriage, but most do no."
"i merican college of obstetricians (doctor for pregnant women) and gynec ologis t recommend say pipo no douche, and say di y allow di vagina t maintain dia normal healthy population of protective microbial flora.",i american college of obstetricians (check di picture 27. 9 ).
"i testimony, schenck tok say he dey general secretary (person wey dey help run office work) of di socialist parti, and dey charge of di socialist headquarters (di office wey dey serve as di administrative center of enterprise) from which di robson irst amendment (wey go bring freedom to pipo) 13 document dey send.","i testimony, schenck tok say hin na general secretary (person wey dey help run office work) of di socialist party, and don charge of di socialist headquarters (di midu of somtin) from which di robson irst amendment (wey go bring freedom to pipo) 13 documents (files / papers wey get important info) dey sent."
"i corporations don also dey convicted (na wen court or jury find persin guilty of criminal charge) of crimes, though unique questions wey dey relating (concern / how things link body) to appropriate means of punishment arise (to show face / start to happen) for dat context.","i corporations fit also be convicted (na wen court or jury find persin guilty of criminal charge) of crimes (bad deeds / things wey break law), though unique questions wey dey relating (concern people wey dey make law) to appropriate means of punishment (di act of punishing di act of punishing di act of punishing di act of punishing) arise for dat context."
i reason say dis happens na say dis ow numbers dey actually row name,i reason say dis ow numbers' dey row name
"i messed-up data caused (wetin make de tin happen) awa elegant, clever, and very pythonic program to fail?","i messed-up data caused (wetin make de tin happen) awa elegant, clever, and very pythonic program to fail?"
"i unscrupulous (wey no get conscience, no dey fair, dey do wetin dem like) person entered say elderly person life and exerted influence over dat person so say di elderly person no fit exercise hin free go any longer.",i unscrupulous person enter say elderly person's life and exerted influence over dat person so say di elderly person really no exercise hin free go any longer.
i place wey you dey standing (level / position / right to carry mata go kote) dey holy ground (di top of earth),i place wey you dey standing (level / position / right to carry mata go kote) dey holy ground (di top of earth).
dey generic (somtin wey fit be anytin) functions.,i generic functions
t. test() wey automatically run all of di t-tests for you.,"i typing to a minimum (de smallest / e no fit go down pass dat level), rprovides a function wey dey call pairwise. t. test() wey automatically run all of di t-tests for you."
i usually happen na say you nd way of testing (check-am / confirm-am) relational (dem having relation or being related) claims wey dey follow from your ontological ones.,i usually happen na say you nd way of testing relational claims wey follow from your ontological ones.
i example of dis dey show for figure 15. 6.6.,i example of dis dey show for figure 15. 6. 6.
i united states dey better serve by strong or weak unitary executive (de branch of gofment wey dey run de land)?,i united state dey better serve by strong or weak unitary executive (de branch of gofment wey dey run de land)?
"i next laziest, putting in only 6 hours of work for over di whole semester, so dem get di next lowest rank(rank = 2)","i next laziest, putting for only 6 hours of work for over di whole semester, so dem get di next lowest rank(rank =2)."
"i court don make di claim say cohen's distasteful mode (di one wey show most) of expression dey thrust upon unwilling or unsuspecting viewers, and say di state go legitimately act as e go protect di sensitive from odawise unavoidable exposure (showing body / making known) to appellant (na court wey dey review decision wey lower court make) crude form of protest.","i court much don make of di claim say cohen's distasteful mode (di one wey show most) of expression dey thrust upon unwilling or unsuspecting viewers, and say di state go therefore legitimately act as e don legitimately act as e don legitimately act as e dey in order to protect di sensitive from odawise unavoidable exposure to appellant's crude form of protest."
"dey fairly straightforward (di ambiguity dey free from ambiguity), though there dey some subtleties wey i dey ignorin.","dey fairly straightforward (di ambiguity dey free from ambiguity), though na some subtleties wey i dey ignoring"
"i textbooks often don say about assessing (checking levels) di validity (how true something be) of di study, i no fit help but notice say dem make di assumption say di researcher dey honest (to de always talk true and to no do wayo).","no help but notice say di textbooks often don say about assessing di validity (how true something be) of di study, i go help but notice say dem seem to make di assumption say di researcher dey honest (to carry pickin take as your own / follow a style)."
"i state supreme court tok say wen worker for burger king ignor a group of boisterous (na noisy and lacking for restraint or discipline or discipline) and loud teenagers, burger king dey liable wen dem dey attack oda customers.","for example, for one case a state supreme court tok say when worker for burger king ignor group of boisterous and loud teenagers, burger king dey liable wen those teenagers, burger king dey liable wen those teenagers, burger king dey liable wen those teenagers, burger king dey liable wen those teenagers go assault oda customers."
"i neighbor dey hir painters to paint hin house, but di painters accidentally (for advance planning without advance planning) appear for your house to work.","for example, imagine say your neighbor hired painters to paint hin house, but di painters accidentally (for short intervals, many times for short intervals) appear for your house to work."
i judge go get more closely (near-near / check am well-well) regulat di conduct of newsmen for di courtroom (room for kote).,i judge go get more closely (near-near / check am well-well) regulated di conduct of newsmen for di courtroom (room for kote).
"i chief justice and justice blackmun filed dissenting opinion, wey di chief justice and justice blackmun joined.",i chief justice and justice blackmun join.
i dissent (to no gree / judge wey get different mind) for hess suggest say di statement and act of hess dey less clear say di court describe dem,i dissent (to no gree / judge wey get different mind) for hess suggest say di statement and act of hess dey less clear say di court describe dem
main memory dey almost fast (fast-fast / sharp-sharp) as the cpu.,i main memory dey nearly ( remain small / almost) as fast (fast-fast / sharp-sharp) as di cpu.
i point some of you go wonder say i don dey careful (to look well / watch out) to choose my examples for such away as to ensure say di output always get plenty lines and plenty up-down sets (to arrange / put things for order).,dey wonder why i dey so terribly careful (to look well / watch out) to choose my examples for such way as to ensure say di output always don dey multiple rows and multiple columns.
i coroner call inquest di same day and subpoena ed sheppard,i coroner called inquest di same day and subpoena ed sheppard.
i hintogram wey dey show for figure 5. 1 wey dey generate using di hist() function.,i hintogram {which dey show for figure 5.1{ dey generate using di hist() function
e go nd you wan to change di contrast only for one speci c analysis,go nd yourself wan to change di contrasts only for one speci c analysis.
"i case, my research hypothesis relates (get connection / concern) to di population meanfor di psychology student grade, wey dey unknown.","i research hypothesis relates (get connection / concern) to di population meanfor di psychology student grades (results for school / level), wey dey unknown."
i suicide (to kill self) of prisoner for di greystone portion of di santa rita jail (prison / kashot / cell).,"or march 31, 1975, kqed report di suicide of prisoner for di greystone portion of di santa rita jail (prison / kashot / cell)."
"e go use di relevel() function for rto change which level of di reading variable dey set to ""","e fit use di relevel() function for rto change wey level of di reading variable dey set to""."
"i meantime, royal caribbean operat a cruise line wey make regular stop for haiti, for private beach (di place wey get sand or small small stone beside oshimiri) wey dem don spend millions of dollars for improvement to ensure say di vacationer s on dia cruise ships go enjoy dia overnight stops.","or di meantime, royal caribbean operated ( dey processing a photosensitive material for order make image visible) a cruise line wey make regular stop for haiti, for private beach wey dem don previously (for now / as we dey so) spent millions of dollars for improvements to ensure say di vacationer s on its cruise ships go enjoy themselves during dia overnight stop."
em seek to limit one party's liability to another.,em seek to limit one party liability to another.
a careful (to look well / watch out) wetin you wish for.,dey careful (to look well / watch out) what you wish for
ano warrant (official paper to arrest person or search house) dey required,ano warrant (official paper to arrest person or search house) dey required
"i dierence for mood gain for pipo wey given anxifree and treated wit cbt, versus (against / vs) pipo wey give placebo and given no therapy, versus pipo wey give placebo and given no therapy.","f we wan consider di possibility (something wey fit happen / chance dey) of signi cant interaction(and try to nd di group dierences wey underpin wey signi cant interaction), we need include comparisons (di act of examining resemblances wey dey examinin resemblances wey dey examinin resemblances) such as di following: di dierence for mood gain for pipo givenxifree and given no therapy."
"i freedom of speech and freedom of di press, wey dey protected by irst amendment (wey go bring freedom to pipo) from infringement by congress, dey among di fundamental personal rights and liberties (freedom / rights) wey dey protected by di fourteenth (number fourteen) amendment from invasion (force entry / enter person space) by state action.","dey clear say""freedom of speech and freedom of di press, wey dey protected by irst amendment (wey go bring freedom to pipo) from infringement by congress, dey among di fundamental personal rights and liberties (freedom / right to do wetin person like) wey dey protected by di fourteenth (number fourteen) amendment from invasion by state action."
em dey matters for di minnesota supreme court to address and resolve for di first instance (one example of somtin) on remand (na wen court send case back to lower court for more proceeding),i minnesota supreme court to address and resolve for di first instance (one example of somtin) on remand.
"i results dey somewhat (small / somehow) encouraging: di true population mean dey 100, and di average number of 98","i results dey somewhat (small / somehow) encouraging: di true population mean na 100, and di sample mean of 98. 5 na pretty reasonable approximation to am"
i note say race and color no dey on di list of acceptable (dem worthy of acceptance or satisfactory) bfoqs,i note say race and color no dey on di list of acceptable bfoqs.
