reference,prediction
Di note say race and color no dey on di list of acceptable (dem worthy of acceptance or satisfactory) bfoqs,찻 Dem note say race and color no dey on di list of acceptable (dem worthy of acceptance or satisfactory) bfoqs
"as before xspeci dey di data, and funspeci dey function","찻 Di data, and funspeci dey function"
"Understanding The harmful (bad tin / something wey fit wound person) use of alcohol, drugs or other substances in ways wey hurt the person within immigrant populations dey becoming increasingly (E dey advancing for amount or intensity) important as U. S. dey increase for cultural diversity.","찻 Understanding The harmful (bad tin / something wey fit wound person) use of alcohol, drugs or other substances in ways wey hurt the person within immigrant populations dey becoming increasingly (E dey advancing for amount or intensity) important as U. S. dey increase for cultural diversity."
"Di same time say aldos terone cause increased (E don big pass before / e climb) recovery of na+, e also cause greater (E big pass / more-more) loss of k+","찻 Di same time say aldos terone cause increased (E don big pass before / e climb) recovery of na+, e also cause greater (E big pass / more-more) loss of k+"
"Di chozin Case study na di study of one example dey add to di growing bodi of research on international graduate students, wey include di well-known studies by casanave and leki.","찻 Di chozin's Case study na di study of one example dey add to growing bodi of research on international graduate students, including well known studies by casanave and leki."
"For whenever r encounter di while way, e check say di condition dey true",찻 E check to see if di condition dey true.
Multicultural study of one or few examples of academic literacy practices wey dey for higher education,찻 Di multicultural case studies of academic literacy practices for higher education.
"Di middle region of di tube, called di ampul la, na where fertilization often occurs (E dey happen / e dey show face).","찻 Di middle region of di tube, called di ampul la, dey where fertilization often occur."
Aswell see later for di book you go nd say you end upto create variable for oda things too.,찻 Di book you go nd say you end up creating (to make / build) variables for oda things too.
"But computers don get ngers, dem don get transistors; and transistors dey build to store 2 numbers no 10.","찻 Di computers don get ngers, dem don get transistors; and transistors dey build to store 2 numbers no 10."
"Moreover (join-am say / apart from dat), di sec enforces prohibitions (things dem say make you no do) against insider trading (business / exchange) plus pursues claims of other types of securities fraud, such as ponzi schemes.","찻 Di sec enforce (to force people make dem follow law) prohibitions against insider trading (business / exchange) and pursues (to follow / chase / target something) claims of oda type of securities fraud, such as ponzi schemes (plan / format / sometimes e be like wayo)."
"Di regular expression go match twice( and), but e no match di string bikos e no match di string bikos e no match di string.","찻 Di regular expression go match twice(and), but e no match di string bikos no dey blank (empty / nothing dey) character before di at-sign"
Di argument name dey probably best to actually type for di argument name,"찻 If you no dey unsure, e dey probably best to actually type for di argument name"
d search engine dey usually run both d crawling and ranking (to arrange from best to worst) programs all d time.,찻 Di search engine usually run both di crawling and ranking (to arrange from best to worst) programs all di time.
"Suppose we wan run di full 3×2 factorial ANOVA, including interaction terms.","찻 Suppose we wan run d full 32 factorial ANOVA, including interaction terms."
Di variables dey on fundamentally (di main thing be say) dierent scales.,찻 Di variables dey fundamentally (di main thing be say) dierent scale.
"Di penalty provisions no exist for violating (to break law / mess up rule) those laws, those penalties (fines / punishments for offense) no dey drive compliance (di acting according to certain accepted standards) itself.","찻 Di penalty provisions dey exist for violating (to break law / mess up rule) those laws, those penalties (fines / punishments for offense) no be driving (to drive motor / push something go front) compliance (di acting according to certain accepted standards) itself."
"Even di subjects (topics / people under authority) di plaintiffs wish to teach--using Rules and agreements (di statement (oral or written) of exchange of promises) wey control how countries relate and deal with eachother to resolve disputes peacefully or petitioning di united nations (obodo / different-different countries), for example--concern political talk.","찻 Di subjects (topics / people under authority) di plaintiffs wish to teach (to show person de way / lecture)--using international law to resolve disputes peacefully or petitioning di united nations (obodo / different-different countries), for example--concern political speech."
"Di court sentenced appellant (na court wey dey review decision wey lower court make) to 10 days for jail (prison / kashot / cell), suspended, and to$75 fine.","찻 Di court sentenced appellant (na court wey dey review decision wey lower court make) to 10 days for jail (prison / kashot / cell), suspended, plus to a$75 fine."
"Di mild to moderate symptoms ar e treated wit medication, whereas severe enlargement of di prostate tin sue dey r emo ved.","찻 Di mild to moderate symptoms dey treated wit medication, whereas severe enlargement of di prostate dey treated by surgery wey a portion of di prostate tissue dey r emo ved."
"For di last point, if di beliefs (wetin you believe) of untrained pipo dey critical(e. g, dis dey often di case for apply research wey you suppose convince policymakers of something or oda)then you go care about whether e look like wetin e suppose be.",찻 Di case for applied (wetin dem use work / put into action) research wey you go convince policymakers of something or oda)then you go care about whether e look like wetin e suppose be.
Di immigrants(both documented and undocumented)contribute (di quality wey dey bestow a quality on top quality on top) billions more tomedicare through payroll taxes (money wey gofment dey collect from people hustle) wey dem useinmedical services,"찻 In particular, immigrants (both documented and undocumented)contribute billions more to medicine through payroll taxes (money wey gofment dey collect from people hustle) than dem use medical services."
"E no dey easy to learn, and e no dey easy to learn, but on di whole i think di strength outweigh di weakness; more so than any oda option wey i dey encounter so far.","찻 E no dey easy to learn, and e no dey easy to learn, and e no dey easy to learn, and e no dey easy to learn, and e no dey easy to learn, and e no dey easy to learn, but on di whole i think di strength outweigh di weakness; more so than any oda option wey we dey encounter so far."
"Note sey dis ones no be di same confidence (di freedom from doubt) intervals wey you go get if you calculate dem separately for each group, because ANOVA model dey assume homogeneity of variance and so e dey use pooled estimate of di howe dey spread.","찻 Dem no dey di same con dence intervals wey you go get if you calculated (di mathematical calculation or computation or computation) dem separately for each group, because of di fact say di anova model assum homogeneity of variance and therefore use pooled estimate of di howe dey spread."
Di supreme court tok say states no regulate motor vehicle (motor / machine to carry load) safety (safe condition / no wahala) standards.,찻 Di supreme court tok say states no regulate motor vehicle (motor / machine to carry load) safety (safe condition / no wahala) standards.
But you imagine if we no get wa y to determine dis things?,찻 We no get wa y to determine dis things?
Middle and high-skill labor force.,찻 middle-and high-skill labor force.
"As you fit imagine, e no make plenty sense to try compare my raw score of 2 for di paper wey check how person dey social to my raw score of 35 for grumpiness (crossness) questionnaire.",찻 E no make sense to try compare my raw score of 2 on di extraversion questionnaire to my raw score of 35 on di grumpiness (crossness) questionnaire.
"Di way, i get to remember di knowledge better, and i no to go back to di whole book wen i need to look up something","찻 I get to remember di knowledge better, and i no go back to di whole book wen i need look up something"
"Bohn, S,& Schiff, E.","찻 Bohn, S,& Shiff, E."
"However, many immigrants and refugees dey avoid substance use even after traumatic exposure (showing body / making known) and distress.","찻 However, many immigrants and refugees dey avoid substance use even after Mental and emotional pain wey person get after going through terrible experience and distress."
"Di damage dey great wen di Wetin dem dey call prior restraint (to hold body / control / limitation) be say government no go gree make person talk or write wetin dem wan write before dem publish am, na like say government dey hold person mouth before dem talk fall upon di communication (di activity of communicating) of news and commentary on current events.",찻 Di damage fit be (E remain small / almost) great wen th e Wetin dem dey call prior restraint (to hold body / control / limitation) be say government no go gree make person talk or write wetin dem wan write before dem publish am fall upon di communication (di activity of communicating) of news and commentary on current events.
"We must decide whether a everybody figure may recover (na obtain money, property, or relief from court judgment) damages for emotional harm caused (wetin make de tin happen) by di publication of an ad parody offensive (something wey dey disrespect or abuse person) to him, and doubtless gross and repugnant for di eyes of most.","찻 We must decide whether public figure go recover (na obtain money, property, or relief from court judgment) damages for emotional harm wey dey caused (wetin make de tin happen) by di publication of ad parody offensive (something wey dey disrespect or abuse person) to him, and doubtless gross and repugnant for di eyes of most."
"Di court, na elusive, abstract concept, hard to prove and hard to disprove.","찻 Di court, na elusive, abstract concept, hard to prove and hard to disprove."
"Di\hello (how dem de greet person) world""text dey show for green, you go notice say di\hello world""text dey show for green","찻 Di\hello (how dem de greet person) world""text dey show for green"
E then move towards di inferential statistics part.,찻 Di inferential statistics part.
"Di bicarbonat e dey di one ion wey no normally excreted for urine; ins tead, e dey c onser ved by di kidneys for use for di bodi 's buff ering systems.","찻 Di one ion wey dey normally excreted for urine; ins tead, e dey c onser ved by di kidneys for use for di bodi buff ering systems."
Di criminal dey try to take property for hin or her own financial gain,찻 Di criminal dey try to take property for hin or her own financial gain.
"Di dierent approach dey select a meaningful (di meaning or purpose dey having a meaning or purpose) reference (citation / to point to where info dey) point(usually di mean or di median)and then report di ypical"" deviation from dat reference point.","찻 Di dierent approach dey select meaningful (di meaning or purpose dey having a meaning or purpose) reference (citation / to point to where info dey) point(usually di mean or di median)and then report di ypical"" deviations from dat reference point."
Di program to open di file romeo. txt and read am line by line,찻 Di program go open di file romeo. txt and read am line by line.
"Di apparent superiority of negative feedback na artifact wey dey caused (wetin make de tin happen) by regression to di mean(see kahneman & tversky, 1973, for discussion).","찻 Di apparent superiority of negative feedback na artifact wey dey caused (wetin make de tin happen) by regression to di mean(see kahneman & tversky, 1973, for discussion)."
Experiencing trauma for adulthood dey increase risk of perpetration (di act of committing a crime or causing harm to another person) of IPV: men wey don dey exposed to political violence or imprisonment dey twice as likely to perpetrate IPV as those wey no don.,찻 Di men wey dey exposed to political violence or imprisonment dey retwice as likely to perpetrate (to do bad tin / do bad tin) ipvasthose wey no dey.
Di respondent attend (to go meeting / follow join) hin first public meeting (gathering / discussion group) as a board member (one person inside join-body) of di three valley water district board.,찻 Di respondent attend (to go meeting / follow join) hin first public meeting (gathering / discussion group) as board member (one person inside join-body) of di three valley water district board.
"At wey point di venture capital (moni wey person use take start business) firm (company / business office) seeks an exit (where person go pass take comot somwhere) strategy, typically through offering sale of di business to di public inside an initial public offering(ipo).","찻 Di venture capital (moni wey person use take start business) firm seeks (person wey dey find / look for) exit (where person go pass take comot somwhere) strategy, typically through offering sale of di business to di public for initial (de first one / start-start) public offering(ipo)."
Di three features (karakata wey dey make am sweet or wey dey help) dey comprise what dey known as di filtration (di process wey fluid pass through filter or filtering medium) membrane.,찻 Di three features (karakata wey dey make am sweet or wey dey help) wey dey known as di filtration (di process wey fluid pass through filter or filtering medium) membrane.
"Hispanic Journal of Behavioral Sciences,32(3), 341-361.","찻 Hispanic Journal of Behavioral Sciences,32(3), 341-361."
Several methods of adr exist.,찻 Di methods of adr exist.
Di task 0. 800.,찻 Di tasks 0. 800
Dem try play around wit dierent values of lwdto see what happen.,찻 Try play around with different values of lwd to see wetin go happen.
Di judgment of di texas court of criminal appeals (to carry mata go higher court because you no gree) dey affirmed.,찻 Di judgment of di texas court of criminal appeal dey affirmed.
"E dey important to note say immigration officers, wey traditionally (di tradition wey dey according to tradition) hold law degrees, have broad (E wide well-well / e cover many things) discretion for deciding (to choose / finalize decision) whether application dey complete and accurate(w eissbrodt & danielson, 2011).","찻 E dey important to note say immigration officers, wey traditionally (di tradition wey dey according to tradition) hold law degrees, don broad (E wide well-well / e cover many things) discretion for deciding (to choose / finalize decision) whether application dey complete and accurate(w eissbrodt & danielson, 2011)."
Di requirement of specific intent to do anything more than display di flag for dat manner (way / style / how person take do am).,찻 Nano requirement of specific intent to do anything more than display di flag for dat manner (way / style / how person take do am).
Immigrant workers wey na middle-wage earners dey still disadvantaged.,찻 Di immigrant workers wey dey middle-wage earners (person wey dey work for work) dey disadvantage (di quality of having inferior or less favorable position).
"Di overturn ofthe defense of marriage act(doma), citizens and permanent (something wey no go change / follow-come) residents (person wey dey stay for place) go sponsor dia same-sex spouses for visas.","찻 Following di turn of di defense of marriage act(doma), citizens and Person from another country wey get legal right to stay permanently but no be citizen (person wey get right for de land / indigene) yet fit sponsor their same-sex spouses for visas."
"As urine dey formed (bin make / bin arrange or build), e drains (pipe wey de comot wata) into di cal yces wey dey form di funnel-shaped renal pelvis for di hilum of each kidney.","찻 Di urine dey formed (bin make / bin arrange or build), e drains into di cal yces of di kidney, wey merge to form di funnel-shaped renal pelvis for di hilum of each kidney."
Di timing no dey s ynchr onous across di seminif erous tubules.,찻 Di timing no dey s ynchr onous across di seminif erous tubules.
"Di pressure for""more"" dey endemic for every level of di mortgage industry (hustle / big-big business area), from di would-be homeowner wey dey want more house than hin or she go afford to di investment (di act of investing) bankers wey dey want more cdos on which dem go profit (gain / better money from business).","찻 Di pressure for""more"" dey endemic for every level of di mortgage industry (hustle / big-big business area), from di would-be homeowner wey want more house than hin or she go afford to di investment (di act of investing) bankers wey want more cdos on which dem go profit (gain / better money from business)."
E dey because beginning (from di start) programmers no dey memorize (when person read and keep information for head) di reserved words(there dey only 35 of dem)and sometimes variables wey dey too descriptive (di serving to describe or inform or characterized by description) start to look like part of t he language and no just well-chosen dem name wey dey represent figure wey fit change for kompyuta program.,찻 E dey because beginning (from di start) programmers no dey memorize di reserved words(there dey only 35 of dem)and sometimes variables wit name wey dey too descriptive start to look like part of t he language and no just well-choen dem name wey dey represent figure wey fit change for kompyuta program.
"Di tin wey concern everybody for society, wey be say e important for all of us survive di judgment of conviction and appropriately (di appropriate manner for di appropriate manner) carry over to an interest for how di convicted (na wen court or jury find persin guilty of criminal charge) person dey treated during hin period of punishment and hope for rehabilitation (di restoration of someone to useful place for society).",찻 Di public interest survive di judgment of conviction and appropriately (di appropriate manner for di appropriate manner) carry over to interest for how di convicted person dey treated during hin period of punishment (di act of punishing di act of punishing di act of punishing) and hopedfor rehabilitation.
"Di tyrants of di world fight each oda until dem see common enemy wey dey work class enlightenment, wen dem combine to crush am, and say now militarism and capitalism (di economic system wey dey based on private ownership of capital) combined, though no openly, to crush di russian revolution","찻 Di tyrants of di world fight each oda until dem see common enemy-- working (to dey hustle / de way tin take dey move) class enlightenment, wen dem combine to crush am, and say now militarism and capitalism combined, though no openly, to crush di russian revolution."
Di things wey don-92- don use for about 20 years.,찻 Di things wey don use for about 20 years.
"Di physical embodiment of dis entity we call corporation, but what does dat mean?","찻 Di corporate (tin wey concern big business join-body) headquarters for cupertino, california( figure 11.1 ""apple headquarters for cupertino, california""), na di physical embodiment of dis entity wey call corporation, but what e mean?"
"We fit drop andre-create di artist name index wit unique constraint as follows (dey come after, becos of sometin wey don happen before).","찻 We fit drop andre-create di artist name index wit unique constraint as follows (dey come after, becos of sometin wey don happen before)."
"Di yates(1934) suggest simple x, wey you rede ne di goodness of t statistic as: x2 ip|eioi|0: 5q2 eioi|0","찻 Yates(1934) suggest simple x, wey you rede ne di goodness of t statistic as: x2 ipfaaeioiwt0: 5q2 ei(12. 1)basically, hin just subtract o 0. 5 everywhere (everyplace' dey use informally for any or all place)."
Di probability of incorrectly reject di null?,찻 Di probability of incorrectly reject di null?
Di cat()function dey so widely use say i think na good idea to talk about am here.,찻 Di cat()function dey so widely use say i think e dey good idea to talk about am here.
Di humble (wey dey simple) one kind of scale na di main tool (tinwey or ogbe wey dem dey use do sometin or wok) of all how to design survey.,찻 Di humble (wey dey simple) one kind of scale na di bread and butter tool (tinwey or ogbe wey dem dey use do sometin or wok) of all survey design.
"Di term ""kriminal wey dem plan am well-well, dey under one group, dey do bad tins like sell drug, collect money by force, and dey cause wahala"" often summons images of di mafia, wey no dey only type of organized (well-arranged / follow order) criminal activity for dis kontri.","찻 Di term""organized (well-arranged / follow order) crime"" often summons images of di mafia, wey no dey only type of organized (well-arranged / follow order) criminal activity for dis kontri."
"for example, congress don enacted (dem don sign am into law) precatory regulations describing (di description wey dey give a description wey dey give) di proper treatment of di flag, and we cast without question on di legitimacy of its interest for make such recommendations (advice).","찻 Di congress don enact precatory regulations (rules of de land) wey dey describing (di description wey dey give a description wey dey give) di proper treatment of di flag, and we cast without question on di legitimacy of its interest for make such recommendations (advice)."
Di interest justifies johnson's conviction under a more demanding standard.,찻 We must ask whether dis interest justifies johnson conviction under more demanding standard.
"While dis fit cause emotional distress for some, e fit also be di source of motivation to make di most of their opportunities (di possibility due to a favorable combination of circumstances).","찻 While dis fit cause emotional distress for same, e fit also be di source of motivation to take di most of their opportunities (di possibility due to a favorable combination of circumstances)."
"Di list of di variables wey you wan rto tabulate, and e tabulates dem","찻 Di list of di variables wey you wan rto tabulate, and e tabulate dem"
But r oughl y 10 percent of water available to di bodi dey generated for di end of aerobic r espir ation during cellular metabolism.,"찻 Di most water intake kom through di digestive tract via liquids and food, but r oughl y 10 percent of water available to di bodi dey generated for di end of aerobic respiration during cellular metabolism."
Di history of di united state dey replete wit examples of exclusion (to comot person or tin / no allow join) from di property ownership system.,찻 Di history of di united state dey replete wit examples of exclusion (to comot person or tin / no allow join) from di property ownership system.
"Di urea cycle nitrogen dey tr ansaminat ed, cr eating ammonia and int ermediat e of di k rebs cycle.","찻 Di ur ea dey eliminated through di kidneys for di urine( figure 24. 18). 24. 4 rotein metabolism 1083 figure 24. 18 urea cycle nitrogen dey tr ansaminat ed, cr eating ammonia and int ermediat as of di k rebs cycle."
Di pipo just makeup di data,"찻 Di sometimes, pipo just makeup di data"
"For study of substance use among all newly arriving adult (big person / person wey don pass 18) refugees for Texas city, (bin talk wetin happen / record) rates (prices / levels / speed) of current smoking (38.5%) and alcohol use(23%) dey very low.","찻 For study of substance use among all newly arriving adult (big person / person wey don pass 18) refugees for Texas city, rates (prices / levels / speed) of current smoking(38%) and alcohol use(23%) dey very low."
"E dey smart, chic, wellgroomed","찻 E dey smart, chic, wellgroomed"
Di speech fornocuous one year may at another time fan such destructive (dem dey caus destruction or much damage) flames wey dey halt for di interest of di safety (safe condition / no wahala) of di republic.,찻 Di speech innocuous one year don for one time fan such destructive (dem dey caus destruction or much damage) flames (di tin wey de show when somtin de burn) wey dey halted for di interest of di safety (safe condition / no wahala) of di republic.
"If awa smoking (to smoke / puffs) group get cancer for higher rate than di non-smoking group, then we fit feel pretty con dent say(a) smoking don cause cancer and(b) we dey murderers.","찻 If awa smoking (to smoke / puffs) group get cancer for higher rate than di non-smoking group, then we fit feel pretty con dent say(a) smoking don cause cancer and(b) we dey murderers."
"As person wey be immigrant English-language learner, fernandes first learn di difference wey dey for make person sabi how to speak for english and use di english to one own educational (di process of education dey relating to di process of education) dreams (di tins wey person de see wen e sleep) and aspirations (di will to succeed).","찻 As immigrant english-language learner himself, fernandes learn firsthand di difference between merely (just / only dat one) know how to speak (to yan / talk / express mind) for english and using english to (to make am / reach target / blow) one own educational (di process of education dey relating to di process of education) dreams and aspirations."
"Di example of failure (when tin no work out / disappointment) of wetin dey inside, because your study no fit tease apart di causal relationships (how people follow deir / connections) between di dierent variables.","찻 Di example of failure (when tin no work out / disappointment) of how di study fit apply inside, because your study no dey properly tease apart di how one thing cause another between di dierent variables."
Dem use some object-oriented patterns use 'message' forstead of 'method' to describe dis concept,찻 Some object-oriented patterns use 'message' not dat one 'method' to describe dis concept.
Di command to calculate 54 go like dis:>5^4 [1]625 much easier (no hard / simple),찻 Di command to calculate 54go like dis:>5^4 [1]625 much easier (no hard / simple)
Di whether di test measure wetin e suppose measure ask whether you dey measuring what you think you dey.,찻 Di validity (how true something be) ask say you dey measuring what you think you dey.
"Di decisions (final conclusions / choices) dey by state supreme court interpret dia own state constitution, dem dey beyond di reach or review of di federal congress or federal courts.","찻 Di decision dey by state supreme courts interpret dia own state constitution, dem dey beyond di reach or review of di federal congress or federal courts."
"Di senate tok action to prohibit di department of defense from contract wit defense contractors (builders / work people) wey require mandatory arbitration for yawa wey dey happen when person no gree, dem force am do tin wey no right, like dem take person by force, or dem do am wetin person no like, wey dey under sexual (mata wey concern body-to-body) palava claims.",찻 Di senate tok action to prohibit di department of defense from contract wit defense contractors wey require mandatory arbitration for sexual (mata wey concern body-to-body) assault claims.
We suggest how di adaptive transfer fit help reframe di questions about multilingual writers across di curriculum by informing wac research and teaching wit wid.,찻 We suggest how adaptive transfer fit help reframe questions about multilingual writers across di curriculum by inform wac research and teaching wit wid.
E get di nml criterion.,찻 Dem take di dierent approach again and you go get di nml criterion.
"Di geelong don be one of di most dominant teams over di last several years, period wey dem strung together 29-game win streak for kardinia park.","찻 Di geelong don be one of di most dominant team for di last several years, period wey dem strung together incredible 29-game winning streak for kardinia park."
"Na dem direct quote from di oral (talk-talk / wetin comot from mouth) interview and therefore dey full of di pause fillers, di false starts, and di repetitions wey dey part of oral speech.","찻 Dem dey direct quote from oral (talk-talk / wetin comot from mouth) interview and therefore dey full of di pause fillers, false start, and repetitions wey dey part of oral (talk-talk / wetin comot from mouth) speech"
Di law dey also based on state law.,찻 Di property and probate laws dey based on state law.
"for example, some states, like maine, require twenty-year period, while oda state, like nevada, require e only five year period, while oda state, like nevada, require e only five year period, while oda state, like nevada, require e only five year period.","찻 for example, some states, like maine, require twenty-year period, while oda states, like nevada, require only five-year period."
"Di martyrium of st. dikla for meryemlik, c.480, three-aisled basilica dey add above her holy cave.","찻 Di martyrium of st. thekla for meryemlik, c.480, three-aisled basilica dey add above her holy cave."
"If di condition dey true, then dose no.","찻 Di condition dey true, then e dose no."
Di soldiers shoot his friends.',찻 Di soldiers (soja mata / soldiers) shoot his friends
Di general partnerships (business join-body / two or more people wey dey work) dey similar to sole (only one / him alone) proprietorships for unlimited liability,찻 Di general partnership (di members of business venture create by contract) dey similar to sole (only one / him alone) proprietorships for unlimited liability.
Di national unity as end wey officials go foster (support / train pikin) by persuasion and example no dey question.,찻 Di national unity as end wey officials go foster (support / train pikin) by persuasion and example no dey question.
Di order for issue- like di order request (to ask for help or info / application) for new york times- no prohibit but only postpones publication.,찻 Di order wey dey issue- like di order wey dey request (to ask for help or info / application) for new york times- no prohibit but only postpone publication.
"Di bodi of secondary (level wey follow / not as important as de main one) law dey formally adopted (to take pikin as your own / pick new style) by legitimate lawmaking authority, then e become primary law.","찻 Di bodi of secondary (level wey follow / not as important as de main one) law dey formally adopted (to take pikin as your own / pick new style) by legitimate lawmaking authority, then e become primary law."
"E no e say, in addition to di lubricating proteins, e dey possible f or bulbour ethr al fluid to pickup sperm already (E don happen / since / before-before) pr e-ejaculat e.","찻 E dey important to note say, for addition to di lubricating proteins, e dey possible f or bulbour ethr al fluid to pickup sperm already (E don happen / since / before-before) present for di ur ethr a, and e dey able to cause pregnancy."
We skip to di next line.,"찻 Di line wey no dey words dey ""uninteresting (for arousing no interest or attention or curiosity or excitement or excitement)"" to us so we skip to di next line."
"Whereas trade secrets (under-carpet mata / hidden tins) protect confidential company information, patents (law pawa to own idea) protect processes (procedures / styles to do work) plus inventions, plus trademarks protect brands plus identity, copyright na designed to protect creativity.","찻 Di trade secrets (under-carpet mata / hidden tins) protect confidential company information, patents (law pawa to own idea) protect process and inventions (di Creation of something for di mind), and trademarks (company brand marks / signs) protect brands and identity (who person be / real name and face), copyright dey designed (bin arrange / build follow plan) to protect creativity."
"Di one hand, private individual wey defamatory fal sehood don dey injured (person wey get wound / damage property) by defamatory fal sehood say e no fit meet di rigorous requirements of new york times.",찻 Di private individual wey dey injured (person wey get wound / damage property) by defamatory fal sehood wey dey concern issue of public or general interest no recourse (na legal right to look for recovery or compensation against responsible persin) unless he fit meet di rigorous requirements of new york times.
Di class a template wey dey use to construct an object,찻 Di template wey dey use to construct an object
"Di chair dey di chair wey dey abraham lincoln sat for while draft di emancipation (di parent's relinquishing authority and control over a minor child) proclamation (public talk / announcement), as long as di chair dey owned by di person wey wish to destroy am, di owner go simply load am into hin or her truck (trailer / lorry / big motor for load) and haul am to di dump.","찻 As long as di chair dey owned (wetin person get for hand / property) by di person wey wish to destroy am, di owner go simply load am into hin or her truck (trailer / lorry / big motor for load) and haul am to di dump."
"Di participants dey chinese, one dey sudanese, and two dey indonesian, one of whom dey chozin","찻 Di participants dey chinese, one dey sudanese, and two dey indonesian, one of whom dey chozin."
"First amendment (wey go bring freedom to pipo) protect no only di dissemination but also di receipt (na written proof say money, goods, or property done receive) of information and ideas","찻 First amendment (wey go bring freedom to pipo) protect no only di dissemination but also di receipt (na written proof say money, goods, or property done receive) of information and ideas."
Di right side of di formula to drug*therapy.,찻 Di right side of di formula to drug*therapy.
E no dey problem for reither.,찻 Dem try a slightly dierent example:>1+2*4
"Di big promise of di bayesian (one kind of statistical method) approach: you do di analysis you go do, and express what you believe di data dey tell you.","찻 Di big promise of di bayesian (one kind of statistical method) approach: you do di analysis wey you go do, and express what you believe di data dey tell you"
"Na farh observe di same day say hin tok say di blog post (to send message / position for work) na a""poorly executed (na wen di persin dem wey suppose sign done sign contract already) parody.",찻 Di same day say hin think di blog post (to send message / position for work) na poorly executed (na wen di persin dem wey suppose sign done sign contract already) parody
"Di problem dey say di word\likelihood"" don very speci c meaning for frequentist (one wey like frequency way) statistics, and e no dey quite di same as what dem means for bayesian (one kind of statistical method) statistics.","찻 Di problem na say di word\likelihood"" don very speci c meaning for frequentist (one wey like frequency way) statistics, and e no dey quite di same as what dey means for bayesian (one kind of statistical method) statistics."
"We need more time, but for me na one of those or maybe e fit be something we work together and feed each oda ideas, but no response.","찻 For me na one of those or maybe e go be something we work together and feed each oda ideas, but no response."
"Di interview dey transcribed, read repeatedly (every time / again and again) and analyze to understand di resources wey dem use support dia writing development.","찻 Di interview dey transcribed, read repeatedly (every time / again and again) and analyze to understand di resources wey di writers use to support dia writing development."
"Di maximum (de highest level / e no fit pass dere) amount of glucose wey dey covered (something wey security or insurance don take care of) na about 375 mg min, whereas for females, na about 300 mg min, whereas for females, na about 300 mg min","찻 Di maximum (de highest level / e no fit pass dere) amount of glucose wey dey recovered na about 375 mg min, whereas for females, e dey about 300 mg min."
But canagarajah (2006b) use dis example to argue (to drag mata / try to prove point) for di need to recognize say multilingual students' native languages and cultures go dey dem take am as resources forstead of problems.,찻 Di example go argue (to drag mata / try to prove point) for di need to recognize say multilingual students' native languages and cultures go dey treat as resources forstead of as problems.
How you take sabi?,찻 How you know?
Di prostate dey ormed of both muscular and glandular tin sues (E carry person go kote).,찻 Di prostate dey form of both muscular and glandular tissues.
E dey teach (to show person de way / lecture) first year business students to summarize: abstract writing assignment,찻 E dey teach (to show person de way / lecture) first year business students to summarize: abstract writing assignment
First amendment (wey go bring freedom to pipo) contains several important clauses (sections inside law or agreement) wey dey pertaining to speech and religion.,찻 First amendment (wey go bring freedom to pipo) contains several important clauses (sections inside law or agreement) wey dey related to speech and religion.
"for example, even if we need sabi how to used urllib and beautifulsoup code, we no need sabi how d libraries dey work internally (di inside or from inside di inside).","찻 We need know how to use di urllib and beautifulsoup code, we no need to know how those libraries work internally (di inside or from inside di inside)."
"Di problem don dey tolerate ambiguity and complexity for presentation of statistical ideas, as long as dem dey assured say di assessment standards fit set for fashion (style of cloth wey de popular for one time) wey dey appropriate for dem.","찻 Dem no seem to get alot of problems tolerating ambiguity and complexity for presentation of statistical ideas, as long as dem dey assured (sure / dem promise) say di assessment standards go beset for fashion (style of cloth wey de popular for one time) wey dey appropriate for dem."
"Di menstrualabeginner's guide 57 blood don consider unclean, her illness go dey also caus social ostracization.","찻 Di menstrualabeginner guide 57 blood dey consider unclean (no-clear / no-clear), her illness go dey also caused (wetin make de tin happen) social ostracization."
Di case you go use di continue statement to skip to di next iteration (doing the same thing again and again) without finish di bodi of di loop fo r di current iteration.,찻 Di continue statement to skip to di next iteration (doing the same thing again and again) without finishing di bodi of di loop fo r di current iteration.
"Others inside di republican party, however, bin be nervous about im nomination given im lack of judicial experience.",찻 Dem dey nervous about her nomination give her lack of judicial experience.
"Di physical assault no be, by any stretch of di imagination, expressive (di expression wey dey characterized by expression) conduct protected by First amendment (wey go bring freedom to pipo).","찻 Di physical assault no dey, by any stretch of di imagination, expressive (di expression wey dey characterized by expression) conduct protected by First amendment (wey go bring freedom to pipo)."
Di output dey detailed: grade test2 grade test1 numbers wey describe: grade test2 grade test1 difference mean 58. 385 56. 980 1. 405 std dev.,"찻 404- paired samples t-test variables: grade test2, grade test1 numbers wey describe: grade test2 grade test1 difference mean 58. 385 56. 980 1. 405 std dev."
We no believe say when Congress write out special exception for diatrical production wey dey suppose protect only a narrow (small space / not wide) and limited category of professionally (di professional manner wey dey professional manner for professional manner) produce plays.,찻 We no believe say wen congress write out special exception for diatrical productions wey dey suppose protect only narrow (small space / not wide) and limited category of professionally produced (bin make / bring out result) plays.
"Na one or more loops""inside"" of one loop.","찻 Na one or more loops""inside"" of one loop."
"If you dey work wit visible bodi piercing or tattoo, you go fire (di tin wey de show when somtin de burn).","찻 If you come into work with visible bodi piercing or tattoo, you fit be fire (di tin wey de show when somtin de burn)."
Di primary oocyt e no w secre thin (lean / something wey no thick) ac ellular membrane called di Z ona pellucida wey fit l play critical role for fertilization.,찻 Di primary oocyt e no w secrete thin (lean / something wey no thick) ac ellular membrane wey dey call di z ona pellucida wey fit play critical role for fertilization.
"I dey talk about one group wey dey having\lower"" score dis time around, e dey more sensible to use di negative form of di t-statistic.","찻 I dey talk about one group having\lower"" scores dis time around, na more sensible to use di negative form of di t-statistic."
"within di intestinal cells, dis triglycerides dey packaged along with dem cholesterol molecules (the smallest unit of a substance, wey get atoms joined together) wey dey inside phospholip vesicles wey dem dey call chylomicrons (figure 24.12).","찻 Di triglycerides dey package along wit cholesterol molecules (the smallest unit of a substance, wey get atoms joined together) for phospholipid v esicles cal ledchylomicr ons(figure 24. 12)."
maybe someone go like write version wey dey to use di tidyverse,찻 Di someone go like to write aversion wey dey use di tidyverse
Di acidosis and alk alosis dey caused (wetin make de tin happen) by metabolic or respiratory (di respiration wey dey pertaining to respiration) disorders (when everything don scatter and e no make sense again).,찻 Di acidosis and alk alosis go dey caused (wetin make de tin happen) by either metabolic or r espir atory disorders (when everything don scatter and e no make sense again).
"I start wit di amped"" distribution show for hintogram for figure 10. 8. 8. 8.","찻 To do dis, I start wit di amped"" distribution show for di hintogram for figure 10. 8."
Di article fit set forth (to come out / move forward) anything di partners (people wey join body do business / paddy) wish to include about how di partnership (di members of business venture create by contract) go run,찻 Di articles (items / sections for law book) fit set forth (to come out / move forward) anything di partners wish to include about how di partnership (di members of business venture create by contract) go run.
"Di sodium dey freely (free-free / anyhow) filter through di glomerular capil laries of di kidneys, and although much of di fil trate and urine dey normally excreted.","찻 Di sodium dey freely (free-free / anyhow) filtered through di glomerular capil laries of di kidneys, and although much of di filtered sodium dey eabsorbed for di proximal convoluted tubule, some remain for di fil trate and urine, and e dey normally excreted."
We go see for moment,찻 We go see for moment).
"We go talk much about study of one or few examples for dis lectures, but dem no dey valuable tools","찻 We no go talk much about study of one or few examples for dis lectures, but dem no dey very valuable tools"
"Di same token, any suggestion (di idea wey dey suggest for di idea wey dey suggest) say hess' speech amount to""fighting words"", chaplinsky v. new hampshire(1942), no fit get scrutiny (to check mata with searchlight / deep inspection).","찻 Di same token, any suggestion (di idea wey dey suggest for di idea wey dey suggest) say hess' speech amount to""fighting words,"" chaplinsky v. new hampshire(1942), no fit resist scrutiny (to check mata with searchlight / deep inspection)."
Dem tok say we dey talk about iq scores,찻 We dey talk about iq scores
"Di test of main effect of sugar(di first test)completely ignore milk, whereas di test of main effect of milk(di second test)take sugar into account.","찻 Di test of di main eect of sugar(the rst test)completely ignor milk, whereas di test of di main eect of milk(the second test)dey take sugar into account."
"Di example, let ypdenote di grade of dip-th student for di class.","찻 Di example, let ypdenote di grade of dip-th student for di class."
Di plot dey informative(it display di entire group of related numbers or data wey belong together wit no loss of information for all!),찻 Di plot dey very informative(it display di entire group of related numbers or data wey belong together wit no loss of information for all!)
Di parties go assent to agreement even if dem represent bad bargains (to price market / agreement price),찻 Di parties go assent to agreements (di statement (oral or written) of exchange of promises) even if dem represent bad bargains (to price market / agreement price).
"Di discussion make clear, I hope, na say when attempt to construct statistical hypothesis test di researcher actually get two quite distinct (different / clear) hypotheses (di proposal wey dey suppose explain certain facts or observations) to consider.","찻 I hope, na say wen attempt to construct statistical hypothesis test di researcher actually get two quite distinct (different / clear) hypotheses (di proposal wey dey suppose explain certain facts or observations) to consider."
"Whether or no a region fit be trademarked (a geographic indicator, or gi)na di subject of some controversy, especially with awa trading (business / exchange) partners (people wey join body do business / paddy).","찻 Di subject of some controversy, especially wit awa trading (business / exchange) partners (people wey join body do business / paddy)."
I discover say di actual margin of dat game na 33 points,찻 I discover say di actual margin of dat game na 33 points
"If you pick 5 pipo for random and then nd di person wit di highest (de oga kpatakpata / top level) iq score, dem go get above average iq.","찻 If you pick 5 pipo for random and then nd di person wit di highest (de oga kpatakpata / top level) iq score, dem go get above average iq."
E no dey property of any government,찻 Di property of any government no dey di property of any government.
Dem dey rare (no dey plenti) explicit viewpoint (how person take see de mata / opinion) discrimination case.,찻 Di rare (no dey plenti) explicit viewpoint (how person take see de mata / opinion) discrimination case.
"Di appellant challenge di constitutionality (if e follow de law of de land) of di criminal syndicalism statute under di first and fourteenth (number fourteen) amendments (adjustments to change law or agreement) to di united states constitution, but di intermediate appellate court of ohio affirm hin conviction wit opinion.","찻 Di appellant (na court wey dey review decision wey lower court make) challenge di constitutionality (if e follow de law of de land) of di criminal syndicalism statute under di first and fourteenth amendments (adjustments to change law or agreement) to di united states constitution, but di intermediate appellate court of ohio affirm hin conviction without opinion."
"Di reading no require di goment to undertake di difficult task of proving (to show prove / confirm) wich, as between peaceful and nonpeaceful purposes (reasons why things dey happen), defendant specifically preferred (dem like more); knowledge dey enough.","찻 Di reading no require di goment to undertake di difficult task of proving (to show prove / confirm) which, as between peaceful and nonpeaceful purposes, defendant specifically preferred (dem like more); knowledge dey enough."
"E no be fully (well) one number wey describe, and no be fully inference (to guess from numbers).","찻 E no dey quite numbers wey describe, and no dey quite inference (to guess from numbers)"
"As dem try read di materials (tins wey dem use for teaching) multiple times, dem still felt uncertain about what di text dey discuss.","찻 Di sometimes, even afta dem try read di materials (tins wey dem use for teaching) multiple times, dem still felt uncertain about what di text dey discuss."
"Di class of di today variable dey""date""","찻 Di class of di today variable dey""date""."
"Di move dey accept, and now we to start again","찻 Di move dey accept, and now we start again"
"E dey okay, assuming (to tink say na so e be / suppose) you understand di dierent, you go wonder why dem dey right?","찻 Di dierent, you go wonder which of dem dey right?"
Di truesampling distribution forxis no di same one wey di null idea predict: di most likely value for xis now 55 out of 100.,찻 Di most likely value for xis now 55 out of 100
Di lawsuit go also dey dismiss (to sack / throwey case / tell person make e go) since dem no dey moot,찻 Di lawsuit go also dismiss (to sack / throwey case / tell person make e go) since e dey now moot
Di president fit control di judiciary by making (to dey build or produce something) careful (to look well / watch out) judicial selections (choosing / pick-pick).,찻 Di president go control di judiciary (di part of government wey de interpret and use law) by make careful (to look well / watch out) judicial selections (choosing / pick-pick).
"Di axis label don quite t anymore, but we create new one: di axis label don quite t anymore.","찻 We don xed di problem, but we don create new one: di axis label don quite t anymore"
Di sort()function provide dis capability (to get pawa to do somtin).,찻 Di sort()function provide dis capability (to get pawa to do somtin)
"When a lawyer recklessly accuses a judge of breaking di judicial code of conduct with no supporting evidence beyond im dissatisfaction with di judge's rulings (judgment from judge / final talk for case), wey lawyer abuses im privilege to practice law.","찻 Di lawyer recklessly accuse judge of violating (to break law / mess up rule) di judicial code of conduct wit no support evidence beyond her dissatisfaction wit di judge's rulings (judgment from judge / final talk for case), say lawyer abuse her privilege to practice law."
"For ur ea, k+, ammonia(nh 3), creatinine, and some drugs wey dey secret for di fil trate as waste (to trowey something wey useful / dirt) products (all de things wey dem produce to sell).","찻 Di sub tanc es, such as ur ea, k+, ammonia(nh 3), creatinine, and some drugs dey secreted into di fil trate as waste (to trowey something wey useful / dirt) products (all de things wey dem produce to sell)."
"Na why anyone go actually wan study say i no know, but make we suppose e deeply care about dis.","찻 Na why anyone go actually wan to study say i no know, but let suppose i really, deeply care about dis"
For di very inception of di proceedings (all de things wey dey happen for kote or meeting) di judge tok say neither (no be one or di other) hin nor anyone else go restrict (to hold back / put boundary) prejudicial news account.,찻 Di judge tok say neither (no be one or di other) hin nor anyone else go restrict (to hold back / put boundary) prejudicial news account.
Di le panel go use to do oda things too.,찻 Di le panel go use to do oda things too.
All of dat dey just setting (where de mata happen / environment) di stage,찻 Di stage dey just setting (where de mata happen / environment) di stage.
"Di standard tools wey dey use analyse (to look somtin wella to sabi am) experimental (for experiment wey dey relating to or based on experiment) data for many decades, and you go nd say you no read more than two or three-539- paper for psychology without running into anova for there somewhere (one place).","찻 Di standard tools wey dey use to analyse (to look somtin wella to sabi am) experimental (for experiment wey dey relating to or based on experiment) data for many decades, and you go nd say you no fit read more than two or three-539 paper for psychology without running into anova for there somewhere (one place)."
"I call dem x1, x2, x3, x4andx5","찻 I call dem x1, x2, x3, x4andx5."
"Demckee v. cosby, 586 u. s.","찻 Thomas, j, concurrin for denial (to say ""No"" / rejection / say you no sabi) of certiorari)."
"Di eighth amendment protections go extend (to make am long / increase de reach) to all pipo wey dey u. s. authorities, whether dem dey on u. soil or no.","찻 Di eighth amendment protections go extend (to make am long / increase de reach) to all held (wetin judge or court bin decide) byu. s. authorities, whether dem dey on u. s. soil or no."
Di capil lary since bc op na greater (E big pass / more-more) than chp.,찻 Di net r eabsorption occurs (E dey happen / e dey show face) near di v enous end of di capil lary since bc op dey greater (E big pass / more-more) than chp
Di situation dey much simple,찻 Di situation dey much less simple.
"As a check on di majority go, plus on di power of larger (wey big pass) states, di senate na a smaller body with one hundred members(two from each state)plus with less frequent (many times / always) elections(every six years).",찻 Di senate dey smaller body wit one hundred members(two from each state)and wit less frequent (many times / always) election(every six years).
Di several types of co-ownership interests (all de tins wey person eyes dey look / benefits) dey recognise (to know) for law.,찻 Di several types of co-ownership interest dey recognize for law.
Di stolen (wetin thief carry / things wey loss by force) valor act infringe upon speech protected by First amendment (wey go bring freedom to pipo).,찻 Di stolen (wetin thief carry / things wey loss by force) valor act infringe upon speech protected by First amendment (wey go bring freedom to pipo).
Na some specific strategies wey go dey devised to ensure say bookkeepers or accountants (someone wey dey maintain and audit business account accounts) no skim money from di business?,찻 Na some specific strategies wey dey devised to ensure say bookkeepers or accountants (someone wey dey maintain and audit business account accounts) no skim money from di business?
"Na, suppose i only wan to round am to two decimal place: dat na, i wan to get 3. 14 as di output.","찻 Di suppose round am to two decimal place: na, i wan to get 3. 14 as di output."
E dey attitude thing,찻 E dey attitude thing
Di case go dey try based on di civil Di responsibility wey person get to provide enough evidence to prove their case preponderance of di evidence.,찻 Di case go try based on di civil burden of proof preponderance of di evidence.
"Di plot dey draw using di scatter3d() function for di carpackage, and e look like when you include two predictors (wetin fit predict).","찻 Di plot dey draw using di scatter3d function for di carpackage, and e look much nicer before e get butchered by di image conversion process wey i use to get am into di book pdf)-463- 15. 3. 2 formula for di general case di equation wey i give above show you what multiple regression model look like wen you include two predictors (wetin fit predict)."
"Na one day dem give me""you do dis one""and i do for my home and then give am to him","찻 Di one day dem give me ""youyou do dis one""and i do for my home and then give am to him"
"Di u. s. supreme court di supreme court dey discretionary, no mandatory.","찻 Di u. s. supreme court di supreme court's pawa of kot to judge case dey discretionary, no mandatory"
"Di judge go likely find hin or her to be surprisingly human, honest (to de always talk true and to no do wayo), and above all, fair.","찻 If you go get experience wit judge, you go likely find am or her to be surprisingly human, honest (to de always talk true and to no do wayo), and above all, fair."
"Wey peggy lindsey and deborah crusan show how assessment of student writing dey affect di knowledge wey faculty get about students nationality and language background, but say dis effect dey in part, on di method of assessment.","찻 Di effect dey for either direction (which way e dey go), dependent (wetin dey depend), for part, on di method of assessment."
Dem win election (di process wey pipu de use take vote) as governor of new york.,찻 Dem won election (di process wey pipu de use take vote) as governor of new york
E no important.,찻 E no dey important.
"Di ofcourse leave di simple negligence (na wen persin no dey give proper care, and dis cause harm) standard as option, w ith di jury free to impose (to force law or fine for person head) damages upon finding say di publisher fail to act as reasonable man","찻 Di ofcourse leave di simple negligence (na wen persin no dey give proper care, and dis cause harm) standard as option, w ith di jury free to impose (to force law or fine for person head) damages upon finding say di publisher fail to act as""a reasonable man"""
"For validate such selectivity (where totally proscribable speech dey issue), e no be necessary to identify any particular""neutral (no-man's land / e no follow any side)"" basis, so long as di nature of di content discrimination dey afoot.",찻 Di nature of di content discrimination dey such say no real possibility (something wey fit happen / chance dey) robson First amendment (wey go bring freedom to pipo) 82 say official suppression of ideas dey afoot.
Di xplanation best describe wh y plasma proteins fit function as buffers?,찻 A. plasma proteins b. hemoglobin c. phosphate buffers d. bicarbonat e: carbonic acid buffer 22. wey dey describe how plasma proteins fit function as buffers?
Di statement like dis dey call compound statements because dem stretch across more than one line.,찻 Di statement like dis dey call compound statement bikos dem stretch across more than one line.
Di rule wey go impose (to force law or fine for person head) strict (no-nonsense / follow de rule exactly) liability on a publisher for false factual assertions (to talk with full chest / claim) go get strict value for speech wey dey public figures wey dey don get constitutional value.,"찻 Di rule wey go impose (to force law or fine for person head) strict (no-nonsense / follow de rule exactly) liability on publisher for false factual assertions (to talk with full chest / claim) go get undoubted ""chilling""effect on speech wey dey relating (concern / how things link body) to public figures wey dey constitutional value."
"We go examine di common methods of adr, including di benefit and drawbacks to each.","찻 We go examine di common methods of adr, including di benefit and drawbacks to each."
E dey common to seeexwritten as exp pxq.,찻 E dey common to seeexwritten as exp pxq.
"Di intuition (to understand wetin somtin mean when person neva think am) wey we all share turnout to be correct, and statisticians (pipo wey sabi statistics) to talk about am as di law of large numbers","찻 Di intuition (to understand wetin somtin mean when person neva think am) say we all share turnout to be correct, and statisticians (pipo wey sabi statistics) to talk about am as di law of large numbers"
"suppose get two variables xandy, wey dey var pxqand varpyqrespectively","찻 Di means: suppose i get two variables xandy, wey dey variances var pxqand varpyqrespectively (di order wey dey given for di order wey dey give)."
"Di jury don find against respondent on di libel (na false written statement wey dey damage persin reputation) claim, specifically finding say di ad parody no dey understand as describing (di description wey dey give a description wey dey give) actual facts about[respondent] or actual events wey dey participated.","찻 Di jury don find against respondent on di libel (na false written statement wey dey damage persin reputation) claim, specifically finding say di ad parody no dey understand as describing (di description wey dey give a description wey dey give) actual facts about[respondent] or actual events wey dey participate"
Di participant's experience dey offer insights for wi faculty wey choose to assign (to give value) collaborative activities or use When other experts in a field check and judge a research paper before it gets (E dey collect / e reach) published (na wen somtin dey make known or distribute through media).,찻 Di participant's experience offer insights for wi faculty wey choose to assign (to give value) collaborative activities or use peer (mate / level) review.
"Di conventions dey advisable to follow these conventions, and there dey many situations (kinds of mata wey fit happen for one place or time) wey dey advisable to follow dem, but e dey generally good idea to follow dem when you fit follow dem, but e dey generally good idea to follow dem when you fit follow dem.","찻 Na many situations (kinds of mata wey fit happen for one place or time) wey dey advisable to ignore dem, but na generally good idea to follow dem wen you fit use informative (di tendence to increase knowledge or dissipate ignorance) name of variable."
I go jump straight to show you how t-tests dey done for practice.,찻 I go jump straight to show you how t-test dey done for practice.
We call di original class di parent (papa or mama) class and di new class di child (pikin / smallie) class.,찻 We call di original class di parent (papa or mama) class and di new class di child class.
Di index an integer value wey dey indicate an element for list.,찻 Di index an integer value wey dey indicate element for list.
"Dem no end di inquiry (ask-ask / find-out), however.","찻 Dis no end di inquiry (ask-ask / find-out), however."
"Because of dis mathematical law, di bell way dey to show many times for real data.",찻 Di bell way to show many times for real data.
"We hope say di framework of adaptive transfer go help (to make am / reach target / blow) such ends (where e finish / targets), so say wac researchers and faculty across di disciplines fit ethically and effectively (sharp sharp) help students learn to write and value students' multilingual, idiosyncratic way of write and know as part of dat enterprise.","찻 We hope say di framework of adaptive transfer go help (to make am / reach target / blow) such ends (where e finish / targets), so say wac researchers and faculty across di disciplines (areas of study or field of knowledge) go learn to write and value students' multilingual, idiosyncratic way of writing and know as part of dat enterprise."
"Di advent of di internet and di decline of print and tori wey dey komot for tv, radio, or oda machine wey plenti pipo dey hear, di line between di media and oda speakers (talkers / sound boxes) wey wish to comment (remark / talk) on political and social issues become more blurred",찻 Di line wey dey between di media and odas wey wish to comment (remark / talk) on political and social issues dey far more blurred
Di respondent dey indicted under di stolen (wetin thief carry / things wey loss by force) valor act for lying about di congressional (concern de law-makers / National Assembly mata) medal of honor for di meeting (gathering / discussion group).,찻 Di respondent dey accuse under di stolen (wetin thief carry / things wey loss by force) valor act for lying about di congressional (concern de law-makers / National Assembly mata) medal of honor for di meeting (gathering / discussion group).
"Di papers wey dey help, you go notice say staplewex as argument, but no mention (to talk about am small) of whisklty.","찻 Di documentation wey dey help, you go notice say e no mention (to talk about am small) staplewex as argument, but nano mention of whisklty."
Di iconoclasts fear say christians pray before icons dey worshipping inanimate objects (things / items),찻 Di iconoclasts fear say christians praying before icons dey worship (to serve God / praise) for animate objects (things / items).
Di body dey function of chemical buffers and ph di acidbase homeos tasis of di body dey function of chemical buffers and ph di acidbase homeos tasis of di body dey function of chemical buffers and ph di acidbase homeos tasis of di body dey function of chemical buffers and ph ysiologic buff ering provided (as far as / if to say / supply) by di lungs and kidneys.,찻 Di acidbase homeos tasis of di bodi na function of chemical buffers and ph ysiologic buff ering provided (as far as / if to say / supply) by di lungs and kidneys.
We need to remember na say ris no for all tolerant wey dey kom to grammar (di rules for language) and spacing.,찻 We need to remember na say ris no dey all tolerant wen dem kom to grammar (di rules for language) and spacing.
Di last line dey prompt wey indicate say di interpreter dey ready for you enter code,찻 Di last line dey prompt wey indicate say di interpreter dey ready for you to enter code
I no need use am,찻 E no even need to use am
We no get any problem as for anomalous data dey concerned (to dey worried).,찻 We no get any problem as for anomalous data dey concerned (to dey worried).
Di sentence (prison time / group of words) go dey meaningless (na no meaning or direction or purpose or purpose or purpose).,찻 Di sentence (prison time / group of words) go be meaningless (na no meaning or direction or purpose or purpose or purpose or purpose).
Di pth dey release and more ca++remain for di forming urine to be lost (something wey miss / person wey no find im way).,찻 Di phosphate level move for di opposite direction (which way e dey go).
"Di intimidating message dey di only message wey dey convey (to pass message / move something from A to B), for oda times di intimidating message na di only message wey dey convey.",찻 Di intimidating message dey di only message wey dey convey (to pass message / move something from A to B).
Di united states district court tok say dem no afford fair trial,찻 Di united states district court tok say hin no afford fair trial* * * di court of appeal for di sixth (number six) circuit reversed (to change de judgment / turn am back) by divide vote (to choose leader / drop thumbprint).
to bring data from nightgarden.,찻 Di loading data from nightgarden
"Di early cartoon wey george washington as ass down to di present day, graphic depictions and satirical cartoons don play prominent (well-known or important) role for public and political debate (fomal talk where two pipu dey talk against each oda).","찻 Di early cartoon wey dey portray george washington as ass down to di present day, graphic depictions and satirical cartoons don play prominent (well-known or important) role for public and political debate (fomal talk where two pipu dey talk against each oda)."
"for true, e very e easy to talk wetin R dey do here, but small trickier to explain why R dey do am.","찻 E dey simple to explain what dey do here, but slightly trickier to explain why dey do am"
"Di mtdna of all of di oda homo sapiens females wey were living 200, 000 years ago?","찻 Di mtdna of all of di oda homo sapiens females wey dey live 200, 000 years ago?"
"for example, though hospitals dey inform (to tell / give info) clients (customers / people wey hire expert) of their right to receive language services, many dey do so only for English.","찻 for example, though hospitals dey inform (to tell / give info) clients (customers / people wey hire expert) of their right to receive language services, many dosoonly for English."
"For general rdo pretty good job of selecting di breaks on its own, since e make use some quite clever tricks wey statisticians (pipo wey sabi statistics) don devis for automatically select di right bin for hintogram, but nevertheless (but still) e dey usually good idea to play around wit di breaks a bit to see what happen.","찻 E dey use some quite clever tricks wey statisticians (pipo wey sabi statistics) don devis for automatically select di right bins for hintogram, but nevertheless (but still) e dey good idea to play around wit di breaks a bit to see what dey happen."
"E dey fairly elegant mathematically (we dey respect to mathematics wit respect to mathematics), and e dey express in di same unit (one single piece / section) as di data so e fit interpret pretty well.","찻 E dey fairly elegant mathematically (we dey respect to mathematics wit respect to mathematics), and e dey express for di same unit (one single piece / section) as di data so e fit interpret pretty well"
"Di gnrh activates di anterior pituitar y to produce lh and fsh, wey s timulat e di production of estrogen and progesterone by di ovaries.","찻 Di gnrh activates di anterior pituitar y to produce lh and fsh, wey s timulat e di production of estrogen and progesterone by di o varies."
"Di state' broader (more wide / general pass) power to prohibit obscene expression, such expression must be, for some significant way, erotic (somtin wey de related to konji).","찻 Di expression must be, for some significant way, erotic."
Dem go take 3:12: 30:8 seconds longer than alan go.,찻 Ben really don take 3:12: 30:8 seconds longer than alan don do.
"Di same time wey water dey freely (free-free / anyhow) diffuse out of di descending loop as dem dec end deeper into di medul la, urea freely diffuse into di lumen of di descending loop as dem dec end deeper into di medul la, urea freely diffuse into di lumen of di descending loop as dem dec end deeper into di medul la, urea","찻 Di same time say water dey freely (free-free / anyhow) diffuse out of di descending loop through aquaporin channel into di int erstitial spaces of di medul la, urea freely diffuse into di lumen of di descending loop as e descend deeper into di medul la, much of e to be r eabsorbed from di forming urine wen e reach di collecting duct."
Understand di how two things dey related state plus federal systems of government.,찻 Understand di how two things dey related state plus federal systems of government.
Di national public radio story for one physician (doctor) account of how di death wit dignity act don affect hin practice.,찻 Di national public radio story for one physician (doctor) account of how di death wit dignity act don affect hin practice.
"Di pc o2 go normal for first, but if compensation don decrease (make somtin de turn to small) as di bodi r eestablish di proper ratio (wey get true zero) of bicarbonat e and carbonic acid c o2 go decrease as di bodi r eestablish di proper ratio of bicarbonat e and carbonic acid c o2","찻 Di pc o2 go normal for first, but if compensation don decrease (make somtin de turn to small) as di bodi r eestablishes di proper ratio (wey get true zero) of bicarbonat e and carbonic acid co2."
"Di mitochondria will power di flag ellum, wey extend (to make am long / increase de reach) from di neck and di mid-piece through di tail of di sperm, enabling am to move di entire sperm cell.","찻 Di mitochondria go power di flag ellum, wey extend (to make am long / increase de reach) from di neck and di mid-piece through di tail of di sperm, enabling am to move di entire sperm cell."
"As you download and install r, you go get all di basic\packages"", and dem dey powerful on dia own","찻 As you download and install r, you go get all di basic\packages"", and those dey powerful on dia own."
Subjecting refugees to detention dey induce unnecessary (we no need necessary) psychological fear and harm.,찻 Subjecting refugees to detention dey induces unnecessary (we no need necessary) psychological fear and harm.
"Di defendant believe di complaint dey devoid of any merit, na fatal error.","찻 Di defendant believe di complaint dey devoid of any merit, na fatal error."
Di matter does dat matter?,찻 Di matter?
Di interpretation of 2is equally (same-same / level ground) straightforward (di ambiguity dey free from ambiguity): e to talk about di proportion of di variability (how numbers dey different) for outcome variable( mood. gain) wey dey explain for terms of di predictor( drug).,찻 Di interpretation of 2is equally (same-same / level ground) straightforward (di ambiguity dey free from ambiguity): e to talk about di proportion of di variability (how numbers dey different) for di outcome variable( mood. gain) wey dey explain for di predictor( drug).
Di statisticians (pipo wey sabi statistics) dey like to write dis slightly dierently.,찻 Di statisticians (pipo wey sabi statistics) dey like to write dis slightly dierently
"We don assume say dis residuals dey normally distributed (how dem put themselves), wit mean 0","찻 We don assume say dis residuals dey normally distributed (how dem put themselves), wit mean 0"
Di roe hold say woman get right to privacy and say her right to privacy must balance against di goment interest for preserving (di cause to remain or last) human life,찻 Di roe tok say a woman get right to privacy and say her right to privacy must be balanced against di goment interest for preserving (di cause to remain or last) human life
For 180 days of di alleged (wetin dem talk say happen but never get proof) discriminatory (to partial / treat person bad because of who dem be) act taking (to carry / to collect) place.,찻 Any eeoc complaint must be filed within 180 days of di alleged (wetin dem talk say happen but never get proof) discriminatory (to partial / treat person bad because of who dem be) act taking place.
"Di uncle, however, dey worried about maintain limited liability","찻 Di uncle, however, dey worried aboutining limited liability"
For di class of variable wey you dey use?,찻 Di speci c method dey dened for di class of variable wey you use?
Di measure wey dey based on di mean don occasionally show up for psychology though.,찻 Di measure wey dey based on di mean don occasionally show up for psychology though.
Di cross burnings wey dey embodi threat to pipo wey di klan dey antithetical to dia goal.,찻 Di cross burnings dey embodied threats to pipo wey di klan dey antithetical to its goals (targets / wetin person want reach).
E don done bad job.,찻 E don done bad job.
E expand border enforcement (di act of enforcing).,찻 Dem expand border enforcement (di act of enforcing di act of enforcing).
"as result awa x2test statistic na dierent, and awa p-value na dierent too.","찻 Di x2test statistic dey dierent, and awa p-value dey dierent too."
"Di university don coordinating tsunami relief (better feeling / wetin person get from kote) work near aceh, indonesia, and don contact (to touch / reach out to person / connection) me via email (electronic message wey person de send or collect on top internet) afta learning about my study during international student orientation and from di international student association.","찻 E don just arrive at awa university from coordinating tsunami relief (better feeling / wetin person get from kote) work near aceh, indonesia, and don contact (to touch / reach out to person / connection) me via email (electronic message wey person de send or collect on top internet) afta learning about my study during international student orientation and from di international student association."
"Di t-test relies (E lean on / trust) on assumption say di observations dey sample for random from an in nitely large population; and to di extent (how far de tin reach / level) say for real life no dey like dat, then dit-test go wrong.","찻 Di t-test relies (E lean on / trust) on assumption say di observations dey sample for random from in nitely large population; and to di extent (how far de tin reach / level) say real life no dey like dat, then dit-test fit be wrong."
"Di frontpage interview entitled (to get right to something / e gats reach your hand):""dr.","찻 Di coverage (how far insurance or news cover de mata) during dis period dey frontpage interview entitled (to get right to something / e gats reach your hand)""dr."
We also use di contract form of di ifstatement wey we put di continue on di same line as di if.,찻 We also use di contract form of di ifstatement wey we put di continue on di same line as di if
Di vector wey dey indicating (di signal wey be signal for or symptom of symptom of) wich coecients we go calculate intervals for.,찻 Di vector wey dey indicate wich coecients we go calculate intervals for.
Di statutes (laws wey dem write put for book) set forth (to come out / move forward) di procedure wey out-of-state defendants (people wey dem carry go court to answer mata) go need to appear before local court.,찻 Di statutes (laws wey dem write put for book) set forth (to come out / move forward) di procedure wey out-of-state defendants (people wey dem carry go court to answer mata) go need to appear before local court.
we go see say we don get two forloops,찻 We go see say we get two forloops
Dem see snyder v. phelps(2011) (hateful protests wey dey direct for di funeral of serviceman wey die for iraq).,찻 Di hateful protest wey dey direct for di funeral of serviceman wey dey die for iraq).
Understand di meaning of jurisprudence (way to reason law) plus how its study fit lead to greater (E big pass / more-more) understanding of awa laws plus legal system.,찻 Di meaning of jurisprudence (way to reason law) and how im study fit lead to greater (E big pass / more-more) understanding of awa laws and legal system.
"We hold say, so long as dem no impose (to force law or fine for person head) liability without fault, di state go define for themselves di standard of liability for publisher or broadcaster of defamatory falsehood injurious to a private individual.","찻 We hold say, so long as dem no impose (to force law or fine for person head) liability without fault, di state go define for themselves di appropriate standard of liability for a publisher or broadcaster of defamatory falsehood injurious to a private individual."
"as long as congress dey make reasonable findings wey a certain activity don get some sort of effect on interstate (between two or more states / travels) commerce (big-time buying and selling), congress fit regulate wey activity.","찻 As long as congress make reasonable findings say certain activity don some sort of effect on interstate (between two or more states / travels) commerce (big-time buying and selling), congress go regulate say activity."
"Dis dey time consuming and annoying (e dey vex), but e don dey use(e. g, if di person dey dead)","찻 E. g, if di person dey dead)."
I dey curious (make person wan know somtin wey e no sabi before) to know which group dey more awesome,찻 I dey curious (make person wan know somtin wey e no sabi before) to know which group dey more awesome
"For proactive policies wey dey encourage (to ginger / support) ethical behavior, encourage whistleblowing, and create disintive wey dey violate (to break law / go against rule) di law for di form of company policy, training (to learn work / practice to sabi something well) programs, and kod of etik wey be guide for how pesin or oganization suppose behave for one particula field or wok.","찻 Dis fit best be accomplished (di effect wey dey put in effect) through proactive policies wey dey encourage (to ginger / support) ethical behavior, encourage whistleblowing, and create disincentives for violating (to break law / mess up rule) di law for di form of company policy, training programs, and codes (laws / signs) of etik wey be guide for how pesin or oganization suppose behave for one particula field or wok."
Di basic idea dey good one: you go wan your script to explain amself,찻 Di basic idea dey good one: you go wan your script to explain imself
"Di merchants (many big traders / market people) typically place purchase (to buy market / transaction) order wen dem wish to purchase materials (tins wey dem use for teaching), and di seller often send invoice wit di order wen dem ship.","찻 Di merchants (many big traders / market people) typically place purchase (to buy market / transaction) order wen dem wish to purchase materials (tins wey dem use for teaching), and di seller often send invoice wit di order wen dem ships."
"I use try and except na dipythonic way to recover (na obtain money, property, or relief from court judgment) from missing files (folders / official papers / computer data)","찻 ""using try plus except na di pythonic way to recover (na obtain money, property, or relief from court judgment) from missing files (folders / official papers / computer data)""."
"For default, di levenetest() function actually does di brown-forsythe test.",찻 Di levenetest() function actually does di brown-forsythe test.
Na something very similar to dis happen to bill waters,찻 Di very similar to dis happen to bill waters.
"If you owned (wetin person get for hand / property) a trade secret, what methods go you employ to protect am?",찻 Di methods wey you employ to protect am?
Di first and fourteenthamendments dey inconsistent (E dey show lack of consistency) wit di first and fourteenthamendments,찻 E dey inconsistent (E dey show lack of consistency) wit di first and fourteenth (number fourteen) amendments (adjustments to change law or agreement).
"If you dey do di tasks for money, you go also wan to keep track of how much pay you go get for each job.","찻 If you dey do di tasks for money, you go also wan to keep track of how much pay you go get for each job."
"Social support: Something wey reduce the risk of bad things happening— it protect person from harm— there dey many other protective factors wey dey reduce risk of IPV for many populations including education, parental monitoring (di act of observing something (and sometimes keeping record of am)) for adolescent relationships and couple (two / husband and wife) conflict resolution strategies and satisfaction for adult (big person / person wey don pass 18) couples.","찻 Social support: A protective factor na many other protective factors wey dey reduce risk of IPV for many populations including education, parental monitoring for adolescent relationships (how people follow deir / connections), and couple conflict resolution strategies and satisfaction for adult (big person / person wey don pass 18) couples (two / husband and wife)."
"We see, you fit do quite alot of calculation just by using dis operator.","찻 As we see, you fit do plenty calculations just by using these operators."
"I go talk about dis again later, but e dey such common mistake (error / skip / something wey person no do well) wey i go mention (to talk about am small) am here.","찻 I go talk about dis again later, but na such common mistake (error / skip / something wey person no do well) wey i go mention (to talk about am small) am here"
"Di mediation (follow-dem-talk-make-dem-settle) dey use for disputes between business, such as for contract disputes.","찻 Di mediation (follow-dem-talk-make-dem-settle) dey use for disputes between business, such as for contract disputes"
"Di only""conduct"" wey di state sought (bin find / bin look for) to punish (to discipline / give wahala) na di fact of communication (di activity of communicating).","찻 Di only""conduct"" wey di state dey punish (to discipline / give wahala) na di fact of communication (di activity of communicating)."
Di cancer-causing variants hpv 16 or hpv 18 don link to more than 70 percent of all cervical cancer diagnoses.,찻 Di cancer-causing variants hpv 16 or hpv 18 don dey linked to more than 70 percent of all cervical cancer diagnoses.
We consider di scope of rights.,찻 Di type of legal question go address wen we consider di scope of rights.
Di example of corporation wey dey convicted (na wen court or jury find persin guilty of criminal charge) of crime,찻 Di example of corporation wey dey convicted (na wen court or jury find persin guilty of criminal charge) of crime
"I go say my research goal dey to determine whether or no clairvoyance exist, so i go say my research goal dey to determine whether or no clarvoyance exist.",찻 I go tok say my research goal dey to determine whether or no clairvoyance exist.
Di process of work through di new or unfamiliar (we no dey known or well known or well known) writing tasks.,찻 Dem describe your process of work through new or unfamiliar (we no dey known or well known or well known) writing tasks
"Di purpose and organization of di book asawhole, dibook offers important overview oftransitions, challenges (di demanding or stimulating situation a demanding or stimulating situation), andstrengths ofimmigrant and refugee families as dem adjust tonew kontri andculture.","찻 Di purpose and organization of di book aswhole, di book dey offer important overview of transitions, challenges (di demanding or stimulating situation a demanding or stimulating situation) and strengths of immigrant and refugee families as dem dey adjust to new country and culture."
Immigrant homeownership dey increase and overcrowding dey decrease (make somtin de turn to small) di longer di immigrant dey live for U. S.,찻 Immigrant homeownership dey increase and overcrowding dey decrease (make somtin de turn to small) di longer di immigrant lives (different people life) for U. S.
"For 6 4.2. 5 download new packages one of di main selling (to trade market / business) points for ris say thousands of packages wey dey written for am, and dem dey all available online.","찻 E dey hidden(or \masked"")from you by di one for di psych package.6 4.2. 5 download new package one of di main selling (to trade market / business) points for ris say thousands of package wey dey written for am, and dem dey all available online."
"Di prohibition wey dey against insider trading(using nonpublic information to buy or sell stock to make money)suppose tok to encompass di idea of fairness (equal treatment / no wayo), wey dey moral consideration.","찻 Di prohibition against insider trading(using nonpublic information to buy or sell stock (market wey dey ground / shares in company) to make money)might be tok say to encompass di idea of fairness (equal treatment / no wayo), wey dey moral consideration."
"Na let's-175- get make we look how dem work, again using di afl. margin data as awa example.","찻 Dem make we look how dem work, again using di afl. margin data as awa example."
"Di goment dey correct wen dem state military medals""serve di important public function of recognizing and expressing (di expression wey dey give expression to give expression) gratitude for acts of heroism and sacrifice (give up beta tin for anoda) for military service,""and also"" 'foste[r] morale, mission accomplishment (di action of accomplishing something) and esprit decorps' among service members","찻 Di goment dey correct wen dem state military (soja mata / army) medals""serve di important public function of recognizing and express gratitude for acts (deeds / many laws wey don pass) of heroism and sacrifice (give up beta tin for anoda) for military service,""and also"" foste[r] morale, mission accomplishment (di action of accomplishing something) and esprit de corps' among service members."
"We open di file mbox. txt, we go store for di same folder (di place wey you keep work) wey you dey start python.","찻 We open di file mbox. txt, wey go store for di same folder (di place wey you keep work) wey you start python."
"We fit build on those strengths and honor their root (di main place wey everything start) culture values from their root cultures as we dey create culturally-appropriate education and intervention (di act of intervening (as to mediate dispute, etc.)) programs.","찻 We fit build onthose strengths and honor dia root (di main place wey everything start) culture values from dia root cultures as we dey create culturally-appropriate education and intervention (di act of intervening (as to mediate dispute, etc.)) programs."
"Dis recognition (to sabi person / award) dey motivate older (senior / old pass), less acculturated individuals to use credit cards.","찻 Dis recognition (to sabi person / award) dey motivate older (senior / old pass), less acculturated individuals to use credit cards."
Di same value wey dey get di same value.,찻 Di same value wey dey having di same value
di null idea: di average be zero.,찻 Di null idea value of x=0
"Di election (di process wey pipu de use take vote) dey bitter, partisan, and divisive","찻 Di election (di process wey pipu de use take vote) dey bitter, partisan, and divisive"
"Di dates really don get numeric character to dem, and e go nice to do basic addition and subtraction (minus) to dem.","찻 Dat one go be problem, because dates really don get numeric character to dem, and e go nice to be able to do basic addition and subtraction (minus) to dem."
Dem deliver (to carry something reach owner hand) di opinion of di court.,찻 Di chief justice roberts deliver (to carry something reach owner hand) di opinion of di court
Di kind of customisation wey we dey interest for?,찻 Di kind of customisations wey we dey interest for?
"While di body of knowledge about individuals dey vast (very big / plenty), family interventions (di act of intervening (as to mediate dispute, etc.)) remain understudied.","찻 Di bodi ofknowledge about individuals deyvast, family interventions (di act of intervening (as to mediate dispute, etc.)) dey understand."
"She get no option but to use smugglers for much of di journey. She don have to leave so abruptly and get so few resources say she leave her three-year-old son behind wither grandmother. Grandmother dey send Anna pictures of her small boy regularly (steady / every time) via text message, but Anna dey devastated everytime she think of him.","찻 She no get option but to use mugglers for way of di journey. She don leave so abstractly and get few resources wey she dey left her three-year old son behind wit her grandmother. Grandmother send Anna pictures of her small boy regularly (steady / every time) via text message, butanna dey devastated everytime shethinks of him."
Only 10%of di immigrant workforce dey represented by unions (join-body groups / workers association) for contrast to 14%of di native-born workforce.,찻 Only 10%of di immigrant workforce dey represented by unions (join-body groups / workers' group) for contrast to 14 percent di native-born workforce.
"for average, di sample means turnout to be 100, no matter how many pipo (di first part).","찻 Di sample means turnout to be 100, regardless (di usually follow by `of') without due thought or consideration or consideration) of sample size(panel a)."
"Sheun mills (factories / places where dem dey grind things) dey travel home for public bus for jacksonville beach (di place wey get sand or small small stone beside oshimiri), florida.","찻 Di shaun mills dey travel home on public bus for jacksonville beach (di place wey you go eat pipo), florida."
"Di jury instruction dey di model jury instruction, and because di supreme court of virginia don get di opportunity to expressly (direct / dem talk am clear-clear) disavow di jury instruction, di jury instruction construction (di act of construct something) of di prima facie provision ""is ruling on a question of state law wey dey binding on us as though di precise (correct / exact) words dey written into""di statute.","찻 Di jury instruction (di message wey dey describing how something dey done) dey di model jury instruction, and because di supreme court of virginia don get di opportunity (chance / open door) to expressly disavow di jury instruction, di jury instruction's construction of di prima facie provision ""is ruling (judgment from judge / final talk for case) on question of state law wey dey binding on us as though di precise (correct / exact) words dey written into"" di statute."
Di bodi dey rid amself of excess (extra / surplus) h+and raises (to carry go up / add money) blood ph.,찻 Di bodi rids itself of excess (extra / surplus) h+and raises (to carry go up / add money) blood ph
Di united nations (obodo / different-different countries) go advocate before di united nations.,찻 Dem go advocate before di united nations (obodo / different-different countries).
Di treatments f or bph for tempt to relieve di pressure on di ur ethr a so say urine fit flow (to move steady / water waka) more normally.,찻 Di treatment f or bph for tempt to relieve di pressure on di ur ethr a so say urine fit flow (to move steady / water waka) more normally.
Di original hypothesis test dey two-sided(we no get any theory about whether psych students go better or worse for statistics than oda students)so awa hypothesis test dey two-sided(or two-tailed)also.,찻 Di original hypothesis dey two-sided(we no get any theory about whether psych students go better or worse for statistics than oda students)so awa hypothesis test dey two-sided(or two-tailed)also.
We go copy (photocopy / duplicate) all of di variables for your one kind of table into dis new environment.,찻 E dey copy (photocopy / duplicate) all of di variables for your one kind of table into dis new environment.
Di jurisdiction dey area wey power dey exercise,찻 Di jurisdiction dey area wey power dey exercise
"E describe how learner start out wit prior beliefs (wetin you believe) about di plausibility of dierent hypotheses (di proposal wey dey suppose explain certain facts or observations), and tell you how those beliefs go revised (dem check am again / change small) for di face of data.","찻 E describe how a learner start out wit prior beliefs (wetin you believe) about di plausibility of dierent hypotheses (di proposal wey dey suppose explain certain facts or observations), and tell you how those beliefs go revise for di face of data."
"If compensation don ecurr ed, di y go increase for tempt to reestablish di proper ratio (wey get true zero) of bicarbonat e and carbonic acid co2.",찻 Di y go increase for at tempt to reestablish di proper ratio (wey get true zero) of bicarbonat e and carbonic acid co2.
We go just type dis new number into rand out go kom di answer.,찻 We go just type dis new number into rand out go kom di answer.
"R Foundation for computer for statistics, Vienna, Austria.","찻 R Foundation for Computer for Statistics, Vienna, Australia."
"International Migration Review,40(1), 27-63.","찻 International Migration Review,40(1), 27-63."
Di impact of unauthorized (without go-ahead / illegal move) immigrants onthebudget ofstate and local goment.,찻 Di impact of unauthorized (without go-ahead / illegal move) immigrants on di budgets (budgets / levels for work) of state and local governments (gofment-them / rulers).
Di common example for psychology dey study wey dey rely on undergraduate psychology students.,찻 Di common example for psychology dey studies wey dey rely on undergraduate psychology students.
Di statistic dey 2distributed (how dem put themselves),찻 Di statistic dey 2distributed (how dem put themselves).
"Dis behavior wit di common understanding say some false statements dey inevitable (di unavoidable event don dey unavoidable event) if e dey open and vigorous expression of views (how people take see de mata) for public and private conversation, expression First amendment (wey go bring freedom to pipo) seeks (person wey dey find / look for) to guarantee.","찻 Di comport wit di common understanding say some false statements dey inevitable (di unavoidable event don dey unavoidable event) if e dey open and vigorous expression of views (how people take see de mata) for public and private conversation, expression First amendment (wey go bring freedom to pipo) seeks (person wey dey find / look for) to guarantee."
"Di ordinance (local government law / official order) reach conduct wey dey unprotected, e also make criminal expressive (di expression wey dey characterized by expression) conduct wey dey unprotected, e also make criminal expressive conduct wey dey cause only hurt feelings, offense, or resentment, and dey protected by th e firstamendment.","찻 Di ordinance (local government law / official order) reach conduct wey dey unprotected, e make criminal expressive (di expression wey dey characterized by expression) conduct wey dey cause only hurt feelings, offense, or resentment, and dey protected by th e First amendment (wey go bring freedom to pipo)."
"Di lifetime of experience of teaching undergraduates and of do to study numbers on daily (make somtin de sup every day) basis suggest say most actual humans (pipo) thing say hin probability say di hypothesis dey true""no only meaningful (di meaning or purpose dey having a meaning or purpose), na di thing wey we care most about.","찻 Di lifetime of experience of teaching undergraduates and of do to study numbers on daily (make somtin de sup every day) basis suggest tome say most actual humans (pipo) thing wey hin probability say di hypothesis dey true""no only meaningful (di meaning or purpose dey having a meaning or purpose), na di thing we care most about."
Di search warrant (official paper to arrest person or search house) dey issue only on probable (likely / fit happen) cause,찻 Di search warrant (official paper to arrest person or search house) dey issue only on probable (likely / fit happen) cause
One very common built-in function dey di lenfunction wey tell us how many items (different things / materials) dey for its argument.,찻 Di very common built-in function dey di lenfunction wey tell us how many items (different things / materials) dey for its argument.
"Third, you fit solve dis much better than through one way wey dey hard but e go work.","찻 Di thirdly (third), you fit solve dis much more eciently than through brute force simulation."
"Denials (to say ""No"" / rejection / say you no sabi) dey require written rebuttal (A strong argument wey person give to fight against an accusation), di processing (di prescribed procedure dey preparing or putting through a prescribed procedure) of which fit take many months.","찻 Di denials (to say ""No"" / rejection / say you no sabi) require awritten rebuttal, diprocessing of which fit take many months."
"Di eect of make di data look more noisy than dem really dey, and di eect of therapy wey dey correctly found to be signi cant for comparison (di act of examining resemblances wey dey examinin resemblances) test with two main factors now become non-signi cant.","찻 Di eect of make di data look more noisy than dem really dey, and di eect of therapy wey dey correctly found to be signi cant for di two-way anova now become non-signi cant."
Di crowd (many pipu wey stay for on place) began (bin start / how e take take off) attack o'brien and hin companions.,찻 Di crowd (many pipu wey stay for on place) begin attack o'brien and hin companions.
Di number of elements wey dey list,찻 Di number of elements for di list.
Families dey separated from extended support.,찻 Families dey separated from extended support.
"Di file communicate (di transmit information wey dem transmit information) wit your system wey dey control wetin computer fit do, e dey manage hardware and software, make am possible for apps and services to dey run, e be like brain wey dey direct computer, wey know where di data for each file dey store","찻 Di file communicate (di transmit information wey dem transmit information) wit your system wey dey control wetin computer fit do, e dey manage hardware and software, make am possible for apps and services to dey run, e be like brain wey dey direct computer, make am possible for apps and services to dey run, e be like brain wey dey direct computer, wey dey manage hardware and software, make am possible for apps and services to dey run, e be like brain wey dey direct computer"
Di means say you dey test to see if di true mean dey larger (wey big pass) than mu,찻 Di means say you dey test to see if di true mean dey larger (wey big pass) than mu
"Di complexities (di quality of being intricate and compounded) of to drag matter for kot require a cool plus detached mind to thread a route to success (victory / when plan work well), plus if you be representing (standing for person) yourself am is all too easy to allow passion to cloud your judgment.","찻 Di complexities (di quality of being intricate and compounded) of to drag matter for kot require a cool plus detached mind to thread a route to success (victory / when plan work well), plus if you dey represent yourself am na all too easy to allow passion to cloud your judgment."
Di quotesingle. ts1print quotesingle. ts1,찻 Quotesingle. ts1print quotesingle. ts1?
"Again, we fit draw dis plot using. Figure 15.13: Plot of fitted values against residuals for regression, with line wey show di how two things dey related di two.",찻 We go draw dis plot using low-484- 50 60 8010 505 10 fitted valuesresiduals lm(dan. grump ~dan. sleep+ baby. sleep)residuals vs fitted 78 8136figure 15. 13: plot of di tted values against di residuals for regression.
"Or, to use di correct term, you wan coerce (to change by force) di variable from one class to another.","찻 Di correct term, you wan to coerce (to change) di variable from one class into another."
Di oxaloac etat e dey combine wit dine xt ac etyl coa to start di k rebs cycle again (check di picture 24. 7 ).,찻 Di oxaloac etat e dey ready to combine wit di next ac etyl coa to start di k rebs cycle again (check di picture 24. 7 ).
"for example, critique (analysis of somtin wey dey detailed) communicative (dem dey relating to communication of or relating to communication) competence pedagogies for seeking to assimilate students to di norms for particular arenas(such as academic writing)without giving dem di means to query di norms, and for limiting (to hold back / put boundary) students to narrow arenas of writing without giving dem di means to write for oda arenas(such as civic writing).","찻 Di bronwyn norton peirce (1989), for example, critiqued communicative (dem dey relating to communication of or relating to communication) competence pedagogies for seeking (to look for / desire) to assimilate students to di norms for particular arenas(such as academic writing)without giving (to dash / hand over) dem di means to query those norms, and for limit students to narrow arenas of writing without giving dem di means to write for oda arenas(such as civic writing)."
Di llc go choose how im wish to tax,"찻 Di llc go choose how dem wish say dem go tax, every tax year di llc go choose how dem wish say dem go tax"
"Di idea dey call one way to see if test fit catch difference, and if e dey feasible (somtin wey de possible) to do am, then e go tell you something about whether you go get enough time or money to run di experiment successfully (for successful manner).","찻 Di idea dey call to study numbers, and if e dey feasible to do am, then e dey helpful, since e fit tell you something about whether you go get time or money to run di experiment successfully (for successful manner)."
Di reader dey write as reflective action,찻 Di reader dey write as reflective action: a reader
Dis go only exa cerbate di harm wey di stolen (wetin thief carry / things wey loss by force) valor act dey meant (bin get de sense say / intention) to prevent.,찻 Di go only exa cerbate di harm wey di stolen (wetin thief carry / things wey loss by force) valor act dey meant (bin get de sense say / intention) to prevent.
"Whereas some r esear chers wey dey believe say certain aspects (different sides of de mata) of andr opause ar e difficult to tease apart from aging for general, testosterone r eplac ement dey sometimes prescribed to alleviate some s ymp toms.","찻 Di r esear chers believe say certain aspects (different sides of de mata) of andr opause dey difficult to tease apart from aging for general, testosterone r eplac ement dey sometimes prescribed to alleviate some s ymp toms."
"I(and, one might argue, chozin's professors)find di feedback wey chozin dey provided (as far as / if to say / supply) by chozin editor-friends to dey lacking, chozin dey proactively seeking (to look for / desire) writing support.","찻 I(and, one might argue (to drag mata / try to prove point), chozin professor)find di feedback wey chozin editor-friends dey lacking, chozin dey proactively seeking (to look for / desire) writing support."
"Di shareholders don elect (to vote person / pick) anyone wey dey want to board of directors, up to di number of authorized (person or tin wey get go-ahead / dem don give license) board members asset (property / wetin person get) forth for di corporate documents.","찻 Di shareholders (people wey get part for company business) go elect (to vote person / pick) anyone wey dem wan to aboard of directors (big ogas wey dey control company), up to di number of authorized (person or tin wey get go-ahead / dem don give license) board members asset forth (to come out / move forward) for di corporate document."
"Di two most common measures (to measure) dey di mean, median and mode (di one wey show most); occasionally pipo go report a trimmed mean.","찻 Di two most commonly (normal-normal / wetin people dey do always) used measures (to measure) dey di mean, median and mode (di one wey show most); occasionally pipo go also report trimmed mean."
Di process dey call execution,찻 Di process dey call execution
Di right question no so much\can rdo dis?,찻 Di right question no dey so much\can rdo dis?
Di comment (remark / talk) dey redundant wit di code and useless: v=5# assign (to give value) 5 to v dis comment contains useful information wey no dey for di code: v=5# velocity for meters second,찻 Di comment (remark / talk) dey redundant wit di code and useless: v=5# assign (to give value) 5 to v dis comment contains useful information wey no dey for di code: v=5# velocity for meters second.
"Di justice kagan join, join di judgment.","찻 Di justice kagan join, concurrin for di judgment."
"Di point for awa discussion of compilers and interpreters, you need wonder a bit about di python interpreter wey dey write for high level languages like python orc.","찻 Di point for awa discussion of compilers and interpreters, you go wonder a bit about di python interpreter wey dey."
"So far we get di ability to talk about di idea say drugs fit in uence mood, and therapy fit in uence mood, but no way we dey talk about di possibility (something wey fit happen / chance dey) of interaction between di two","찻 We get di ability to talk about di idea say drugs fit in uence mood, and therapy fit in uence mood, but no way of talking about di possibility (something wey fit happen / chance dey) of interaction between di two."
Di distinction (di difference) dey early pointed out between di extent (how far de tin reach / level) of di freedom wit respect to censorship under our constitution system and wey dey enjoy for england.,찻 Di distinction (di difference) dey early pointed out between di extent (how far de tin reach / level) of di freedom wit respect to censorship under awa constitutional system and say (bin talk wetin happen / record) for england.
Di registered (show) as domain (area / website address) name,찻 Di computer user dey register (list / sign in) as domain (area / website address) name
"One important thing to note na say when dey specifying (di condition or requirement for contract or agreement) di argument wey dey use dia name, e no matter which order you type dem for.","찻 One important thing to note na say when specifying (di condition or requirement for contract or agreement) di arguments using dia name, e no matter which order you type dem for."
"Newly arrived (reach ground / show face) immigrants dey face di greatest (de highest / de boss) risk, due to lack of English skills or education.","찻 Newly arrived (reach ground / show face) immigrants dey face di greatest (de highest / de boss) risk, due to lack of English skills or education."
"for example, wen i suggest say we orce"" half (one of two tins wey de equal from anoda tin) of di pipo to become smokers, i must dey talk about starting wit sample of non-smokers, and then forcing dem to become smokers.","찻 I don suggest say we orce half (one of two tins wey de equal from anoda tin) of di pipo to become smokers, i must talk about start wit sample of non-smokers, and then force dem to become smokers."
"Dis approach (wey dem often call Glass's delta)only make sense well when you go get good reason to treat one of di two groups as better reflection of""natural variation""than di other.","찻 Di approach(often called glass') only make most sense wen you go treat one of di two groups as purer re ection of atural variation""than di oda."
I go only demand reliability (how reliable something be) for those situation wey you wan to measure di same thing,찻 We go only demand reliability (how reliable something be) for those situation wey you wan to measure di same thing
"Visit di link inside note 4. 23 ""hyperlink: mediators"" plus find your state's requirements plus qualifications (na skill or requirement wey persin must get to hold office) for mediators.","찻 Visit di link inside note 4. 23 ""hyperlink: mediators"" plus find your state's requirements plus qualifications (na skill or requirement wey persin must get to hold office) for mediators."
"She go write down for her notebook (one kind for Windows) wey she consider as tori wey dey important pass, wey go help you make his decision.",찻 She go write down for her notebook wey she consider as key points.
Time for U. S. and acculturation —greater (E big pass / more-more) time for U. S. dey associated wit greater family conflict and IPV.,찻 Time for U. S. and acculturation greater (E big pass / more-more) time for U. S. dey associated wit greater family conflict and IPV.
loop patterns 61 happy (make person like wetin de happen) new year: joseph happy new year: glenn happy new year: sally done!,찻 Joseph happy (make person like wetin de happen) new year: glenn happy new year: sally done
"In order toenforce immigration policy away from diborder, digovernment must access residents' documents (files / papers wey get important info).","찻 For order enforce (to force people make dem follow law) immigration policy away from di border, di goment must access residents' documents (files / papers wey get important info)."
Di example of a user-defined function wey dey take argument: def print(bruce)print(bruce) dis function assign (to give value) di argument to a parameter wey dey named (mention name / title) bruce,찻 Di example of a user-defined function wey take argument: def print twice(bruce) print(bruce) dis function assign (to give value) di argument to a parameter wey dey named (mention name / title) bruce
Immigrant contributions (support / money wey people join together) to Medicare— immigrants dey contribute (di quality wey dey bestow a quality on top quality on top) substantial amounts (figures / total quantities) to Medicare.,찻 Immigrant contributions (support / money wey people join together) to medicare immigrants dey contribute (di quality wey dey bestow a quality on top quality on top) substantial amounts (figures / total quantities) to medicine.
Dem tok say di bank don receive di defamatory report.,"찻 Dem discuss di possibility (something wey fit happen / chance dey) of future financing (to de manage plenty moni and investments) wit dia bank, respondent president tok say di bank don receive di defamatory report."
"Indeed (true-true / na so / for real), criminal laws plus torts often get parallel causes (all de ""why"" behind de mata) of action.","찻 Indeed (true-true / na so / for real), criminal laws plus torts often get parallel cause of action."
"Di two aya and rina talk about di battle of algiers for order to help dem understand my battle of algiers (morgan,2005).","찻 Dem talk about looking online for information for japanese about di battle of algiers for order to help dem understand my battle of algiers (morgan,2005)."
"Di therefore, for somewhere (one place) for between. 02 and. 03 na di least wey dey allow us to reject di null idea for dis data.",찻 Di smallest value of dat go allow us to reject di null idea for dis data.
"Dem deliver (to carry something reach owner hand) di opinion of di court, wey marshall, blackmun, scalia, and kennedy, jj, deliver di opinion of di court, wey marshall, blackmun, scalia, and kennedy, jj.","찻 Di opinion of di court, wey marshall, blackmun, scalia, and kennedy, jj."
Wetin she dey flee from wither three small girls?,찻 Wetin be di fleeing with her small girls?
Dem try to recall (to remember) di basic function of business,찻 Di basic function of a business
Di most common form of adr.,찻 Di most common form of adr.
E1: 96semq x1: 96semq x1,찻 Di sneaky way to rewrite awa equation dey like dis: xp1: 96semq x
"Di pkk and di ltte, especially, don respect di line between humanitarian and violent (vawulence / rough play) activities","찻 Di pkk and di ltte, for particular, no respect di line between humanitarian and violent (vawulence / rough play) activities"
Di land's value dey only its profits (gain / extra money wey comot from business)?,찻 Dem agree say land value dey only its profit (gain / better money from business)?
Di process for anytime by removing di spider. sqlite file and rerunning spider. py.,찻 Di process for anytime by removing di spider. sqlite file and rerunning spider. py
"-105-load (base)r documentation di r documentation part no dey interesting, but di loadfbasegpart dey tell you say di load()function (obviously)and say dis function dey for di base (foundation / where tin start from) package.","찻 Di load(base) r documentation di documentation part no dey interesting, but di loadfbasegpart dey tell you say dis dey reference (citation / to point to where info dey) to di load()function (obviously)and say dis function dey for di base (foundation / where tin start from) package."
Di textbook dey unique foritsfocus onfamilies forcontext,찻 Dis textbook dey unique for its focus on families for context.
Di nothing stop you from typing(4 2)*3,찻 Di nothing stop you from typing(4 2)*3.
Di faculty reexamine dia focus on swe and western rhetorical (talk for talk sake / grammar) norms or tighten dia grip (to hold somtin well) on dem?,찻 Di faculty reexamine dia focus on swe and western rhetorical (talk for talk sake / grammar) norms or tighten dia grip on dem?
"Di way wey languages and language varieties dey always in process, located (E dey for dat side / position) for and subject to ongoing (E still dey go on) and varying material practice""(horner &t rimbur, 2002, p. 596).","찻 Di way wey languages and language varieties dey always for process, wey dey located (E dey for dat side / position) for and subject to ongoing (E still dey go on) and varying material practice""(horner &t rimbur, 2002, p. 596)."
Di possible situation wey a material support prosecution go successfully (for successful manner) challenge as violative of First amendment (wey go bring freedom to pipo)?,"찻 Di possible situation wey a""material support""proecution go successfully (for successful manner) challenge as violative (to break law / go against rule) of First amendment (wey go bring freedom to pipo)?"
There na well-well little debate (fomal talk where two pipu dey talk against each oda) about di power of congress to regulate foreign trade.,찻 There dey very little debate (fomal talk where two pipu dey talk against each oda) about di power of congress to regulate foreign trade.
Di governmental interest and di scope of di 1965 amendment dey limited to prevent harm to di smooth and efficient functioning of di selective service system.,찻 Di governmental interest and di scope of di 1965 amendment dey limited to prevent harm to di smooth and efficient functioning of di selective service system.
"Di popularity (di quality of being widely admired or accepted or sought am) of ecommerce don skyrocket, more and more states dey reexamin how to tax transactions (all de business moves wey involve exchange) from out- of-state sellers (people wey dey trade market) by compelling dia sellers to collect di applicable sales tax.","찻 As di popularity of e-commerce don skyrocket, more and more states dey reexamining how to tax transaction from out- of-state sellers (people wey dey trade market) by compelling (something wey strong well-well / e force you to pay attention) those sellers to collect di applicable (dem dey capable of being applied) sales tax."
"Dem also include di right to vote (to choose leader / drop thumbprint) for shareholder meetings (gathering / discussion group), typically annually.","찻 Di right to vote (to choose leader / drop thumbprint) for shareholder meetings (gathering / discussion group), typically held (wetin judge or court bin decide) annually."
We don before us affidavit wey dey stat di part of government wey dey carry out and enforce (to force people make dem follow law) laws— led by President or Prime Minister's conclusion on dat question.,찻 We get before us affidavit wey dey state di part of government wey dey carry out and enforce (to force people make dem follow law) laws— led by President or Prime Minister on dat question.
Di number dey include decimal,찻 Di number fit include decimal
"Di leverage of an observation dey operationalised for terms of its hat value, usually written hin.","찻 Di leverage of an observation dey operationalised for terms of its hat value, usually written hi."
Di elliott and o'mara charge wit attempt cross burning and conspiracy to commit (to do bad tin / to promise to do work) cross burning,찻 Di elliott and o'mara dey charge wit attempt cross burning and conspiracy to commit (to do bad tin / to promise to do work) cross burning
"Di law dey dynamic (something wey fit change, e no just stay one place), sophisticated field","찻 Di law dey dynamic (something wey fit change, e no just stay one place), sophisticated field"
"Di means say if dispute dey under dat contract, then you go need to arbitrate your claim no be go straight to court.","찻 Di means say if dispute arises (E show face / e start to happen) under dat contract, then you go need to arbitrate your claim no be going straight to court."
Di suppose say tomorrow maximum (de highest level / e no fit pass dere) temperature dey sample from di bell way wit mean 23 and howe dey spread 1.,찻 Di suppose say tomorrow's maximum (de highest level / e no fit pass dere) temperature dey sample from di bell way wit mean 23 and howe dey spread 1.
Di python interpreter dey program wey read and executes (to do wetin you tell am) python code,찻 Di python interpreter dey program wey read and execute (to do wetin you tell am) python code
How we go do am?,찻 How we go do am?
We call data items (different things / materials) wey dey part of di object attributes (di construct wey objects or individuals dey distinguished),찻 We call data items (different things / materials) wey dey part of di object attributes (di construct wey objects or individuals dey distinguished).
Na why i dey bother do dat?,찻 Na why i bother do dat?
"Di statute of limitations no run while di suspect dey hiding, di statute of limitations no run while di suspect dey hid.",찻 Di statute of limitations no run while di suspect dey hiding.
"for example, suppose you wan measure di effect of low-level lead poisoning on how di mind dey work for Port Pirie, one South Australian (di native or inhabitant of Australia) one town wey dey do factory with lead smelter.","찻 for example, suppose you wan measure di effect of low level lead poisoning on cognitive functioning for port pirie, south australian (di native or inhabitant of Australia) industrial (dem dey relating to or result from industry) town with lead smelter."
"Di bicarbonat e dey egulated for di blood by sodium, as ar e di phosphate ions.","찻 Di bicarbonat e dey egulated for di blood by sodium, as ar e di phosphate ions."
"E dey important say you understand dem well enough to ead"" di equations, and to be able to see say im just say dd up lots of things and then divide by another thing","찻 E important say you understand dem well enough to be able to ead"" di equations, and to be able to see say e just say dd up lots of things and then divide by another thing"
Dem no dey hormone but e dey functionally (for function wey dey respect to function) important for regulating (di act of controlling or directing according to rule) systemic blood pressure and kidney function.,찻 Di ace no dey hormone but e dey functionally important for regulating (di act of controlling or directing according to rule) systemic blood pressure and kidney function.
C. j.,"찻 Di burger, c. j"
who you wan dey fair to,찻 We dey fair to whom?
"As reading for di student major, such as rina's reading about restaurant (di building wey dem go eat pipo go eat) and hotel management (di act of managing something), dey seen (bin see am / dem don notice) as much more manageable than reading for discipline outside di major.","찻 As reading for di student's major, such as rina's reading about restaurant (di building wey dem go eat pipo go eat) and hotel management (di act of managing something), dey see as much more manageable than reading for discipline outside di major."
"Di filename = ""thisfile. jpg"" part tell rwhat to name di graphics le, and di width= 480 and height= 300 argument tell rto draw image wey dey 300 pixels high and 480 pixels wide.","찻 Di filename = ""thisfile. jpg"" part tell rwhat to name di graphics le, and di width= 480 and height= 300 argument tell rto draw image wey dey 300 pixels high and 480 pixels wide."
Di district court don depart from pell and abus im discretion bikos e don order say dem give media great access to di jail (prison / kashot / cell) wey dem give to di general public.,찻 Di district court don depart from pell and abused dia discretion bikos e don order say hin give di media greater (E big pass / more-more) access to di jail (prison / kashot / cell) than hin give to di general public.
"Dem drop t oo low, as dey happen for dehydration, di functions of di kidneys 1160 26 fluid, electrolyte, and cid-base balance access f or free for open tax.","찻 As dey happen for dehydration, di function of di kidneys go impaired, and less nitr ogenous wastes (to trowey something wey useful / dirt) go dey r emo ved from di blood tream."
Dem also worth not say some pipo go write n. s.,찻 E dey also worth not say some pipo go write n. s
We dey lumping di main eect of therapy and di interaction term together.,"찻 Di key thing here na say if we compare model.1 tomodel. 3, we dey lump di main eect of therapy and di interaction term together."
"Di hyperlink: when dna dey isolated from di human body, dey subject to ownership by patent?","찻 Di hyperlink: wen dna dey isolated from di human bodi, na im subject to ownership by patent?"
"Di participant dey concurred, ""you dey compete to gain approval (go-ahead / when oga gree)",찻 Di participant dey concurrin to gain approval (go-ahead / when oga gree).
"As di history of cross burning indicates (dey show), a burning cross no always dey intimidate.","찻 Di history of cross burning indicates (dey show), burning cross no dey intended (wetin person get for mind to do) to intimidate."
Dis na wetin di girls dey get.',찻 Dis dey wetin di girls get
"These two cases, while growing out of different circumstances and concerning (na relevant to dey relevant to dey relevant) different parties, both relate to di scope of our national constitutional policy safeguarding free talk and a free news pipo.","찻 Di two cases, while growing out of different circumstances and concerning (na relevant to dey relevant to dey relevant) different parties, both relate to di scope of our national constitutional policy safeguarding free speech and free press."
"Di customer wey cut across your land to reach di oda side, without your permission (di approval to do something) think of situation wey you go grant life estate (all de property wey person leave when e die / big land) to someone for property wey you own.","찻 Di customer for wal-mart c. a person wey cut across your land to reach di oda side, without your permission (di approval to do something) think of situation wey you go grant life estate (all de property wey person leave when e die / big land) to someone for property wey you own."
"Bohn, S,& Pearlman, S.(2013).","찻 Di bohn, s,&pearlman, s.(2013)."
"Norms from Di country where person was born or originally come from— rigid, patriarchal gender roles learned (sabi person / someone wey read book well) for di country where person was born or originally come from dey associated wit increased (E don big pass before / e climb) tolerance for and experience of IPV.","찻 Norms from Di country where person was born or originally come from rigid, patriarchal gender roles learn for di country where person was born or originally come from dey associated wit increased (E don big pass before / e climb) tolerance for and experience of IPV."
Di population no dey obvious what di population dey,찻 E no obvious what di population dey.
"Di 1965 amendment to 12(b) (3)of di universal military training and service act meet all of dis requirements, and consequently (because of dat / wetin follow) say o'brien fit be constitutionally (follow wetin de grand-papa law talk) convicted for violating (to break law / mess up rule) am","찻 We find say di 1965 amendment to 12(b) (3)of di universal military (soja mata / army) training (to learn work / practice to sabi something well) and service act meet all of dis requirements, and consequently (because of dat / wetin follow) say o'brien go dey constitutionally (follow wetin de grand-papa law talk) convicted (na wen court or jury find persin guilty of criminal charge) for violating am"
"Di columns dey thought as""implementation detail""to capture di nature of di relationship details and no essential part of di data wey dey model.","찻 Di columns dey thought of as""implementation detail""to capture di nature of di how two things dey related and no dey essential part of di data wey dey model."
"For sample of children exposed to war, tsunami and family violence,14% identify family violence as di most distressing event of their lives (different people life).","찻 For example of children exposed to trade, tsunami and family violence,14% dey identified (di identity of someone or something) family violence as di most distressing event of their lives (different people life)."
"Di argument say no need for government to concern imself, for government dey strong, e possess plenti powers (pawa / authority) to put down rebellion, e fit defeat (to beat / win person) di revolution wit ease (somtin wey no hard) needs no answer.","찻 Di argument say no need for goment to concern imself, for goment dey strong, e possess ample power to put down rebellion, e go defeat (to beat / win person) di revolution wit ease (somtin wey no hard) needs no answer."
"Di typical(i. e, median)deviation from di middle number.",찻 Di howe dey spread from di median value.
"Di suppose mean to talk about doing di\same"" thing?",찻 But wetin e mean to talk about do di same thing?
"Di way, anyone reading di paper fit multiply di bayes factor by dia own personal prior odds, and dem fit workout for themselves what di posterior odds go be.","찻 Di way, anyone reading di paper fit multiply di bayes factor by dia own personal prior odds, and dem fit workout for themselves what di posterior odds go be."
"Di magic number 1971:1977 dey from r<0. 99. 0, and rd[abx]1 from r0","찻 Di magic numbers 1971:1977 dey from r<0. 99. 0, and rd[abx]1 from r 0. 99. 0 to r 1."
I create vector months wey dey contains di names of each of di months,찻 I create vector months wey dey contains di name of each of di months.
Di person wey burn cross no intend (plan to / mind set) to express either statement of ideology or intimidation.,"찻 Di indeed (true-true / na so / for real), occasionally a person wey burn cross no fit express either statement of ideology or intimidation."
FGM dey regarded (see am as / tink say) as human rights issue for women because e fit cause severe health sequelae.,찻 FGM dey regard (to look / respect / concern) as human rights issue for women because e fit cause severe health sequelae.
Di might be nice to see example of a function wey fit be applied (wetin dem use work / put into action) to text.,찻 E go be nice to see example of a function wey dey apply to text
Di int erpla y of involuntary and volutar y actions wey di internal (for inside) and external ur ethr al sphinct ers.,찻 Di r esul ts from int erpla y of involuntary and v oluntar y actions by di internal (for inside) and external ur ethr al sphinct ers.
always remember say your reader no know your data anywhere near aswell as you do.,찻 Di good practice: always remember say your reader no know your data anywhere near aswell as you do.
"If di experimental (for experiment wey dey relating to or based on experiment) task dey for pipo to imagine dem dey draw from deck (flat floor) wey dey twice as many clubs as any oda suit (na wen one persin carry anoda persin go court to seek justice), then di null idea go correspond to something like p:4;: 2;","찻 If di experimental (for experiment wey dey relating to or based on experiment) task dey for pipo to imagine say dem dey draw from deck (flat floor) wey dey twice as many clubs as any oda suit (na wen one persin carry anoda persin go court to seek justice), then di null idea go correspond to something like p p:4;: 2;:2;"
An arbitrator (middle-man wey dey settle palava) presides over to settle matter outside kot with judge proceedings (all de things wey dey happen for kote or meeting).,찻 An arbitrator (middle-man wey dey settle palava) presides over to settle matter outside kot with judge proceedings (all de things wey dey happen for kote or meeting).
"Di basilica apostolorum, wey probably originally di basilica apostolorum, wey dey begun immediately (for no time intervening, without delay or hesitation) before di peace of di church(the toleration of christianity following di edict of milan), rose on di site (building ground / location) of di earlier triclia, in wey graffiti testify to di special veneration of Peter and Paul for di site.","찻 Di basilica apostolorum, wey dey begun immediately (for no time intervening, without delay or hesitation) before di peace of di church(the toleration of christianity following di edict of milan), rose on di site (building ground / location) of di earlier triclia, wey graffiti testify to di special veneration of peter and paul for di site."
Dis dey logical value argument.,찻 E dey logical value argument
"Di scene, pipo dey wait (to stay / hold on / delay) to receive di distribution of food, but powerful, armed (get weapon / gun-dey) faction seize di cargo and opened fire (di tin wey de show when somtin de burn) on dem","찻 Di scene, pipo dey wait (to stay / hold on / delay) to receive di distribution of food, but powerful, armed (get weapon / gun-dey) faction seize di cargo and open fire (di tin wey de show when somtin de burn) on dem"
"Support from afar— for cases where families no fit or choose not to dey reunited, refugees still dey find ways to provide support to one another. Refugees fit support family and friends through remittances or fit spend time and money trying to locate and bring family members to U. S.",찻 Refugees fit support family and friends through remittances or fit spend time and money trying to locate and bring family members to U. S.
Di constant (somtin wey no de change) interest rate of 30 years dey hilarious,찻 Di constant (somtin wey no de change) interest rate of 30 years dey hilarious
"Di more specific meaning of""prohibiting (law wey say ""no do am"" / ban)"" and""free exercise""don dey subject of numerous (plenty-plenty / dem many) case and controversies (na disagreements or legal disputes between parties about rights, obligations, or facts).","찻 Di more specific meanings of""prohibiting (law wey say ""no do am"" / ban)"" and""free exercise""don dey subject of numerous (plenty-plenty / dem many) case and controversies (na disagreements or legal disputes between parties about rights, obligations, or facts)."
Di second assign (to give value) string to new variable named (mention name / title) message; di second assign di integer 17 ton; di third assign di(approximate) value of topi.,찻 Di first assign (to give value) string to new variable named (mention name / title) message; di second assign di integer 17 ton; di second assign di integer 17 ton; di second assign di(approximate) value of topi
"Di products (all de things wey dem produce to sell) wey di company release today dey very much di result of di corporation, no any single individual.","찻 Di products (all de things wey dem produce to sell) wey di company release today dey very much di result of di corporation, no any single individual."
Na three specific powers (pawa / authority) of di part of government wey dey carry out and enforce (to force people make dem follow law) laws— led by President or Prime Minister?,찻 What be three specific powers (pawa / authority) of di part of government wey dey carry out and enforce (to force people make dem follow law) laws— led by President or Prime Minister?
Small more formal (official way / follow-follow rule) approach nato run hypothesis tests.,찻 Di formal (official way / follow-follow rule) approach dey run hypothesis tests.
"Di pipo often talk about real property by using di term real estate (all de property wey person leave when e die / big land), wey reflect (to show) both di concept of real property and di ownership interest concept of estate.","찻 Di pipo often talk about real property by using di term real estate (all de property wey person leave when e die / big land), wey reflect (to show) both di concept of real property and di ownership interest concept of estate"
"Di second part of di name specify one graphical parameter: wex na one number wey show how thick, and lty na one number wey show how line be.","찻 Wexis a width parameter, and ltyis line type parameter."
"If you no dey unsure about what order rwill do things for, easy solution dey to enclose di thing wey dey do rst for brackets.","찻 If you no dey sure about what order rwill do things for, easy solution nato enclose di thing you wan am to do rst for brackets."
E completely meaningless (na no meaning or direction or purpose or purpose or purpose) to talk about di probability say di temperature dey exactly 23 degrees,찻 E dey completely meaningless (na no meaning or direction or purpose or purpose or purpose) to talk about di probability say di temperature dey exactly 23 degrees
"For di common law, no fit.","찻 Di common law, cannot (no fit / power no reach)."
"Di nice thing about di RStudio window na say e to show you di first numbers le for top of di window, and e to show you preview of di data for di top.","찻 Di nice thing about di rstudio window na say e show you di first numbers le for top of di window, and e show you preview of di data for top."
"Dat mean say, we wan use split (divide / tear)= "".""","찻 We wan use split= """
"Di sort of hunches (one feeling) don no strict (no-nonsense / follow de rule exactly) howe dey show evidence, e dey often worth pay attention to dem","찻 Di sort of hunches no dey strict (no-nonsense / follow de rule exactly) evidentiary value, e dey worth pay attention to dem"
Di court tok say cohen go establish cause of action under minnesota law on promissory estoppel theory.,찻 Di court tok onto (on top of) address di question wey cohen go establish cause of action under minnesota law on promissory estoppel theory.
"Di african-american, wa s elliott next-door neighbor for virginia beach (di place wey get sand or small small stone beside oshimiri), virginia.","찻 Jubilee, an african-american, wa s elliott's next-door neighbor for virginia beach (di place wey get meat inside), virginia."
We use one feature of regular expressions.,찻 We use one feature of regular expressions.
Di results dey show for figure 9.,찻 Di results dey show for figure 9.
"for example, di bodi synthesize (joining different things together to make one complete thing) vitamin a from di -carotene in orange vegetables like carrots and sweet potatoes.","찻 for example, di bodi synthesize (joining different things together to make one complete thing) vitamin a from d-car otene for orange vegetables like carrots and sweet potatoes."
Di scene dey set against glimmering gold background,찻 Di scene dey set against glimmering gold background
"Di quaids dey suing (carrying to court) di manufacturer (na persin or company wey dey make goods for sell), arguin say di label on di drug represent design defect (fault / damage) bikos e dey too easy to confuse di two doses.","찻 Di quaids dey suing (carrying to court) di manufacturer (na persin or company wey dey make goods for sell), arguin say di label on di drug represent design defect (fault / damage) bikos e dey too easy to confuse di two doses."
E simply withdraw unique national symbol from di roster of materials (tins wey dem use for teaching) wey dey use as background for communications (talk-talk / passing message / network).,찻 Di unique national symbol from di roster of materials (tins wey dem use for teaching) wey dey use as background for communications (talk-talk / passing message / network).
Di first remedy (way to settle de damage / solution) of any victim of defamation na self-help -using available opportunities to contradict di lie or correct di error and thereby (by dat way / because of dat) to minimize im adverse (bad / against progress) impact on reputation.,찻 Di first remedy (way to settle de damage / solution) of any victim of defamation (na false statement wey dey harm persin reputation or character) na self-help -using available opportunities (di possibility due to a favorable combination of circumstances) to contradict di lie or correct di error and thereby (by dat way / because of dat) to minimize its adverse (bad / against progress) impact on reputation.
"Di employment practices wey don get disparate impact on members of protected class dey permissible, however, if dem dey job-related and qualify as business necessity.","찻 Di employment practices wey dey get disparate impact on members of protected class dey permissible, however, if dem dey job-related and qualify as business necessity."
"Di united states, especially for hotter regions of di kontri, began (bin start / how e take take off) experience di same problem.","찻 Di vehicle (motor / machine to carry load) for di united state, especially for hotter regions of di kontri, began (bin start / how e take take off) experience di same problems."
Di environment tok say to be thermoneutr alwhen di bodi no expend or release energy to maintain dia core (de main-main part / de heart of de matter) temper atur e,찻 Di environment dey tok say be thermoneutr alwen di bodi no expend or release energy to maintain its core (de main-main part / de heart of de matter) temper atur e.
Justice souter [for dissent (to no gree / judge wey get different mind)]makes (to dey build or create) a similar argument.,찻 Di justice souter [in dissent (to no gree / judge wey get different mind)] make similar argument.
"If you talk""try"", python go try everytime you talk am.","찻 When you say""try"", python go try everytime you say am without fail."
Di package must be installed (wey dey present) before e go loaded (wey don start),찻 Di package must be installed (wey dey present) before e fit loaded (wey don start).
"Di carbon (chemical wey God create wey de inside everi living tin) wey dey within di acetoacetyl coa wey no bond (connection / legal paper for money or bail) to di coa goo detach, ego split (divide / tear) di molecule for two.","찻 Di carbon (chemical wey God create wey de inside everi living tin) wey dey inside di acetoacetyl coa wey no bonded to di coa then detaches, split (divide / tear) ting di molecule for two"
Di frequentist (one wey like frequency way) statistics bayesian (one kind of statistical method) statistics don allow to talk about di probability say di null idea dey true,찻 We run experiment and obtain (to get / collect / catch) data d. Unlike (no be like) frequentist (one wey like frequency way) statistics bayesian (one kind of statistical method) statistics don allow to talk about di probability say di null idea dey true.
Di core (de main-main part / de heart of de matter) package for rdon't get function for calculating di mode (di one wey show most)6,찻 Di core (de main-main part / de heart of de matter) package for rdon't get function for calculating di mode6.
"Di defense of""i no know di law!""","찻 Di defense of""i no know di law!"""
Di parties dey perform as required by di wording of di contract.,찻 Di parties dey perform as required by di wording of di contract.
"Dem note say""making (to dey build or produce something) beyonce rich (money-miss-road / wealthy)""or ""allow pfizer make billions of dollars""no dey di purpose.","찻 Di note say""making beyonce rich (money-miss-road / wealthy)""or ""allowing pfizer to make billions of dollars""no dey di purpose."
Di duty of di federal courts to interpret federal legislation for a manner (way / style / how person take do am) no inconsistent (E dey show lack of consistency) wit di demand of di constitution.,"찻 We no agree say di language wey deyself don get significance (di quality of being significant), we must bear (to carry load / endure wahala / get fruit) in mind say di duty of di federal courts to interpret federal legislation for manner (way / style / how person take do am) no inconsistent (E dey show lack of consistency) wit di demand of di constitution."
"See act of feb.24, 1923, ch.","찻 Di act of feb.24, 1923, ch."
"Di court devoted little attention to First amendment (wey go bring freedom to pipo), but since then e don decide more than 500 case wey dey discuss First amendment (wey go bring freedom to pipo).","찻 Di court don devoted little attention to First amendment (wey go bring freedom to pipo), but since then e don decide more than 500 case wey dey discuss First amendment (wey go bring freedom to pipo)."
"Di condition dey true, then rwill execute (to do wetin you tell am) di statement wey dey contain for curly braces.","찻 Di condition dey true, then rwill execute (to do wetin you tell am) di statement wey dey contain for di curly braces."
Di word=word. strip()e dey tempting to write list code like dis: word=word. strip,찻 Di tempting to write list code like dis: t=t. sort()
"Di possible explanation na say ""crud"" dey more fun to say than ""isud""","찻 Di possible explanation na say ""crud"" dey more fun to say than ""isud"""
"Di way wey math dey write wey dey introduced (di cause to kom know personally) above, dis dey telling us say f32.","찻 Di mathematical notation wey i introduce above, dis dey tell us say f32."
Differentiate (di mark as different mark as different) between social customs plus law.,찻 Differentiate (di difference) between social customs plus law.
"Index for group grumpiness (crossness): Ann(p=1, k=1, i=1) =20, Ben (2,1,2)=55, Cat (3,1,3)=21, Dan (4,2,1)=91, Egg (5,2,2)=22. Notice sey I don build two different labelling schemes (plan / format / sometimes e be like wayo) here.",찻 Di index for group grumpiness (crossness) p k iy ikoryp ann 1 cool 11 20 ben 2 cool 12 55 cat 3 cool 13 21 dan 4 uncool 21 91 egg 5 uncool 22 22 notice say i don construct two dierent labelling schemes (plan / format / sometimes e be like wayo) here.
We store each item (single thing / article) of data for one place for di database and reference (citation / to point to where info dey) am elsewhere (for anoda place) using foreign key,찻 We store each item (single thing / article) of data for one place for di database and reference (citation / to point to where info dey) am elsewhere (one place) using foreign key.
"Di tori wey dey important pass, wey be say make you no forget, na im be de key point wey you suppose sabi or remember business organizations dey important part of business structure.",찻 Di key takeaways business organizations dey important part of business structure.
We no suggest say congress go extend (to make am long / increase de reach) di same prohibition on material support for issue here to domestic (house mata / local tin) organizations.,찻 We also no suggest say congress go extend (to make am long / increase de reach) di same prohibition on material support for issue here to domestic (house mata / local tin) organizations.
"For a positivist, di desirability of enacting law wey dey viewed (bin see / bin check am out) as""good"" or""bad"" no relevant for determining (to finalize / find de real answer) what di law dey.","찻 Di desirability of enacting (to sign am into law) law wey dey viewed (bin see / bin check am out) as good"" or""bad"" no dey relevant for determining (to finalize / find de real answer) what di law dey."
Di problem go exist without rule of law?,찻 Di problem go exist without rule of law?
"Di study by Johns(1985) also demonstrate say although less proficient (for having or show knowledge and skill and aptitude and aptitude) English writers dey more inclined to focus on sentence-level information and infrequently (but many times wey dey no many times) combined idea unit for macro level, both novice and more experienced (sabi person / person wey don see things) college writers distorte di idea of di source text to certain level and include personal comments for dia summaries, di practice of which dey inconsistent wit di general expectations of academic summaries.","찻 Di study by johns(1985) also demonstrate say although less proficient english writers dey more inclined to focus on sentence-level information and infrequently (for short intervals, many times for short intervals) combin idea units (one single piece / section) for macro level, both novice and more experienced (sabi person / person wey don see things) college writers dey distort (to change or twist something comot from its true form) di ideas of di source text to certain level and include personal comments for dia summaries, di practice of which dey inconsistent (E dey show lack of consistency) wit di general expectations of academic summaries."
"as result, most everyday research questions don dey relational (dem having relation or being related) for nature, but dem dey motivate by deeper ontological questions about di state of nature.","찻 Di everyday research questions don dey relational (dem having relation or being related) for nature, but dem dey always motivate by deeper ontological questions about di state of nature."
"Nano ad"" outliers.","찻 Nano ad"" outliers"
Di seattle times and di walla union (join-body / workers' group) bulletin don publish stories about rhine hart and di foundation.,찻 Di seattle times and di walla union-bulletin don publish stories about rhine hart and di foundation.
"Di notion of writing games dey depict pipo sense say academic writing dey consist of ruleand strategy-based practices, done for interaction wit oda for some kind personal and professional gain, and say e dey learn through repeated practice wey dey learn through guidebook of how to play.","찻 Di notion of writing games dey depict pipo sense say academic writing dey ruleand strategy-based practices, done for interaction wit odas for some kind of personal and professional gain, and say e dey learn through repeat (di third cycle word) practice no be just from guidebook of how to play."
Dem distinguishing protected advocacy brandenburg v. ohio 395 u. s. 444(1969) per curiam opinion for di court.,찻 Distinguishing protected advocacy brandenburg v. ohio 395 u. s. 444(1969) per curiam wetin dem talk for di kot.
"Di promise go need to dey perform so say di obligation or duties (responsibilities / wetin person gats do) wey dey carry legal duties, then, barring defense, di promise go need to dey discharge (na wen court release defendant from charge, or cancel debt or obligation).","찻 Di promise go need to perform so say di obligation or duties (responsibilities / wetin person gats do) wey dey arising (wetin follow / as e dey start to happen) under dat promise go dey discharge (na wen court release defendant from charge, or cancel debt or obligation)."
"DOI: 10.1111 j.1999. tb00760. x Johnson, P. J.(2007).","찻 DOI: 10.1111 j.1999. tb00760. x4.6 references (di words wey dem use) 89 Johnson, P. J.(2007)."
"As some argue (to drag mata / try to prove point), don ""press""dey subsum into""speech"" for purpose of First amendment (wey go bring freedom to pipo) doctrine?","찻 As some argue (to drag mata / try to prove point), don ""press""be subsume into""speech"" for purpose of First amendment (wey go bring freedom to pipo) doctrine?"
"IPV get serious consequences (wetin follow de action / outcome of wahala) for everyone; however, there dey few unique features (karakata wey dey make am sweet or wey dey help) of IPV among immigrants and refugees.","찻 IPV hasserious consequences (wetin follow de action / outcome of wahala) foreveryone; however, there dey unique features (karakata wey dey make am sweet or wey dey help) of IPV among immigrants and refugees."
"See remsburg v. docusearch, inc, 816 a.2d 1001 (n. h.2003).","찻 See remsburg v. docusearch, inc, 816 a.2d 1001 (n. h.2003)."
"Chilton, M, Black, M. M, Berkowitz, C, Casey, P. H, Cook (person wey de prepare foor), J, Cutts, D, Jacobs, R. R, Heeren, T, Ettinger de Cuba, S, Coleman, S, Meyers, A. &Frank, D. A.(2009).","찻 Di chilton, m, black, m. m, berkowitz, c, casey, p. h, cook (person wey de prepare foor), j, cutts, d, jacobs, r. r, heeren, t, ettinger decuba, s, coleman, s, meyers, a. &frank, d. a.(2009)."
"E. g, if a questionnaire assessing (checking levels) mood dey boring, then mood for measurement (to measure something) for time 2 dey more likely to become ored"", e. g, if a questionnaire assessing mood for time 2 dey more likely to become ored","찻 E. g, if questionnaire assessing (checking levels) mood dey boring, then mood for measurement (to measure something) for time 2 dey more likely to become ored"", precisely (more clearly) because of di boring measurement make for time 1."
"Di perspective dey necessary to create ecologically sound prevention (di act of preventing di act of preventing) and intervention (di act of intervening (as to mediate dispute, etc.)) wey go help restore sense of life coherence and help heal di deep wounds wey dey flict by home displacement for individuals, families and communities (neighborhood / groups of people).","찻 Dis perspective na necessary to create ecologically sound prevention (di act of preventing di act of preventing) and intervention (di act of intervening (as to mediate dispute, etc.)) wey fit help restore asense of life coherence and help heal di deep wounds inflicted by home displacement for individuals, families and communities (neighborhood / groups of people)."
"Di context dey challenge to national park service regulation prohibiting (law wey say ""no do am"" / ban) camping for certain parks as apply to prohibit demonstrators from sleeping ford. c.'s lafayette park and di mall for connection wit demonstration (di act of present something to sight or view) wey dey call attention to di plight of di homeless.","찻 Di context na challenge to national park service regulation prohibiting (law wey say ""no do am"" / ban) camping for certain parks as apply to prohibit demonstrators from sleeping ind. c.'s lafayette park and di mall for connection wit demonstration (di act of present something to sight or view) wey dey suppose call attention to di plight of di homeless."
"For-woven designs dey typically render (to give / provide / perform service) for wool, wey dey take dye more easily (soft work / e no hard at all) than flax (linen).","찻 Di in-woven designs dey typically render (to give / provide / perform service) for wool, wey take dye more easily (soft work / e no hard at all) than flax (linen)."
Any broader (more wide / general pass) view of dis authority would effectively (sharp sharp) empower a majority to silence (quiet / no talk) dissidents simply as a matter of personal predilections.,찻 Di authority go effectively (sharp sharp) empower majority to silence (quiet / no talk) dissidents simply as matter of personal predilection.
Less than 1%of refugees worldwide ever (anytime / since world start) dey resettled for third country.,찻 Less than 1%of refugees worldwide dey resettled for third country.
Di dictionaries dey now order structures,찻 Di dictionaries dey ordered structure
Di problem dey overcome so say both parties fit form legally (inside law / wetin law gree make person do) binding contract wit each oda?,찻 Di problem dey overcome so say both parties go form legally (inside law / wetin law gree make person do) binding contract wit each oda?
"Di court don also point say ""[l]egal trials (court cases / testing) no like election (di process wey pipu de use take vote), to be won through di use of di meeting-hall, di radio, and di newspaper","찻 Di court don tok say ""[l]egal trials (court cases / testing) no like election (di process wey pipu de use take vote), to be won through di use of di meeting-hall, di radio, and di newspaper"
"Di new function give you opportunity (chance / open door) to name group of statements, wey make your program easier (no hard / simple) to read, understand, and debug (the work of finding and fixing mistakes in a program)","찻 Di new function give you opportunity (chance / open door) to name group of statements, wey make your program easier (no hard / simple) to read, understand, and debug (the work of finding and fixing mistakes in a program)."
Di potassium don very little effect on osmotic pressure.,찻 Di potassium don very little effect on osmotic pressure.
"Na however, wetin i fit do dey insert space for di middle of di word",찻 I no fit do dey insert space for di middle of di word
We add print of di variable words right before line five,찻 We add print of di variable words right before line five
Nano crime dey victimless,찻 Nano crime dey victimless
"Some states wey dey low population don only one judicial district, while more populous state don only one judicial district, while more populous state don only one judicial district, while more populous state don only one judicial district, while more populous state don only one judicial district.","찻 Di state wit low population don only one judicial district, while more popular state don multiple judicial districts."
"Di bill of rights, including First amendment (wey go bring freedom to pipo), follow for 1791.","찻 First amendment (wey go bring freedom to pipo), follow for 1791."
Hyperlink: whistleblower law blog check comot di links on di right side of di webpage below.,찻 Whistleblower law blog to look at di links on di right side of di webpage below.
Di petitioner dey refuse (to no gree / to reject) to divulge dia name,찻 Di petitioner refused (bin no gree / reject) to divulge dia name
And di simplest way to do dat one nato type di name of di variable and press enter.> sales[1] 350. So dat one good to know.,찻 Di simple way to do dat nato type di name of di variable and to press enter11
"If di central (main side / middle / very important) limit diorem dey kind to us, we go suppose guess say di sampling distribution of^b, di estimated regression coecient, dey di bell way wit mean centre onb.","찻 If di central (main side / middle / very important) limit diorem dey kind to us, we go able to guess say di sampling distribution of^b, di estimated regression coecient, dey di bell way wit mean centred onb."
"di glomeruli dey create about 200 liters(189 quarts) of dis filtrate everiday, yet you dey excrete less than two liters of waste (to trowey something wey useful / dirt) wey you call urine.","찻 Di glomeruli create about 200 liters (189 quar ts)of dis fil trate every day, yet you xcrete less than tw o liters of waste (to trowey something wey useful / dirt) you call urine."
Di psych package contains skew() function wey you fit use to calculate skewness.,찻 Di psych package contains skew() function wey you fit use to calculate skewness.
"Furthermore (join join / more-so), remittances dey allow families to pay down(or payoff) debt (na money wey persin suppose pay to anoda persin or entity) aswell as provide family members access to healthcare.","찻 Furthermore (join join / more-so), remittances dey allow families to getown debts (all de credit wey person gats pay back) as well as provide family members access to healthcare."
"when dem work well, we go think of dem as teammates, and when dem be dey rude, we go follow dem talk d same way we dey respond to pipo wey dey rude.","찻 We respond to dem di same way we respond to rude, obstinate pipo(reeves and nass, di media equation: how pipo treat computers, television (di broadcasting visual images of stationary or moving objects), and new media like real pipo and place)."
"I generate 10, 000 samples of iq data, and dey calculat di average IQ observe within each of dis data sets (to arrange / put things for order).","찻 I generate 10,000 samples of iq data, and calculate di mean iq wey dey observe within each of dis data sets (to arrange / put things for order)."
West virginia board of education v. barnette (1943).,찻 West Virginia board of education v. barnette (1943).
For real property different type of interest wey dey owned (wetin person get for hand / property) for real property different type of interest wey dey owned for real property different type of interest wey dey owned for real property.,찻 Di ownership interest for real property different types of interest dey owned (wetin person get for hand / property) for real property.
"If di written law allowed (bin give chance / bin gree) racial (mata about tribe or de color of person skin) discrimination, natural law adherents go no recognize di law as valid.","찻 Di written law don allow racial (mata about tribe or de color of person skin) discrimination, natural law adherents no recognize di law as valid."
"Di measurement of time dey take relative (connection / family person) to local time zone, and most(but no all)time zone don get standard time and daylight saving time, though di date wey di switch occurs (E dey happen / e dey show face) no dey standardised (di standard evaluate by comparing wit standard standard).","찻 Di measurement (to measure something) of time dey usually take relative (connection / family person) to local time zone, and most(but no all)time zone don both standard time and daylight savings time, though di date wey di switch occur no dey standardised (di standard evaluate by comparing wit standard standard)."
There na more disagreement (say dem no agree) about congress's power to regulate domestic (house mata / local tin) commerce (big-time buying and selling).,찻 There na more disagreement (say dem no agree) about congress's power to regulate domestic (house mata / local tin) commerce (big-time buying and selling).
"During di 2008 term(a term begins inside october plus ends di following june), di supreme court received (wetin enter hand / something wey person collect) approximately 7, 700 petitions (formal begs / applications).","찻 Di supreme court receive approximately 7, 700 petitions (formal begs / applications)."
Di first type dey represent di ruined church of di diotokos on mt.,찻 Di first type go represent di ruined church of di diotokos on mt.
"Di most part of dem of rpackages dey already (E don happen / since / before-before) install when you put ron your computer, but di most part of dem of rpackages dey out for di internet, waiting for you to download, install and use dem","찻 Di most part of dem of rpackages dey out there on di internet, waiting (to stay / hold on / delay) for you to download, install and use dem"
Di wetin dey inside of dis experiment dey completely shot,찻 Di how di study fit apply inside of dis experiment dey completely shot
"Family-based interventions (di act of intervening (as to mediate dispute, etc.)) fit target improving di emotional functioning of di family, identifying (finding out / sabi) family patterns of coping, and making (to dey build or produce something) meaning of di family's experience.","찻 Family-based interventions (di act of intervening (as to mediate dispute, etc.)) fit target improving di emotional functioning of di family, identifying (finding out / sabi) family patterns of coping and making (to dey build or produce something) meaning of di family' sex experience."
"Di foreign corrupt practice act (fcpa) outlaws bribery byu. s. companies do business for foreign lands, though grease payments (money matters / paying of bills) dey permitted.","찻 Di foreign corrupt practices act (fcpa) outlaws bribery byu. s. companies do business for foreign lands, though grease payments (money matters / paying of bills) dey permitted."
"Di most frequently (for short intervals, many times for short intervals) prescribed anti-hyper tensiv e di most frequently prescribed anti-hyper tensiv e di etic dey h ydrochlor othiazide.","찻 Di most frequently (for short intervals, many times for short intervals) prescribed anti-hyper tensiv e diur etic na h ydrochlor othiazide."
Di program output wey largest progress (movement / improvement) from 3 to 41 to 74.,찻 Di program output say largest progress (movement / improvement) from 3 to 41 to 74
"for example, if I decide say I wan di numbers for di upside of di plot to from to 0 to 100, den I go set ylim =c(0, 100).","찻 If i decide i wan di vertical scale of di plot to run from 0 to 100, then i set ylim =c(0, 100)."
"Di level of Az-test(or any oda test, for dat matter)dey nes di total area\under di curve""for di critical region, right?","찻 Di level of az-test(or any oda test, for dat matter)dey nes di total area\under di curve""for di critical region, right?"
Legal status dey restrict (to hold back / put boundary) healthcare benefit eligibility. Person's legal classification— whether dem have permission (di approval to do something) to bein a country and under what conditions na important legal criterion wey fit hinder access to healthcare benefits (better-better tins wey person gain).,찻 Legal Status dey restrict (to hold back / put boundary) healthcare needs eligibility. Immigration Status na important legal criterion wey fit hinder access to healthcare benefits (better-better tins wey person gain).
Di decision for di circuit court level also produce binding precedent within dat jurisdiction.,찻 Di circuit court level also produce binding precedent within dat pawa of kot to judge case.
"Di way,15|frank sinatra new york|25|frank sinatra sqlite> we dey make very bad error for our data modeling (using math to represent how a real thing work).",찻 We don make very bad error for awa data modeling (using math to represent how a real thing work).
"As amy Zenger, joan mullin, and carol peterson haviland discuss di challenge of designing a writing program wey positively (dem dey extremely extremely) recognize students' cultural and linguistic (dem dey dey related to language) differences.","찻 For ""reconstructing teacher roles through for ransnational lens: learning wit for di american university of beirut,amy zenger, joan mullin, and carol peterson haviland discuss di challenges (di demanding or stimulating situation a demanding or stimulating situation) of designing a writing program wey positively (dem dey extremely extremely) recognize students' cultural and linguistic (dem dey dey related to language) differences."
for example of how unhealthy eating out for italian restaurants (di building wey dem go eat pipo go eat) fit be.,찻 for example of how unhealthy eating out for Italian restaurants (di building wey dem go eat pipo go eat) fit be.
"Di types of le wey dey to use, 12but dem no really all wey dey central (main side / middle / very important) to awa interest.","찻 E dey also several oda type of le wey dey make use of, 12but dem no dey central (main side / middle / very important) to awa interest."
"Di problem dey say you no know which manufacturer's supplement (for di end of di publication) caused (wetin make de tin happen) you fall ill, so you no prove any specific manufacturer (na persin or company wey dey make goods for sell) caused your illness.","찻 Di problem na say you no know which manufacturer's supplement (for di end of di publication) caused (wetin make de tin happen) you to fall ill, so you no prove any specific manufacturer (na persin or company wey dey make goods for sell) caused your illness."
"Dem notice say only di last one cause runtime error; di oda three dey legal, but dem do di wrong thing","찻 Di last one cause runtime error; di oda three dey legal, but dem do di wrong thing."
"Fo r example, di sarbanes -oxley act contains whistleblower protection, but di statute nano entirely (kpatakpata / everything complete) devoted to whistleblower protection.","찻 Di sarbanes -oxley act contains whistleblower protection, but di statute no dey devoted to whistleblower protection."
"Di line wey dey top dey di lename, and no part of di script wey deyself","찻 Di line for top dey di lename, and no part of di script itself"
"Di lines wey start wit""from"" separate di messages and di lines wey start wit""from"" dey part of di messages.","찻 Di line wey start wit""from"" separate di message and di line wey start wit""from"" dey part of di message."
Di tire dey wrong wit di tire?,찻 Di wrong wit di tire?
Di researcher don get good reason to pick out smallish number of possible regression models (samples / fine people for picture) wey dey of theoretical interest; dis models go get sensible interpretation for di context of your eld.,찻 Di researcher don good reason to pick out small number of possible regression models (samples / fine people for picture) wey dey of theoretical interest; dis model go get sensible interpretation for di context of your eld.
"Di friend of mine, dr Zeppo, grade hin introductory (di serving to open or begin) statistics class on curve.","찻 Di friend of mine, dr Zeppo, grades (results for school / level) hin introductory (di serving to open or begin) statistics class on curve."
Proposed (to suggest / plan wey dem bring out for discussion) refugee admissions (to gree say na you do am / entrance to school) for fiscal year 2014: report to di Congress.,찻 Proposed (to suggest / plan wey dem bring out for discussion) refugee admissions (to gree say na you do am / entrance to school) for fiscal year 2014: report to di congress.
Di numerous (plenty-plenty / dem many) byzantine text wey dey describe di figure for icons wey dey coming (E dey come) alive to defend (to back person / fight for your right) or heal pipo.,찻 Di numerous (plenty-plenty / dem many) byzantine text describe di figure for icons coming (E dey come) alive to defend (to back person / fight for your right) or heal pipo.
Di 1965 amendment specifically protect dis substantial governmental interest.,찻 E dey clear say di 1965 amendment specifically protect dis substantial governmental interest.
Di best way to avoid dis problems na use space exclusively(no tabs).,찻 Di best way to avoid dis problems nato use space exclusively(no tabs).
Di bunch of regression speci c tools wey i don mention (to talk about am small),찻 Di bunch of regression speci c tools wey i don mention (to talk about am small).
You'll learn about di parties involved plus about preliminary matters such as standing (level / position / right to carry mata go kote) plus personal pawa of kot to judge case plus then explore di trial plus appeal.,찻 We go learn about di parties involved and about preliminary matters such as standing (level / position / right to carry mata go kote) and personal jurisdiction and then explore di trial and appeal.
"Dem suggest say relying (to lean on / trust person) on frequentist (one wey like frequency way) methods go turn you into potent but sterile intellectual rake wey dey leave for hin merry path long train of ravished maidens but no viable scienti c ospring"" (meehl, 1967, p. 114).","찻 Di psychologist paul meehl, wey suggest say relying (to lean on / trust person) on frequentist (one wey like frequency way) methods go turn you into potent but sterile intellectual rake wey dey leave for hin merry path along train of ravished maidens but no viable scienti c ospring"" (meehl, 1967, p. 114)."
"Di x co-ordinate na di theoretical quantile wey di observation go fall for, if di data dey normally distributed(with mean and variance wey dey estimated from di sample)and on di y co-ordinate na di actual quantile of di data wey dey within di sample.","찻 Di x coordinate dey di theoretical quantile wey di observation go fall for, if di data dey normally distributed(with mean and variance estimated from di sample)and on di y coordinate dey di actual quantile of di data wey dey inside di sample."
"Di case dey settled (bin settle / no more wahala), res judicata prevent di case from being tried (bin try / test) again.","찻 Di case dey try again, res judicata prevent di case from being tried (bin try / test) again."
"Di case of gideon v. wainwright,[1]a poor (sapa / person wey no get money) defendant wey dey convicted (na wen court or jury find persin guilty of criminal charge) of burglary without being represented by lawyer wey filed handwritten (di hand wey hand written by hand) for forma pauperis writ of certiorari wit di supreme court.","찻 Di case of gideon v. wainwright,[1] poor (sapa / person wey no get money) defendant convicted (na wen court or jury find persin guilty of criminal charge) of burglary without being represented by lawyer filed handwritten for forma pauperis writ of certiorari wit di supreme court."
Di senate routinely (normal-normal / steady) confirm (to make sure) di president choices (different-different options).,찻 Di senate routinely (normal-normal / steady) confirm (to make sure) di president's choice.
"Washington DC, Brookings Institute (place wey de for skul or to de research).","찻 Washington DC, Brookings Institute (place wey de for skul or to de research)."
"Na what about""cat"" and""cat""?","찻 For""cat"" and""cat""?"
Di court don reject di antiquated notion say public employment or education dey privilege wey require di abandonment (di act of giving something up) of constitutional rights.,"찻 Di court don reject di antiquated notion say public employment or education dey a""privilege"" wey require di abandonment (di act of giving something up) of constitutional rights."
"We both agree say he go win di next hill (ground wey go up but e no reach mountain), right?","찻 We both agree say he go win di next hill (ground wey go up but e no reach mountain), right?"
"I conduct semi-structured interview wit dem, wey dey seeking (to look for / desire) information about di type of summarization (di act of preparing summary (or an instance thereof)) assignment wey dem need complete for different disciplinary course and ask di participants to explain in detail di purpose and nature of di summarization tasks.","찻 I conduct semi-structured interview wit dem, seeking (to look for / desire) information about di type of summarization (di act of preparing summary (or an instance thereof)) assignments wey dem need to complete for different disciplinary course and ask di participants to explain for detail di purpose and nature of di summarization tasks."
"Na when we turn to discussion of type ii tests we go see say type ii tests avoid dis arbitrariness entirely (kpatakpata / everything complete), but i think say na too strong conclusion.","찻 Di discussion of type ii tests wey dey true, and wen we turn to discussion of type ii tests wey dey true, and wen we turn to discussion of type ii tests wey dey true, and when we turn to discussion of type ii tests wey dey true, and when we turn to discussion of type ii tests wey dey true, and when we turn to discussion of type ii tests wey dey true, and when we turn to discussion of type ii tests wey dey true, and when we turn to discussion of type ii tests wey dey true, and when we turn to discussion of type ii tests wey dey true, and when we turn to discussion of type ii tests wey dey true, and when we turn to discussion of type ii tests wey dey true, and when we turn to discussion of type ii tests wey dey true, and when we turn to discussion of type ii tests wey dey true, and when we turn to discussion of"
"First, plaintiffs propose to""train members of[di] pkk on how to use humanitarian and Rules and agreements (di statement (oral or written) of exchange of promises) wey control how countries relate and deal with eachother to peacefully resolve disputes.""","찻 Di first, plaintiffs propose to""train members of[the] pkk on how to use humanitarian and international law to peacefully resolve disputes"
Di small window wey show wey dey look like di one show for figure 3.5. 5.,찻 Di small window wey show wey look like di one show for figure 3.5. 5.
Di memory no dey in nite for capacity (di highest wey somtin fit contain or do); and e seem to get worse as i get older (senior / old pass),찻 Di memory no dey in nite for capacity (di highest wey somtin fit contain or do); and e seem to get worse as i get older (senior / old pass).
"for example, because di erythrocytes (red blood cells)lack mitochondria, dey must produce der atp from anaerobic respiration.","찻 for example, because er ythr ocyt dey(red blood cells) lack mitochondria, di y must produce dia tp from anaer obic r espir ation."
Di party suppose dey add di identical information wey di protective order as long as di information dey gain through means independent (di neutral or uncommitted person (especially for politics)) of di court process.,찻 Di party go dey disseminate di identical information wey dey covered (something wey security or insurance don take care of) by di protective order as long as di information dey gain through means independent (di neutral or uncommitted person (especially for politics)) of di court process.
Di llc statutes (laws wey dem write put for book) require only di name of di llc and di contact (to touch / reach out to person / connection) information for di llc legal agent(in case someone decide to file lawsuit against di llc),찻 Di typical llc statutes (laws wey dem write put for book) require only di name of di llc and di contact (to touch / reach out to person / connection) information for di llc legal agent(in case someone decide to file lawsuit against di llc).
"First amendment (wey go bring freedom to pipo) require say di goment's chosen (picked / de one wey dem select) restriction on di speech for issue be""actually necessary""to (to make am / reach target / blow) its interest.","찻 First amendment (wey go bring freedom to pipo) require say di goment chosen (picked / de one wey dem select) restriction on di speech for issue be""actually necessary""to (to make am / reach target / blow) its interest."
"Di president george w. bush, for example, initially appointed (picked / dem don choose person) chief justice roberts to court of appeal judgeship for 2001, but he no confirm (to make sure) until 2003, afta republi don dey regained control of congress for midterm election (di process wey pipu de use take vote).","찻 Di president george w. bush, for example, initially appoint (to officially put person for job or place) chief justice roberts to court of appeal judgeship for 2001, but hin no confirm (to make sure) until 2003, afta republicans regain control of congress for midterm election (di process wey pipu de use take vote)."
"Di legal positivist go most comply (to follow rule / obey wetin dem talk) wit law wey require compulsory (for rule wey dey required by rule) conscription (di compulsory military service service compulsory military service), though hin or she go use oda legal channel to try to change di law.","찻 Di legal positivist go most (kpam-kpam / true-true / without doubt) comply (to follow rule / obey wetin dem talk) wit law wey require compulsory conscription, though hin or she go use oda legal channel to try change di law."
"Dem examine figure 7. 2 ""a coworker attack""","찻 Examine figure 7. 2 ""a coworker attacks""."
Di parties wey dey afford to pay for dis service don afford substantial benefit for no having to wait (to stay / hold on / delay) to get dia case hear for di public court.,찻 Di parties wey fit afford to pay for dis service don get substantial benefit for no having wait (to stay / hold on / delay) to get dia case hear for di public court.
E help keep us honest (to de always talk true and to no do wayo),찻 E help keep us honest (to de always talk true and to no do wayo)
Di demographic statistics dey highlight di several marked differences among di neighboring cities.,찻 Demographic statistics highlight several marked differences among dis neighboring cities.
"Di minors (small children / under-age) lack legal capacity (di highest wey somtin fit contain or do), but dem no enter into contracts wey dem cancel for dia sole (only one / him alone) option.","찻 Di minors (small children / under-age) lack legal capacity (di highest wey somtin fit contain or do), but dem go enter into contracts wey dem cancel for dia sole (only one / him alone) option."
Di supervisor tok say ledbetter receive top performance award for 1996.,찻 Di supervisor acknowledg say ledbetter receive top performance award for 1996.
"Di koko stumbling blocks nato offer faculty development on l2 writing, however, na say wac program directors (big ogas wey dey control company) don feel equipped to do so.","찻 One of di main stumbling blocks to offer faculty development on l2 writing, however, na say wac program directors (big ogas wey dey control company) don feel equipped to do so."
Influence of international human rights agreements (di statement (oral or written) of exchange of promises) on public opinion.,찻 Influence of international human rights agreements (di statement (oral or written) of exchange of promises) on public opinion.
Di constitution go find justification (reason why dem do wetin dem do) for such deprivation of di historic (something wey big for history) powers of di states dey to misconceive di idea of freedom of thought and speech as guaranteed (sure / dem promise) by di constitution.,찻 Di historic (something wey big for history) power of di state dey misconceive di idea of freedom of thought and speech as guaranteed (sure / dem promise) by di constitution.
"However, there dey need to be significantly deeper understanding of these issues if we go be able to truly support immigrant and refugee families to thrive and flourish for U. S.","찻 However, there need to dey significantly deeper understanding of these issues if we dey able to constant (somtin wey no de change) support immigrant and refugee families to try and flourish for U. S."
Di idea dey avoid proprietary software na good idea.,찻 E dey good idea.
Di strings for di print statement dey enclosed for quotes (the exact words wey dem write or talk somewhere).,찻 Di strings for di print statement dey enclosed for quote
Di rst order of business dey to determine if di discrepancy between human choice and robot choices (different-different options) for di group of related numbers or data wey belong together dey statistically signi cant.,찻 Di rst order of business dey to determine if di discrepancy between human choices (different-different options) and robot choices for di group of related numbers or data wey belong together dey statistically signi cant.
"Di first numbers 2population variance no dey known for sure ^2estimate of di population yes, but no di same as di variance sample variance 7okay, i'm hid something else here.","찻 Di s2sample variance yes, calculated (di mathematical calculation or computation or computation) from di first numbers 2population variance almost never known for sure ^2estimate of di population yes, but no di same as di variance sample variance 7okay, i dey hid something else here."
He reiterated dis view on numerous (plenty-plenty / dem many) occasions and hin reiterated dis view on numerous occasions,찻 E reiterate dis view on numerous (plenty-plenty / dem many) occasions.
"I try create few dierent variables of your own, and then ask yourself questions like\how do i get rto spit out all di elements wey dey [blah]","찻 Di try create few dierent variables of your own, and then ask you questions like\how do i get rto spit out all di elements wey dey[blah]"
Di third assumption na say di spread for all di pipo dey di same for both groups.,찻 Di second assumption na say di spread for all di pipo dey di same for both groups.
"I also know say i don get young kids, and you no be all wey surprise to know say i dey forgetful about dis sort of thing.","찻 I also know say i get young kids, and you go surprise to know say i dey forgetful about dis sort of thing."
"I dey tok above, na three distinct (different / clear) claims wey we dey buri for dis one statement, and we go consider dem separately.","찻 Di three distinct (different / clear) claims wey dey huri for dis one statement, and we go consider dem separately."
"Di dct, like di pct, dey tortuous and formed (bin make / bin arrange or build) by simple cuboidal epithelium, but e dey shorter than di pct.","찻 Di dct, like di pct, dey tortuous and formed (bin make / bin arrange or build) by simple cuboidal epithelium, but e dey shorter than di pct."
Di judgment.,"찻 Di white, j, filed opinion concurring for di judgment."
"If one""asks (to ask / request) teachers about di problem students get wit reading, dem go invariably say students no read and no read""and say contemporary students no dey unable""to read complex text wit full understanding""(para.","찻 As horning (2007)put am, if one""asks teachers about di problems students get wit reading, dem go invariably say students no read and don read""and say contemporary students no read complex texts (written words / messages) wit full understanding""(para."
"If true population mean denoted, then we go use^ to talk about awa estimate of di population mean","찻 If true population mean dey denoted, then we go use^ to talk about awa estimate of di population mean."
Immigrant workers for U. S. labor force.,찻 Immigrant workers for U. S. Labor Force.
"Di pancreas releases most of di digestive enzymes, including di pr otease tr ypsin, ch ymotr ypsin, and elas tase, wey aid protein digestion.","찻 Di pancreas release most of di digestive enzymes, including di pr oteases tr ypsin, ch ymotr ypsin, and elas tase, wey aid protein digestion."
"Di survey data, along wit di translingual diories and practices wey dem endorse, inform (to tell / give info) di authors' reconceptualization of di academic writing course and dia approach to infusin more writing into di general education curriculum, an approach wey dey reli on di varied language expertise of faculty across di disciplines (areas of study or field of knowledge).","찻 Di survey data, along wit di translingual diories and practices wey dem endorse, inform (to tell / give info) di authors' reconceptualization of di academic writing course and dia approach to infusing more writing into di general education curriculum, an approach wey dey relies (E lean on / trust) on di varied language expertise of faculty across di disciplines (areas of study or field of knowledge)."
"For if di part of government wey dey carry out and enforce laws— led by President or Prime Minister seeks (person wey dey find / look for) judicial aid for prevent publication, e must submit (give / hand over) di basis wey dem dey scrutiny (to check mata with searchlight / deep inspection) by di judiciary.","찻 For if di part of government wey dey carry out and enforce (to force people make dem follow law) laws— led by President or Prime Minister seeks judicial aid for preventing (to stop wahala before e start) publication, e must submit (give / hand over) di basis wey aid dey sought (bin find / bin look for) to scrutiny (to check mata with searchlight / deep inspection) by di judiciary."
Dem suppose say we get two variables wey we dey interest for; we go use both dan. sleep and baby. sleep to predict di dan. grump variable.,찻 We suppose say we get two variables wey we dey interest for; we wan use both dan. sleep and baby. sleep to predict di dan. grump variable.
Di effect provides (to provide) one w ay of telling if a person wit diabetes dey pr operl y controlling (oga-ship / to manage how things go) di disease.,찻 Di effect provide one w ay of telling if person wit diabetes dey pr operl y controlling (oga-ship / to manage how things go) di disease
"Di sort of robust political debate (fomal talk where two pipu dey talk against each oda) wey di firstamendment dey bound (something wey must happen / person wey law tie down) to produce speech wey dey critical of those wey hold public office or those public figures wey dey involved for di resolution of important public question or, by reason of dia fame, shape events for areas (different sides / locations) of concern to society at large.","찻 First amendment (wey go bring freedom to pipo) dey bound (something wey must happen / person wey law tie down) to produce speech wey dey critical of those wey hold public office or those public figures wey dey involved for di resolution of important public questions or, by reason of dia fame, shape events for areas (different sides / locations) of concern to society for large."
Wetin aspects (different sides of de mata) of your background fit increase tolerance of IPV?,찻 Di aspect of your background go increase tolerance of IPV?
"If you dey frequentist (one wey like frequency way), a probability go only dey dened for terms of what dey happen after large number of independent (di neutral or uncommitted person (especially for politics)) replications (i. e, long run frequency).","찻 If you dey frequentist (one wey like frequency way), a probability go only dey dened for terms of what dey happen after large number of independent (di neutral or uncommitted person (especially for politics)) replications (i. e, long run frequency)."
E no too hard to get rto do am,찻 E no too hard to get rto do am
"Di ph range of urine na 4. 5 to 8. 0, and dey affected by diet.","찻 Di ph range of urine dey 4. 5 to 8. 0, and dey affect by diet"
For thinking (to reason / deep thought) about di implications (wetin something fit cause or mean) of di collection as a whole: what research don dey carried (bin carry / bin move load) out on wid and english l2 outside of di us?,찻 Di research don dey carried (bin carry / bin move load) out on wid and english l2 outside of di us?
Di U. S. President dey set Di highest (de oga kpatakpata / top level) number of refugees wey one country set as limit to accept per year each year wey identify di number of refugees wey fit dey granted (dem don gree / dem don give permission) refuge for di country.,찻 Di U. S. President sets (to arrange / put things for order) refugee ceiling each year wey dey identify di number of refugees wey dey grant refuge for di country.
Di legislative (concern people wey dey make law) body for di federal level.,찻 Di legislative (concern people wey dey make law) body for di federal level.
"Di suit(hearts, club, spades or diamonds) wey pipo dey choose.","찻 We go make we look di suit(hearts, club, spades or diamonds) wey pipo choose."
E dey transform or recoding a variable.,찻 E dey transform or recoding a variable
Di first question be?,찻 Di first question be?
"Di felix dey struggled wit di dialect for zora neale hurston's eyes dey watch god(1937 2006)and tok say,""for me, e no dey english","찻 Di felix struggled wit di dialect for zora neale hurston's dia eyes dey watch god(1937/2006) and state,""for me, na english."
Try to determine wey type of law go control or be determinative of di outcome.,찻 Di type of law go control or be determinative of di outcome.
"E think say xis text, so e no go allow me to try to do mathematics use am","찻 E no think say xis text, so e no go allow me try to do mathematics using am"
Di fact say there dey some contention (dragging / wetin person talk for argument) over exactly how you go do am,찻 Di fact say na some contention (dragging / wetin person talk for argument) over exactly how you dey suppose do am
"For balanced design, all of awa cell frequencies (di number of occurrences wey dey within given time period period) dey equal by de nition, so di two dey equivalent (di same thing).","찻 Di balanced design, all of awa cell frequencies (di number of occurrences wey dey within given time period period) dey equal by de nition, so di two dey equivalent (di same thing)."
"Di easement dey create expressly (direct / dem talk am clear-clear) or impliedly, and e generally give pipo di right to use one land for particular purpose.","찻 Di easement dey create expressly (direct / dem clear-clear) or impliedly (but without doubting or questioning or questioning), and e generally give pipo di right to use one land for particular purpose."
Na one hundred dollar'?,찻 One hundred dollars'?
Dis kind of major change fit lead to loss of identity (who person be / real name and face) and purpose.,찻 Di kind of major change fit lead to loss of identity (who person be / real name and face) and purpose.
"Di observed (bin see / follow rule) Z-statistic dey 2:26, why no calculate di area under di curve below 2:26 or above 2:26?","찻 Di observed (bin see / follow rule) Z-statistic dey 2:26, why no calculate di area under di curve below 2:26 or above 2:26?"
"If we dey calculate di standard scores, we get z=(35−17) 5=3.6 for grumpiness (crossness) and z=(2−13) 4= −2.75 for extraversion (how person dey social).",찻 We getzp3517q{53: 6 for grumpiness (crossness) and zp213q{42: 75 for extraversion.
"For dis manner (way / style / how person take do am), sheppard's right to a trial free from outside interference (na wrongful disruption or obstruction of anoda persin legal right or business) would get been given added (bin join follow / increase) protection without corresponding curtailment of di news media.",찻 Sheppard's right to trial free from outside interference (na wrongful disruption or obstruction of anoda persin legal right or business) go get add protection without corresponding curtailment of di news media.
Dem get all of hin schooling for english,찻 Di martin don all of hin schooling for english
Di cross burner intend (plan to / mind set) say di recipient (person wey collect) of di message fear for dia lives (different people life).,찻 Di cross burner intend (plan to / mind set) say di recipients (di person wey receive something wey dey receive something) of di message fear for dia lives (different people life).
"Dis, Esl writing programs, wey dey designed (bin arrange / build follow plan) to socialize di oda language wey you learn writers into di target academic community, often incorporate summary writing as important component of di curriculum.","찻 Esl writing programs, wey dey design to socialize di oda language wey you learn writers into di target academic community, often incorporate summary writing as important component of di curriculum."
"E dey simple, and e seem to capture di common-321 sense idea of what e mean say i am\95% con dent","찻 E dey simple, and e seem to capture di common-321 sense idea of what e mean say i am\95% con dent""."
"Di hing"" wey i dey hidin dey weird (strange) and counterintuitive even by di admittedly distorted standards wey apply for statistics.","찻 Di hing"" wey i dey hiding dey weird (strange) and counterintuitive even by di admitted (bin gree / bin enter (like school)) distorted standards wey dey apply for statistics."
Di one wey dey tend (E usually be like say / e get style to) to convey message of respect for di flag by burning am for public square suppose nonetheless (even as e be so / still yet) be guilty of desecration if dem know say dem misperceive di intended message- go dey seriously (no be play-play / with full seriousness) offended if dem know say oda- simply because dem misperceive di intended message- go be seriously offended if dem know say oda- simply because dem misperceive di intended message- go be seriously offended.,찻 One intending (wetin person get for mind to do) to convey (to pass message / move something from A to B) message of respect for di flag by burning am for public square might nonetheless (even as e be so / still yet) be guilty of desecration if hin know say oda- simply because dem misperceive di intended message- go dey seriously (no be play-play / with full seriousness) offended.
"I type""hello (how dem de greet person)"" or'hello' tok say e go treat di text for between di small marks for around words as character string.","찻 I type""hello (how dem de greet person)"" or'hello' danrknow say e go treat di text for between di small marks for around words as character string."
"Dis one take us out of di dreary domain (area / website address) of di z-test, and into di magical kingdom (country wey get king or queen) of di t-test, with unicorns and fairies and leprechauns, and um.","찻 Di take us out of di dreary domain (area / website address) of di Z-test, and into di magical kingdom of di T-test, wit unicorns and fairies and leprechauns, and um."
Di experience of di work wit multimedia source texts (written words / messages) for her elective dance and design classes (groups for school / different kinds).,찻 Lelie also get di experience of working (to dey hustle / de way tin take dey move) wit multimedia source text for her elective dance and design class.
byzantium' s calls for military (soja mata / army) aid from western europeans ford face of d growing threat of d ottoman turks ford east remained unanswered (we no return for kind kind).,찻 Di call for military (soja mata / army) aid from western europeans for di face of di growing threat of di ottoman turks for di east remain unanswered.
"E work, and I stay alive long enough to getaway.'",찻 I dey stay alive long enough to getaway.'
"See table 10.1 ""summary of computer fraud plus abuse act compromising confidentiality provisions""[6] for a summary of di provisions wey carry criminal punishments (di act of punishing di act of punishing di act of punishing), as well as di statutory sentences (prison time / group of words).","찻 Di summary of computer fraud and abuse act compromising confidentiality provisions for summary of di provisions wey carry criminal punishments (di act of punishing di act of punishing di act of punishing), as well as di statutory sentences (prison time / group of words)."
Discussion questions— 1. Think back on your own family history.,찻 Discussion questions— 1. Think back on your own family history.
"Di state of di world's refugees 2006: human displacement for di new millennium (for 1000 years, a span of 1000 years).","찻 Di state ofthe world's refugees 2006: human displacement for di new millennium (for 1000 years, a span of 1000 years)."
"Di courts dey refuse (to no gree / to reject) to grant citizens a right to privacy, do you believe am appropriate for di courts to do so?","찻 If a elected (bin choose through voting) legislature (de group wey dey make law for de land) refuses (E no gree / e reject) to grant citizens a right to privacy, do you believe am appropriate for di courts to do so?"
Di suppose start out wit data setmyrawdata.,찻 Di suppose start out wit data setmyrawdata. csv
Di length()function go do dis,찻 Di length()function to do dis
"As i ask am to calculate 2+2, e no give di same answer, and e no dey bloody 5:>2+2","찻 I ask am to calculate 2+2, e always give di same answer, and e no dey bloody 5:>2+2 [1]4 ofcourse, so far dey just do di calculations"
"for example, suppose you want to take input from di user until dem type.","찻 for example, suppose you wan take input from d user until d type done."
"Di e xchang e wit potassium participate for di e xchang e wit sodium for di renal tubules under di influence of aldos terone, wey also relies (E lean on / trust) on basolateral sodium-potassium pumps.","찻 Di potassium participates for di e xchang e wit sodium for di renal tubules under di influence of aldos terone, wey also relies (E lean on / trust) on basolat eral sodium-potassium pumps."
Di sounds even better,찻 E dey sound even better
"Di bona fide purchaser (na di persin wey buy di property or goods or rights) dey simply a purchaser wey dey take title for good faith (di strong belief wey person get in somtin or person), wit no knowledge of competing (dragging / to contest with oda people) claims to title","찻 Di bona fide purchaser (na di persin wey buy di property or goods or rights) dey simply purchaser wey take title for good faith (di strong belief wey person get in somtin or person), wit no knowledge of competing (dragging / to contest with oda people) claims to title."
"Di group wey engage for unlawful (something wey law no gree / illegal) activity no deprive di plaintiffs of First amendment (wey go bring freedom to pipo)'s protection under any traditional ""categ orical"" exception to dia protection.","찻 Di group wey engage for unlawful (something wey law no gree / illegal) activity no deprive di plaintiffs of First amendment (wey go bring freedom to pipo) protection under any traditional ""categ orical"" exception to its protection."
"Di supreme court wey di supreme court hold for favor (to help person / partial follow-up) of di distributor and car dealer, finding say e no fit avail di privileges wey kom from do business for oklahoma.","찻 Di supreme court held (wetin judge or court bin decide) for favor (to help person / partial follow-up) of di distributor plus car dealer, finding wey neither (no be one or di other) don""purposefully availed"" themselves of di privileges wey kom from do business for oklahoma."
"E dey bizarre:^ 2is and unbiased estimate of di population variance 2, but wen you take di numba wey if you multiply am by itself, e go give you the original numba, we dey call am squa root (di main place wey everything start), but for pidgin, we fit say 'numba wey e be root of anoda numba', e turnout say^ dey biased estimator of di spread for all di pipo.","찻 Na just bizarre:^ 2is and unbiased estimate of di population variance 2, but wen you take di numba wey if you multiply am by itself, e go give you the original numba, we dey call am squa root (di main place wey everything start), but for pidgin, we fit say 'numba wey e be root of anoda numba', e turnout say^ na biased estimator of di spread for all di pipo."
"Dis give very good solution to di problem, but e important to know say e no be perfect (E set / e correct well-well), and e hard to do am perfectly.","찻 Di provide very good solution to di problem, but e important to recognise (to know) say e no dey ideal (wey dey perfect), and hard to pull o perfectly."
"Uninhibited, robust, and wide-open"" debate (fomal talk where two pipu dey talk against each oda).","찻 Dem go be ""uninhibited, robust, and wide-open"" debate (fomal talk where two pipu dey talk against each oda)."
E assume say di residuals dey normally distributed (how dem put themselves).,찻 E assume say di residuals dey normally distributed (how dem put themselves).
"Na interview question wey dey discuss""writing wit accent""or specific di words""ethnicity,"" or""race,"" three of di five students dey perceived (as eye see am / tink say) one or more of di latter (de second one / de one wey follow) as identifying (finding out / sabi) markers of being linguistic, cultural minority for di wi classroom.","찻 Di interview question wey dey discuss""writing wit accent""or specified (dem mention am clear-clear) di words""accent,"" ""ethnicity,""or ""race,""three of di five students perceived (as eye see am / tink say) one or more of di latter (de one before / ex-oga) as identifying (finding out / sabi) markers of being linguistic, cultural minority for di wi classroom (school room / where dem dey learn)."
"Di district court preliminarily enjoin petitioner from denying (to say ""No"" / reject) kqed news personnel (staff / workers / people wey dey work for company) and responsible representatives of di news media access to di santa rita facilities, including greystone, ""at reasonable times and hours""and ""for preventing (to stop wahala before e start) kqed news personnel and responsible representatives of di news media from utilizing photographic and sound equipment or from utilizing inmate interview for providing full and accurate coverage of di santa rita facilities, including greystone, ""at reasonable times and hours""and ""for preventing kqed news personnel and responsible representative","찻 Di district court preliminarily enjoin petitioner from denying (to say ""No"" / reject) kqed news personnel and""responsible representatives (people wey dey stand for oda people / agents)""of di news media access to di santa rita facilities, including greystone, ""at reasonable times and hours""and ""from prevent kqed news personnel and responsible representatives of di news media from utilizing photographic and sound equipment or from utilizing inmate (person wey dem keep for prison) interview for providing full and accurate coverage (how far insurance or news cover de mata) of di santa rita facilities."
"Di enzyme r enin, wey play ac entr al role for blood pressure regulation.","찻 Di jga cells pr oduc e di enzyme r enin, wey play ac entr al role for blood pressure regulation."
any such burning of across shall be prima facie evidence of an intent to intimidate a person or group of persons.,찻 Any such burning of cross shall be prima facie evidence of an intent to intimidate a person or group of persons.
How does di supreme court do its work?,찻 How does di supreme court do its work?
"But to find participants and collect data take time, so you still dey find new pipo for February 2011.","찻 But nding participants and collecting data dey take time, so you still nding new pipo for february 2011."
Na one of di problems wey i saw na di books,찻 Di problem wey i saw na di books
"Di modern (new school / latest style) system wey dey control komputa hardware and give chance to odas programs to run well, make dem function as dem suppose dey good for keeping track of di time and date, and fit even handle all those annoying (e dey vex) timezone issues and daylight savings well.","찻 Di modern (new school / latest style) system wey dey control wetin computer fit do, e dey manage hardware and software, make am possible for apps and services to dey run, e be like brain wey dey direct computer dey very good for keeping track of di time and date, and fit even handle all those annoying (e dey vex) timezone issues and daylight savings pretty well."
For di second of three cross-disciplinary graduate writing courses (subjects wey student dey learn for school) wey dey design for international multilingual writers and wey dey taught (bin teach) by faculty from di tesol program.,"찻 Di chozin tok dr. g.'s advice dis time, enrolling for di second of sequence of three cross-disciplinary graduate writing course wey dey designed (bin arrange / build follow plan) for international multilingual writers and wey dey taught (bin teach) by faculty from di tesol program."
"Di arbitration dey adversarial process like trial, and e go produce winner and a loser","찻 Di arbitration dey adversarial process like trial, and e go produce winner"" and a""loser"""
"I understand dis things, di French inquisitorial system dey quite dierent.",찻 Di french inquisitorial (di inquiry into unfamiliar or questionable activities) system dey quite dierent.
"As you see, each of di oda high level plotting command wey we go talk about go only get smallish number of additional options (ways wey you fit do).","찻 As you see, each of di oda high level plotting commands wey we go talk about go only get small additional options (ways wey you fit do)."
"when we dey program, we gats always dey think, ""wetin fit go wrong?""","찻 We must always think,""what might go wrong?"""
Di constitution no allow all such conflicts (wahala / fight / misunderstanding) to decide for di goment favor (to help person / partial follow-up).,찻 Di constitution does no allow all such conflicts (wahala / fight / misunderstanding) to be decided (don conclude / make up mind) inside di government's favor (to help person / partial follow-up).
"as long as di drug variable don declare (to talk am out / announce) to be factor, rwill automatically translate am into two binary contrast variables, and go perform di appropriate analysis.","찻 Di drug variable don declare (to talk am out / announce) to be factor, rwill automatically translate am into two binary contrast variables, and go perform di appropriate analysis."
"Na either one dey use anywhere near as frequently (for short intervals, many times for short intervals) as di wetin dem dey use capture de middle or de typical value for data, like mean, median, and mode, wey dem dey call measures (to measure) of central tendency, be say na way to sabi de value wey dey represent de whole group and variability (how numbers dey different) wey we dey talk about.","찻 Na either one dey use anywhere near as frequently (for short intervals, many times for short intervals) as di measures (to measure) of Wetin dey happen for middle, wey be say one number dey represent all di numbers wey dey inside, e fit be mean, mode (di one wey show most) or median, but e be like say di middle dey sabi di truth for all di numbers wey we dey talk about."
"We no tell dibarplot() function wey di labels (akwele wey dem dey mark for somtin to identify am) dey, obviously, because we no tell dibarplot() function wey di labels dey",찻 We no tell dbarplot() function what di label dey
But xml dey more selfdescriptive than json and so e dey some applications (different programs) wey xml retain (to keep / hold on to) advantage (upper hand / better chance).,찻 Di applications (different programs) wey xml retain (to keep / hold on to) advantage (upper hand / better chance) but xml dey more selfdescriptive than json and so na some applications wey xml retain advantage
"She dey want you to eat di bread,'Ahmed tok.","찻 She wan you eat di bread,'Ahmed tok."
"Worse still, most researchers ""internalise (to make am part of you)"" dis bias, and dem end up self-censoring dia own research.","찻 Worse yet, most researchers \internalise"" dis bias, plus end up self-censoring dia research."
"If you wan to ensure say di widetolong() function appli sensible name, you need to specify di name of di within-subject factor.","찻 Di widetolong() function dey apply sensible name, you go need specify di within argument, wey dey just character string wey dey species di name of di within-subject factor."
Di key thing here dey di tension between di increase for balance online 16 and di decrease (make somtin de turn to small) online 17.,찻 Di key thing here dey di tension between di increase for balance online 16 and di decrease (make somtin de turn to small) online 17.
Di justice to Sam sheppard,찻 Justice to Sam sheppard.'
Di worry na say di error dey systematic.,찻 Di worry na say di error dey systematic
"Di court to hold say di interest for truthful discourse alone (only one / by imself) dey sufficient (di quantity wey fit fulfill need or requirement but without being abundant) to sustain ban on speech, absent (make person or somtin no de available somwhere) any evidence say di speech dey use to gain material advantage, e go give goment abroad censorial power unprecedented for dis court's cases or for awa constitutional tradition.","찻 Di court to hold say di interest for truthful discourse alone (only one / by imself) dey sufficient (di quantity wey fit fulfill need or requirement but without being abundant) to sustain ban on speech, absent any evidence say di speech dey use to gain material advantage (upper hand / better chance), e go give goment wide censorial power unprecedented for dis court case or for awa constitutional tradition."
Assess disadvantages (di quality of having inferior or less favorable position) plus dangers (risks / wahala) of doing business as a sole (only one / him alone) proprietorship.,찻 Assess di disadvantages (di quality of having inferior or less favorable position) plus dangers (risks / wahala) of doing business as a sole proprietorship.
"Additionally, di utilization of family and friends as interpreters dey often ineffective (di intended effect no produce di intended effect) as family and friends fit not be accurately (for few mistakes wit few mistakes wit few mistakes wit few mistake) able to translate complex medical information and ensure accurate understanding of complex medical language, treatments, interventions or outcomes (di results wey e give) wey dey necessary for healthcare Di proses to chuze di best tin to do, as dem don gada tori and sabi wetin dey suppose do, den dem go yuz am take decide.","찻 Additionally (join am follow / plus), di use of family and friends as interpreters dey often ineffective as family and friends fit no be accurately able to translate complex medical information and ensure accurate understanding of complex medical language, treatments, interventions (di act of intervening (as to mediate dispute, etc.)) or outcomes (di results wey e give) wey dey necessary for healthcare Decision-making(flores, 2006)."
Di reason wey dey why[fighting words]dey outside First amendment (wey go bring freedom to pipo),"찻 Di reasons wey dey[fighting words] dey outside First amendment (wey go bring freedom to pipo), since ""the reasons wey dey outside First amendment (wey go bring freedom to pipo)."
Di plaintiffs simply disagree (I no gree / drag mata) wit di considered judgment of Congress and di executive (de branch of gofment wey dey run de land) wey provide material support to a designated foreign terrorist organization--even seemingly benign support --bolsters di terrorist activities of dat organization.,"찻 For bottom (down-down / base), plaintiffs simply disagree (I no gree / drag mata) wit di judgment of congress and di executive (de branch of gofment wey dey run de land) wey provide material support to a designated foreign terrorist organization--even seemingly benign support --bolsters di terrorist activities of dat organization."
We start wit very simple file of words wey dey aken from di text of romeo and juliet,찻 Na let start wit very simple file of words wey dey take from di text of romeo and juliet
"Di element fit get some text, some attributes(e. g, hide), and oda nested elements.","찻 Di element fit get some text, some attributes(e. g, hide), and oda nested elements."
Di pr eser vation of vascular volume dey critically (importantly) important f or di maint enanc e of normal blood pressure.,찻 Di pr eser vation of vascular volume dey critically important f or di maint enanc e of normal blood pressure.
Di fundamental constitutional principles require say laws enacted (dem don sign am into law) to honor di brave must be consistent wit di precepts of di constitution for which dem fought.,찻 Di fundamental constitutional principles require say laws wey dem enacted (dem don sign am into law) to honor di brave must be consistent wit di precept of di constitution wey dem fought.
"Di probably alot more issues like dis to think about, but dat fit do to start wit.","찻 Di probably alot more issues like dis to think about, but dat go do to start wit."
"However, Person from another country wey get legal right to stay permanently but no be citizen yet aliens remain citizens of their home country, must maintain residence (na place wey persin dey live or keep as permanent home) for U. S. to maintain their status, must renew their status every 10 years, and no fit vote (to choose leader / drop thumbprint) for federal elections (voting tayam / to choose leader).","찻 However, Person from another country wey get legal right to stay permanently but no be citizen (person wey get right for de land / indigene) yet aliens remain citizens of their home country, must maintain residences (na place wey persin dey live or keep as permanent home) for U. S. for order to remain for their status, must renew their status every 10 years, and no go vote (to choose leader / drop thumbprint) for federal election (uscis, 2015)."
"Di existence (to dey alive / stay for ground) of adequate contentneutral alternatives wey dey undercut significantly""any defense of such statute, casting considerable doubt on di goment protestations say""the asserted (bin talk am with full chest / claim) justification (reason why dem do wetin dem do) dey for true accurate description of di purpose and effect of di law.","찻 Di existence (to dey alive / stay for ground) of adequate contentneutral alternatives thus""undercut[s] significantly""any defense of such statute, casting considerable doubt (shaking mind / when person no sure) on di goment protestations say""the asserted (bin talk am with full chest / claim) justification (reason why dem do wetin dem do) dey accurate description of di purpose and effect of di law"
"As you use di\just columns""way of indexing one kind of table, using only single index, rassume say you dey think about di one kind of table as if e dey list of variables.","찻 Di\just columns""way of indexing one kind of table, using only single index, rassume say you dey think about di one kind of table as if e dey list of variables."
E dey because e dey several exception to di requirements for search warrant (official paper to arrest person or search house).,찻 Dis dey because na several exceptions (di deliberate act of omission wey dey deliberate act of omission) to di requirements for search warrant (official paper to arrest person or search house).
We no ask awa authors (di pipo wey write am) to use di term l2,찻 We no ask awa authors (di pipo wey write am) to use di term l2
Di second answer na correct.,찻 Di second answer dey correct
"Di development of cervical cancerin most case, cells dey infected wit di hpv virus heal on dia own.","찻 Di clusters (gathering of tins or pipu wey resemble eachoda) fit change for size based on di figure 27. 16 development of cervical cancerfor most cases, cells infected wit di hpv virus heal on dia own."
Di act of deciding (to choose / finalize decision) how to breakup your application data into multiple table and establish di how two things dey related di table dey call data modeling (using math to represent how a real thing work).,찻 Di act of deciding (to choose / finalize decision) how to breakup your application data into multiple table and establish di relationship between di table dey call data modeling (using math to represent how a real thing work).
"Di justice thomas join as to parts i and ii, wey justice thomas join as to parts i and ii, concurring for part, and dissenting for part.","찻 Di justice thomas join as to parts i and ii, concurrin for part, concurrin for di judgment for part, and dissenting for part."
"Di statement for di bodi of di forloop to english no dey direct as di while, but if you think of friends asset (property / wetin person get), e go like dis:""run di statement for di bodi of di for loop once for each friend wey dey named (mention name / title) friends",찻 Di statement for di bodi of di for loop once for each friend for di set named (mention name / title) friends
"Di company don violate (to break law / go against rule) law, however, e must hold accountable.","찻 If a company does viola law, however, am must be held (wetin judge or court bin decide) accountable."
"for example, if leki's (1995)student julie don provide opportunity (chance / open door) to reflect on di rhetorical choice she dey make while composing (making / writing) her history paper, her teacher go gain important insights into julie's reasons for""rewriting di terms of di assignment to suit (na wen one persin carry anoda persin go court to seek justice) wen she go fit do best"" (leki, 1995, p. 243).","찻 for example, if leki's (1995)student julie don provide opportunity (chance / open door) to reflect (to show) on di rhetorical (talk for talk sake / grammar) choices (different-different options) she dey make while composing her history paper, her teacher go gain important insights into julie's reasons for""rewriting di terms of di assignment to suit (na wen one persin carry anoda persin go court to seek justice) what she thought she go do best"" (leki, 1995, p. 243)."
"For dat end, rhas a function wey called dbinom() wey dey calculat binomial probabilities (di measure of how likely e dey say some event go occur) for us",찻 Di function wey dey call dbinom() wey dey calculat binomial probabilities (di measure of how likely e dey say some event go occur) for us.
If i do di meeting (gathering / discussion group)?,찻 I go do di meeting (gathering / discussion group)?
"as for i fit tell say nothing mathematically (we dey respect to mathematics wit respect to mathematics) incorrect about di way frequentists (one wey like frequency way) think about sequences of events, and nothing mathematically incorrect about di way wey bayesians (one kind of statistical method) dey think about sequences of events, and nothing mathematically incorrect about di way wey bayesians dey think about sequences of events, and nothing mathematically incorrect about di way wey bayesians dey think about sequences of events, and nothing mathematically incorrect about di way wey bayesians dey think about di","찻 I fit tell nothing mathematically (we dey respect to mathematics wit respect to mathematics) incorrect about di way frequentists (one wey like frequency way) think about sequences of events, and nothing mathematically incorrect about di way wey bayesians (one kind of statistical method) dey di beliefs (wetin you believe) of rational agent."
Anybody wey dey currently (for now / as we dey so) alive?,찻 Na anyone currently (for now / as we dey so) alive?
So wetin be di true di average IQ for di entire population of Port Pirie?,찻 Di true mean iq for di entire population of port pirie?
Dat mean say you need to think about how you show am.,찻 Dat mean say you need to think about framing.
Di remember say we dey also relying (to lean on / trust person) on sample estimate of di howe dey spread; and so we also require di sampling distribution of ^ to be chi-square.,찻 We dey rely on sample estimate of di howe dey spread; and so we also require di sampling distribution of ^ to be chi-square
Di examples for interactive mode (di one wey show most) make sure you understand what dem do,찻 Di examples for interactive mode (di one wey show most) to make sure you understand what dem do.
"For one way wey e fit be, if you go wan get rto draw nice clean (neat / no stain) lines through di data for you, na use di scatterplot() function for di carpackage.","찻 If you do wan to get rto draw nice clean (neat / no stain) lines through di data for you, nato use di scatterplot() function for di carpackage."
For real life na hard to do well,찻 E dey hard to do well
"Di first line construct an object of type list, di second and third line call di sort()method, di fourth (number four) line call di sort()method, di fourth line call di sort()method, di fourth line call di sort()method, and di fifth line retrieve di item (single thing / article) for position 0.","찻 Di first line construct one object of type list, di second and third line call di append() method, di fourth (number four) line call di sort()method, and di fifth line retrieve di item (single thing / article) for position 0."
Na dis be di difference between variables wey dey continuous and variables wey dey separate.,찻 Dis na distinction (di difference) between continuous variables and discrete (wey dey separate) variables.
We assume i'm ipping di coin n20 times,찻 We assume i dey ipping di coin n20 times
Di question do you notice about di question?,찻 Di question wey you notice about di questions?
Di court don careful (to look well / watch out) to instruct say fakeity no fit suffice to bring di speech outside di firstamendment.,찻 Di court don careful (to look well / watch out) to instruct say falsity alone (only one / by imself) no suffice to bring di speech outside First amendment (wey go bring freedom to pipo).
"Di suppose be signi cant too, but my larger (wey big pass) margin; no ambiguity about dis for all.","찻 E go obviously be signi cant too, but my a much larger (wey big pass) margin; na really no ambiguity about dis for all."
We don done awa part na long past time for congress to do am.,찻 We don done awa part na long past time for congress to do im
Di rjson package dey support di rjson package.,찻 Di rjson package dey support through di rjson package
Find comot how class-action lawsuits (court cases / dragging for kote) be organized (well-arranged / follow order) plus prosecuted (bin charge to court).,찻 Di class-action lawsuits (court cases / dragging for kote) dey organized (well-arranged / follow order) and prosecuted (bin charge to court)
Dem know say state and federal goment don share power and say di rules of subject matter jurisdiction determine which legal system don jurisdiction over particular matter or controversy.,찻 Di already (E don happen / since / before-before) know say state and federal goment don share power and say di rules of subject matter jurisdiction determine which legal system don jurisdiction over a particular matter or controversy.
Di purpose dey progress (movement / improvement),찻 Di purpose dey progress (movement / improvement)
Di sometimes you go see your opponent move hin or her knight two space in one direction (which way e dey go) and then one space for another,찻 Di opponent go move hin or her knight two spaces for one direction (which way e dey go) and then one space for another.
"Di sepsis dey socialt ed wit sexual (mata wey concern body-to-body) ly transmitted bacterial infections, specially gonorrhea and chlam ydia.","찻 Sepsis dey also as sociat ed wit sexual (mata wey concern body-to-body) ly transmitted bacterial infections, especially gonorrhea and chlam ydia."
District liability dey and wen e dey applies (dey work),찻 Di strict (no-nonsense / follow de rule exactly) liability dey and wen dem apply.
"additionally, business dey prohibited from using deceptive (wayo / to trick person) advertising and dey hold responsible wen dem manufacture (di organized action of making goods and services for sale for sale) or sell defective (na wen something no meet required standard or no work proper) products wey dem use injury.",찻 Dem dey prohibited (law say make person no do am) from using deceptive advertising (publicizing market / make people sabi wetin you dey sell) and dey hold responsible (di worthy of or requiring responsibility or trust) wen dem manufacture (di organized action of making goods and services for sale for sale) or sell defective products wey cause injury.
"Di howe dey spread, let make we look di variance.","찻 Di howe dey spread, let make we look di variance"
Dem show main eect of factor b but no eect of factor a.,찻 Di panel(b) show main eect of factor b but no eect of factor a
"Refugees dey eligible (qualified / e follow) for all Money and services wey government give to pipo wey need help offered to citizens, such as temporary (for now-now / e no go last) assistance for needy families and Medicaid (US government health insurance programme wey dey help poor and low-income people).","찻 Refugees dey eligible (qualified / e follow) for all selfare benefits (better-better tins wey person gain) offered to citizens, such as temporary (for now-now / e no go last) assistance for middle families and medicaid."
"for example, children sometimes dey sent (dem don dispatch am / e don travel go) ahead (to de in front of somtin or person) to another camp wey dey thought to be safer, leading to separation (di state of lacking unity) from their parents.","찻 for example, children dey sometimes send ahead (to de in front of somtin or person) to another camp wey dey wanted (wetin person desire / person wey police dey find) to be safer, leading (de oga for de group / showing road) to separation (di state of lacking unity) from their parents."
"Dem go ask congress to pass new law, such as di afa.","찻 Dem go ask congress to pass new law, such as di afa."
"I go suggest na say not dat one doing say you goto start rin di usual (normal-normal / as e dey always be) way4if you wan to, but what i go suggest na say not dat one do say you go now install rstudio",찻 I go suggest na say not dat one do say you go now install rstudio.
Di learning statistics wit r package wey dey accompanies dis book,찻 Di learning statistics wit r package wey dey accompanies dis book
"Di constitution and like many oda virtues dem no go legislate, but press responsibility no mandated by di constitution and like many oda virtues dem no go legislate.",찻 Di constitution no dey mandated by di constitution and like many oda virtues wey dey legislate (concern people wey dey make law).
"Di default parameters of di rnorm() function dey mean=0 and sd=1, i go shorten di command to rnorm( n=1000 )","찻 Di default parameters of di rnorm() function dey mean=0 and sd=1, i go shorten di command to rnorm( n=1000 )."
We go ask you to choose whether you wan di desktop version or di server version.,찻 Di download button (di tin to press to start or control somtin) for di homepage (a page wey dey on internet) e go ask you to choose whether you wan di desktop version or di server version.
"Di lie dey made for public meeting (gathering / discussion group), but di statute go apply wit equal force to personal, whisper conversations wey dey inside house.","찻 Di lie dey make for public meeting (gathering / discussion group), but di statute go apply wit equal force to personal, whispered conversation wey dey inside home."
"Di question of ethics"", attorney go a little too far for her representation and draw heavy fine from judge as result","찻 Di case for note 3. 31 ""hyperlink: a question of ethics"", attorney go a little too far for her representation and draw heavy fine from judge as result."
"Di students no dey able to meet face to face wit dia instructors (teachers / lecturers / those wey dey give direction) after class, dem find am helpful to be able to email (electronic message wey person de send or collect on top internet) di instructor","찻 Di students no dey able to meet face to face wit dia instructors (teachers / lecturers / those wey dey give direction) after class, dem find am helpful to be able to email (electronic message wey person de send or collect on top internet) di instructor."
Di assumption na say land dey unique,"찻 for example, for contract f or real property, di assumption na say land dey unique"
"As di study don show, di summarization (di act of preparing summary (or an instance thereof)) don function as one prerequisite skill for dis esl students to complete source-based assignments, like dem article critiques (analysis of somtin wey dey detailed) and reading responses.","찻 Di study don show, summarization (di act of preparing summary (or an instance thereof)) function as prerequisite skill for dis Esl students to complete source-based assignments, such as article critiques (analysis of somtin wey dey detailed) and reading responses."
Di collaboration wey dey between writing scholars (deep students / book people) dey occur and wetin be di topics and disciplinary and national borders?,찻 Di collaboration wey dey between writing scholars (deep students / book people) dey occurring should be occurring and on what topics and across what disciplinary and national borders?
"Di second piece of A theory wey explain person's behaviour (wetin e do) by looking at all the different systems around dem— family, school, society na di A theory describing (di description wey dey give a description wey dey give) the different stages a family go through from when dem start to when they old.",찻 Di second piece of ecodevelopmental theory na di family lifecycle model.
Di goment -created (something wey dem build or make) database go list congressional (concern de law-makers / National Assembly mata) medal of honor winners.,찻 A government-created database fit list congressional (concern de law-makers / National Assembly mata) medal of honor winners.
"E be one idea wey dey fear person, especially when di protagonist (di main person) Winston Smith finally breakdown under torture (di way dem dey hurt person) and agree to di proposition.",찻 Di protagonist winston smith nally break down under torture (di way dem dey hurt person) and agree to di proposition.
"Di immigration office don move to diunited states department ofjustice duetoitsconnection toprotect national tin wey concern everybody for society, wey be say e important for all of us","찻 Inside di 1940s, di Immigration Office(now called di""INS"") bin move to U. S. Department of Justice due to its connection to protecting (to cover / guide / prevent wahala) National Public Interest (USCIS (di US government office wey handle all immigration applications and papers)."
We need to talk more speci call about one kind of table and how to subset dem,찻 We need to talk more speci cally about one kind of table and how to subset dem
Di function definition (di meaning) define di name of new function and di sequence of statements wey dey execute (to do wetin you tell am) wen di function dey call.,찻 Di function definition (di meaning) dey specifi di name of new function and di sequence of statements wey dey execute (to do wetin you tell am) wen di function dey call
Di if.,"찻 Gases, nutrients and waste (to trowey something wey useful / dirt) materials (tins wey dem use for teaching) dey travel between capil laries and cells through di if."
"Di availability and scope of future permanent injunctive (e be like court order wey require or prohibit someting specific) relief must depend upon di extent of access wey dey permitted di public, and di decree (na court order wey get force of law) must be framed to accommodate eq for di constitutional role of di press and di institutional (wey dey relating to or constituting or involving institution) requirements of di jail.","찻 Di availability and scope of future permanent (something wey no go change / follow-come) injunctive relief (better feeling / wetin person get from kote) must depend upon di extent (how far de tin reach / level) of access then permitted di public, and di decree must be framed to accommodate eq uitably di constitutional role of di press and di institutional requirements of di jail (prison / kashot / cell)."
"For fortunately (for good fortune by good fortune by good fortune), python dey good for keeping track of where im dey, so each time af unction complete, di program pickup where im left off for di function wey dey call am.","찻 Di python dey good for keeping track of where dey, so each time af unction complete, di program pick up where dey left off for di function wey dey call am."
Dem call 75 veniremen as prospective (di future of or concerned wit or related to di future) jurors.,"찻 Di case dey set,75 veniremen dey call as prospective (di future of or concerned wit or related to di future) jurors."
Some questions wey need to dey answered na: how families get unique lens on their situations (kinds of mata wey fit happen for one place or time)?,찻 Some questions wey need to be answered na: how families get unique lens on their situations (kinds of mata wey fit happen for one place or time)?
Di null idea na say di true mean na 67. 5%.,찻 Di null idea na say di true mean na 67. 5%.
Di results dey different based on your network speed.,찻 Di results dey different based on your network speed
Na wcc cwc wwc c andwww www c or even ccc c.,찻 Di wcc cwc wwc c andwww www c or even ccc ccc ccc c.
"Di wife, wey dey custody of di daughter, go bring di lawsuit.","찻 Di wife, wey dey custody of di daughter, go bring di lawsuit."
Leki write say her participants dey use di current feedback on early assignments to shape dia future work.,찻 Leki write say her participants use current feedback on early assignments to shape dia future work.
Di smith act and dis conviction under im without question restrict (to hold back / put boundary) di exercise of free speech and assembly (gathering / meeting of people).,찻 Di smith act and dis conviction under am without question restrict (to hold back / put boundary) di exercise of free speech and assembly (gathering / meeting of people).
Di kontri wey dia child (pikin / smallie) and grandchildren call home,찻 Dem want join di country wey their child (pikin / smallie) and grandchildren dey call home
We dey required for dis case to determine for di first time di extent (how far de tin reach / level) to which di constitutional protections for speech and press limit a state's power to award damages for libel (na false written statement wey dey damage persin reputation) action wey public official against critics of hin official conduct.,찻 We dey required for dis case to determine for di first time di extent (how far de tin reach / level) wey di constitutional protection for speech and press limit state power to award damages for libel (na false written statement wey dey damage persin reputation) action wey public official against critics of hin official conduct.
"She realizes, however, say she no dey good for marketing or accounting, and say if her business dey grow, she need bring someone onboard wey fit create strong brand and strategy for growth (how somtin take de big), as well as keep good record of her account so she fit pl am for di future.","찻 She realize, however, say she no dey good for marketing or accounting, and say if her business dey grow, she need bring someone onboard wey fit create strong brand and strategy for growth (how somtin take de big), as well as keep good record of her account so say she fit plan for di future."
stefano rotondo (46883) for rome.,찻 Di enigmatic s. stefano rotondo (46883) for rome.
"(Keynes,1923, p.80)as e be for economics, so too for psychology and statistics.","찻 As for economics, so too for psychology and statistics."
Di regression model only produce prediction (di act of predicting (as by reasoning about di future)) ^yiabout what my mood dey like: my actual mood dey yi,찻 Di regression model only produce prediction (di act of predicting (as by reasoning about di future)) ^yiabout what my mood dey like: my actual mood dey yi
Di relationships (how people follow deir / connections) dey screen,찻 Di relationship dey screened.
"If you know how to read di plot, na quite alot of extra (jara / more) information here.","찻 If you know how to read di plot, e dey quite alot of additional information here"
Dem generally choose name for dia variables wey dey meaningful (di meaning or purpose dey having a meaning or purpose) and document what di variable dey use for.,찻 Di name of variable and keywords (special words) programmers generally choose name for dia variables wey dey meaningful (di meaning or purpose dey having a meaning or purpose) and document what di variable dey use for.
di colour wey fill di shape: boxfill (colour for inside di box).,찻 Di boxfill: boxfill
"From di ten coping strategies wey leki (1995)identify, two dey speak (to yan / talk / express mind) directly to di question of transfer:""dey rely on past writing experiences (things person don see)""and ""dey use di current or past esl writing training (to learn work / practice to sabi something well)""(p. 240).","찻 Di ten coping strategies leki (1995)identified (di identity of someone or something), two speak (to yan / talk / express mind) directly to questions of transfer:""relying (to put mind for person hand / trust) on past writing experience""and ""using current or past Esl writing training""(p. 240)."
Di acclaim say recipients (di person wey receive something wey dey receive something) of di congressional medal of honor receive also cast doubt on di proposition say di public go misled by di claim of charlatans or become cynical (wey dey doubt) of those whose heroic deeds earned (bin work get money) dem di medal by right.,찻 Di acclaim say recipients (di person wey receive something wey dey receive something) of di congressional (concern de law-makers / National Assembly mata) medal of honor receive also cast doubt (shaking mind / when person no sure) on di proposition say di public go misled by di claim of charlatans or become cynical of those wey dey heroic deeds earned (bin work get money) dem di medal by right.
Di document wey dey describe di protocol and write di code to send and receive di data according to di protocol.,찻 Di document wey dey describe di protocol and write di code to send and receive di data according to di protocol.
"Di existence (to dey alive / stay for ground) of mens rea na di rule of, no be di exception to, di principles of angloamerican criminal jurisprudence (way to reason law).","찻 Di existence (to dey alive / stay for ground) of mens rea na di rule of, no be di exception to, di principles of angloamerican criminal jurisprudence (way to reason law)."
Di effect dey to create function objects (things / items),찻 Di effect dey create function objects (things / items).
"Di event dey sizable crowd (many pipu wey stay for on place), including several agents (people wey dey represent oda people) of di federal bureau of investigation (di inquiry into unfamiliar or questionable activities), witness di event.","찻 A sizable crowd (many pipu wey stay for on place), including several agents (people wey dey run office for people) of di federal bureau of investigation (di inquiry into unfamiliar or questionable activities), witnessed di event."
Plenty stats (statistics) textbooks sef dey to passover am.,찻 Di lot of stats (statistics) textbooks go gloss over am too.
Di ability to support basic necessities (di condition of being essential or indispensable or indispensable) for dia family members dey extremely difficult and dem think say other country get bigger economies and dey offer better opportunities (di possibility due to a favorable combination of circumstances) to (to make am / reach target / blow) dia goal,"찻 Dem reluctantly choose migration wen dia ability tosupport basic necessities (di condition of being essential or indispensable or indispensable) for dia family members dey extremely difficult and dem perceive say oda kontri, more robust economies, offer better opportunities (di possibility due to a favorable combination of circumstances) to dia goals (targets / wetin person want reach)."
"Di chief justice and stewart, j, filed a concurring opinion wey di chief justice and stewart, j.","찻 Di chief justice and stewart, j, filed a concurring opinion wey di chief justice and stewart, j."
Wetin be your reaction to di story's ending?,찻 Di reaction to di story's ending?
"If I wan write dis result for paper or something, di conventional way to report dis go be to write something like dis:""Of di 200 participants for di experiment,64 select hearts (di tin wey de make blood move for bodi) for dia first choice,51 select diamonds,50 select spades, and 35 select clubs.""","찻 Di 200 participants for di experiment,64 selected (picked / de one wey dem choose) hearts (di tin wey de make blood move for bodi) for dia rst choice,51 selected diamonds,50 selected spades, and 35 selected club."
We go wan say a bit more about am than dat.,찻 We go wan say a bit more about am than dat.
"whether e fit work for real world dey kind of whether e look like wetin e suppose be wey dey relate mostly to whether di study\look right, but wit a bit more rigour to am.","찻 Di sense, whether e look like wetin e suppose be dey kind of whether e look like wetin e suppose be{e relates (get connection / concern) mostly to whether di study\looks"" right, but wit a bit more rigour to am"
Dem pair co wper 's glands (bulbour ethr al glands)pr oduc e and secrete mucus for di ur ethr al ph during sexual (mata wey concern body-to-body) stimulation.,찻 Pair co wper 's glands (bulbour ethr al glands)pr oduc e and secret mucus into di ur ethr a to buffer ur ethr al ph during sexual (mata wey concern body-to-body) stimulation.
Di suppose do anything dierent?,찻 Dem do anything (kpam-kpam / true-true / without doubt) dierent?
"Di table below show several addresses based on my current one: di full address(from root), di address from here(from di place wey you dey now).","찻 Di table below show several addresses wey dey related to my current one: absolute (everitin de complete, no comma) path relative(i. e, from root)(i. e."
"(2009)conduct meta-analysis wit over 80,000 refugees and report weighted Di percentage or number of pipo in a group wey get a particular condition at anytime of PTSD ranging between 13%and 25%.","찻 (2009)conduct meta-analysis wit over 80, 000 refugees and deported aweighted prevalence (di quality of prevailing generally) rate of PTSD ranging between 13% and 25%."
"E dey di intent to cause injury wey robson First amendment (wey go bring freedom to pipo) 179 na di gravamen of di tort, and di state interest for prevent emotional harm simply outweigh whatever interest a speaker (person wey dey talk / megaphone) may have for speech of dis type.","찻 Di intent to cause injury say robson First amendment (wey go bring freedom to pipo) 179 dey di gravamen of di tort, and di state's interest for preventing (to stop wahala before e start) emotional harm simply outweigh whatever interest a speaker (person wey dey talk / megaphone) go get for speech of dis type."
Na four types of discovery wey dey discovery,찻 Di four types of discovery dey four types of discovery
"E dey trade-off, but long name don make complex expressions hard to read, so e dey trade-off","찻 Di good name of variable don reduce di need for comments (talk-talk / wetin people talk), but long name don make complex expressions hard to read, so e dey trade-off."
"As di for di before example dey illustrate (to show how e be), control dey something wey scientists (pipo wey sabi science) like to have, but as di for di before example dey illustrate, lots of situations (kinds of mata wey fit happen for one place or time) wey you no fit or no fit try to obtain dat control.","찻 Di previous (something wey dey before now) example dey illustrate (to show how e be), lots of situation wey you no fit or go try to obtain (to get / collect / catch) dat control."
"Di charge for di fourth count na say di defendants (people wey dem carry go court to answer mata) conspired, wen di united state dey war wit di imperial German goment, unlawfully (di law no fit conform to di law) and willfully, by utterance, writing, printing and publication, to urge, incite and advocate curtailment of production of things and products, to -wit, ordnance and ammunition (di projectiles wey dey fire from gunstation wey dey fire from gun), necessary and essential to di prosecution of di war.","찻 Di charge for di fourth (number four) count na say di defendants conspired, wen di united states dey war wit di imperial german goment, unlawfully and willfully, by utterance (wetin person talk), writing, printing and publication, to urge, incite and advocate curtailment of production of things and products (all de things wey dem produce to sell), to -wit, ordnance and ammunition, necessary and essential to di prosecution of di war."
"E no be member (one person inside join-body) of di""marxist league for industrial (dem dey relating to or result from industry) democracy""or di ""intercollegiate socialist society""or di ""intercollegiate socialist society","찻 Di member (one person inside join-body) of di""marxist league for industrial (dem dey relating to or result from industry) democracy""or di ""intercollegiate socialist society""or di ""intercollegiate socialist society""or di ""intercollegiate socialist society"
"Di findings suggest say di oda language wey you learn students learn to prioritize as - signments; approach dia instructors (teachers / lecturers / those wey dey give direction) for clarification (di interpretation wey remove obstacles to understanding), help, and or modifications wit assignments; and limit di number ofcourse wit high reading and writing demands (requests / wetin person say ""must"" happen) say dem enroll for each semester.","찻 Di findings suggest say di oda language wey you learn students learn to prioritize as signments; approach dia instructors (teachers / lecturers / those wey dey give direction) for clarification (di interpretation wey remove obstacles to understanding), help, and or modifications wit assignments; and limit di number of course wit high reading and writing demand wey dem dey enroll for each semester."
"For her first summer running lily's landscaping, lily decide say time to take her business to di next level.","찻 She dey assume say afta her first summer running lily's landscaping, lily decide say na time to take her business to di next level."
"We know from your economics class wey, for general, awa capitalist (di conservative advocate of capitalism) economy (how money dey run for country) frowns on monopolies","찻 Di economics class wey, for general, awa capitalist (di conservative advocate of capitalism) economy (how money dey run for country) frown on monopolies."
"Dem go disagree (I no gree / drag mata) wit di law as dem dey written, but dem go acquiesce to di sovereign (oga kpatakpata / power to rule) power and follow di law as dem written, but dem go acquiesce to di sovereign power and follow di law as dem written.","찻 Dem go disagree (I no gree / drag mata) wit di law as dem write, but dem go acquiesce to di sovereign (oga kpatakpata / power to rule) power and follow di law as dem write."
"Di contract dey fundamental part of do business, wey require no only performance of di terms of di contract but also good faith (di strong belief wey person get in somtin or person) for dealing (business move / to follow person do trade).","찻 Di contract dey fundamental part of do business, wey require no only performance of di terms of di contract but also good faith (di strong belief wey person get in somtin or person) for dealing (business move / to follow person do trade)."
"Di law go dey unfair (wayo / no be so e suppose be / injustice), and if so, do you believe di law go dey amend to protect dis class?","찻 Di law dey unfair (wayo / no be so e suppose be / injustice), and if so, do you believe di law go amend to protect dis class?"
Di type of speech dey protected by First amendment (wey go bring freedom to pipo); di type of speech very much drive di level of protection wey dey afford am under First amendment (wey go bring freedom to pipo); di type of speech very much drive di level of protection wey dey afford am under First amendment (wey go bring freedom to pipo); di type of speech very much drive di level of protection wey dey afford am under First amendment (wey go bring freedom to pipo); di type of speech very much drive di level of protection wey dey afford am under First amendment (wey go bring freedom to pipo); di type of,찻 Di type of speech very much drive di level of protection wey dey under First amendment (wey go bring freedom to pipo); di type of speech very much drive di level of protection wey dey under First amendment (wey go bring freedom to pipo); di type of speech very much drive di level of protection wey dey under First amendment (wey go bring freedom to pipo); di type of speech very much drive di level of protection wey dey under First amendment (wey go bring freedom to pipo).
"Di plaintiffs for error, hereinafter designated di defendants (people wey dem carry go court to answer mata), dey convicted (na wen court or jury find persin guilty of criminal charge) of conspirin to violate (to break law / go against rule) provision of di espionage act of Congress.","찻 Di five plaintiffs for error, hereinafter designated di defendants (people wey dem carry go court to answer mata), dey convicted (na wen court or jury find persin guilty of criminal charge) of conspiring to violate (to break law / go against rule) provisions of di espionage act of congress."
"For our view, First amendment (wey go bring freedom to pipo) imposes (to force rule or task for person head) no an ""underinclusiveness"" limitation, but a""content discrimination""limitation, upon a state's prohibition of proscribable talk.","찻 First amendment (wey go bring freedom to pipo) impose (to force law or fine for person head) no ""underinclusiveness"" limitation, but a""content discrimination""limitation, upon a state's prohibition of proscribable speech."
"Dem start wit simple group of related numbers or data wey belong together, a vector wey dey contains di name of three beers","찻 Dem start wit simple group of related numbers or data wey belong together, a vector wey dey contains di name of three beers (E carry)."
Conflict between parents and children for immigrant Latino a families predict lifetime use of alcohol and binge drinking behaviors.,찻 Conflict between parents and children for immigrant Latino families predicted (wetin person tink say go happen) lifetime use of alcohol and binge drinking behaviors.
"Di unscrupulous (wey no get conscience, no dey fair, dey do wetin dem like) intruder dey di only human contact (to touch / reach out to person / connection) wey di elderly person get, and maybe he or she led di wealthy elderly person to believe say di only way to salvation dey by hand over hin assets (all de beta tins and property wey person get)","찻 Di unscrupulous intruder dey di only human contact (to touch / reach out to person / connection) wey di elderly person get, and maybe hin or she led di wealthy elderly person to believe say di o nly way to salvation dey by hand over hin assets (all de beta tins and property wey person get)."
E dey privately owned (wetin person get for hand / property) flag,찻 Di flag dey privately owned (wetin person get for hand / property) flag
"Di broader (more wide / general pass) purpose of wu dan's study nato examine di perceptions of chinese faculty of di role of writing for learning and students' competence as writers for di disciplines for dia chinese institutions, she deeply committed to help us faculty understand di educational (di process of education dey relating to di process of education) and writing background of di increasingly (E dey advancing for amount or intensity) large numbers of chinese students wey dey kom study for awa institution.","찻 Di broader (more wide / general pass) purpose of wu dan study nato examine di perceptions of chinese faculty of di role of writing for learning and students' competence as writers for di disciplines for dia chinese institutions, she dey deeply committed (person wey put body for de work) to help us faculty understand di educational (di process of education dey relating to di process of education) and writing background of di increasingly large number of chinese students wey dey study for awa institutions."
"We don manage to do things for ras wey dey go through dat little example, e go feel as if we dey typ too many things into di magic computing box.","찻 We don manage to do all for ras wey dey go through dat little example, e go rather (instead / prefer to) feel as if we dey typ too many things into di magic computing box."
Dis one again(check di picture 3.6).,찻 Dem see figure 3.6).
How dey fit dis be?,찻 How fit dis be?
"For di most general way, reshaping di data means take di data for whatever format (how you arrange your words) wey dey give to you, and convert di data to di format wey you need.","찻 Di data means take di data for whatever format (how you arrange your words) wey dey give to you, and convert am to di format you need am."
"For some tests make reasonable assumptions, while oda tests no dey.","찻 Di tests make reasonable assumptions, while oda tests no dey."
"Di table of critical values dey huge, and so you go look up your actual Z-value, and nd di least of for which your data go signi cant(which, as discuss earlier, na di very dey signi cant).","찻 Di table of critical values dey huge, and so you go look up your actual Z-value, and nd di smallest value of which your data go signi cant(which, as discuss earlier, na di very de nition of p-value)."
"for example, corporations wey illegally dump toxic substances into waterways, illegally harm endangered (di danger to) species or those species' habitats, or trade for illegal substances wey don dey banned (dem ban am / no entry) due to dia propensity to cause great harm to di environment.","찻 for example, corporations wey illegally dump toxic substances into waterways, illegally harm endangered (di danger to) species or those species' habitats, or trade for illegal substances wey dey banned (dem ban am / no entry) due to dia propensity to cause great harm to di environment dey all engage for environmental (di external condition or surroundings or surroundings) crimes."
"Di court state""under promissory estoppel analysis, no neutrality towards First amendment (wey go bring freedom to pipo).","찻 Di court tok say under promissory estoppel analysis, no neutrality (no-man's land / e no follow any side) towards First amendment (wey go bring freedom to pipo)."
Di acronym (word wey dem use the first letters of many words form) pemdas dey useful way to remember di rules: parentheses (for two punctuation marks (or) wey dey use to enclose textual material) don get di highest precedence (di status wey establish for order of importance or urgency) and go use to force expression to evaluate for di order you want.,찻 Di acronym pemdas dey useful way to remember di rules: parentheses (for two punctuation marks (or) wey dey use to enclose textual material) don dey use to force expression to evaluate (to check if something dey correct) for di order you wan.
"We don put x on sentences (prison time / group of words) wey dey grammatical (di grammar of or pertaining to grammar of or pertaining to grammar) errors (mistakes / faults), and di paper wey i get back dey full of xs","찻 We don put x on sentences (prison time / group of words) wey dey grammatical errors (mistakes / faults), and di paper wey i get back dey full of xs"
"Di same economic factors wey dey caus di disappearance (di act of leaving secretly or without explanation) of vast (very big / plenty) numbers of metropolitan newspapers, don make entry (di thing wey dey inside) into di Wetin be say make idear dem dey compete wit one anoda for pipo to sabi wetin be truth, like one big market wey idear dem dey trade, na im make dem call am 'marketplace of idear', wey mean say every bodi get chance to yan, to share tori, to argue, to disagree, to agree, and to choose wetin dem believe wey dey serve by di print media impossible.","찻 Di same economic factors wey don caus di disappearance of vast (very big / plenty) numbers of metropolitan newspapers (di daily or weekly publication on folded sheets), don make entry (di thing wey dey inside) into di market (place wey dem dey buy and sell) of ideas wey di print media almost impossible (no fit happen)."
"Dis really look like di user wey dey type 10 = 20, since all di individual parts of dat statement dey legitimate and e too stupid to realise say dis na typo.","찻 Di user meant (bin get de sense say / intention) to type 10 = 20, since all di individual parts of dat statement dey legitimate and e too stupid to realise say dis dey probably typo."
Di ucc relaxes formation (how dem take arrange am / building stage) requirements by allowing (to give chance / gree) di use of gap fillers for undefined or conflicting terms plus by allowing a contract to be formed (bin make / bin arrange or build) by any manner wey shows agreement to contract.,찻 Di ucc relaxes formation (how dem take arrange am / building stage) requirements by allow di use of gap fillers for undefined or conflicting terms and by allow contract to be formed (bin make / bin arrange or build) by any manner (way / style / how person take do am) wey show agreement to contract.
Di civil tort system don allow victim to bring civil suit (na wen one persin carry anoda persin go court to seek justice) against someone for injuries (wounds / damages to body or mind) wey dey injured (person wey get wound / damage property) on di victim by someone else.,찻 Di civil tort system don allow victim to bring civil suit (na wen one persin carry anoda persin go court to seek justice) against someone for injuries (wounds / damages to body or mind) wey di victim by someone else.
"Di precious gems such as sapphires, amethysts, and emeralds dey import from throughout (di first to last to last) medieval afro-eurasia and dem dey prized for dia color and shape.","찻 Precious gemssuch as sapphires, amethysts, and emeralds dey imported from throughout medieval afro-eurasia and dey prized for dia color and shape."
"Di charged (dem don hold am for neck / accuse for kote) regions wey dey of these molecules (the smallest unit of a substance, wey get atoms joined together) fit bind (tie / hold together) hydrogen and h ydroxyl ions, and thus function as buffers.","찻 Di charged (dem don hold am for neck / accuse for kote) regions of dis molecules (the smallest unit of a substance, wey get atoms joined together) fit bind (tie / hold together) hydrogen and hydroxyl ions, and thus function as buffers."
Dem no seem to have much effect.,찻 Dem no seem to get much effect.
"Di many things wey psychologists don show over di years na say we really do neutral (no-man's land / e no follow any side), to evaluate (to check if something dey correct) evidence impartially and without being swayed by pre-existing biases (personal feelings wey dey affect person judgement).","찻 Di many things wey psychologists don show over di years na say we dey hard to be neutral (no-man's land / e no follow any side), to evaluate (to check if something dey correct) evidence impartially (e dey go some way, but no completely) and without being swayed by pre-existing biases (personal feelings wey dey affect person judgement)."
Di program wey dey written for high level languages go move between different computers by using different interpreter on di new machine or recompil di code to create machine language version of di program for di new machine.,찻 Di programs wey dey write for high-level languages go move between different computers by using different interpreter on di new machine or recpiling di code to create machine language version of di program for di new machine.
"we dey talk about having both null idea and other idea (Neyman), but normally we dey say dip-value for terms of extreme (too much / over) numbers(Fisher), but we still get alpha (de first / de leader / beginning) numbers (Neyman).","찻 We dey talk about having both di-346- null idea and di alternative (neyman), but usually 13 dey dipvalue for terms of extreme (too much / over) numbers(fisher), but we still get value(neyman)."
Di boolean (way of thinking wey only use yes or no) variable wey dey use to indicate whether condition dey true or true.,찻 Di boolean (way of thinking wey only use yes or no) variable wey dey use to indicate whether a condition dey true or true
Di crime dey.,찻 Di crime dey.
"Di essential query na whether infringements on di press dey analyse (to look somtin wella to sabi am) for different manner (way / style / how person take do am) than infringements on""freedom of speech""dey analyze for different manner than infringements on""freedom of speech","찻 Di essential query dey whether infringements on""the press""dey analyze for different manner (way / style / how person take do am) than infringements on""freedom of speech"
"Di basic chisq. test()function for ris alot more terse for its output, and because di mathematics wey underpin di goodness of t test and di test of independence dey basically di same for each case, e fit run either test based on what kind of input wey dey give.","찻 Di mathematics wey underpin di goodness of t test and di test of independence dey basically di same for each case, e fit run either test based on what kind of input wey dey give."
"Di texas law designate burning as di preferred (dem like more) means of disposing of flag wey dey inside such condition say e no dey fitting emblem for display,36 u. s. c.","찻 Di federal law designates burning as di preferred (dem like more) means of disposing (to throw away / get rid of) of flag""when e no dey fitting emblem for display,""36 u. s. c."
Di really think so?,찻 Di really think so?
"Di water channel (aquaporins) r educ e water absorption (di process wey one substance permeates one), r educ e water absorption, r educ e water absorption, r educ e water absorption, r educ e water absorption, r educ e water absorption, r educ e water absorption, r educ e water absorption, r educ e water absorption for high volumes of very dilute urine.","찻 For sufficient (di quantity wey fit fulfill need or requirement but without being abundant) numbers of water channels (aquaporins) r educ e water absorption, r esul ting for high volumes of very di urine."
Dem believe say judicial review na good thing for american democracy?,찻 Di judicial review dey good thing for american democracy?
Di prohibition go support di legitimate interest for preserving (di cause to remain or last) di quality (how de tin fine or strong reach) of important national asset (property / wetin person get).,찻 Di prohibition go dey supported by di legitimate interest for preserving (di cause to remain or last) di quality (how de tin fine or strong reach) of important national asset (property / wetin person get).
"Di united states no satisfied (bellefull / when condition don meet) di very heavy burden wey dem fit meet to warrant injunction against publication for dis case, at least for di absence (di fact say something no dey) of express sand appropriately (di appropriate manner for di appropriate manner) limited congressional authorization for Dem dey call am 'prior restraint', be say na when court or government no gree make person talk or publish something before dem even do am, and e dey like say dem dey limit person freedom to yan or talk wetin dem like for circumstances such as dis.","찻 I nevertheless (but still) agree say di united state no satisfied (bellefull / when condition don meet) di very heavy burden wey dem must meet to warrant (official paper to arrest person or search house) an injunction against publication for dis case, at least for di absence of express and appropriately limited congressional authorization for Wetin dem dey call prior restraints (things wey dey hold person back) be say government no go gree make person talk or write wetin dem wan write before dem publish am, na like say government dey hold person mouth before dem talk for circumstances such as dis."
"E dey worth note say there dey also paste0() function, wey dey identical to paste()except say e always assum say sep="""".","찻 E dey worth not say e dey also paste0() function, wey dey identical to paste()except say e always assum say sep="""
"If you check di help files (folders / official papers / computer data) for di small tins wey change howe look(i. e, type? par),",찻 If you look di help files (folders / official papers / computer data) for di small tins wey change howe look(like?
Di amount of water wey dey ecovered or lost (something wey miss / person wey no find im way) by renal nephr ons.,"찻 Di osmolarity range from 50 to 1200 mil liosmoles, and dey ar eflection of di amount of water wey dey recovered or lost (something wey miss / person wey no find im way) by renal nephr ons."
"Di current focus on model comparison (di act of examining resemblances wey dey examinin resemblances), i go skip dis step and go straight to di aic calculation.","찻 Di current focus on model comparison (di act of examining resemblances wey dey examinin resemblances), i go skip dis step and go straight to di aic calculations."
"Di adaptive transfer make space for di possibility (something wey fit happen / chance dey) say differences for students' text dey""matters of design""(lu, 2004, p. 26)or di result of a""strategic and creative choice by di author (person wey write de tin / originator) to attain hin or her rhetorical objectives (to stand for truth / no be because of person face)"" (canagarajah, 47 adaptive transfer) or di result of a""strategic and creative choice by di author to attain hin or her rhetorical objectives"" (canagarajah, 47 adaptive transfer) or di result of","찻 Di adaptive transfer dey rhetorical (talk for talk sake / grammar), meaning say e take place wen a writer understand say di context, audience, and purpose of a text influence wetin dey suitable; furthermore (join join / more-so), adaptive transfer make space for di possibility (something wey fit happen / chance dey) say differences for students texts (written words / messages) dey matter of design""(lu, 2004, p. 26)or di result of strategic and creative choice by di author (person wey write de tin / originator) to attain hin or her rhetorical objectives"" (canagarajah, 47 adaptive t ransfer2006b, p.591)."
"Some immigrants dey come from countries where banks dey both trusted and common, some don only experience weak or corrupt banks, and others don interact primarily (mostly / de main reason) wit cash-based markets (place wey dem dey buy and sell).","찻 Some immigrants dey come from countries where banks dey trusted and common, some don only experience weak or corrupt banks, and others don interact primarily (mostly / de main reason) wit cash-based markets (place wey dem dey buy and sell)."
"President roosevelt complain bitterly about di supreme court, claiming (to talk say na you get am / bin assert) say di court no dey acting (person wey dey hold office for small tayam / to play part) as judicial bodi, but as policy-making bodi","찻 Di court don acting (person wey dey hold office for small tayam / to play part) no as judicial body, but as policy-making body"
"Di migration policy institute(2004), 82%of di immigrant dominican population reside for di northeast where dis study dey conduct; correspondingly (di corresponding manner wey dey corresponding manner for corresponding manner), dominican generation 1. 5 students dey comprise majority of enrollment (di act of enrolling di act of enrolling) for area colleges' equity programs.","찻 Di report by di migration policy institute(2004), 82%of di immigrant dominican population reside for di northeast wey dis study dey conduct; correspondingly (di corresponding manner wey dey corresponding manner for corresponding manner), dominican generation 1. 5 students dey include majority of enrollment for area colleges' equity programs."
Di dictionaries look for di second word and keep a running count of each of di days of di week,찻 Di dictionaries don look for di third word and keep running count of each of di days of di week.
"when dem just build monastery e fit be say dem dedicate am to t ransfiguration, which in christian belief (wetin person believe / faith) is liked burning bush in that it is a moment when god revealed himself to humanity. early byzantine art and architecture, c. 330-700 c. e.","찻 For christian belief (wetin person believe / faith) dey like di burning bush for say e dey moment wen god reveal himself to humanity. early byzantine art and architecture, c. 330-700 c. e."
U. S. Department of Health and Human Services.,찻 US Department of Health and Human Services.
"See table 6. 1""differences between contract formations (how dem take arrange am / building stage) by type of law""for a comparison (di act of examining resemblances wey dey examinin resemblances) between common-law plus ucc contract formation requirements.","찻 See table 6. 1""differences between contract formations (how dem take arrange am / building stage) by type of law""for a comparison (di act of examining resemblances wey dey examinin resemblances) between common-law plus ucc contract formation requirements."
"Di dey pretty annoying (e dey vex), and na some neat tricks wey dey use to get around dis","찻 E dey pretty annoying (e dey vex), and na some neat tricks wey dey use to get around dis"
"Di type ii tests dey a little hard to describe, but dem avoid both of dis problems, and as result dem dey easier (no hard / simple) to interpret.","찻 Di type ii tests dey harder to describe, but dem avoid both of dis problems, and as result dem dey easier (no hard / simple) to interpret."
"Di court don insist say noone be punished for crime wit""a charge fairly made and fairly tried (bin try / test) for public tribunal free of prejudice (when you don judge something without knowing the full matter), passion, excitement, and tyrannical power","찻 Di court don insist say noone dey punished for crime without charge fairly make and fairly tried (bin try / test) for public tribunal free of prejudice (when you don judge something without knowing the full matter), passion, excitement, and tyrannical power"
"Justice blackmun join, dissenting.","찻 Justice blackmun join, dissenting."
"Di command df(), pf(), qf(), qf() and rf().","찻 We fit get rto do things wit fdistributions just by using di command df(), pf(), qf() and rf()"
Di dierence for mood gain for pipo given joyzepam versus (against / vs) pipo given placebo.,찻 Di dierence for mood gain for pipo wey give joyzepam versus (against / vs) pipo wey give di placebo.
"One drawback na say elected (bin choose through voting) officials go hedge dia vote (to choose leader / drop thumbprint) on important issues for a calculated (di mathematical calculation or computation or computation) way, to ensure reelection.","찻 One drawback na say elected (bin choose through voting) officials go hedge dia votes (choose) on important issues for a calculated (di mathematical calculation or computation or computation) way, to ensure reelection."
"As huge cross reminiscent of di ku klux klan days""burn ""atop a hill (ground wey go up but e no reach mountain)""as part of di initiation ceremony of di secret organization of di knights of kavaliers, na about five to six feet (leg / foundation) tall; while a""huge cross reminiscent of di ku klux klan days""burn ""atop a hill""as part of di initiation ceremony of di secret organization of di knights of kavaliers, na about five to six feet tall; while a""huge cross reminiscent of di ku klux","찻 Di crosses burn near residences dey about five to six feet (leg / foundation) tall; while a""huge cross reminiscent of di ku klux klan days""burn ""atop hill (ground wey go up but e no reach mountain)""as part of di initiation ceremony of di secret organization of di knights of kavaliers, na twelve feet tall."
Di drastically (di drastic manner wey dey drastic manner for drastic manner) different approaches don promote (to push something go front / ginger) consideration of discritical important task for difederal level.,찻 These drastically different approaches don promote (to push something go front / ginger) consideration of discritical important task at di federal level.
Di experiment no dey hard to let go and admit di experiment no dey nd what you go nd.,찻 E hard to let go and admit di experiment no dey nd what you wan am to nd
Di moment you don wan to tweak your gure by using some low-level command wey you need care.,찻 Di moment you do wan to tweak your gc by using some low level commands you need care.
Di legislature (de group wey dey make law for de land) don create most administrative (for administration of or relating to or responsible for administration) agencies (offices wey dey run business for people) for di legislature.,찻 Di legislature (de group wey dey make law for de land) dey create by di legislature.
Di ethical implications (wetin something fit cause or mean) of adr between parties wey dey unequal for power?,찻 Di ethical implications (wetin something fit cause or mean) of adr between parties wey dey unequal for power?
"Di proposed (to suggest / plan wey dem bring out for discussion)""violent radicalization and homegrown terrorism prevention (di act of preventing di act of preventing) act"" wey go seek to address ""ideologically based violence- di use, planned use, or threatened use of force or violence by group or individual to promote (to push something go front / ginger) di group or individual's political, religious, or social beliefs","찻 Di proposed (to suggest / plan wey dem bring out for discussion)""violent radicalization and homegrown terrorism prevention act"" wey go seek to address ""ideologically based violence- di use, planned use, or threatened use of force or violence by group or individual to promote (to push something go front / ginger) di group or individual political, religious (matter of church or mosque / person wey follow God), or social beliefs (wetin you believe)."
VOLAGs often dey contract wit di ORR to provide resettlement-related services.,찻 VOLAGs often dey contract wit di ORR to provide resettlement-related services.
"Di challenge wey l2 writers encounter while reading source texts (written words / messages), Esl writing course need place more emphasis on how to interact wit text effectively (sharp sharp).","찻 Di challenges (di demanding or stimulating situation a demanding or stimulating situation) wey l2 writers encounter while reading source text, Esl writing course need place more emphasis on how to interact wit text effectively (sharp sharp)."
"Diy discuss di benefits (better-better tins wey person gain) and drawbacks of each model, describe di type of writing projects and readings assigned (dem don give am de work / hand over task) for each, and draw from course evaluations to share student perspective of di benefits of di course.","찻 Dem discuss di benefits (better-better tins wey person gain) and drawbacks of each model, describe di types of writing projects and readings assigned (dem don give am de work / hand over task) for each, and draw from course evaluations to share student perspectives (different-different views / how people see tin) of di benefits of di course."
"Di important research question wey dey important, of course: na actually di important research question","찻 Di make sense, of course: na di important research question"
"for example, a victim of fraud may bring a civil action for fraud plus may sef be a witness for di state during di criminal trial for fraud.","찻 for example, a victim of fraud may bring civil action for fraud plus may sef be a witness for di state during di criminal trial for fraud."
"Di jury find for ledbetter, concluding say di pay disparity dey due to intentional discrimination.","찻 Di jury find for ledbetter, concluding say di pay disparity (di difference) dey due to intentional discrimination."
Di anaerobic respiration occurs (E dey happen / e dey show face) for di most cells of di bodi wen oxygen dey limited or when mitochondria dey absent (make person or somtin no de available somwhere) or nonfunctional,찻 Di anaer obic r espir ation occur for most cells of di bodi wen oxygen dey limited or mitochondria ar e absent (make person or somtin no de available somwhere) or nonfunctional.
"Like patents (law pawa to own idea) plus trademarks (company brand marks / signs), federal law protects (E dey cover person / e no allow wahala reach) copyright.","찻 Like patents (law pawa to own idea) plus trademarks (company brand marks / signs), federal law protect copyright."
"E dey hard to explain di maths wey dey behind di wstatistic, a better idea nato give abroad brush description (di statement wey represent something for words wey represent something for words) of how im fit behaves",찻 Di better idea dey give wide brush description (di statement wey represent something for words wey represent something for words) of how dem behave.
E hard to suppress (press am down / hide) di gut feeling say di evidence for favour of di-339 di other idea dey near certainty.,찻 Di hard to suppress (press am down / hide) di gut feeling say di evidence for favour of di -339-alternative hypothesis dey near certainty.
E dey annoying (e dey vex) to get to go back to di beginning (from di start) wen you make mistake (error / skip / something wey person no do well),찻 E dey annoying (e dey vex) to go back to di start wen you make mistake (error / skip / something wey person no do well).
"Dis no be, for example, an obscenity (dirty behavior or talk wey go against morals) case.","찻 Dis no be, for example, an obscenity (dirty behavior or talk wey go against morals) case."
"E no dey possible to do dis using di by()and describeby() functions, but i usually nd e more convenient (E dey suite to your comfort or purpose or needs) to use di aggregate()function for dis situation.",찻 I usually nd am more convenient (E dey suite to your comfort or purpose or needs) to use di aggregate()function for dis situation.
Dat one no be bad thing ofcourse: e be important part of designing measuring mind tins.,찻 E no dey bad thing ofcourse: e dey important part of designing psychological measurement (to measure something)
Di consequence (as e turn out) of dis na say di usual (normal-normal / as e dey always be) 2 test don give trustworthy answers (tori wey dem dey give for dis queshun) due to di violation of di independence assumption.,찻 Di usual (normal-normal / as e dey always be) 2 test no give trustworthy answer due to di violation of di independence assumption.
"For dis point, di loop stop, and R finally reach line 5 of di script, print di value of x for screen, and den stop.","찻 Di loop stop, and r nally reach line 5 of di script, to write for screen di value of gc screen, and then halts."
"Di model wey i go adopt (to carry pickin take as your own / follow a style) na one wey tok say di probability of heads dey 0. 5; na, ppheadsq0","찻 Di model i go adopt (to carry pickin take as your own / follow a style) na one wey tok say di probability of heads dey fair, then di model i go adopt na one wey tok say di probability of heads dey fair"
E dey open question as to which version better describe di actual relationship involved.,찻 Di open question as to which version better describe di actual relationship wey dey involved.
"For when you type large integer, you go use commas between groups of three digits, as in 1, 000,000.","찻 When you type large integer, you fit tempt to use commas between groups of three digits, as in 1, 000,000."
Di incident or tragedy wey lead to injury or death dey accept as part of one's submission to god.,찻 Di accident (somtin wey person no plan wey cause gbege) or tragedy wey lead to injury or death dey accept as part of one's submission to god.
"Di command wey go follow:> boxplot( x=afl. margins, range =100) wey rdraws dey show for figure 6. 11a, di most basic boxplot possible.","찻 Di boxplot( x=afl. margins (the maximum and minimum wey something fit reach inside a system), range =100 ) wey rdraws dey show for figure 6. 11a, di most basic boxplot possible."
Di interview don dey compare your initial (de first one / start-start) perceptions wit wey you learn from dis interview.,찻 Di initial (de first one / start-start) perceptions wit what you learn from dis interview.
"For arkansas writers project, inc. v. ragland,481 u. s. 22(1987), di court hold unconstitutional tax scheme (plan / format / sometimes e be like wayo) wey tax general interest magazines, but dem exempte newspapers (di daily or weekly publication on folded sheets) and religious, profession (di bodi of pipo wey dey learned occupation) al, trade, and sports journals.","찻 Di court hold unconstitutional (E against de grand-papa law of de land) tax scheme (plan / format / sometimes e be like wayo) wey dey tax general interest magazines, but exempt (to comot person from rule) newspapers (di daily or weekly publication on folded sheets) and religious (matter of church or mosque / person wey follow God), profession al, trade, and sports journals."
"Person's inability to access and utilize healthcare services dey give strong indication of critical unmet needs and barriers (something wey dey prevent you from reaching a place or thing) wey dey impede di ability of successful (dem dey having succeeded or being marked by favorable outcome) integration and participation for society. Immigrants dey face substantial barriers to healthcare access, including restricted access to government-based healthcare services, language difficulties (di effort wey dey inconvenient, na effort wey dey inconvenient) and cultural differences.","찻 Di immigrants face substantial barriers (something wey dey prevent you from reaching a place or thing) to access to healthcare access, including restricted access to government-based healthcare services, language difficulties (di effort wey dey inconvenient, na effort wey dey inconvenient) and cultural differences."
"For di mood, gain variable, na lot of useful information.","찻 Di mood. gain variable, na alot of useful information."
"For contrast, asylum seekers dey apply for asylum at port of entry (di thing wey dey inside) to U. S. or apply within one year of arriving for U. S.","찻 For contrast, asylum seekers (people wey dey find / look for) dey apply for asylum to transport of entry (di thing wey dey inside) to U. S. or apply within one year of arrival for U. S."
"Di goment don identify two interests (all de tins wey person eyes dey look / benefits) wey dey served (bin do de work / dem don give am kote paper) by di statute first, di interest for removing incentive for parties to intercept private conversations, and second, di interest for minimizing di harm to person wey dey intercept private conversations, and second, di interest for minimizing di harm to person wey dey intercept private conversations.","찻 Di goment identify two interest wey dey served (bin do de work / dem don give am kote paper) by di statute first, di interest for removing incentive for parties to intercept private conversation, and second, di interest for minimizing di harm to persons wey dey illegally intercepted."
Di type of activity go you dey unwilling to sign exculpatory clause?,찻 Di type of activity go you be unwilling to sign exculpatory clause?
Di state diagram.,찻 Di state diagram 2.1: state diagram
"Di argument go, why we just report di actual pvalue and let di reader makeup dia own mind about what acceptable (dem worthy of acceptance or satisfactory) type i error rate dey?","찻 Di argument go, why don report di actual pvalue and let di reader makeup dia own minds (brain / reasoning) about what acceptable (dem worthy of acceptance or satisfactory) type i error rate dey?"
"After di supreme court handed down its seminal decision inside brown v. board of education, [5] boku southern (south side / part of map) states continued (bin move forward / e no stop) to resist desegregation.","찻 Di supreme court hand down dia seminal decision for brown v. board of education, [5]many southern (south side / part of map) state continue to resist desegregation."
"Na specifically, consumer protection statutes (laws wey dem write put for book) and civil rights statutes, respectively (di order wey dey given for di order wey dey give), go protect consumers (people wey buy and use market) for such circumstances.","찻 Specifically, consumer (person wey buy and use market) protection statutes (laws wey dem write put for book) plus civil rights statutes, respectively (di order wey dey given for di order wey dey give), go protect consumers inside such circumstances."
"For some reason di world like to pretend say we dey, and di textbooks wey we usually write seem to reinforce say stereotype.","찻 For some reason di world like to pretend say we dey, and di textbooks wey we dey write seem to reinforce dat stereotype."
Di aflsmall2 rdata le.,찻 Dem dey store for aflsmall2. rdata le.
"Di tin sues (E carry person go kote) go need more oxygen to cope, and di kidney go respond wit more epo.","찻 if you go start aerobic exercise program, your tissues go need more oxygen to cope, and di kidney go respond wit more epo."
"Parents no get knowledge of how to navigate (find your way through something or control am) school systems and di healthcare system, and dey further isolated from services by lack of transportation and financial resources.","찻 Parents lack knowledge of how to navigate (find your way through something or control am) school systems and di healthcare system, go further isolated from services by lack of transportation and financial resources."
"Di narrative analysis for rhetorical moves wey dey familiar to western readers, namely (wey be) statement of academic significance (di quality of being significant), explicit identification of di problem wey dem address, and forecasting (di statement wey dey make about di future) statement regarding hin argument.","찻 Di narrative analysis for rhetorical (talk for talk sake / grammar) moves wey go familiar (something wey person sabi well-well) to western readers, namely (wey be) statement of academic significance, explicit identification of di problem wey dem dey address, and forecasting statement regarding hin argument."
"Di liver dey unable to blood vessels (container wey dem design to hold chemicals or reactions) and or l ymphatic vessels, or decrease (make somtin de turn to small) for osmotic pressure for chronic and severe liver disease, where di liver dey unable to manufacture (di organized action of making goods and services for sale for sale) plasma proteins (figure 26. 9 ).",찻 Di liver dey unable to manufacture (di organized action of making goods and services for sale for sale) plasma proteins (figure 26. 9 ).
Di adjustment fit occur within minutes (meeting-report / wetin-dem-talk-for-meeting / record).,찻 Di adjustment dey occur within minutes (meeting-report / wetin-dem-talk-for-meeting / record)
"Di court decide say di american flag dey just one symbol, about which no only must opinions (wetin people tink / how judge see de mata) pro and con dey tolerate, but for which di most minimal public respect no dey tolerate, but for which di most minimal public respect no dey tolerate, but for which di most minimal public respect no be enjoined.","찻 Di court decide say di american flag dey just one symbol, about which no only must opinions (wetin people tink / how judge see de mata) pro and con be tolerated, but for which di most minimal public respect no dey enjoined."
"Di approximation, dey derived under certain assumptions, and e dey guarantee to work only for large samples wen dem dey met.","찻 E dey approximation, derived under certain assumptions, and e dey guarantee to work only for large samples wen those assumptions dey met."
"We dey call dis""vocabulary"" d""reserved words""or ""keywords (special words)"".","찻 We call dis""vocabulary"" di""reserved words""or ""keywords (special words)"""
"Di x2k i1poieiq2 na intuitively (di intuitive manner wey dey intuitive manner for intuitive manner), e clear say if x2is small, then di observed (bin see / follow rule) data oi dey close to what di null idea predict, so we go need large x2statistic for order to reject di null.","찻 E clear say if x2is small, then di observed (bin see / follow rule) data dey close to what di null idea predict e, so we go need large x2statistic for order to reject di null."
"Case study na di study of one example— 'Ester, refugee from di Democratic Republic of Congo, forcibly separate from five of her children during civil conflict for di early 2000s.'","찻 Case study na 'ester, refugee from di democratic republic of di Congo, forcefully (with pawa / well-well) separated from five of her children during civil conflict for di early 2000s."
Di frontality of portrait icons facilitate (E dey make easier) face-to-face encounters between holy figures and worshippers wey wish to address di holy figure for prayer (talk-talk with God / strong request for kote).,찻 Di frontality of portrait icons facilitate (E dey make easier) face-to-face encounter between holy figures and worshippers wey wish to address di holy figures for prayer (talk-talk with God / strong request for kote).
"Di classed as public figures don thrust themselves to di forefront of particular public controversies (na disagreements or legal disputes between parties about rights, obligations, or facts) for order to influence di resolution of di issues involved.","찻 Di public figures don thrust themselves to di forefront of particular public controversies (na disagreements or legal disputes between parties about rights, obligations, or facts) for order to influence di resolution of di issues wey dey involved."
which of di following go you prefer?,찻 Which of di following go you prefer?
Di student test scores dey show weaknesses (di flaw or weak point or weak point) for English proficiency wit low toefl scores or low critical reading and writing test scores for di sat despite di fact say all of di immigrant students don attend (to go meeting / follow join) atleast some years of highschool for di us and di international students don study english for several years.,찻 Di students test score indicated weaknesses (di flaw or weak point or weak point) for english proficiency wit low toefl score or low critical reading and writing test score on di sat despite di fact say all of di immigrant students don attend (to go meeting / follow join) atleast some years of highschool for di us and di international students don study english for several years.
Dem dey sensible to keep track of di-149 weekday wey you dey work: most of us don work as much on saturdays or sundays.,찻 Di most of us don work as much on saturdays or sundays.
"E dey e good to talk: pearson and spearman correlations dey only designed (bin arrange / build follow plan) to work for numeric variables, so di cor()function spit out error.","찻 Pearson and spearman correlations dey only designed (bin arrange / build follow plan) to work for numeric variables, so di cor()function to show error"
"For R, we dey do di way to divide and keep only di whole number by using di % %operator: > 42 % % 10[1] 4. Okay, dat one easy.",찻 For rwe perform di way to divide and keep only di whole number by using%%operator:> 42%%% 10
"Di statute punishes criminal conduct, e enhance di maximum (de highest level / e no fit pass dere) penalty for conduct motivated (ginger / get reason) by discriminatory (to partial / treat person bad because of who dem be) point of view more severely than di same conduct engage for some oda reason or for no reason for all.","찻 Di statute punishes (to discipline / give wahala) criminal conduct, e enhance di maximum (de highest level / e no fit pass dere) penalty for conduct motivated by discriminatory (to partial / treat person bad because of who dem be) point of view more severely than di same conduct engage for some oda reason or for no reason for all."
"for example, make I say, I wan make we look di numbers wey describe for di clin. trial data, to separate by which way to treat.","찻 I wan make we look di numbers wey describe for di clin. trial data, broken down separately by therapy type."
"Di standard no dey necessary to give adequate""breathing space""to di freedoms protected by First amendment (wey go bring freedom to pipo).","찻 E no merely (just / only dat one) a""blind application""of di new york times standard, e reflect (to show) awa consider judgment say such standard dey necessary to give adequate""breathing space""to di freedom wey dey protected by First amendment (wey go bring freedom to pipo)."
Neither (no be one or di other) Seng nor Bao get any experience tracking (when dem dey watch and record wetin you dey do online) money or budgeting for things for di future; dem simply spend little and try to save or share di rest.,찻 Neither (no be one or di other) Seng nor Bao get any experience tracking money or budgeting forthings for di future; dem simply spend little and tried (bin try / test) to save or share di rest.
"Di example wey i give above, na n18 observations for di group of related numbers or data wey belong together, and k18.","찻 Di example i give above, na n18 observations for di group of related numbers or data wey belong together, and k"
I think e dey natural to discuss type-544-iii tests(which dey simple)before talking about type ii tests(which dey trickier) before talking about type ii tests(which dey trickier).,찻 I think e dey actually natural to discuss type-544- iii tests(which dey simple)before talking about type ii tests(which dey trickier).
Di criminal penalty or judgment for di defamation (na false statement wey dey harm persin reputation or character) case dey subject to di whole panoply of protections afforded by deferring di impact of di judgment until all avenues (way / street) of appellate review dey exhausted.,찻 Di criminal penalty or judgment for defamation (na false statement wey dey harm persin reputation or character) case dey subject to di whole panoply of protections wey dey afford by deferring di impact of di judgment until all avenues of appellate review don exhaust.
Di set of rules of precedence (di status wey establish for order of importance or urgency) di set of rules wey dey governing (de way dem dey rule / how things dey run) di order wey expression dey involving (something wey carry oda things follow) multiple operators and operands dey evaluated.,찻 Di set of rules wey dey governing (de way dem dey rule / how things dey run) di order wey expressions wey dey involving (something wey carry oda things follow) multiple operator and operand dey evaluated.
"Di capacity dey educ ed due to compression (di increase for di density of something) by di enlar ging uterus, resulting for increased (E don big pass before / e climb) frequency (how many times something dey happen) of urination.","찻 Di capacity (di highest wey somtin fit contain or do) dey r educ ed due to compression by di enlar ging uterus, resulting (wetin come out for de end / outcome) for increased (E don big pass before / e climb) frequency (how many times something dey happen) of urination."
"Di time, presumably (probably) for its capacity (di highest wey somtin fit contain or do) as trustee (person wey dem keep property for im hand to manage) of di public's ""right to know""don hold up publication for purposes wey dem consider proper and thus public knowledge dey delayed.","찻 Di times, presumably (probably) for its capacity (di highest wey somtin fit contain or do) as trustee of di public's ""right to know,""don hold up publication for purpose wey dem consider proper and thus public knowledge dey delayed."
"Di decrease (make somtin de turn to small) for glucose, insulin levels also drop.","찻 Di decrease (make somtin de turn to small) for glucose, insulin levels also drop."
"Di court for barry black case, however, instruct di jury say di provision means:"" di burning of cross, by itself, na sufficient (di quantity wey fit fulfill need or requirement but without being abundant) evidence from which you fit infer di required intent","찻 Di court for barry black case, however, instruct di jury say di provision means:""the burning of cross, by itself, dey sufficient (di quantity wey fit fulfill need or requirement but without being abundant) evidence from which you go infer di required intent"
Di base (foundation / where tin start from) url dey hard-coded to di sakai developer list.,찻 Di base (foundation / where tin start from) url dey hard-coded for di gmane. py and dey hard-coded to di sakai developer list
We go interest for whether listening to music reduce pipo's work memory capacity (di highest wey somtin fit contain or do),찻 We go interest for whether listening to music reduce pipo's work memory capacity (di highest wey somtin fit contain or do).
Dem no know say congress go steadily erode say pay for real terms by repeatedly (every time / again and again) fail over di years to provide even cost-of-living increases.,찻 Dem no know say congress go steadily erode say pay for real terms by repeatedly (every time / again and again) fail over di years to provide even cost-of-living increases.
"Medical Care,48(12).","찻 Medical Care,48(12)."
"We go also dey able to distinguish (to show de difference between two things) among di different type of ip protection and how dem dey similar to, and differ from, each oda.","찻 Di various (many different-different types) types of ip protection and how dem dey similar to, and differ from, each oda."
E dey observed- expected (wetin person tink say go happen))^2 club diamonds hearts (di tin wey de make blood move for bodi) spades 225 1 1960 now we go make progress (movement / improvement),"찻 We go do dis by hand, but e dey easier (no hard / simple) to do am for r"
We recognize say sivatamby dey scholar and no student for wac course.,찻 We recognize say sivatamby dey scholar and no student for wac course.
Di run experiment by make changes (adjustments / turns) and run different version,찻 to dey run experiment by to dey change and dey run different versions (different copies).
"One example a di multilingual graduate student wey dey ""reshape"" writing ashe 49 adaptive t ransferwrites across multidisciplinary ma program, see phillips for dis collection.","찻 Di example of multilingual graduate student ""reshaping"" writing as hin 49 adaptive t ransferwrites wey dey across multidisciplinary ma program, see phillips for dis collection."
"Di stewart and marshall, j. j, filed a concur ring opinion, wey stewart and marshall, j. j, join.","찻 Di concur ring opinion, wey stewart and marshall, j. j, join."
Di main eect dey kind of irrelevant (na no bearing on or connection wit di subject at issue); di main eect dey kind of irrelevant; di main eect dey kind of irrelevant.,찻 Di main eect dey kind of irrelevant (na no bearing on or connection wit di subject at issue); di main eect dey kind of irrelevant
"For addition to areae(above-ground cemeteries)and catacombs (underground cemeteries), christians need settings (different environments / locations) for commemorative banquets or refrigeria, carry-over from pagan practices.","찻 For addition to areae(above-ground cemeteries)and catacombs (underground cemeteries), christians require settings (different environments / locations) for commemorative banquets or refrigeria, a carry-over from pagan practices."
We get introduction (di act of beginning something new) xv another chance wit all dis refugees[and immigrants].,찻 We get introduction (di act of beginning something new) xv another chance wit all these refugees[and immigrants].
Di dictionary (book or app wey dey explain word meanings) operation (one calculation) wey take key and find di corresponding value,찻 Di lookup dictionary (book or app wey dey explain word meanings) operation (one calculation) wey dey take key and find di corresponding value
"Di professors (pipo wey dey teach for university) no explicitly ask dem to summarize di texts, quizzes dey regularly (steady / every time) use to assess whether di students read di required materials and understand di most important points wey dem dey presented (dem show am / dem bring am out) for dem.","찻 Di professors (pipo wey dey teach for university) no dey explicitly (to tell am exactly) ask dem to summarize di text, quizzes dey regularly (steady / every time) use to assess whether di students don read di required materials (tins wey dem use for teaching) and understand di most important points wey dem present for dem."
"Pastor stands behind di virgin, wey dey receive her soul, wey dey take di form of swaddled infant (pikin wey neva fit talk or waka).","찻 Di christ stand behind di virgin, receive her soul, wey take di form of swaddled infant (pikin wey neva fit talk or waka)."
"for example, inside 1986 model russell christoff posed for a photo shoot for nestle canada for taster's choice coffee.","찻 for example, inside 1986 model russell christoff posed for a photo shoot for nestle Canada for taster's choice coffee."
We go increment di value of an existing (wetin dey ground now / active) item (single thing / article),찻 Di value of an existing (wetin dey ground now / active) item (single thing / article) go increment di value of an existing item
"For doubt, always put parentheses (for two punctuation marks (or) wey dey use to enclose textual material) for your expression to make sure di computations (to de calculate data with maths) dey perform for di order you intend (plan to / mind set).","찻 For doubt (shaking mind / when person no sure), always put parentheses (for two punctuation marks (or) wey dey use to enclose textual material) for your expression to make sure di computations (to de calculate data with maths) dey perform for di order you intend (plan to / mind set)."
"Di peculiar name di statute of frauds (different-different wayo moves) dey derived from its early incarnation for seventeenth century england, wen a statute dey pass by parliament (di legislative assembly for certain kontri) to reduce or prevent fraud for property transaction and oda important civil matters.","찻 Di peculiar name di statute of frauds (different-different wayo moves) dey derived from its early incarnation for seventeenth century england, wen a statute dey passed by parliament to reduce or prevent fraud for property transaction and oda important civil matters."
Di excuse (to give reason for mistake / pardon) wey dey use as excuse for thoughtlessness,찻 Dem dey use as excuse (to give reason for mistake / pardon) for thoughtlessness
"Na now think of i wan to dene new variable wey dey di sum of di two, Zxx","찻 I imagine i wan to dey new variable zthat dey di sum of di two, zx"
"Di third possibility (something wey fit happen / chance dey) dey say esp no exist, but di colours dey reversed (to change de judgment / turn am back) and pipo don realise am(okay, dat's wacky, but you never know).","찻 Di third possibility (something wey fit happen / chance dey) na say esp no exist, but di colours dey reversed (to change de judgment / turn am back) and pipo don realise am(okay, wey dey wacky, but you never know)."
Di proper c oncentr ation of solut e for di blood dey important for maintain osmotic pressure both for di glomerulus and s ystemical ly.,찻 Di proper concentration (di strength of solution) of solut dey for di blood dey important forining osmotic pressure both for di glomerulus and s ystemical ly.
E don demonstrate how governmental regulation of dis crucial (very important / pata-pata) process go exercise consistent wit First amendment (wey go bring freedom to pipo) guarantees of free press as dem don evolved to dis time.,찻 Dem don demonstrate how governmental regulation of dis crucial (very important / pata-pata) process go dey exercis consistent wit First amendment (wey go bring freedom to pipo) guarantee of free press as dem don evolve to dis time.
E dey quite few dierent ways of do dis adjustment.,찻 E dey quite few dierent way wey dey do dis adjustment
Dem described seances conducted (bin do de work / bin manage de event) by rhinehart for which pipo pay am to put dem in touch wit deceased relatives (connection / family person) and friends.,찻 Dem described seances conducted (bin do de work / bin manage de event) by rhinehart wey pipo pay am to put dem for touch wit deceased relatives (connection / family person) and friends.
You fit comot d right-most digits or digit from number.,찻 you fit also extract d right-most digit or digits from a number.
"Diy dey all kind of useful things wey dey know about, but dem dey really just\odd topics"" wey no dey wit di oda examples.","찻 Dem dey all kind of useful things wey dey know about, but dem dey just\odd topics"" wey don t wit di oda examples."
Di fraud dey deliberate (we dey think about carefully) and malicious (na when persin act with intention to hurt or injure anoda persin),찻 Di fraud dey deliberate (we dey think about carefully) and malicious
"For pass sing through di renal c orpuscle, di capil laries form second arteriole, di efferent ar teriole (figure 25. 10).",찻 Di glomerular capil laries filter di blood based on particle size.
Dem don come under fire (di tin wey de show when somtin de burn) for moving (E dey waka / e dey shift) dia corporate headquarters (di office wey dey serve as di administrative center of enterprise) out of di kontri to tax havens such as bermuda or barbados.,찻 Di company don kom under fire (di tin wey de show when somtin de burn) for moving dia corporate headquarters (di office wey dey serve as di administrative center of enterprise) out of di kontri to tax havens such as bermuda or barbados.
Di most prominent (well-known or important) ones dey: lsr,찻 Di most prominent (well-known or important) ones dey lsr
Dem suppose nd surprising na say alluppercase letters kom before alllowercase ones.,찻 We go nd surprising na say rassume say alluppercase letters kom before allowercase ones.
Dis literature dey document di ubiquitous impact of Mental and emotional pain wey person get after going through terrible experience on family relationships and dey underscore di need for prevention (di act of preventing di act of preventing) and intervention treatment modalities targeting individual and relational (dem having relation or being related) family systems for populations commonly (normal-normal / wetin people dey do always) exposed to multiple traumatic events.,"찻 Dis literature dey document di ubiquitous impact of Mental and emotional pain wey person get after going through terrible experience on family relationships (how people follow deir / connections) and dey underscore di need for prevention and intervention (di act of intervening (as to mediate dispute, etc.)) treatment modalities targeting individual and relational (dem having relation or being related) family systems for populations commonly exposed to multiple Mental and emotional pain wey person get after going through terrible experience."
Di chozin don learn from failure (when tin no work out / disappointment),찻 Dem learn from failure (when tin no work out / disappointment).
"We dey look backup for di t-tests for each of di individual coecients, we get strong evidence say di baby. sleep variable no fit eect; all di work dey done by di dan. sleep variable.","찻 We don look backup for di t-tests for each of di individual coecients, we get strong evidence say di baby. sleep variable no signi cant eect; all di work dey done by di dan. sleep variable."
"Di goal dey to preserve (keep am safe / maintain) di best characteristics (di things wey make am) of di mean and di median: just like a median, you dey highly in uenced by extreme (too much / over) outliers, but like di mean, you dey use more than one of di observations.","찻 Di goal dey preserve (keep am safe / maintain) di best characteristics (di things wey make am) of di mean and di median: just like median, you no dey highly (well-well / high-high) in uenced by extreme (too much / over) outliers, but like di mean, you dey use""more than one of di observations."
"E dey easy to do, but e no take couple (two / husband and wife) of lines to type.","찻 E dey easy to do, but e go take couple (two / husband and wife) of lines to type."
"Di thing wey means na if you fit compare two dierent \sums of squares"", you dey probably talk about something wey dey fdistribution.","찻 If you wan compare two dierent \sums of squares"", you go probably talk about something wey dey fdistribution."
Wetin you think frequentist (one wey like frequency way) and Bayesian (one kind of statistical method) go say about dese three statements?,찻 Di frequentist (one wey like frequency way) and bayesian (one kind of statistical method) go say about dis three statements?
"Di police officer dey approach a stop car for night and shine light into di interior of di car, di car don search.","찻 Di police officer approach a stop carat night and shines light into di interior of di car, di car don search."
"Di subject of front-page news story after being held (wetin judge or court bin decide) hostage by three escaped convicts for dia suburban, whitemarsh, pennsylvania (one of di original 13 colonies), home for 19 hours on september 11-12, 1952.","찻 He and hin wife and five children involuntarily (by choice / no be by force) become di subject of front-page news story afta being held (wetin judge or court bin decide) hostage by three escaped convicts for dia suburban, whitemarsh, pennsylvania, home for 19 hours on september 11-12, 1952."
Di burning cross don remain symbol of klan ideology and of klan unity.,찻 Di burning cross don remain symbol of klan ideology and of klan unity.
What go business be like inside a land without any rule of law system?,찻 Wetin go business be like inside a land without any rule of law system?
"I dey having you type all your commands for di place wey you type command, and all di commands for dis book so far don show as if dat's what i dey do, e dey quite possible(and as you see shortly, shockingly easy)to write program using dis rcommands.","찻 I dey having you type all your command for di place wey you type command, and all di command for dis book so far don show say if dat's what i dey do, e dey possible(and as you go see shortly (just now / soon-soon), shockingly easy)to write program using dis rcommands."
"Di iteration (doing the same thing again and again) of di course dey similar to di graduate writing seminar described by fredericksen & mangelsdorf [this volume], wey 79 developing (E dey processing a photosensitive material for order make image visible) resources for success (victory / when plan work well) require students to create individual learning contracts based on writing tasks assigned for oda coursework.)","찻 Di iteration (doing the same thing again and again) of di course dey similar to di graduate writing seminar wey fredericksen & mangelsdorf described by fredericksen & mangelsdorf [this volume], wey 79 developing (E dey processing a photosensitive material for order make image visible) resources for successrequires students to create individual learning contracts based on writing tasks assigned (dem don give am de work / hand over task) for oda coursework."
"Di statement dey deemed (as dem see am / dem count am as) to make valuable contribution (di part played by a person for bring about a result) to public debate, since e bring about 'the clearer perception and livelier impression of truth, produced by dia collision (when two things hit each other and force dey involved) wit error.","찻 Di false statement go make valuable contribution (di part played by a person for bring about a result) to public debate (fomal talk where two pipu dey talk against each oda), since e bring about di clearer perception and livelier impression of truth, produced (bin make / bring out result) by its collision wit error."
"But wen he lied for announcing hin hold di congressional (concern de law-makers / National Assembly mata) medal of honor, respondent venture onto new ground (di top of earth); for dat lie violate federal criminal statute, di stolen (wetin thief carry / things wey loss by force) valor act of 2005.","찻 For dat lie violate (to break law / go against rule) federal criminal statute, di stolen (wetin thief carry / things wey loss by force) valor act of 2005."
"for example, for find(sub[, start[, end]]), di brackets indicate optional argument.","찻 for example, for find(sub[, start[, end]]), di brackets indicate optional arguments."
"E look like di same test, doesn't e?","찻 E dey exactly di same test, e no dey e?"
"As you see, for somethings (like age), e dey clear wetin di set of possible measurements (to measure something) suppose be, but for other things, e con dey small tricky.","찻 As you see, for somethings (like age)e dey fairly obvious what di set of possible measurements (to measure something) go be, whereas for oda things e get bit tricky."
"Di plaintiffs- -including di nation, mother jones, di progressive magazine, di village voice, and pacifica radio news- - -also contended for di dod preferences (choices / wetin person like pass) for certain news organizations and reporters discriminate (na recognize or perceive di difference) for favor of particular viewpoints (how person take see de mata / opinion), but di court find say dis claim no adequately supported.","찻 Di plaintiffs- --including di nation, mother jones, di progressive magazine, di village voice, and pacifica radio news- - -also contended (bin drag mata / struggle) say di dod preferences (choices / wetin person like pass) for certain news organizations and reporters discriminated for favor (to help person / partial follow-up) of particular viewpoints (how person take see de mata / opinion), but di court find say dis claim no adequately support."
"No surprise, di output get exactly di same format (how you arrange your words) as e do last time too: Welch's independent (di neutral or uncommitted person (especially for politics)) samples t-test, di thing wey dey measured: grade, di thing wey dey group: tutor (private teacher / coach). numbers wey describe: Anastasia mean= 74.533, std dev.; Bernadette mean= 69.056, std dev.",찻 Wench's independent (di neutral or uncommitted person (especially for politics)) samples t-test outcome variable: grade grouping variable: tutor (private teacher / coach) numbers wey describe: anastasia bernadette mean 74. 533 69. 056 std dev.
"Di syntax error means say you viola di""grammar (di rules for language)"" rules of python.","찻 Di syntax error means say you don violate (to break law / go against rule) di""grammar"" rules of python."
Di priority dey give tofamily reunification (when family members wey been separated finally come back together) andemployment skills.,찻 Di priority dey give to family reunification (when family members wey been separated finally come back together) and employment skills.
"Di python provide operator operators, wey dey special symbol wey represent computations (to de calculate data with maths) like addition and multiplication (times).","찻 Di python provide operator, wey dey special symbols wey represent computations (to de calculate data with maths) like addition and multiplication (times)."
brief (small talk / summary wey lawyer write) for congressman charles e. schumer and al.,찻 As amici curiae 910; brief (small talk / summary wey lawyer write) for congressman charles e. schumer and al.
"Di remainder of di stipulation merely (just / only dat one) summarizes (di summary (of)) testimony, di testimony of sheriff thrasher, two female witnesses(both students for indiana university) wey dey part of di crowd (many pipu wey stay for on place), and d r. owen thomas, professor of english for di university.","찻 Di remainder of di stipulation merely (just / only dat one) summarize testimony, di testimony of sheriff thrasher, two female witnesses(both students for indiana university) wey dey apparently (di appearance wey dey alone from appearances alone) part of di crowd (many pipu wey stay for on place), and d r. owen thomas, professor of english for di university."
"E go end up wit illusory group dierence for your data, caused (wetin make de tin happen) by di fact say pipo think say na real dierence.","찻 Di fact say pipo think say illusory group dierence for your data, caused (wetin make de tin happen) by di fact say pipo think say na real dierence."
we fit do dis in a simple way wit d following regular expression:^from.,찻 We fit do dis for afar simple way wit di following regular expression:^from
Di crowd (many pipu wey stay for on place) dey allow employee (person wey de work for office and e de collect moni) to notice fore xceptional performance and fit lead to faster and great advancement (di encouragement of di progress or growth or acceptance of something).,찻 Di crowd (many pipu wey stay for on place) don allow employee (person wey de work for office and e de collect moni) to dey notice fore xceptional performance and fit lead to faster and greater (E big pass / more-more) advancement (progress / front money).
"If you double (one kind of number) to press one of di commands, e go copy (photocopy / duplicate) to di rconsole",찻 Di rconsole go copy (photocopy / duplicate) to di rconsole.
Di only possibility (something wey fit happen / chance dey) wey dey consistent wit di other idea,찻 Di only possibility (something wey fit happen / chance dey) wey dey consistent wit di other idea
"Di easy way dey use di interaction. plot()function, but dis function don draw error bars for you.","찻 One easy way dey use di interaction. plot()function, but dis function no draw error bars for you."
"Di freedom of expression wey First amendment (wey go bring freedom to pipo) guarantees include all modes (di one wey show most) of""communication (di activity of communicating) of ideas by conduct, and say hin conduct dey inside dis definition because hin conduct dey inside dis definition because hin conduct dey inside di draft (na written order to bank or persin to pay specified money).","찻 Di argument na say di freedom of expression wey First amendment (wey go bring freedom to pipo) guarantees include all modes of""communication (di activity of communicating) of ideas by conduct, and say hin conduct dey within dis definition (di meaning) because hin don do am for""demonstration (di act of present something to sight or view) against di war and against di draft (na written order to bank or persin to pay specified money)"
I don include something to force rto stop if dis goon too long.,찻 I really go include something to force rto stop if dis goon too long
"Specific performance might be required under certain types of contracts, such as inside contracts for land.","찻 Di specific performance go require under certain types of contract, such as for contract for land."
"Na dat be di real definition (di meaning) of""luck"".","찻 Di very de nition of\luck""."
"We go write python program to read through di line of di file, break each line into list of words, and then loop through each of di words for di line a nd count each word using dictionary (book or app wey dey explain word meanings).","찻 Di east and juliet dey di sun arise (to show face / start to happen) fair sun and kill di envious moon wey dey already (E don happen / since / before-before) sick and pale wit grief we go write python program to read through di line of di file, break each line into list of words, and then loop through each of di words for di line a nd each word using dictionary (book or app wey dey explain word meanings)."
"Di press no dey circulate know or reckless falsehoods wey dey damage to private reputation without subject imself to liability for damages, including punitive (na damages wey pass compensation to punish wrongdoer and stop future harm) damages, or even criminal prosecution.","찻 Di press no circulate (to move on / move on) knowing or reckless falsehoods wey dey damage to private reputation without subject imself to liability for damages, including punitive (na damages wey pass compensation to punish wrongdoer and stop future harm) damages, or even criminal prosecution."
"For di example wey I give above, I use function wey dem call widetolong() to do di transformation (di change wey e take).",찻 I use a function wey dey widetolong() to do di transformation (di change wey e take).
I go do dat lot,찻 I go do dat alot
Anna dey among demand dey hospitalized for five days of treatment.,찻 Anna dey many dem and dey hospitalized for five days of treatment.
e dey important to distinguish (to show de difference between two things) between operations wey dey modify (change am small) lists (groups of things) and operations dat create new lists.,찻 E dey important to distinguish (to show de difference between two things) between operations (dem do wit di execution of trades and keeping customer record) wey modify (change am small) lists (groups of things) and operations wey create new lists.
"I thank jeff elkner, wey translate my java (programming language wey de common wey dem de use take build applications) b kom into python, wey get di project start and introduced (di cause to kom know personally) me to what dey turnout to be my favorite language.","찻 I thank jeff elkner, wey dey translate my java (programming language wey de common wey dem de use take build applications) book into python, wey get dis project start and introduce me to what dey turnout to be my favorite language."
"Di justices (big-big judges for higher court) note say unlike (no be like) di ordinance (local government law / official order) found unconstitutional for r. a. v, di virginia statute no fit target cross burning""on di basis of race, color, creed, religion or gender","찻 Di justice tok say unlike (no be like) di ordinance (local government law / official order) found unconstitutional for r. a. v, di virginia statute no just target cross burning on di basis of race, color, creed, religion or gender"
Di function just to write for screen di eect sizes,찻 Di function just to write for screen di eect sizes.
Di result of dis vast (very big / plenty) changes (adjustments / turns) don place for few hands di power to inform di american people (pipu / crowd / everybody) and shape public opinion.,찻 Di result of dis vast (very big / plenty) change don place for few hands di power to inform (to tell / give info) di american pipo and shape public opinion.
Dis dey where to choose using true dey handy,찻 E dey where logical indexing dey handy
"D goal of all dis changes (adjustments / turns) nato shift from computer science to informatics (di sciences concerned wit gathering, manipulating, storing, retrieving, and classifying recorded information) and to add only topics for first technology class wey fit dey useful even if person no choose to be programmer.",찻 Di ultimate (last-last / final) goal of all of dis change nato shift from computer science to informatik focus and to only include topics into first technology class wey dey useful even if one choose no become professional programmer.
"If you genuinely don get real, speci c hypotheses (di proposal wey dey suppose explain certain facts or observations) about which comparisons (di act of examining resemblances wey dey examinin resemblances) dey of interest, and you never get any intention to make we look any oda comparisons besides di ones wey you dey ahead (to de in front of somtin or person) of time.","찻 If you genuinely don get real, speci c hypotheses (di proposal wey dey suppose explain certain facts or observations) about which comparisons (di act of examining resemblances wey dey examinin resemblances) dey of interest, and you no get any intention to make we look any oda comparisons besides di ones wey you speci ed ahead (to de in front of somtin or person) of time."
Di case dey restored to di docket for reargument,찻 Di case don restore to di docket for reargument.
"Di case no dey case wey di fact say""it dey di speaker (person wey dey talk / megaphone) opinion wey give offense""provide special""reason for according constitutional protection, fcc v. pacifica foundation(1978) (plurality opinion).","찻 Di case wey di fact say""it dey di speaker's opinion wey give offense""provides special""reason for according di constitutional protection,""fcc v. pacifica foundation(1978) (plurality opinion)."
"Di current trademark owner, ford settled (bin settle / no more wahala) for releasing di new car as simply di""gt""","찻 Di current trademark owners (people wey get de property / landlords), ford settled (bin settle / no more wahala) for release di new car as simply di""gt"""
"Na large number of plaintiffs for financial services case, wey A business or organisation (one big group) wey manage money— like bank, insurance, or investment companies or investment firm defraud (to do wayo for money) large number of investors (people wey dey put money for business to gain).","찻 Di large number of plaintiffs for financial services case, wey financial institution or investment (di act of investing) firm (company / business office) defraud (to do wayo) large number of investors (people wey dey put money for business to gain)."
"Di court decide debs v. united states,249 u. s. 211(1919), di same year as sch enck, wey dey largely (mostly / for de most part) relied (bin put mind for dere / trust).","찻 Di court decide debs v. united states, 249 u. s. 211(1919), di same year as sch enck, on which dem largely (mostly / for de most part) relied (bin put mind for dere / trust)."
"He dey concerned (to dey worried) say hin go exclude (to remove) from one group; however, wen i check for wit him several weeks into di quarter, hin give me glowing report of hin successful (dem dey having succeeded or being marked by favorable outcome) strategy.","찻 He dey concerned (to dey worried) say hin go exclude (to remove) from one group; however, wen i check for within several weeks into di quarter, hin give me glowing report of hin successful (dem dey having succeeded or being marked by favorable outcome) strategy."
I no go into details here,찻 I no go into details here
"E must have warning (notice / alarm) label or oda caution on di product, so say consumers (people wey buy and use market) dey to know di risk wey dey posed by dat product.","찻 Di product wey dey dangerous (something wey get wahala / e fit cause damage) if use for particular way, so sake of dat, must get warning (notice / alarm) label or oda caution on am, so say consumers (people wey buy and use market) dey to know di risk wey dey posed by dat product."
United Nations (obodo / different-different countries) Photo— Public Domain (area / website address).,찻 United Nations (obodo / different-different countries) Photo— Public Domain (area / website address).
"Di advocacy dey violation, however reprehensible morally, no dey justification (reason why dem do wetin dem do) for denying (to say ""No"" / reject) free speech wey di advocacy dey short of incitement and nothing to indicate say di advocacy go dey immediately acting (person wey dey hold office for small tayam / to play part) on.","찻 Di advocacy no dey justification (reason why dem do wetin dem do) for denying (to say ""No"" / reject) free speech wey di advocacy fall short of incitement and nothing to indicate say di advocacy go immediately (for no time intervening, without delay or hesitation) act on."
Di president go promulgate rules to carry di act into effect and create di civil service commission as di agency or administrator of di act under di rules of di president.,찻 Di act don authorize di president to promulgate rules to carry di act into effect and create di civil service commission as di agency or administrator of di act under di rules of di president.
"Di defendant no engage for, nor threaten to engage for, nor threaten to commit (to do bad tin / to promise to do work) any act of violence.","찻 Di defendant no engage for, nor threaten to engage for, nor do anyone as di result of hin conduct for fact commit (to do bad tin / to promise to do work) or threaten to commit any act of violence"
Di substantive (mata wey get weight / real issue for law) one na say i still dey suspicious of one way to see if test fit catch difference,찻 Di substantive (mata wey get weight / real issue for law) one na say i still dey suspicious of way to see if test fit catch difference.
Di justice brennan and mr,찻 Justice brennan and mr.
Di number of claims wey dey resolve before an actual trial begins (E dey start / e take off) make di trial shorter,찻 Di trial shorter make di trial shorter.
"for example, tenancy inside common describes (to talk about) an ownership interest inside wey all owners (people wey get de property / landlords) get an undivided interest inside di property, equal rights of possession, plus a devisable interest.","찻 for example, tenancy for common describe ownership interest wey all owners (people wey get de property / landlords) get undivided interest for di property, equal rights of possession, and devisable interest."
1106 24 critical thinking (to reason / deep thought) questions access f or free for open tax. org 43. some low-fat or non-fat foods contain large amount of sug am to replace e di fat content of di food,찻 Di main factors wey dey influence weight (how tin take heavy reach) gain for pipo? 1106 24 critical thinking (to reason / deep thought) questions access f or free for open tax. org 43. some low-fat or non-fat foods contain large amount of sugar to replace di fat content of di food.
"We doubt say di pejorative (dem express disapproval) description""outrageous (E dey grossly offensive to decency or morality)"" no supply (to provide market / give wetin people need) one","찻 We dey doubt (shaking mind / when person no sure) say e dey any standard, and we dey sure say di pejorative description (di statement wey represent something for words wey represent something for words)""outrageous (E dey grossly offensive to decency or morality)"" no supply (to provide market / give wetin people need) one"
This recognition (to sabi person / award) of di right to govern (dey control) provides (to provide) legitimacy.,찻 Di recognition (to sabi person / award) of di right to govern (dey control) provide legitimacy.
Di purpose of punishment (di act of punishing di act of punishing di act of punishing)? but what dey di purpose of punishment?,찻 Di purpose of punishment (di act of punishing di act of punishing di act of punishing)?
Di qualification (na skill or requirement wey persin must get to hold office) and balancing for di iccpr (international agreement wey protect civil and political rights of people across countries) and di mandate (official order or authority wey somebody receive to do a particular thing) for di prohibition of hate speech.,찻 Di qualifications (na skill or requirement wey persin must get to hold office) and balancing for di iccpr and di mandate for di prohibition of hate speech.
"I go need to specify sep= "".""","찻 I go need to specify sep= """
"Di semen r egains its fluids tate, sperm fit pass far dir into di female r eproductiv e tract.","찻 Di semen r egains dia fluids tate, sperm fit pass farther into di female r eproductiv e tract."
Di h ypothalamus for di brain na di master switch wey works as thermostat to regulate di bodi 'score temper atur e(figure 24. 23).,찻 Di h ypothalamus for di brain dey di master switch wey work as thermostat to regulate di bodi core (de main-main part / de heart of de matter) temper atur e(figure 24. 23).
Di business owe duty to exercise reasonable degree of care to protect di public from foreseeable (something wey person fit sabi say e go happen) risks (danger / chances of wahala or loss) wey di owner know or go know about.,찻 Di owner don exercise reasonable degree of care to protect di public from foreseeable (something wey person fit sabi say e go happen) risk wey di owner know or go know about.
We dey learn what constitute (to be) performance,찻 We dey learn what constitute (to be) performance
Di answer na ofcourse,찻 Di answer dey ofcourse 4.
"Di standard, goment need to put forth (to come out / move forward) only rational basis for di law wey dey reasonably (normal way / de way person wey get sense suppose act) related to some legitimate government interest.","찻 Di standard, goment need to put forth (to come out / move forward) only rational basis for di law di law simply don be reasonably (normal way / de way person wey get sense suppose act) related to some legitimate government interest."
"E no dey use very often, but e no get report sometimes.","찻 E no use very often, but e go get (E remain small / almost) sometimes."
Di mineral dis sociat ed from a salt wey dey carry electrical (E dey relating to or concerned wit electricity) charge(an ion)dey called an electrolyte.,찻 Di mineral dis sociat ed from salt wey dey carry electrical charge (an ion)dey call electrolyte.
"Na why should corporations go spend freely (free-free / anyhow) to drown out di voices of real voters (people wey dey thumbprint for election), wey no dey hope to matching corporate spending on issue advertisements (many promos / adverts for market)?","찻 Di why corporations go spend freely (free-free / anyhow) to drown out di voice of real voters (people wey dey thumbprint for election), wey no hope of matching corporate spending on issue advertisements (many promos / adverts for market)?"
Di data dey show di data.,찻 Di data dey show di data.
"E be entitled (to get right to something / e gats reach your hand)""true crime inspires tense play,""wit di subtitle (di small name under), ""di ordeal of a family trapped by convicts gives (to dash / drop / provide) broadway anew thriller,'di desperate hours.'""","찻 Di ordeal of family wey dey trapped by convicts give broadway new thriller,'the desperate hours.'"
"Indeed (true-true / na so / for real), inside today's world, purchase (to buy market / transaction) maybe di most common method of acquiring (getting / collecting) property.","찻 For today's world, purchase (to buy market / transaction) go be di most common method of acquiring (getting / collecting) property"
"As many of di students use notetaking, glossing, and annotating (di act of adding notes) wen dem read, dem no mention (to talk about am small) using oda writing-to-read strategies either on dia own time or for dia class.","찻 As many of di students use notetaking, to pass, and annotating wen dem read, dem no mention (to talk about am small) using oda writing-to-read strategies either on dia own time or for dia class."
Dire (na urgent or serious situation wey court suppose act fast on am) no be blood found for di urine,찻 Di urine no dey found for di urine
"Di validity (how true something be) for di distinction (di difference) between advocacy and di interchange of ideas, and we no dey discard useful tool (tinwey or ogbe wey dem dey use do sometin or wok) wey dey misused.","찻 Di underlying validity (how true something be) for di distinction (di difference) between advocacy and di interchange of ideas, and we no discard useful tool (tinwey or ogbe wey dem dey use do sometin or wok) bikos e dey misused."
E no dey use oda logical operator too.,찻 Di logical operator dey use oda logical operator too.
"If we wan our di numbers from di sample to be closer to di population parameters, we fit we do about it?","찻 If we wan our di numbers from di sample to dey closer to di population parameters, wetin we fit do about am?"
"As di sample size increase, di -312- sem decrease (make somtin de turn to small)","찻 As you see just by looking at di picture, as di sample size nincrease (make somtin de turn to small), di-312- sem decrease (make somtin de turn to small)."
"Di juxtaglomerular cells will contract, decreasing (di decrease for size, extent, or range) di glomerular filtration (di process wey fluid pass through filter or filtering medium) rate (gfr) so e dey reach to les urine formation (how dem take arrange am / building stage) and greater retention of fluid.","찻 Di juxtaglomerular cells go contract, decreasing (di decrease for size, extent, or range) di glomerular filtration (di process wey fluid pass through filter or filtering medium) rate (gfr) soles s plasma dey filter, leading to less urine formation (how dem take arrange am / building stage) and greater retention of fluid."
E dey extremely tempting for pipo to start wondering why di dierence between males and females for terms of dia psychic abilities.,찻 E dey extremely tempting for pipo to start wondering why di dierence between male and females for terms of dia psychic abilities.
Bridges v. california(1941).,찻 Di bridges v. california(1941).
"We go encounter composite key if we go create telephone directory wey map from last-name, first-name pairs to telephone number.","찻 We go encounter composite key if we wan create telephone directory wey map from last name, first name pairs to telephone numbers."
"E dey possible for someone to become public figure through no purposeful (di existence of a purpose or goal or goal) action of hin own, but di instances (examples / cases / times wey tin happen) of truly involuntary public figure must dey rare (no dey plenti).",찻 Di instance (one example of somtin) of truly involuntary public figures must be exceedingly rare (no dey plenti).
"Di fifth circuit court of appeals (to carry mata go higher court because you no gree) rule say yawa wey dey happen when person no gree, dem force am do tin wey no right, like dem take person by force, or dem do am wetin person no like, wey dey under sexual (mata wey concern body-to-body) palava case dey, for true, be brought (bin carry come / fetch) for court no be being subject to mandatory arbitration, despite di contract language wey dey require mandatory arbitration.","찻 Di fifth circuit court of appeal rule say sexual (mata wey concern body-to-body) assault case go dey bring for court no be subject to mandatory arbitration, despite di contract language wey dey require mandatory arbitration."
Di statement or actions by di police(or oda government agent)dey likely give rise (to go up / increase) to response.,찻 Di statement or actions by di police(or oda government agent)dey likely to give rise (to go up / increase) to response.
Di student and community professionals (sabi people / experts) don use distext to develop understanding ofspecific challenges (di demanding or stimulating situation a demanding or stimulating situation) wey dey face immigrant andrefugee families.,찻 Students and community professionals (sabi people / experts) alike fit use dis text to develop understanding of specific challenges (di demanding or stimulating situation a demanding or stimulating situation) facing immigrant and refugee families.
Di result dey compels (force person) different result here,찻 Dem force different result here.
Archives. org —Public Domain (area / website address).,찻 Archives. org public domain (area / website address).
Dem return to awa iq study.,찻 Dem return to awa iq studies.
"Diy don provide good examples of di various (many different-different types) dierent things wey you fit do wit di load()function, so e no dey bad idea to get make we look dem, and to try no to nd dem too intimidating","찻 Dem don provide good examples of di various (many different-different types) dierent things wey you fit do wit di load()function, so e no dey bad idea to make we look dem, and to try no to nd dem too intimidating."
"Immigrant households (di social unit wey dey living together) dey at substantially (well-well / plenty / significant amount) higher risk of When person or family no get sure access to enough food regularly, or lack of adequate food for everyone for di household (people for house), than native-born households.","찻 Immigrant households (people for house) na substantially higher risk of food insecurity, or lack of adequate food foreveryone for di households, than native-born households (people for house)."
"Dem take di dierence between di sample means, and then divide am by some estimate of di standard error of dat dierence.","찻 We take di dierence between di sample means, and then divide am by some estimate of di standard error of dat dierence"
"Di two articles (items / sections for law book) wey dey appear for 1979 relate to purported connection between rhinehart and lou f errigno, star of di popular television (di broadcasting visual images of stationary or moving objects) program,""the incredible hulk""","찻 Di two articles (items / sections for law book) wey appear for 1979 to talk about purported connection between rhinehart and lou f errigno, star of di popular television (di broadcasting visual images of stationary or moving objects) program,""the incredible hulk."""
"Columbia Human Rights Law Review,37(3), 627-658.","찻 Columbia Human Rights Law Review,37(3), 627-658."
Di bus company survive and dey sui di bus company.,찻 Di bus company dey suing (carrying to court) di bus company.
"If you know di file dey small compare to di size of your main memory, you fit read di whole file into one string using di read method on di file handle.","찻 Di file dey small compared (bin compare) to di size of your main memory, you fit read di whole file into one string using di read method on di file handle."
Di set of values wey each value dey identified (di identity of someone or something) by integer index,찻 Di set of values wey dey identified (di identity of someone or something) by di integer index.
Di contract expressly (direct / dem talk am clear-clear) require am if di contract expressly require am.,찻 Di standard of personal satisfaction go dey enforce (to force people make dem follow law) if di contract expressly (direct / dem talk am clear-clear) require am
Immigrants wey no dey sure about di length (how e long reach) of stay for U. S. also dey more likely to be unbanked (when person no get any bank account or access to banking services).,찻 Immigrants wey dey unsure about di length (how e long reach) of stay for U. S. also dey more likely to be unbanked (when person no get any bank account or access to banking services).
"We go use di one. sided argument to specify di one-sided test, and e works di same way we dey do for di independent (di neutral or uncommitted person (especially for politics)) samples t-test.","찻 We fit use di one. sided argument to specify di one-sided test, and e works di same way wey dey for di independent (di neutral or uncommitted person (especially for politics)) samples t-test."
"Di authority to designate an entity a""foreign terrorist organization""rests wit di secretary (person wey dey help run office work) of state.","찻 Di authority to designate entity a""foreign terrorist organization""rest wit di secretary (person wey dey help run office work) of state."
Di fraud dey found for many contexts (how de levels be / situation).,찻 Di fraud dey found for many contexts (how de levels be / situation)
"Di church leaders and emperors debat di use of religious (matter of church or mosque / person wey follow God) images wey depict christ and di saints, some honor dem as holy images, or ""icons""and odas condemning dem as idols(like di images of deities for ancient rome)and apparently (di appearance wey dey alone from appearances alone) destroy some.","찻 Di church leaders and emperors debated di use of religious (matter of church or mosque / person wey follow God) images wey depict christ and di saints, some honor dem as holy images, or ""icons,""and odas condemning dem as idols(like di images of deities for ancient rome)and apparently (di appearance wey dey alone from appearances alone) destroy some."
"Di quadruple function(x)y <-x*4 return(y)as you fit see, wen you type di name of di function for di place wey you type command, rprints out di underlying source code wey we use to dey use to dey for di rst place.","찻 Di quadruple function(x)y <-x*4 return(y)as you see, wen you type di name of a function for di place wey you type command, rprints out di underlying source code wey we use to dey di function for di rst place."
"Di ways to do research course go cover alot of topics wey dey relate much more to di pragmatics of research design, and especially di issues wey you dey encounter wen you try to do research wit humans (pipo).","찻 Di research methods course go cover alot of topics wey dey relate much more to di pragmatics of research design, and especially di issues wey you encounter wen try to do research wit humans (pipo)."
Aquarian beliefs (wetin you believe) include life after death and di ability to communicate (di transmit information wey dem transmit information) wit di dead through a medium.,찻 Aquarian beliefs (wetin you believe) include life after death plus di ability to communicate (di transmit information wey dem transmit information) with di dead through a medium.
Di example of two-sided test.,찻 Di example of two-sided test.
Di ovaries ar e di female g onads.,찻 Di o varies ar e di female g onads.
"for example, president eisenhower, a republican, nominated earl warren as chief justice.","찻 for example, president eisenhower, republican, nominated earl warren as chief justice."
"We fit see say di adding all the squared gaps to measure total error wey dey associated wit di factors dey identical for di two dierent analyses(3. 45 for drug and 0. 92 for therapy), as dem dey di degree of freedom(2 for drug,1 fortherapy ).","찻 We fit see say di adding all the squared gaps to measure total error wey dey associated wit di factors dey identical for di two dierent analyses(3. 45 for drug and 0. 92 for therapy), as dey di degree of freedom(2 for drug,1 fortherapy )."
"We suppose take 18 pipo, and give dem some coee to drink","찻 We tok 18 pipo, and give dem some coee to drink"
Dem start by noting say 10-cubed dey 1000,찻 E start by noting say 10-cubed dey 1000
Di three-aisled plan incorporated (company wey don register finish / join body) numerous (plenty-plenty / dem many) subsidiary chapels flank di aisles.,찻 Di three-aisled plan don incorporate numerous (plenty-plenty / dem many) subsidiary chapels wey dey flanking di aisles.
I tell you say dis na one kind of table,찻 I tell you say dis na one kind of table
We look to see how dia individual person dey from dia own group mean: sswg k1nk i1nk,찻 We look to see how dierent each individual person dey from dia own group mean: sswg k1nk i1
Di lead naturally to di question of which pair of model dey compare.,찻 Di lead naturally to di question of which pair of model dey compare.
"Di research hypothesis na say\humans (pipo) and robots answer di question for di same way"", how fit i construct test of di nullhypothesis say\humans and robots answer di question di same way""?","찻 Di research hypothesis na say\humans (pipo) and robots answer di question for dierent way"", how fit i construct test of di null idea wey\humans and robots answer di question di same way""?"
These funds (money for ground / capital) dey typically sent (dem don dispatch am / e don travel go) through money transfer agencies(e. g.,찻 These funds (money for ground / capital) dey typically sent through money transfer agencies(e. g.
"E dey more specific than our previous (something wey dey before now) use of di word""value"".","찻 Dis dey more specific than our previous (something wey dey before now) use of di word""value""."
"Dem fit believe say outside circumstances go become less stressful, say their partner (business paddy / colleague) go learn how to stop, or say dem go be better able to control di situation for di future.","찻 Dem believe say outside circumstances go become less stressful, say dia partner (business paddy / colleague) go learn how to stop, or say dem go learn how to control di situation for di future."
"Di key ta keaways law dey dynamic (something wey fit change, e no just stay one place) and ever changing (to turn / change style) field wey affect all, both for dia individual capacities as pipo and for dia business interactions (how people relate / communication).","찻 Di key ta keaways law dey dynamic (something wey fit change, e no just stay one place) and ever-changing field wey affect everybody, both for dia individual capacities (di highest wey somtin fit contain or do) as pipo and for dia business interactions (how people relate / communication)."
Di hopefully you no get to see dem,찻 We hopefully you no go see dem
"Di first step dey for di jump operator to weigh di jumper, so say di length (how e long reach) of di bungee fit adjust accordingly.","찻 Di first step dey for di jump operator to weigh di jumper, so say di length (how e long reach) of di bungee go dey adjust accordingly."
Di district judge dey required to assess di probable (likely / fit happen) publicity wey go give dis shocking crimes (bad deeds / things wey break law) prior to di time a jury dey selected (picked / de one wey dem choose) and sequestered.,찻 Di district judge dey required to assess di probable (likely / fit happen) publicity wey go give dis shocking crimes (bad deeds / things wey break law) prior to di time a jury dey selected (picked / de one wey dem choose) and sequestered.
"Di dr. king no dey arrest seven times, but only four; and although hin claim say dire (na urgent or serious situation wey court suppose act fast on am) na such assault.","찻 Di officer wey make di arrest denied (bin reject / talk say no be so) say e dey such assault some years earlier for connection wit hin arrest for loitering outside courtroom (room for kote), one of di officers wey make di arrest denied say e dey such assault."
"Dis""how you dey move""variable fit get plenty possible values, including: ""train"",""bus"", ""car"",""bicycle"", etc.","찻 Di ransport type""variable go get quite few possible values, including: rain"", us"", \car"", icycle"", etc."
"We go insist on complexity, kritikal tinin be say make we dey examine tori and ideas well, sabi wetin dey happen, and use am take make sense decision, and subtle (small-small) attention to di nuances of language while also opening (hole / start / vacancy) awaselves upto new insights wey dey arise (to show face / start to happen) from translingual process for student writing?","찻 We insist on complexity, critical thinking (to reason / deep thought), and subtle (small-small) attention to di nuances of language while also opening (hole / start / vacancy) awaselves upto new insights wey dey arise (to show face / start to happen) from translingual process for student writing?"
We dey one wit di dissent (to no gree / judge wey get different mind) say di goment's authority and expertise for dis matter no automatically trump di court's own obligation to secure (to make sure e safe / tie down) di protection wey di constitution grant to individuals,"찻 We dey one wit dissent (to no gree / judge wey get different mind) say di goment's""authority and expertise for dis matters no automatically trump di court's own obligation to secure (to make sure e safe / tie down) di protection wey di constitution grant to individuals"
Di washington court of appeal revers di conviction.,찻 Di washington court of appeal reversed (to change de judgment / turn am back) di conviction.
"However, no legal repercussions follow breaking social customs.","찻 However, no legal repercussions dey follow violating (to break law / mess up rule) social customs."
Di defendant no defense as to state facts unless hin fit persuade di jury say dem dey true for all dia particulars.,찻 Di defendant no defense as to state facts unless hin fit persuade di jury say dem dey true for all dia particulars.
"Di smaller scale of middle byzantine church also coincided wit reduction of large, public ceremonies.","찻 Di smaller scale of middle byzantine churches also coincide wit reduction of large, public ceremonies."
"Di card dey place black side up or white side up completely at random, wit di randomisation occur only after di experimenter don left di room wit di participant.","찻 Di card dey placed (dem don put am for dere / position) black side up or white side up completely for random, wit di randomisation occurring only afta di experimenter don leave di room wit di participant."
"for example, firefighter go need to be beard-free if a beard interfere wit di proper functioning of oxygen mask, critical piece of equipment wey fighting fires (di tin wey de show when somtin de burn).","찻 for example, a firefighter maybe required to be beard-free if a beard interferes wit di proper functioning of an oxygen mask, a critical piece of equipment (tins wey dem dey help us do somethin, like machine or equipment) when fighting fires (make somtin de show when somtin de burn)."
"If we make we look di plot for figure 14.1, e dey tempting to conclude (make somtin end) say joyzepam dey better than di placebo and better than anxifree, but nano real dierence between anxifree and di placebo.","찻 If we make we look di plot for figure 14.1, e dey tempting to conclude (make somtin end) say joyzepam dey better than di placebo and better than anxifree, but no real dierence between anxifree and di placebo."
We call di tags()method on di returned object wey return dictionary (book or app wey dey explain word meanings) of tag objects (things / items),찻 We call di tags()method on di returned object wey return dictionary (book or app wey dey explain word meanings) of tag objects (things / items).
Di intelligent (di capacity for thought and reason especially to high degree) being?,찻 Any intelligent (di capacity for thought and reason especially to high degree) being?
Di judge originally rule say di jury go dey instruct say di burning of cross by imself dey sufficient (di quantity wey fit fulfill need or requirement but without being abundant) evidence from which y dey infer di required intent,찻 Di judge originally rule say di jury go instruct say di burning of cross by itself dey sufficient (di quantity wey fit fulfill need or requirement but without being abundant) evidence from which y dey infer di required intent
I turnout say exactly 95 of dem contain di true mean.,"찻 Di 100 replications (di act of make copies) wey i simulate, e turnout say exactly 95 of dem contain di true mean."
"Di debt (na money wey persin suppose pay to anoda persin or entity) dey, for true, discharged (na wen persin free from legal duty or work obligation)","찻 Di debt (na money wey persin suppose pay to anoda persin or entity) dey, for true, discharge (na wen court release defendant from charge, or cancel debt)"
Na later on you go tweak few of di command inside di le(maybe for new le call mynewdatanalaysis).,찻 For later on you go tweak few of di command inside di le(maybe for new le called mynewdatanalaysis.
"Di proses of puttin down tori for paper, from wen you dey plan am, draft (na written order to bank or persin to pay specified money) am, edit am, till you finish am well, di readers' expectations, and di grammar (di rules for language) anxiety (worry)","찻 Di writing process, readers' expectations, and grammar (di rules for language) anxiety (worry)."
Dem dey identical.,찻 Dem dey identical
"Yet as we see, to rule out di impossible (no fit happen) never lead me make prediction (di act of predicting (as by reasoning about di future)).","찻 We saw, rule out di impossible (no fit happen) never led me make prediction (di act of predicting (as by reasoning about di future))"
"Di right of free speech no absolute (everitin de complete, no comma) for all times and under all circumstances.","찻 E dey well understand say di right of free speech no absolute (everitin de complete, no comma) for all times and under all circumstances."
Di insert into di member (one person inside join-body) table dey simply insert di two integers as new or existing (wetin dey ground now / active) row based on di constraint to make sure we no end up wit duplicate entries for di member table for particular user id combination.,찻 Di member (one person inside join-body) table dey simply insert di two integers as new or existing (wetin dey ground now / active) row based on di constraint to make sure we no end up wit duplicate entries for di member table for a particular user id course id combination.
E no dey.,"찻 E no dey unforeseeable (we no expected or anticipated or anticipated), then e no dey."
"If you dey any good for your job, you go do whole lot of oda things too, but let's consider just dis one simple experiment.","찻 Obviously, if you dey any good at your job, you go also do plenty other things too, but make we consider just dis one simple experiment."
"Na robson First amendment (wey go bring freedom to pipo) 149 di months of negotiations (to drag price / settle mata through talk) over di proper level of compensation for teachers for di wyoming valley west highschool dey unquestionably a matter of public concern, and respondents (people wey dey answer case for kote) dey clearly engage for debate (fomal talk where two pipu dey talk against each oda) about say concern.","찻 Di months of negotiations (to drag price / reason am) over di proper level of compensation for teachers for di wyoming valley west highschool dey unquestionably matter of public concern, and respondents (people wey dey answer case for kote) dey clearly engage for debate (fomal talk where two pipu dey talk against each oda) about dat concern."
"For research among Asian Americans, receiving (to collect / receive) financial services from other Asian Americans lead to better financial outcomes; di clients (customers / people wey hire expert) dey more likely to obtain loans (borrowed money / credit) and to save more and longer.","찻 For research among Asian Americans, receiving (to collect / receive) financial services from other Asian Americans dey led to better financial outcomes (di results wey e give); di clients (customers / people wey hire expert for work) dey more likely to obtain loans and to save more and longer."
"Di remember, all for science dey to know dis issue, and does what dem fit to alleviate am","찻 Di science dey to know dis issue, and does what dem fit alleviate am"
"Children fit feel relief once dem resettle, but resettlement fit bring additional challenges including financial stressors, difficulties finding adequate housing and employment, lack of community support, new family roles and responsibilities (de loads or work wey person get for head) wey often dey transcend developmental (di development of or relating to or constituting development) age, acculturation stressors such as Disagreement (say dem no agree) and conflict between different generations— especially parents and children between children and parents, and struggle to form cultural identity for di resettled country.","찻 Children fit feel relief (better feeling / wetin person get from kote) once dem resettle, but resettlement fit bring additional challenges (di demanding or stimulating situation a demanding or stimulating situation) including financial stressors, difficulties (di effort wey dey inconvenient, na effort wey dey inconvenient) finding adequate housing and employment, lack of community support, new family roles and responsibilities wey often dey transcend developmental age, acculturation stressors such as generational conflict between children and parents, and dey struggle to form cultural identity (who person be / real name and face) for di resettled country."
"Di age<- c(60, 24, 26, 34, 42, 31, 30, 33, 2, 9)for some situation, suppose i dey quite helpful to group dem into smallish number of categories.","찻 Di age<- c(60, 58, 24, 26, 34, 42, 31, 30, 33, 2, 9)for some situation e dey helpful to group dis into small number of categories."
"You go expect to find a big macon di menu, chicken mcnuggets plus french fries too.","찻 You go expect to find big macon di menu, chicken (person wey de chop or for chop or for moni) mcnuggets and french fries too."
"Dem call di\continuity correction (di act of offering improvement to replace mistake)"", or sometimes di yates correction","찻 Di yates correction (di act of offering improvement to replace mistake)""or sometimes di yates correction"
"Di example, you go wan to calculate di probability say today dey rainy(i. e, hypothesis hin true)and i'm carry umbrella(i. e, data dis observed).","찻 Di example, you go wan to calculate di probability say today dey rainy(i. e, hypothesis hin true)and i dey carry umbrella(i. e, data dis observe)."
"C x2 n di idea here na say di statistic dey suppose range between 0(no for all association)and 1(perfect association), but e no dey always do dis when your one table wey dey show how two things connect dey bigger than 2, wey dey total pain.","찻 Di idea here na say di statistic dey suppose range between 0(no for all association)and 1(perfect association), but e no dey always do dis when your one table wey dey show how two things connect dey bigger than 2 2, wey dey total pain."
"At times, if immigrant fit communicate (di transmit information wey dem transmit information) for English, providers fit assume say di level of understanding of di immigrant patient (person wey dey hospital / person wey get endurance) dey higher than wetin di immigrant patient fit actually understand.","찻 At times, if immigrant fit communicate (di transmit information wey dem transmit information) for English, providers fit assume say di level of understanding of di immigrant patient (person wey dey hospital / person wey get endurance) dey higher than wetin di immigrant patient fit understand."
we fit use tuple assignment for forloop to transverse dis dictionary (book or app wey dey explain word meanings).,찻 We go use tuple assignment for a forloop to traverse dis dictionary (book or app wey dey explain word meanings).
"Di jury dey allowed (bin give chance / bin gree) to impose (to force law or fine for person head) liability without fault and dey permitted to presume damages without proof of injury, new trial dey necessary.","찻 Di jury dey allowed (bin give chance / bin gree) to impose liability without fault and dey permitted to presume damages without proof of injury, new trial dey necessary."
"Di rdata"" dey actually a variable wey you wan save, and you go get error message","찻 Di rdata"" dey actually a variable wey you wan to save, and you go get error message"
Di each of dis dey known as collective (di cooperative enterprise wey dey cooperative enterprise) mark,찻 Di each of dis dey known as collective (di members of an organization or group or group) mark
Dem no dey denied (bin reject / talk say no be so) or abridged,찻 Dem no dey denied (bin reject / talk say no be so) or abridged.
Brao woman dey make rice wine for jar— Wikimedia Commons CC BY-SA 3.0.,찻 Brao woman dey make rice wine for jar Wikimedia Commons CC BY-SA 3.0.
For marilyn sheppard,찻 And to marilyn sheppard.'
Di largest barriers (something wey dey prevent you from reaching a place or thing) to higher-paying employment for immigrants na lack of education and English-speaking ability. Approximately 29%of immigrant workers no hold highschool diploma compared (bin compare) to only 7%of their native-born peers (mate / level).,찻 Di largest barriers (something wey dey prevent you from reaching a place or thing) to higher -paying (to drop money / settle bill) employment for immigrants na lack of education and English-speaking ability. Approximately 29%of immigrant workers no get high school diploma compare to only 7%of their native-born peers (mate / level).
"Di one way to do dis nato do exactly what i just don do, and describe all using percentiles (di numbers wey divide into 100)","찻 Di one way to do dis nato do exactly what i just do, and describe all for terms of percentiles."
"E dey enrolled students, develop family scholars (deep students / book people) wit aninterest forimmigrant andrefugee displacement andresettlement process, include family dirapists wey dey work wit immigrant andrefugee families and emerging family scientists (pipo wey sabi science) conduct research ontheexperience ofimmigrant andrefugee families.","찻 Enrolled students, developing (E dey processing a photosensitive material for order make image visible) family scholars (deep students / book people) wit interest for immigrant and refugee displacement and resettlement processes, include family therapists currently (for now / as we dey so) working (to dey hustle / de way tin take dey move) wit immigrant and refugee families and emerging family scientists conduct research on di experiences (things person don see) of immigrant and refugee families."
"Di scientist(but rather fortunately for di general populace), e dey suppose say we dey analyse (to look somtin wella to sabi am) data from eld experiment, looking at di emotional status of pipo wey dey accused (person wey dem talk say e do bad) of witchcraft; some of whom dey burn for di stake (share / interest for something).","찻 For di scientist(but rather (instead / prefer to) for di general populace), e dey hard to nd pipo for di process of being set on re, so di cell count dey awfully small for some case."
I dey take di approach of describing (di description wey dey give a description wey dey give) di logic(and to an extent di mathematics) wey underpins particular analysis rst; and only den introducing dircommands wey you use to produce di analysis.,찻 I generally take di approach of describing (di description wey dey give a description wey dey give) di logic(and to extent (how far de tin reach / level) di mathematics) wey underpin particular analysis rst; and only then introducin dircommands wey you use to produce di analysis.
Di nutrients to european plant dey poison to australianones,찻 Di nutrients to european plant dey poison to australian (di native or inhabitant of Australia) ones
Di charlie get nothing specifically from claire for di criminal case oda than di general satisfaction of knowing (with full sabi / person wey get info) say hin attacker don convicted (na wen court or jury find persin guilty of criminal charge) of crime.,찻 Di general satisfaction of know say hin attacker don convicted (na wen court or jury find persin guilty of criminal charge) of crime.
"a. thiamine b. phosphorus c. folic acid d. vitamin c kritikal tinin be say make we dey examine tori and ideas well, sabi wetin dey happen, and use am take make sense decision questions 30. tok how metabolism fit dey altered (changed).",찻 Di vitamin c critical thinking (to reason / deep thought) questions 30. describe ho w metabolism dey altered.
"Di source dey create by legal scholars (deep students / book people) no be by recognized, legitimate law- create authority.","찻 Di source dey create by legal scholars (deep students / book people) no be by recognized, legitimate law- creating (to make / build) authority."
Di court no endorse di categorical rule di goment robson First amendment (wey go bring freedom to pipo) 107 advances (progress / front money): say false statements receive no First amendment (wey go bring freedom to pipo) protection.,찻 Di court don endorse di categorical rule di goment robson First amendment (wey go bring freedom to pipo) 107 advances (progress / front money): say false statements receive no First amendment (wey go bring freedom to pipo) protection.
Di delete (to comot somtin kpata kpata from file or system wey e dey) command show di use of where clause wey allow us express selection (choosing / pick-pick) criterion so we fit ask di database to apply di command to only di row wey match di criterion.,찻 Di delete (to comot somtin kpata kpata from file or system wey e dey) command show di use of where clause wey allow us express selection (choosing / pick-pick) criterion so say we fit ask di database to apply di command to only di rows wey match di criterion.
"Di concurring opinion joined by douglas, j. goldberg, j, issue a concurring opinion joined by douglas, j. goldberg, j, issue a concurring opinion joined by douglas, j.","찻 Di black, j, issue a concurring opinion joined by douglas, j. goldberg, j, issue a concurring opinion joined by douglas, j."
"Di participants also use di extensive (wide / big / plenti) use of summarization as learning tool apart from relying (to lean on / trust person) on summarization skill to complete various sourcebased writing assignments, di participants also use am extensively (di widespread way) for dia study as effective way to organize information.",찻 Di participants also use am extensively (di widespread way) for dia studies as effective way to organize information.
I nd say e dey easier (no hard / simple) to interpret di results of type ii test than di results of a type i or type iii test.,찻 I nd say e dey easier (no hard / simple) to interpret di results of type ii test than di results of type i or type iii test.
Di ethical obligations (all de things wey people gats do) of corporations dey?,찻 Di ethical obligations (all de things wey people gats do) of corporations dey?
For 011?,찻 For 011?
Understand boundaries (di line or plane indicating di limit or extent of something) plus limitations on patent rights.,찻 Understand boundaries (di line or plane indicating di limit or extent of something) plus limitations on patent rights.
Prominent (well-known or important) pro-life politicians (di leader wey dey engage for civil administration) launched vitriolic attacks on di judges involved.,찻 Di prominent (well-known or important) pro-life politicians (di leader wey dey engage for civil administration) launch vitriolic attack on di judges involved.
"Hyperlink: thefts (stealing / tifi-tifi), skimming, fake (somtin wey no de real) invoices, oh my!","찻 Difts, skimming, fake (somtin wey no de real) invoices, oh my!"
Di important type of history eect na di eect of repeated testing (check-am / confirm-am) eect na di eect of repeated testing.7. 3 repeated testing eect dey important type of history eect na di eect of repeated testing.,"찻 Di very likely say pipo go begin to get bored and tired, and say dis maturational eect go cause performance to decline, regardless (di usually follow by `of') without due thought or consideration or consideration) of anything else wey dey goon for di experiment 2.7. 3 repeat testing (check-am / confirm-am) eect an important type of history eect na di eect of repeat testing."
"Di number of package wey i to talk about but no dey use for dis book, such as reshape, compute.","찻 Di number of package wey i to talk about but don use for dis book, such as reshape, compute."
"Study conducted (bin do de work / bin manage de event) by di Robert Wood Johnson Foundation(Garrett, 2006)find say e dey extremely difficult for refugees to move from low-paying to better paying (to drop money / settle bill) jobs (work / hustle / different employments) after dem don adjust to living for U. S. because many lack English language skills and education.",찻 Study conducted (bin do de work / bin manage de event) by di first Wood Johnson Foundation find say e dey extremely difficult for refugees to move from low-paying to better paying (to drop money / settle bill) jobs (work / hustle / different employments) after dem don adjust to living for U. S. because many lack English language skills and education.
Di movement (to waka / shift / group wey get goal) of na+and ur ea into di int erstitial spaces by dis mechanisms (system wey dey produce one particular result) cr eat di hyper osmotic environment of di medul la.,찻 Di movement (to waka / shift / group wey get goal) of na+and ur ea into di int erstitial spaces by dis mechanisms (system wey dey produce one particular result) create di hyper osmotic environment of di medul la.
"Di judgment no dey important say di goment and its employees for fact avoid practicing (as of jobs and professions wey dey carry out or practice) political justice, but e dey critical say dem appear to di public to dey avoid am, if confidence for di system of representative (di person wey represent oda person wey represent odas) goment no be disastrous (for events) wey dey having extremely unfortunate or dire consequences) extent.","찻 E no only important say di goment and its employees for fact avoid practicing political justice, but e dey critical say dem dey suppose avoid am, if confidence (di freedom from doubt) for di system of representative (di person wey represent oda person wey represent odas) goment no dey eroded to disastrous extent (how far de tin reach / level)."
Dem implement bans (ban / block-am / no-gree-make-e-happen) on texting while driving (to drive motor / push something go front).,찻 Di state dey implement ban on texting while driving (to drive motor / push something go front)
"Di parties dey obligate to turnover material wey support dia own case, without demand from di oda side.","찻 Di parties dey oblige to turnover material wey support dia own case, without demand from di oda side."
"Di inside two doors dey reveal a miniature effigy (a representation of specific person, typically for sculptural form)of di saint wey likely references (di books and papers wey dem use) hin pilgrimage shrine, wey dey thought to be site (building ground / location) for miracles.","찻 Di inside two doors dey reveal behind which reclines a miniature effigy (a representation of a specific person, typically for sculptural form)of di saint wey likely reference (citation / to point to where info dey) hin pilgrimage shrine, wey dey thought to be site (building ground / location) for miracles."
"We suppose say, wen we collect di data, e turnout di large(and statistically signi cant) dierence between di\milk and sugar""group and dio-milk and no-sugar""group and dio-milk and no-sugar""group.","찻 Na now suppose say, wen we collect di data, e turnout say large(and statistically signi cant) dierence between di\milk and sugar""group and di o-milk and no-sugar""group."
Di lived (stay life / bin stay) experience no dey di only resource (one thing wey fit help) wey chozin bring to hin graduate work.,찻 Di only resource (one thing wey fit help) wey chozin bring to hin graduate work.
Dem agree wit filmmaker achbar say corporation go be psychopathic?,찻 Dem agree wit filmmaker achbar say corporation go be psychopathic?
"Di author (person wey write de tin / originator) tok say marilyn sheppard dey still off stage, and say she dey only child (pikin / smallie) wey she dey young and whose father no interest for di case.","찻 Di author (person wey write de tin / originator) tok say marilyn sheppard dey still off stage, and say she dey only child (pikin / smallie) wey dey mother die wen she dey young and whose father no interest for di case."
Di case dey tried (bin try / test) on both stipulated (mention for agreement) evidence and oral (talk-talk / wetin comot from mouth) testimony.,찻 Di case dey tried (bin try / test) on both stipulated evidence and oral (talk-talk / wetin comot from mouth) testimony.
Di null model go be model.1 since di main eect of drug,찻 Di null model go model.1 since di main eect of drug
"Others dey able to support their families, but don have to leave everything behind to travel to safety (safe condition / no wahala) after conflict or natural disasters.","찻 Dem dey able to support dia families, but dey leave everything behind to travel to safety (safe condition / no wahala) after conflict or natural disasters."
Di problem na say di plot. formula()function use dierent names to for di argument than di plot()function expect.,찻 Di problem na say di plot. formula()function use dierent names to for di argument wey di plot()function expect.
"Dem clarify di mental state wey dey necessary to violate (to break law / go against rule) 2339b, requiring (dem need am / e gats dey dere) knowledge of di foreign group's designation as terrorist organization or di group's commission of terrorist acts (deeds / many laws wey don pass).","찻 Dem clarify di mental state wey dey necessary to violate (to break law / go against rule) 2339b, requiring (dem need am / e gats dey dere) knowledge of di foreign group designation as terrorist organization or di group commission of terrorist act."
"Forstead, try to break di problem for half (one of two tins wey de equal from anoda tin)",찻 Try break di problem for half (one of two tins wey de equal from anoda tin).
"Di authors (di pipo wey write am) describe two variations (di rate or magnitude of change) of di course, one taught (bin teach) for george washington university for washington, d. c. and open only to l2 students and di oda taught for middlebury college for vermont and offer to both l2 students and di oda taught for middlebury college for vermont and offer to both l2 students.","찻 Di authors (di pipo wey write am) describe two variations of di course, one taught (bin teach) for george washington university for washington, d. c. and open only to l2 students and di oda taught for middlebury college for vermont and offered to both l1 and l2 students."
Di court don tok say a person wey dey associat wit group wey use unlawful means to (to make am / reach target / blow) its ends (where e finish / targets) no dey necessarily (di essential manner wey dey essential for di essential manner) forfeit First amendment (wey go bring freedom to pipo)'s protection for freedom of association.,찻 Di court don previously (di earlier time or formerly) hold say a person wey associate wit group wey use unlawful (something wey law no gree / illegal) means to its ends (where e finish / targets) no dey forfeit First amendment (wey go bring freedom to pipo) protection for freedom of association.
"One of di reason we need all dis sampling theory na say every group of related numbers or data wey belong together leave us wit some of uncertainty, so awa estimates no go dey perfectly accurate.","찻 As dis discussion illustrate (to show how e be), one of di reasons we need all dis sampling theory na say every group of related numbers or data wey belong together leave us wit some of uncertainty, so awa estimate no go perfectly accurate."
"If di amount of water inside cell fall to av alue wey dey t oo low, di cyt osol becomes (turn to / start to be) to concentrate wit solut e to carry on normal cellular activities; if t oo much water enters ac ell, di cell ma y burst and be destroyed (bin spoil kpatakpata / scatter).","찻 if di amount of water inside c ell falls (E dey drop / waterfall) to a region wey dey t oo low, di cyt osol become t oo concentrated wit solut as to carry on normal cellular activities; if t oo much water enters c ell, di cell ma y burst and be destroyed."
"Di trial judge don before him newspapers show say di crime don draw intensive news coverage (how far insurance or news cover de mata), and di testimony of di county (area / local government division) judge, wey don enter di initial (de first one / start-start) restraining order based on di local and national attention di case don attract.","찻 Di trial judge don before him newspapers (di daily or weekly publication on folded sheets) demonstrate say di crime don draw intensive news coverage (how far insurance or news cover de mata), and di testimony of di county (area / local government division) judge, wey don enter di initial restraining order based on di local and national attention di case don attracted."
E dey make we look dem one time,찻 We dey make we look dem one for a time
Imagine say government dey draft (na written order to bank or persin to pay specified money) compulsory (for rule wey dey required by rule) military service(di draft)on top say you go prison if you no join milatary by force by fire (di tin wey de show when somtin de burn),"찻 for example, imagine a goment wey institutes (place wey de for skul or to de research) compulsory military service(the draft)under threat of imprisonment for fail to comply (to follow rule / obey wetin dem talk)."
As you go get two dierent groups of observations arises (E show face / e start to happen) wen you go get two dierent groups of observation.,찻 Di much more common situation arises (E show face / e start to happen) wen you go get two dierent groups of observations.
"As you see, wen di true value of dey close to 0. 5, di power of di test drop very sharply, but wen di power dey large, di power dey large","찻 Di true value of dey close to 0. 5, di power of di test drops very sharply, but wen di power dey large."
"Na, no.",찻 Or no.
"because dem dey carried (bin carry / bin move load) in lipds, fat-soluble vitamins fit dey accumulated for di lipids wey dey stored for di bodi","찻 Di lipids wey dey carried (bin carry / bin move load) for lipids, fat-soluble vitamins fit ac cumulat e for di lipids wey dey store for di bodi"
"Di reason wey dey use dis expanded notation dey to help you remember say we dey calculat standardised (di standard evaluate by comparing wit standard standard) version of a di average number, note standardised version of a single observation, wey dey what aZ-score usually to talk about).","찻 Di reason wey dey use dis expanded notation dey help you remember say we dey calculating standardised (di standard evaluate by comparing wit standard standard) version of di average number, note standardised version of single observation, wey dey what az-score usually to talk about)."
"Di ownership interest dey important for matters of possession, right to transfer, right to profit (gain / better money from business) from di land, and liability.","찻 Di ownership interests (all de tins wey person eyes dey look / benefits) dey important for matters of possession, right to transfer, right to profits (gain / extra money wey comot from business) from di land, and liability."
Di question don dey common.,찻 Dem notice say all of dis questions don dey common
"According to di report, something wey go ginger persons exist to favor (to help person / partial follow-up) over consumers (people wey buy and use market) inside di to settle matter outside kot with judge process.","찻 According to di report, incentives (di positive motivational influence influence a positive motivational influence influence) exist to favor (to help person / partial follow-up) over consumers (people wey buy and use market) inside di to settle matter outside kot with judge process."
"Di experience, most psychology experiments dey sampling without replacement, because di same person no fit participate for di experiment twice.","찻 Di same person no dey allowed (bin give chance / bin gree) to participate for di experiment twice, because di same person no dey allowed to participate for di experiment twice."
"Inside fact, you go get a potential claim against di painters for interfering (E dey kom between so as to be hindrance or obstacle) with your property plus entering your land without your permission (di approval to do something).","찻 Inside fact, you go get a potential claim against di painters for interfering with your property plus entering your land without your permission (di approval to do something)."
Refugees currently (for now / as we dey so) residing for their Di country wey receive and give a home to immigrants or refugees and their family members wey dey awaiting permission (di approval to do something) to join dem must both work through cumbersome systems for their respective (E dey consider individually) countries.,찻 Refugees currently (for now / as we dey so) residing for their Di country where person dey host and their family members dey awaiting permission (di approval to do something) to join dem must both work through cumbersome systems for their respective (E dey consider individually) countries.
I no go use am,찻 I no fit use am
"E dey unlike (no be like) spermat ogonia, however, oogonia form primary oocyt e for di fetal o vary prior to birth (born pikin).",찻 Di oog onia form primary oocyt dey for di fetal o vary prior to birth (born pikin).
"Di need to make profit na one truism wey bind (tie / hold together) all together, but beyond dat, e hard to draw generalizations (to generalize about something) about business operations (dem do wit di execution of trades and keeping customer record).","찻 Di need to make profit (gain / better money from business) na one truism wey bind (tie / hold together) all business together, but beyond dat, e hard to draw generalizations about business operations (dem do wit di execution of trades and keeping customer record)."
Di degree of control wey di researcher exercise over di pipo and events for di study.,찻 Di degree of control wey di researcher exercise over di pipo and events for di study.
"but suppose we get significant interaction term, but non-significant main effect of milk.","찻 But suppose we get signi cant interaction term, but non-signi fit main eect of milk."
"For a computer,0. 1 dey actually one for nitely long binary number",찻 Na 0. 1 na actually in nitely long binary number
We don highlight di requirement say di governmental interest for question be unconnected to expression for order to kom under o'brien's less demanding rule.,찻 We don highlight di requirement say di governmental interest for question be unconnected to expression for order to kom under o'brien's less demanding rule.
"for example, suppose sey we dey try to run ANOVA with three factors, A, B, and C, and we wan to consider all possible main effects and all possible interactions (how people relate / communication), including di three-way interaction A: B: C.","찻 We dey try to run anova wit three factors, a, band c, and we go consider all possible main eects and all possible interaction, including di three way interaction a: b: c"
"Di degree of freedom"" no fit be whole number anymore, and di number of constraints (rules wey dey prevent you from going too far) wey i dey use upto dis point.","찻 Di degree of freedom"" no fit be whole number anymore, and e no fit correspond all dat closely (near-near / check am well-well) to di umber of data points minus di number of constraints (rules wey dey prevent you from going too far)"" heuristic wey i use upto dis point."
Di amino acids dey processed and stored as glucose or k etones,찻 Di amino acids dey processed and stored as glucose or k etones.
"Di fourth (number four) count lays conspiracy to incite curtailment of production of things wey dey necessary to di prosecution of di war and to attempt to accomplish am by publishing (di business of issuing printed matter for sale or distribution or distribution) di second leaflet, to which i don referred (bin talk about / bin point to).","찻 Di fourth (number four) count lays conspiracy to incite curtailment of production of things wey dey necessary to di prosecution of di war and to attempt to accomplish am by publishing (di business of issuing printed matter for sale or distribution or distribution) di second leaflet, wey i don referred (bin talk about / bin point to)."
"Di means say if evidence dey obtained (bin collect / bin get de tin for hand) for violation of di fourth (number four) amendment, then dem no use against di defendant for court of law.","찻 Di means say if evidence dey obtained (bin collect / bin get de tin for hand) for violation of di fourth (number four) amendment, then e no use against di defendant for court of law."
"Di urinary system and homeos tasis 1145 acute kidney injury don dey caused (wetin make de tin happen) by number of factors, including transplants and oda surgeries.","찻 Di urinary system and homeos tasis 1145 acute (somtin wey de turn to small) kidney injury don dey caused (wetin make de tin happen) by a number of factors, including transplants and oda surgeries."
I just waned make di point wey rcontains whole lot of functions wey dey corresponding to dierent kinds (different types / varieties) of hypothesis test.,찻 I just wan make di point wey rcontains whole lot of functions wey dey corresponding to dierent kind of hypothesis test.
Di communists no building just for today di rest of us go profit (gain / better money from business) by dia example.,찻 Di communists no build just for today di rest of us go profit (gain / better money from business) by dia example.
E dey understand say limited liability entities (organizations / separate things or bodies) dey now heavily favored.,찻 Di limited liability entities (organizations / separate things or bodies) dey heavily favored
"Di point, we dey suppose done",찻 We dey done.
"Dem require llcs to get di letter""llc"" or words""limited liability company""for di official business name.","찻 Di most states require llcs to get di letters""llc"" or words""limited liability company""for di official business name."
"I no see di point of di cross-bars on standard boxplot, so i deleted dem","찻 I no see di point of di cross bar on standard boxplot, so i dey deleted dem"
"According to Cole(2006), in spite of its history as nation of immigrants, U. S. remain deeply nationalist (one wey love and defend hin or her kontri) and quite parochial; di law dey reflect (to show) dat parochialism.","찻 According to Tolole (2006), despite its history as union of immigrants, U. S. remain deeply nationalist and quite parochial; di law reflect (to show) say parochialism."
"Di function wey you need use dey call hist(), and e get reasonable default settings (different environments / locations).","찻 Di function you need use dey call hist(), and e get reasonable default settings (different environments / locations)."
Treating immigrants and refugees within U. S. dey offer unique opportunities (di possibility due to a favorable combination of circumstances) and challenges (di demanding or stimulating situation a demanding or stimulating situation).,찻 Treating immigrants and refugees within U. S. dey offer unique opportunities (di possibility due to a favorable combination of circumstances) and challenges (di demanding or stimulating situation a demanding or stimulating situation).
Di plaintiffs don get two diories available to dem.,"찻 Di product dey unreasonably (no follow sense / too much wayo) dangerous (something wey get wahala / e fit cause damage), plaintiffs don get two diories available to dem."
Di aim of di struggle[against those taxes (money wey gofment dey collect from people hustle)]na.,찻 Di aim of di struggle[against those taxes (money wey gofment dey collect from people hustle)]na.
"E dey calmer now, so wit any luck version 0. 5 go be a bigger step forward (front / moving on).",찻 Di luck version 0. 5 go be bigger step forward (front / moving on).
"How educator, social worker, therapist, religious (matter of church or mosque / person wey follow God) spiritual leader, employer, etc. fit respond?","찻 How fit an educator, social worker, therapist, religious (matter of church or mosque / person wey follow God) spiritual leader, employer, etc."
Di power wey dem give to congress to tax and spend money,찻 Learn about di power given to congress to tax plus spend money.
"Di""no -beard""employment policy dey problematic (di open to doubt or debate) for african americans.","찻 A""no beard""employ policy fit also be problematic (di open to doubt or debate) for african americans."
Di following program use findall() to find di line wit email (electronic message wey person de send or collect on top internet) addresses for demand extract one or more addresses from each of di line.,찻 Di following program use findall() to find di line wit email (electronic message wey person de send or collect on top internet) addresses for dem and extract one or more addresses from each of di lines.
"Di most complete ownership interest dey represent by fee simple absolute (everitin de complete, no comma).","찻 Di most complete ownership interest dey represented by fee simple absolute (everitin de complete, no comma)."
We need to specify di name of di group wey dey scores dey expected (wetin person tink say go happen) to be larger (wey big pass) under di other idea.,찻 Di name of di group wey dey scores dey expected (wetin person tink say go happen) to be small under di other idea.
We go con ask python make e to show d value wey dey y.,찻 We ask python to show di value currently (for now / as we dey so) for y
"Di panel b we get sample of 100 observations, and panel c we get sample of 10, 000 observations, and panel c we get sample of 10, 000 observations","찻 We get sample of 100 observations, and panel c we get sample of 10, 000 observations."
We dey think?,찻 We dey think?
Di big bad world of mathematics scos for awa decimal numbers.,"찻 I happen to nd e useful because decimal numbers dey build around di number 10, but di big bad world of mathematics scos for awa decimal numbers."
"Di students go ask me to take di easiest part or give me di least amount of time to present, wey i dey always against.","찻 Di students go ask me to take di easiest part or give me di least amount of time to present, wey i dey against."
"Di loop condition dey index< len(fruit), so when index dey equal to di length (how e long reach) of di string, di condition dey false, and di bodi of di loop no dey executed (na wen di persin dem wey suppose sign done sign contract already).","찻 Di loop condition dey index< len(fruit), so wen index dey equal to di length (how e long reach) of di string, di condition dey true, and di bodi of di loop no dey executed (na wen di persin dem wey suppose sign done sign contract already)."
"Di issue, and over a dissent (to no gree / judge wey get different mind) by seven judges, rehearing en banc denied (bin reject / talk say no be so).","찻 For dissent (to no gree / judge wey get different mind) by seven judges, rehearing en banc dey denied (bin reject / talk say no be so)."
"Di first nominee dey close personal friend, harriet miers.","찻 Di first nominee dey close personal friend, harriet miers"
We use di median command:> median(x= afl. margins)[1] 30. 5 wey output di middle number of 30. 5.,찻 We use di median command:> median(x= afl. margins) [1]30. 5 wey output di median value of 30. 5.
"Di other idea na say di population mean di value,0","찻 Di other idea na say di population mean diers from dis value,0"
"Note, however, wey legally (inside law / wetin law gree make person do) lily's landscaping na still no different from lily herself.","찻 Dem note, however, say legally (inside law / wetin law gree make person do) lily's landscaping no dey different from lily herself."
"We call di party method for dis line: an. party()wen di party method dey call, di first parameter(we call convention self)points to di particular instance (one example of somtin) of di party animal object wey party dey call from.","찻 Di party method dey call, di first parameter(which we call by convention self)point to di particular instance (one example of somtin) of di partyanimal object wey party dey call from."
"E dey experiment, as all life dey experiment","찻 Di experiment dey experiment, as all life dey experiment"
"We dey willing to tolerate type i error rate of 5%), then we go choose awa critical value so say na only 5%chance say x2 go get big if di null idea dey true.",찻 We go choose awa critical value so say e dey only 5%chance say x2 go get to be big if di null idea dey true.
"A scale model of im invention (new machine or idea wey person build) na on display at di smithsonian(figure 9. 3""president lincoln's patent"").","찻 Di scale model of hin invention (new machine or idea wey person build) dey display for di smithsonian(figure 9. 3""president lincoln's patent"")."
"Na once we send blank (empty / nothing dey) line, we write loop wey dey receive data for 512-character chunks from di socket and prints (copy / mark / print-am-out) di data out until no more data to read(i. e, di recv() return empty string).","찻 We write loop wey receive data for 512-character chunks from di socket and prints (copy / mark / print-am-out) di data out until e no dey read(i. e, di recv() return empty string)."
"Di authority dey congress regulate Ideas, books, music, inventions (di Creation of something for di mind) and creative works wey law dey protect as belonging to someone?","찻 Under what authority does congress regulate Ideas, books, music, inventions (di Creation of something for di mind) and creative works wey law dey protect as belonging to someone?"
Di situation no dey problem.,찻 Di situation no dey problem.
"Di sample program wey dey do dis task a little more effectively (sharp sharp), in case you go use dis pattern for program you dey write.","찻 Di curl3. py sample program wey dey do dis task a little more effectively (sharp sharp), for case you go use dis pattern for a program wey dey write."
Di plaintiff don demonstrate say di defendant breach dat duty.,찻 Di plaintiff don demonstrate say di defendant breach dat duty.
"Di method of legal reasoning dey dem dey call di irac method, wey dey acronym (word wey dem use the first letters of many words form) for issue, rule, analysis, and conclusion.","찻 Di method of legal reasoning dey dem dey call di irac method, wey dey acronym (akronym) for issue, rule, analysis, and conclusion."
Di task wey i need to do na construct frequency (how many times something dey happen) count of di number of words wey each character speak (to yan / talk / express mind) during di show.,찻 Di task wey i go need to do na construct frequency (how many times something dey happen) count of di number of words wey each character speak (to yan / talk / express mind) during di show.
One difference wey worth making (to dey build or produce something) between two types of non-experimental research na di difference between quasi-experimental research and study of one or few examples.,찻 One distinction (di difference) wey dey worth make between two types of non-experimental research na di dierence between quasi-experimental research and case studies.
Nano such restriction exist.,찻 Nano such restrictions (boundaries / things wey person no fit do) exist.
Di denominator (di divisor of a fraction of fraction) of awa t-statistic look like.,찻 Di denominator of awa t-statistic look like.
"If you don rely on less sensible assumption to make you learn, you fit no win di game.","찻 If you relied (bin put mind for dere / trust) on a less sensible assumption to drive your learning, you might no win di game."
Di rise (to go up / increase) for pressure dey sustained (E hold ground / e last) by di aldos terone effects initiated by angiot ensin ii; dis include increase for na+retention and water volume.,찻 Di rise (to go up / increase) for pressure dey sustained (E hold ground / e last) by di aldos terone effects wey angiot ensin ii; dis includes (E carry am follow / join body) increase for na+retention and water volume.
"If you like to get clean (neat / no stain) record of what you dey last time, how you do am, and why you do am di way you do.","찻 I like to get clean (neat / no stain) record of what you do last time, how you do am, and why you do am di way you do."
But i do no rest my conclusion upon a strict (no-nonsense / follow de rule exactly) categorical analysis.,찻 I no rest my conclusion upon strict (no-nonsense / follow de rule exactly) categorical analysis.
"Di statute of limitations dey possible, though, for many case to toll di statute of limitations","찻 E dey possible, though, for many cases to toll di statute of limitations."
"Inside south korea, for example, attempts (to try / struggle to do something) to create a more open plus responsive democracy resulted (bin cause / lead to) inside a novel plus wholesale revision to di country's court system: di adoption of citizen juries (kote people wey dey judge).","찻 for example, attempt to create more open and responsive democracy result for novel (na someting wey new, nobody never see am before for law case) and wholesale revision to di kontri kot system: di adoption of citizen (person wey get right for de land / indigene) juries (kote people wey dey judge)."
"Ledbetter argued (bin drag mata / talk with proof) wey each paycheck e received (wetin enter hand / something wey person collect) bin dey an unlawful discriminatory (to partial / treat person bad because of who dem be) act, so di fact wey e filed im lawsuit within 180 days of im last paycheck means im lawsuit na within di time limit.",찻 Di fact say she filed her lawsuit within 180 days of her last paycheck means her lawsuit dey within di time limit.
Na something else?,찻 Or something else?
Di liter results for di production of about 125 ml min fil trate produce for male(range of 90 to 140 ml min)and 105 ml min fil trate produce for females (range of 80 to 125 ml min)and 105 ml min fil trate produce for females (range of 80 to 125 ml min)and 105 ml min fil trate produce for females (range of 80 to 125 ml,찻 Di liter results for di production of about 125 ml min fil trate produced (bin make / bring out result) for male(r ange of 90 to 140 ml min)and 105 ml min fil trate produced for females (range of 80 to 125 ml min).
"She process wither parents, joachim and anna, along wit several candle-bearing maidens, toward di jewish temple.","찻 She dey process wit her parents, joachim and anna, along wit several candle bearing maidens, toward di jewish temple."
"For my everyday work i nd say di output produce by di objects()command no dey informative (di tendence to increase knowledge or dissipate ignorance) enough, because di only thing wey dey to show na di name of each variable; but di ls. str()function no dey quite informative, because di only thing wey i don like to make we look.","찻 Di only thing wey dey to write for screen na di name of each variable; but di ls. str()function dey tooinformative, because di only thing wey dey to write for screen na di name of each variable; but di only thing wey dey to write for screen na di name of each variable; but di only thing wey dey to write for screen na di name of each variable; but di only thing wey dey to write for screen na di name of each variable; but di only thing wey dey to write for screen"
Di classification of personal property wey dey available to find property dey treasure trove.,찻 Di classification of personal property wey dey applicable (dem dey capable of being applied) to found property dey treasure trove.
"Di bill of rights don focus on individual rights, but di bill of rights don focus on individual rights, but those amendments (adjustments to change law or agreement) don pass afta di constitution.","찻 Di bill of rights don focus on individual rights, but those amendments (adjustments to change law or agreement) dey pass before di constitution dey write."
"Di simple rules of name of variable as long as you follow di simple rules of name of variable, and avoid reserved words, you go get lot of choice wen you name your variables","찻 Di choosing mnemonic dem name wey dey represent figure wey fit change for kompyuta program as long as you follow di simple rules of dem name wey dey represent figure wey fit change for kompyuta program, and avoid reserved words, you go get lot of choice wen you name your variables."
"Milbank, 84(1),111-133.","찻 Di milbank, 84(1), 111-133."
"According to Donnelly(2003), dis dichotomy dey permit (to allow / give license) countries to fulfill dual and seemingly incompatible roles: essential protector and principle violator. For U. S, dis duality fit dey seen (bin see am / dem don notice) for di difference between di laws upon which di country dey founded and di implementation of these laws for equitable fashion (style of cloth wey de popular for one time).",찻 Di differences wey dey between di laws wey di kontri dey found and di implementation of dis laws for equitable fashion (style of cloth wey de popular for one time).
"Di ford family continue to create two class of shareholders (people wey get part for company business), di ford family continue to get a strong and decisive voice on di future direction (which way e dey go) of di company even though e dey publicly (open-open / for everyone eye) trade company.",찻 Di ford family continue to get strong and decisive voice on di future direction (which way e dey go) of di company even though e dey publicly (open-open / for everyone eye) trade company.
"We without question say dis interests dey robson First amendment (wey go bring freedom to pipo) 83 compelling (something wey strong well-well / e force you to pay attention), and say di ordinance (local government law / official order) go tok say di ordinance go promote (to push something go front / ginger) dem","찻 We no doubt (shaking mind / when person no sure) say dis interest dey robson First amendment (wey go bring freedom to pipo) 83 compelling (something wey strong well-well / e force you to pay attention), and say di ordinance (local government law / official order) go tok say to promote (to push something go front / ginger) dem"
"He also recogniz say hin past research go work to hin advantage if hin develop topic quickly and presented (dem show am / dem bring am out) potential partners wit fully formed idea, thereby (by dat way / because of dat) saving dem di bother of coming (E dey come) up wit one on dia own.","찻 E also recogniz say hin past research go work to hin advantage (upper hand / better chance) if hin develop topic quickly (fast-fast / sharp-sharp) and present potential partners (people wey join body do business / paddy) wit fully formed (bin make / bin arrange or build) idea, thereby saving dem di bother of coming (E dey come) up wit one on dia own."
Board of education v. barnette (1943).,찻 Board of education v. barnette (1943).
"We divide two groups, one group to march on st. augustine, florida, di oda group to march into mississippi.","찻 We dey divide into two groups, one group to march on st. augustine, florida, di oda group to march into mississippi."
Di law go specifically prohibit employment discrimination on di basis of sexual (mata wey concern body-to-body) orientation.,찻 Di law go specifically prohibit employment discrimination on di basis of sexual (mata wey concern body-to-body) orientation.
Di data dey include for di le awesome,찻 Di data dey include for di le awesome
"Di harasser is di plaintiff, and you dey di defendant","찻 Di harasser dey di plaintiff, and you dey di defendant"
"E dey where all of di""thinking (to reason / deep thought)"" dey happen","찻 Di""thinking (to reason / deep thought)""happens."
"Any restraining order, still-still, must be narrowly (small-small / by whiskers / e remain small) drawn (bin write / bin pull something) and precise (correct / exact).","찻 Di restraining order, moreover (join-am say / apart from dat), must be narrowly (small-small / by whiskers / e remain small) draw and precise (correct / exact)."
"Di name wey you give wey you need to specify nay, but you fit do dis for lots of dierent ways.","찻 Di main argument wey you need to specify na y, but you fit do dis for lots of dierent way."
"We don see three new distributions: χ2, t, and F.","찻 We see three new distributions:2, tandf."
"First amendment (wey go bring freedom to pipo) go""trump"" defendants' rights?","찻 First amendment (wey go bring freedom to pipo) go""trump"" defendants' rights?"
Di whitespace errors (mistakes / faults) dey tricky because space and tabs dey invisible (invisinle mean say you no fit see am) and we dey use to ignor dem,찻 We dey use to ignor dem.
"For hundreds of reporters, cameramen and onlookers dey there, and one representative (di person wey represent oda person wey represent odas) of di news media dey permitted to accompany di jury while di sheppard home.","찻 Di hundreds of reporters, cameramen and onlookers dey there, and one representative (di person wey represent oda person wey represent odas) of di news media dey permitted to accompany di jury while e inspect (to check am well-well) di sheppard home."
"Di only way i fit make any sense of what pipo typically report nato try to guess from auxiliary cues wey dem use, and to assume say dem no change di default settings (different environments / locations).","찻 Di only way i fit make any sense of what pipo typically report nato try to guess from auxiliary cues wey software dem use, and to assume say dem no change di default settings (different environments / locations)."
Di gradual ly begin to enlarge again.,찻 Di gradual ly begin to enlarge again.
"She don stop work wen di weather get cooler and she return to school, but promis herself to restart di business next summer.","찻 She don stop work wen di weather get cooler and she return to school, but promises herself to restart di business next summer."
Di students go notice say di con dence intervals also have di opposite sign.,찻 Di students go notice say di con dence intervals also get di opposite signs (marks / signals / signatures).
"Notice say if you add dese two numbers together, you go get 15.9%",찻 Di notice say if you add two numbers together you go get 15: 9%
"Di oda hand, you fit only assume risk wey you know about.","찻 Di oda hand, you fit only assume risk wey you know about."
Di ideological message no only accompanies many threatening use of di symbol but merely (just / only dat one) to symbolize di supremacist ideology and di solidarity of those wey dey espouse am.,"찻 Di ideological message no only accompanies many threatening use of di symbol, bu t dey also express wen burning cross no use to threaten but merely (just / only dat one) to symbolize di supremacist ideology and di solidarity of those wey dey espouse am."
"Di suppose you andi dey observin di wellesley-croker competition, and afta every three hills (ground wey go up but e no reach mountain) you andi don predict who go win di next one, wellesley or croker.","찻 Di wellesley-croker competition, and after every three hills (ground wey go up but e no reach mountain) you andi go predict who go win di next one, wellesley or croker."
"As congress enacted (dem don sign am into law) 2339b, congress simultaneously (di same instant for di same instant) remove an exception wey dey exist for 2339a(a) (1994 ed.)","찻 Di congress don enact 2339b, congress simultaneously (di same time wey dey simultaneously) remove exception wey dey exist for 2339a(a) (1994 ed.)"
How we take to tell R to check inside di one kind of table?,찻 How do we tell rto look inside di one kind of table?
"Di none (nothing / nobody / zero) of dis fall within di purview of statistics, but e matter to di research project.",찻 Di research project dey matter to di research project.
Di angio tensin aldos terone renin na enzyme wey dey pr oduc ed by di juxtaglomerular (jg)c ells of di aff erent ar teriole for di jga.,찻 Di enzyme wey dey pr oduc ed by di juxtaglomerular (jg)c ells of di aff erent arteriole for di jga.
"A simple x to di problem dey to use a \heteroscedasticity correct covariance (how two things dey move same way) matrix"" wey dey estimating (di judge tentatively or form an estimate of (quantities or time)) di standard errors (mistakes / faults).","찻 Di problem dey to use a \heteroscedasticity correct covariance (how two things dey move same way) matrix""wen estimating (di judge tentatively or form an estimate of (quantities or time)) di standard errors (mistakes / faults)."
Di quantity (how plenty tin be / amount) wey we wan to calculate na di probability say x4 give say we know say: 167 andn20.,찻 Di quantity (how plenty tin be / amount) wey we wan calculate na di probability say x4 given say we know say: 167 andn20.
"Na because of dis, adaptive transfer go encourage (to ginger / support) faculty to adopt (to carry pickin take as your own / follow a style) alternative discourses approach, such assay wey dey note by thaiss and zawacki (2006).","찻 Di adaptive transfer go encourage (to ginger / support) faculty to adopt (to carry pickin take as your own / follow a style) alternative discourses approach, such as dat noted (wetin dem don see or mark down / popular) by thaiss and zawacki (2006)."
E no should be seen (bin see am / dem don notice) as marginal issue wen compared (bin compare) to PTSD and other trauma-related diagnoses.,찻 E no go dey seen (bin see am / dem don notice) as marginal issue wen compare TTSD and other trauma-related diagnoses.
Di le panel dey very handy little tool (tinwey or ogbe wey dem dey use do sometin or wok) for navigating di le system.,찻 Di le panel dey handy little tool (tinwey or ogbe wey dem dey use do sometin or wok) for navigating di le system.
"For dis instance (one example of somtin), Fisher (1922)kindly provide di right answer to di question.","찻 Di instance (one example of somtin), fisher (1922)kindly provide di right answer to di question."
"As incoming students' preparation for di demand of assigned (dem don give am de work / hand over task) reading decrease (make somtin de turn to small), college teachers dey force to pay more attention to di way wey we fit help students to read and write about complex, college level texts (written words / messages).","찻 As incoming students' preparation for di demand of assigned (dem don give am de work / hand over task) reading decrease (make somtin de turn to small), college teachers across di disciplines (areas of study or field of knowledge) dey force to pay more attention to di way we fit help students to read and write about complex, college level texts (written words / messages)."
Di person wey dey answer di case' brief (small talk / summary wey lawyer write) features (karakata wey dey make am sweet or wey dey help) a veritable paean to lying.,찻 Di respondent's brief (small talk / summary wey lawyer write) feature veritable paean to lying
E dey easier (no hard / simple) to think about how to construct experiments to test ideas for research of di form\does x aect y?,찻 E dey easier (no hard / simple) to think about how to construct experiments to test ideas for research of di form\does x aect y?
"Disearch identified (di identity of someone or something) several books wey document individual or group experience ofimmigrant groups(such asimmigrant America: portrait), or wey guide clinical practice wit immigrants(such asculturally competent practice wit immigrant andfamilies andsocial work, immigration andasylum ), but very fewbooks wey dey address how families deyfaring withinprocess.","찻 Our research don identify several books wey dey document individual org group experiences (things person don see) of immigrant groups(such as immigrant America: aportrait), or say dey guide clinical practice wit immigrants(such culturally competent practice wit immigrant and refugee child and families and social work, immigration and asylum), but very few books dey address how families dey faring for di process."
"For psychology, how fast (fast-fast / sharp-sharp) person answer(rt) data na good example of dis","찻 For psychology, how fast (fast-fast / sharp-sharp) person answer(RT) data dey good example of dis."
"If meteorologist kom on tv and tok say hin probability of rain for adelaide on 2 november 2048 dey 60%""we humans (pipo) dey happy (make person like wetin de happen) to accept dis.","찻 If meteorologist kom on tv and tok say, hin probability of rain for adelaide on 2 november 2048 na 60%we humans (pipo) dey happy (make person like wetin de happen) to accept dis."
"Di according to leslie, she no dey trouble (wahala) finding vivid words and phrases to describe di artistic dancing movement (to waka / shift / group wey get goal) wey she saw for video (film / record wey person fit see) clips.",찻 She always get trouble (wahala) finding vivid words and phrases to describe di artistic dancing movement (to waka / shift / group wey get goal) wey she saw for di video (film / record wey person fit see) clips.
"Inside southern (south side / part of map) states, does ""coke""to talk about a coca-cola, or to soft drinks generally?","찻 Inside southern (south side / part of map) states, does ""coke""to talk about a coca-cola, or to soft drinks generally?"
"to do dis thing, we go need wetin we call""keys"".",찻 We need what we call 'keys'
Di united state v. stevens (2010),찻 Di united state v. stevens (2010).
Na president george w. bush wen hin name hin close friend harriet miers to fill vacancy wey justice sandra day o'connor's retirement.,찻 Dem don name hin close friend harriet miers to fill vacancy wey justice sandra day o'connor's retirement.
E no mean say at all.,찻 E no mean say for all
"Di clergy saints wear church vestments and hold liturgical objects (things / items), such as censers, wey dey used by di clergy for church services.","찻 Di clergy saints wear church vestments and hold liturgical objects (things / items), such as censors, wey dey use by di clergy for church services."
Di founding fathers of di united states did no create awa rule of law system comot of thin (lean / something wey no thick) air.,찻 Di founding fathers of di united state no create awa rule of law system out of thin (lean / something wey no thick) air.
"Di approach to regression, wey we add all of awa covariates into null model, and then add di variables of interest into alternative model, and compare di two model for way to check if your idea be true framework, dey often dem dey call hierarchical regression.","찻 Di approach to regression, wey we add all of awa covariates (how two things dey move same way) into a null model, and then add di variables of interest into alternative model, and compare di two models (samples / fine people for picture) for way to check if your idea be true framework, dey often dem dey call hierarchical regression."
"Di suppose, also, punish (to discipline / give wahala) an attempt, conspiracy, or incitement to commit (to do bad tin / to promise to do work) di trespass.","찻 E might, sef, punish (to discipline / give wahala) an attempt, a conspiracy, or an incitement to commit (to do bad tin / to promise to do work) di trespass."
"Di regular expression, we dey looking for substrings wey don get t least one non-whitespace character, followed by atleast one more non-whitespace character.","찻 Di output of di program go be: translating di regular expression, we dey looking for substrings wey dey atleast one non-whitespace character, follow at-sign, follow atleast one more non-whitespace character."
"Di month[c(2, 3, 4, 5, 6, 7, 8, 8) ]","찻 Di month[c(2, 3, 4, 5, 6, 7, 8) ]"
Di petitioners (people wey start case or request for court) filed motion under di state civil rule 37 request (to ask for help or info / application) order compelling (something wey strong well-well / e force you to pay attention) discovery.,찻 Di petitioners (people wey start case or request for court) filed motion under di state civil rule 37 request (to ask for help or info / application) order compelling (something wey strong well-well / e force you to pay attention) discovery.
"As di loop executes (to do wetin you tell am), total accumulate (we dey get or gather together) di sum of di elements; a variable wey dey use dis way dey call accumulator (somtin wey de keep energy or data).","찻 Di loop executes (to do wetin you tell am), total accumulate di sum of di elements; a variable wey dey use dis way dey call accumulator (di increase by natural growth or addition)."
"Dem contend (drag / struggle) say civil discovery no different from oda sources (where things take start / origins) of information, and say therefore di information dey""protected speech""for First amendment (wey go bring freedom to pipo) purposes (reasons why things dey happen).","찻 Dem contend (drag / struggle) say civil discovery no different from oda source of information, and say therefore di information dey""protected speech""for First amendment (wey go bring freedom to pipo) purposes (reasons why things dey happen)."
Di beginning (from di start) of di semester she don send her japanese books on business to help wither business courses (subjects wey student dey learn for school).,찻 Di beginning (from di start) of di semester she get her mother send her japanese books on business to help wit her business course.
Dem note say you don use di same convention for di rows and columns,찻 Di note say you no go use di same convention for di rows and columns
"Di extent (how far de tin reach / level) say(say) conscientiousness dey relevant to di psychological phenomenon wey i care about, dis attrition go decrease (make somtin de turn to small) di validity (how true something be) of my results.",찻 Di attrition don decrease (make somtin de turn to small) di validity (how true something be) of my results.
"Di menses phase go lose from 2 t o 7 days, or longer.","찻 Di phase dey last from 2 t o 7 days, or longer."
"Di affidavit, app.","찻 McCune affidavit, app."
We go start discuss di obvious question: na di measurement (to measure something) any good?,찻 We go start discuss di obvious question: na di measurement (to measure something) any good?
"Di federal judiciary (di part of government wey de interpret and use law), we dey to talk about very small entity compare to oda federal bureaucracies.","찻 We dey speak (to yan / talk / express mind) of di federal judiciary (di part of government wey de interpret and use law), we dey to talk about very small entity compare to oda federal bureaucracies."
"For di oda hand, if we retain (to keep / hold on to) di null idea wen e dey true, then we get type ii error.","찻 If we retain (to keep / hold on to) di null idea wen e dey true, then we don make type ii error."
Di data dey contain for di randomness,찻 Di data dey contain for di randomness
Both di shared (dem share am / common) and divergent experiences (things person don see) of individuals from similar and differing immigrant and refugee groups go be highlighted (wey dem mark).,찻 Both di shared (dem share am / common) and devious experiences (things person don see) of individuals from similar and differing immigrant and refugee groups go beighlighted.
"Kelley Harrell, Gift ofthe Dreamtime: Awakening to the Divinity of Trauma, Reader's Companion(2014).","찻 Keni Harrell, gift of di dreamtime: awakening to di divinity of trauma, reader's companion(2014)."
Di test statistic wey get calculated (di mathematical calculation or computation or computation) end up wit a rather (instead / prefer to) dierent look to am than di one we use for awa original anova.,찻 Di test statistic wey get calculated (di mathematical calculation or computation or computation) end up wit a rather (instead / prefer to) dierent look to am than di one we use for awa original anova.
"during any given day, your metabolism go switch between absorptive and postabsorptive states",찻 Di metabolism switches between absorp tive and pos tabsorp tive states.
Di table below to show you what di type iii tests look like for dis situation: term wey dem dey test na null model dey outcome,찻 Di table below show you what di type iii tests look like for dis situation: term being tested na null model dey outcome
"Di community of practice: learning, meaning, and identity (who person be / real name and face)","찻 Di community of practice: learning, meaning, and identity (who person be / real name and face)."
"Di goment don dey substantial interest for assuring di continuing (for certain state, condition, or activity, or activity) availability of issue selective service certificate.","찻 Di goment don get substantial interest for assuring di continuing (for certain state, condition, or activity, or activity) availability of issued (dem don release am / give am out officially) selective service certificate."
"E depict moniks pray wit icons for church, for codex containing (wey get) di heavenly (somtin wey de related to heaven) ladder of john climacus (sinai cod.","찻 Di miniature depict monks wey dey praying wit icons for church, for codex wey dey containing (wey get) di heavenly (somtin wey de surrounded by heaven) ladder of john climacus (sinai cod."
Di defendant's actions dey di proximate (na cause of injury wey connect to di harm and establish liability) cause of di plaintiff injury.,찻 Di defendant's actions dey di proximate (na cause of injury wey connect to di harm and establish liability) cause of di plaintiff's injury
"As di number of refugees for di world continue to grow, we need stronger and proactive policies and programs to support their resettlement process.","찻 As di number of refugees for di world continue to grow, we need stronger and proactive policies and programs to support their resettlement process."
"Dem know how hintogram work, since dem dey so widely use, but for di sake of completeness (di state of being complete and entire) i go describe dem","찻 Di most of you probably know how hintograms work, since dem dey widely use, but for di sake of completeness (di quality of being complete and complete) i go describe dem"
"Di plaintiff's injury result from commonly (normal-normal / wetin people dey do always) known danger, then di defendant go escape liability.","찻 Di manufacturer (na persin or company wey dey make goods for sell) go convince jury say di plaintiff's injury result from commonly (normal-normal / wetin people dey do always) known danger, then di defendant go escape liability."
"Di word \signi cant"", di word\error"" don dey technical meaning for statistics wey dey quite di same as its everyday english dey nition.","찻 Just like we saw wit di word \signi cant"", di word\error"" don get technical meaning for statistics wey no dey quite di same as its everyday english de nition."
"Di parties must bear (to carry load / endure wahala / get fruit) di cost of di arbitrator (middle-man wey dey settle palava), and dem typically retain (to keep / hold on to) counsel to represent dem","찻 Di parties must bear (to carry load / endure wahala / get fruit) di cost of di arbitrator (middle-man wey dey settle palava), and dem typically retain (to keep / hold on to) counsel to represent dem"
Di assignment dey clearly confused for dis assignment,찻 She write say you dey confused for dis assignment
"Na, errors (mistakes / faults) wey dey caused (wetin make de tin happen) wen data structure don dey wrong type, size, or composition, or you write some code and forget di shape of your data and introduce an error.","찻 Di data structure don dey useful, but dem dey prone to what i call shape errors (mistakes / faults); dat na, errors wey dey caused (wetin make de tin happen) wen data structure don dey wrong type, size, or composition, or you write some code and forget di shape of your data and introduce error."
"(2003, Dec. 1). Poverty dey grow among children of immigrants for U. S.","찻 (2003, dec. 1). Poverty dey grows together child (pikin / smallie) of immigrants for U. S."
Di help le dey make sense,찻 Di help le wey go make sense.
Di point dey been distinction (di difference) without di dierence.,찻 Di point dey distinction (di difference) without dierence.
"for example, math-based courses (subjects wey student dey learn for school) dey less onerous, so dem balance reading writing-intensive courses wit those wey dey more math-based.","찻 for example, math-based courses (subjects wey student dey learn for school) dey much less onerous, so dem balance reading writing-intensive courses wit those wey dey more math-based."
E dey like perfect (E set / e correct well-well),찻 Di pipo writing dey like perfect (E set / e correct well-well)
"Di students get access to cran, wey dey di largest and most comprehensive (di intensive examination testing student's proficiency for some special field of knowledge) library of statistical tools for existence (to dey alive / stay for ground).","찻 Di students get access to cran, wey dey (E remain small / almost) di largest and most comprehensive (di intensive examination testing student's proficiency for some special field of knowledge) library of statistical tools for existence (to dey alive / stay for ground)."
"For di small marks for around words, rtreat 5as di number ve, and go allow you to do calculation wit am","찻 R treat 5as di number ve, and go allow you to do calculations wit am"
Di program go behave normally for all oda files (folders / official papers / computer data) wey exist and don exist.,찻 Di program go behave normally for all oda files (folders / official papers / computer data) wey exist and don exist.
"Such an understanding go help you avoid or lessen di likelihood of liability exposure (showing body / making known), enabling you to manage your business affairs successfully (for successful manner), unhampered by unmanaged legal wahala of wey go pay for damage.","찻 Na such understanding go help you avoid or lessen di likelihood of liability exposure (showing body / making known), enabling you to manage your business affairs successfully (for successful manner), unhampered by unmanaged (bin manage / no manage) legal liability risk."
"For statistics, statistics don get kind of universality, and provide set of core (de main-main part / de heart of de matter) tools wey dey useful for most types of psychological research, di ways to do research side dey quite so universal.","찻 Di statistics don kind of universality, and provide set of core (de main-main part / de heart of de matter) tools wey dey useful for most types of psychological research, di ways to do research side no dey quite so universal."
"Di table too seriously (no be play-play / with full seriousness), so don take dis table too seriously",찻 Di table too seriously (no be play-play / with full seriousness).
"Di another way of calling di pairs()function, wey dey useful for some situation, na to specify di variables wey dey include using one-sided formula.","찻 Di other way of call di pairs()function, wey dey useful for some situation, nato specify di variables to include using one-sided formula."
Di answer to-42 % % 10 na-5.,찻 Di answer to-42 %% 10 dey-5.
"for example, employers (ogas wey dey give work) no dey permitted to maintain all-white or all-black work crews even if dem dey demonstrate say do so dey good for business or moral.",찻 Di employer no dey permitted to maintain all-white or all-black work crews even if dem fit demonstrate say do so dey good for business or morale.
"We take di dierence between each observation yrciand di grand mean y::, square di dierences, and add dem all up sstr r1c c1n i1n i1","찻 We take di dierence between each observation yrciand di grand mean y::, square di dierences, and add dem all up sstr r1c c1n i1"
"Dem punish (to discipline / give wahala) those wey access a computer to commit (to do bad tin / to promise to do work) fraud, among oda things.","찻 Dem punish (to discipline / give wahala) those wey access a computer to commit (to do bad tin / to promise to do work) fraud, among oda things."
any propaganda for war go de prohibited (law say make person no do am) by law.,찻 Di propaganda for war go prohibite by law.
But you find oda examples?,찻 fit you find other examples?
You fit remember di difference between predictors (wetin fit predict) and outcomes (di results wey e give)?,찻 Fit you remember di difference between predictors (wetin fit predict) and outcomes (di results wey e give)?
"Di only type of source text, writing course go incorporate multimedia sources (where things take start / origins) and assist (to help) l2 writers to work wit dem","찻 Di only type of source text, writing course go incorporate multimedia sources (where things take start / origins) and assist (to help) l2 writers to work wit dem"
"Di symmetry of di bodi dey enhance by tunic decorations (E dey use to beautify something wey dey use to beautify) wey define di shoulders, di vertical stretch of di chest, and di length (how e long reach) of di arms (guns / weapons).","찻 Di symmetry of di bodi dey enhanced by tunic decorations wey define di shoulders, di vertical stretch of di chest, and di length (how e long reach) of di arms (guns / weapons)."
Di intricate int erpla y betw wit di endocrine system and di r eproductiv e system dey shown (bin display / dem don make am clear) for figure 27. 8.,찻 For figure 27. 8. 8. 8. 8. 8.
"Di legislature sought to criminalize terrorizing conduct na di fact say for di time di statute dey enacted (dem don sign am into law), racial (mata about tribe or de color of person skin) segregation no only di prevailing (for number, quantity, power, status or importance or importance) practice, but also di law for virginia.","찻 Di legislature (de group wey dey make law for de land) sought (bin find / bin look for) to criminalize terrorizing conduct na di fact say for di time di statute dey enacted (dem don sign am into law), racial (mata about tribe or de color of person skin) segregation no only di prevailing practice, but also di law for virginia."
"Di military (soja mata / army) inside myanmar(known euphemistically as di state peace plus development council)imprisoned di democratically elected (bin choose through voting) plus nobel peace prize winning prime minister of di country, aung san suu kyi (figure 1. 2 ""aung san suu kyi"" ), under color of authority.","찻 Di military (soja mata / army) for myanmar(known euphemistically as di state peace and development council)imprison di democratically elected (bin choose through voting) and nobel peace prize winning prime minister of di kontri, aung san suu kyi (figure 1. 2 ""aung san suu kyi"" ), under color of authority."
"Di type ii tests, no dey good choice of di null idea.","찻 Di type ii tests, no dey good choice of di null idea."
"Di computers excel for mindless repetitive tasks, and alot of calculations for statistics dey both mindless and repetitive.","찻 Di computer dey excel for mindless repetitive tasks, and alot of statistical calculations dey mindless and repetitive."
We fit do dis by specifying (di condition or requirement for contract or agreement) value= true for awa function call.,찻 We fit do dis by specifying (di condition or requirement for contract or agreement) value= TRUE for awa function call
"Di arbitration fairness (equal treatment / no wayo) act of 2009 go resolve several issues of unfairness, but dis act no dey pass for law.","찻 Di arbitration fairness (equal treatment / no wayo) act of 2009 go resolve several issues of unfairness, but dis act no dey pass into law."
Ari rush over to grab piece but his mother's hand swat am away.,찻 Ari rushed over to grab piece but dey swatted away by hin mother's hand.
"We see dis same notion for di english bill of rights of 1689, though th e words use dey somewhat (small / somehow) different.","찻 We see dis same notion for di english bill of rights of 1689, though di words wey dey use dey different."
"I go very brie y mention (to talk about am small) di one wey i think coolest, for very particular de nition of\cool"", wey dey.","찻 I go very brie y mention (to talk about am small) di one wey i think dey coolest, for very particular de nition of\cool"", wey dey."
"if you dey find more details, look d python documentation for greedy vs non-greedy quantfiers.","찻 For more details, see di python documentation on greedy vs non-greedy quantifiers."
"If your parents tok say, you fit get new car, if you graduate from school, then dat would be example of conditional gift.","찻 for example, if your parents tok say,""you fit get new car, if you graduate from school,""then dat go be example of conditional gift."
"Di cursor dey similar to socket or file handle for network connections and files (folders / official papers / computer data), respectively (di order wey dey given for di order wey dey give).","찻 Di cursor dey similar to socket or file handle for network connections and files (folders / official papers / computer data), respectively (di order wey dey given for di order wey dey give)."
Di second line dey print statement wey dey give value ton. di second line dey print statement wey dey display di value of n. di second line dey print statement wey dey display di value of n.,찻 Di second line dey print statement wey dey display di value of n.
"a pin at d top fit dey unscrewed, allowing (to give chance / gree) d container to open.","찻 Di top go unscrewed, allow di container to open"
"Di means say di defendant no fit prove anything, because di burden dey on di goment to prove im case.","찻 Di means say di defendant no get to prove anything, bikos di burden dey on di government to prove im case."
I dey assum say even di most diligent reader don stop caring(or atleast form di opinion say di tie-correction factor no require dia immediate attention).,찻 I dey assum say even di most diligent reader don stop caring(or atleast form di opinion say di tie-correction factor dey something wey dey require dia immediate (now-now / sharp-sharp) attention).
Related to di previous (something wey dey before now) point: R na real kod langwej wey dem dey use write instruksiyon wey komputa go fit undastand.,찻 Di previous (something wey dey before now) point: ris a real programming language
"Di name don get to be unique plus distinctive, plus must typically include some form of di words""incorporated (company wey don register finish / join body),"" ""company,""""corporation,"" or""limited.""","찻 Di name don be unique and distinctive, and must typically include some form of di words""incorporated (company wey don register finish / join body),""company,""""corporation,"" or""limited"""
"For other words, to get big Cook's distance, observation must be substantial outlier and get high leverage.","찻 For order to get large cook (person wey de prepare foor) distance, an observation must be fairly substantial outlier andhave high leverage."
"E dey call\internal (for inside)"" bikos e to talk about di how two things dey related 22 things\inside"" di study.","찻 E dey call\internal"" bikos e to talk about di relationship between-22- things wey dey inside""di study."
Di case ended up before di supreme court.,찻 Di case ended up before di supreme court.
Di population mean dey xed and no probabilistic (di Roman Catholic philosophy of probabilism of probabilism) claim go make about am,찻 Di population mean dey xed and no probabilistic (di measure of how likely e dey say some event go occur) claims go make about am
Di only judgment wey dey award against petitioners (people wey start case or request for court) for di same publication.,찻 Di only judgment wey dey award against petitioners (people wey start case or request for court) for di same publication.
Di program go retrieve di entire document and count di total number of character for di end of di document.,찻 Di program go retrieve di entire document and count di total number of character and display di count of di number of character for di end of di document.
"Di communications (talk-talk / passing message / network) revolution don see di introduction of radio and television into awa lives, di promise of global community through di use of communications satellites (device wey dey orbit earth to help communication or observation), and di specter of a""wired"" nation by means of expand cable television network wit twoway capabilities (di quality of being capable -- physically or intellectually or legally).","찻 Di past half (one of two tins wey de equal from anoda tin) century a communications revolution don see di introduction (di act of beginning something new) of radio and television (di broadcasting visual images of stationary or moving objects) into awa lives (different people life), di promise of global community through di use of communications satellites, and di specter of a""wired"" nation by means of expanding cable television network wit twoway capabilities (di quality of being capable -- physically or intellectually or legally)."
E link watch dis video( to observe ovulation and its initiation for response to di release of fsh and lh from di pituitar y gland.,찻 Di video( to observe ovulation and its initiation for response to di release of fsh and lh from di pituitar y gland.
"Di newspapers (di daily or weekly publication on folded sheets) summarize and interpret di evidence, dey devoting particular attention to di material wey incriminated sheppard, and often drew unwarranted inference (to guess from numbers) from testimony.","찻 Di trial progress (movement / improvement), di newspapers (di daily or weekly publication on folded sheets) summarize and interpret di evidence, devoting particular attention to di material wey dey incriminate sheppard, and often drew unwarranted inferences (to guess from numbers) from testimony."
"Di christian monasticism began (bin start / how e take take off) to thrive for di 4th century, receive imperial patronage for sites (building ground / location) like mount sinai for egypt.","찻 Di christian monasticism, wey dey thrive for di 4th century, receive imperial patronage for sites (building ground / location) like mount sinai for egypt."
Di reason why i don give you di human-friendly interpretation of 9with di possible exception of di third question.,찻 Di reason wey i don give you di human-friendly interpretation of 9wit di possible exception of di third question.
"Di felony (A very serious crime like murder, robbery or drug trafficking) wey di statute create na crime very unlike (no be like) di old felony of conspiracy or di old misdemeanor of unlawful assembly (gathering / meeting of people).","찻 Di felony (A very serious crime like murder, robbery or drug trafficking) wey di statute create na crime wey dey unlike (no be like) di old felony of conspiracy or di old misdemeanor of unlawful assembly (gathering / meeting of people)."
"Di variance, wey get lot of really nice statistical properties (di tangible or intangible possession wey dey owned by someone) wey i go ignore, 8and one massive psychological aw wey i go make big deal out of for moment.","찻 Di measure dey call di variance, we get lot of really nice statistical properties (di tangible or intangible possession wey dey owned by someone) wey i go ignore, 8and one massive psychological aw wey i go make big deal out of for moment."
Di multilingual world: sec- ond language writing for composition study,찻 Di multilingual world: sec- ond language writing for composition studies.
"Di judicial liberals, also known as judicial activists, believe say judges don play for shapin ga more perfect (E set / e correct well-well) union (join-body / workers' group).","찻 Di judicial liberals, also known as judicial activists, believe say judges don play for shapin ga more perfect (E set / e correct well-well) union (join-body / workers' group)."
We dey like to do nato convert dis two fairly meaningless (na no meaning or direction or purpose or purpose or purpose) numbers into one number,찻 We dey like to do nato convert dis two fairly meaningless (na no meaning or direction or purpose or purpose or purpose) numbers into one number.
"Di experts test say mcdonald's coffee dey too hot to be consumed for di point of purchase (to buy market / transaction), na hotter than any oda restaurant's coffee or coffee wey dey brew for home, and na so hot say third degree burns go result within three to five seconds of coming (E dey come) into contact (to touch / reach out to person / connection) wit di skin.","찻 Di experts testify say mcdonald's coffee dey too hot to be consumed for di point of purchase (to buy market / transaction), dey hotter than any oda restaurant's coffee or coffee brewed for home, and dey so hot say third-degree burns go result within three to five seconds of coming (E dey come) into contact (to touch / reach out to person / connection) wit di skin."
We go save your plot as images,찻 E fit save your plots as images
Di howe dey spread dey 1.,찻 Di howe dey spread dey 1.
Di klan don more members for robson First amendment (wey go bring freedom to pipo) 46 state of ohio than does any oda organization.,찻 Di klan don more members for di robson First amendment (wey go bring freedom to pipo) 46 state of ohio than does any oda organization.
Di new york times standard defines (explain meaning) di level of constitutional protection appropriate to di how levels be of defamation (na false statement wey dey harm persin reputation or character) of a everybody person.,찻 Di new york times standard define di level of constitutional protection appropriate to di context of defamation (na false statement wey dey harm persin reputation or character) of public person.
"Di surprise of no-one, statistic dey rarely (once in a blue moon / no be always) di favourite part of one's di learning of psychology.","찻 Di surprise of no-one, statistics dey rarely (once in a blue moon / no be always) di favourite part of one's psychological education."
"Dat nato say, we wan to subtract: y{ik} -  k.",찻 We wan to subtract gcyk
Di syntax for call a function for another module by specifying (di condition or requirement for contract or agreement) di module name followed by dot(period) and di function name.,찻 Di syntax wey dey call a function for one module by specifying (di condition or requirement for contract or agreement) di module name follow dot(period) and di function name.
"Di money wey lily's landscaping take for, even if e dey in separate bank account, belongs to lily, and she fit do wit dat money wey she want.","찻 Di money wey lily's landscaping take for, even if e dey for separate bank account, belongs to lily, and she fit do wit dat money whatever she want."
"Di doctrine plows wetin dey between two side wey dey argue (to drag mata / try to prove point), wey person fit take am make everybody sabi say dem try balance tori",찻 Di doctrine plows middle ground (di top of earth)
"Dem all talk about which value dey\in di middle""or \popular""for di data.","찻 Dem all talk about which values dey\in di middle""or \popular""for di data."
"him be like say, dem get one kind law wey allow person use small part of wetin another person own, without say make dem ask am, but e get him own rule, wey be say, no be everything dem fit use, and dem no well define am of trademarks (company brand marks / signs) includes (E carry am follow / join body) comparative advertising (publicizing market / make people sabi wetin you dey sell) plus parody.",찻 Fair use of trademarks (company brand marks / signs) includes comparative advertising (publicizing market / make people sabi wetin you dey sell) plus parody.
"Third, di extent (how far de tin reach / level) of awa Di basic freedoms and rights wey law protect every person from government interference (na wrongful disruption or obstruction of anoda persin legal right or business) protections vary from time to time.",찻 Di extent (how far de tin reach / level) of awa Di basic freedoms and rights wey law protect every person from government interference (na wrongful disruption or obstruction of anoda persin legal right or business) protections vary from time to time.
Di case don dey intangible dimension wey dey make those rules inapplicable (E no dey capable of being applied).,"찻 Di case don consider just one species of symbolic (something wey concern math symbols) speech under di logical application of di rules wey di court don develop for its interpretation of First amendment (wey go bring freedom to pipo) for oda contexts (how de levels be / situation), dis case don dey intangible dimension wey make those rules inapplicable (we no dey capable of being applied)."
"Di bar oreceptors, blood-prEssure receptors for di arch of di aor ta and di car otid arteries for di neck, det ect decrease (make somtin de turn to small) for blood prEssure wey dey results from decreased blood volume.","찻 Di bar oreceptors, blood-prEssure receptors for di arch of di aor ta and di car otid arteries for di neck, det ect decrease (make somtin de turn to small) for blood prEssure wey result from decreased blood volume."
"Di reason for di error na say strings dey immutable, wey means you no change existing (wetin dey ground now / active) string","찻 Di reason for di error na say strings dey immutable, wey means you no change existing (wetin dey ground now / active) string"
Di pairs of pants wey i own.,"찻 Na ve\elementary events"", corresponding to di ve pairs of pants wey i own"
"Dem nd some third-year students, wey no get more of university education than di rst-years, and repeat (di third cycle word) di exercise.","찻 Di third-year students, wey obviously don get more of university education than di rst-years, and repeat (di third cycle word) di exercise."
"Dem dey involved for number of process, including mineral and bone metabolism, and cell and tissue growth (how somtin take de big), and dem act as c ofactors f or energy metabolism.","찻 Di y dey involved for a number of processes (procedures / styles to do work), including mineral and bone metabolism, and cell and tin sue growth (how somtin take de big), and dem act as c ofactors f or energy metabolism."
"Di frequentist (one wey like frequency way) dey nition of probability for a nutshell: ip fair coin many times, and as ngrows large(approaches for nity, denotedn8), di proportion of heads go converge to 50%","찻 Di frequentist (one wey like frequency way) de nition of probability for nutshell: ip fair coin many times, and as ngrows large(approaches for nity, denotednn8 ), di proportion of heads go converge to 50%"
"Issues such as FGM, deportation of undocumented immigrants wey dey split di family between those wit and without citizenship or documents (files / papers wey get important info), long-time detention of family members, Forcing pipo, especially women and children, into prostitution (for pay sexual intercourse for pay pay pay) against their will and other pressing human rights issues all get significant deleterious effects on families for dis country. While much of di conversation dey revolve around rights and obligations for di individual aswell as for di community, there dey very little for di way of specific family references (di books and papers wey dem use) for di human rights literature.","찻 Di issues such as fgm, deportation of undocumented immigrants wey dey split (divide / tear) di family between those wit andwithout citizenship or document, longtime detention of family members, sex trafficking, and oda pressing human rights issues wey dey significant deleterious effects onfamilies for dis country. While much of diconversation dey revolve around rights and obligations (all de things wey people gats do) for di individual aswell as for di community, na very little for di way of specific family references (di words wey dem use) for di human rights literature."
"For fact, almost all of interest wey i dey talk about for dis book dey rfunction (one R function) of some kind.","찻 For true, almost all of interest wey i go talk about for dis book dey rfunction (one R function) of some kind."
Di parties agree to submit (give / hand over) mandatory arbitration results wen disputes arise (to show face / start to happen) out of legally (inside law / wetin law gree make person do) binding contract wey dem agree to submit to mandatory arbitration.,찻 Di disputes arise (to show face / start to happen) out of legally (inside law / wetin law gree make person do) binding contract wey dey involvin commerce (big-time buying and selling) for which di parties agree to submit (give / hand over) to mandatory arbitration.
"We don tok say dis categories of expression no dey inside di area of constitutionally (follow wetin de grand-papa law talk) protected speech, or say di""protection of First amendment (wey go bring freedom to pipo) no extend (to make am long / increase de reach)""to dem","찻 We don tok say dis categories of expression no dey within di area of constitutionally (follow wetin de grand-papa law talk) protected speech, or say di""protection of First amendment (wey go bring freedom to pipo) no extend (to make am long / increase de reach)""to dem"
"Na some depictions of dis scene include skull for di foot of di cross, wey tradition identify as di skull of adam(the first man), reflect (to show) di christian belief (wetin person believe / faith) say christ dey di new adam as savior of humankind.","찻 Di scene include skull for di foot of di cross, wey tradition identify as di skull of adam(the first man), reflect (to show) di christian belief (wetin person believe / faith) say christ dey di""new adam""as savior of humankind."
"We fit write forloop wey make we look each of di usernodes, and prints (copy / mark / print-am-out) di name andidtext elements aswell as di xattribute from di user node.","찻 We fit write forloop wey look for each of di user nodes (separate dots or parts wey make up a diagram or network), and prints (copy / mark / print-am-out) di name andidtext elements aswell as di xattribute from di user node."
Di papers wey dey help dey awesome.,"찻 For once you use rfor longtime and dey begin to get feel for how to use am, di papers wey dey help dey awesome."
"Di level dey xed for advance (to go front for somtin) for di normal way, e go prevent pipo choosing dia level after looking at di data.","찻 Di level dey xed for advance (to go front for somtin) by convention, e go prevent pipo choosing dia level afta looking at di data."
"Na special gratitude to those students for di class for di spring (jump / water source) of 2015 wen a""dry run""of di casebook dey use.","찻 Di student for di class for di spring (jump / water source) of 2015 wen a""dry run""of di casebook dey use."
Di 4th power of 5 dey calculat like dis: 545555 one way we go calculate 54inr go be to type for complete multiplication (times) as e dey show for di equation above.,찻 Di 4th power of 5 dey calculat like dis: 545555 one way we go calculate 54inr go be to type for di complete multiplication (times) as e dey show for di equation above.
"Di children dey claim to benefit wey dia undocumented parents no dey, such as Money and services wey government give to pipo wey need help(peterson institute (place wey de for skul or to de research) for international economics,2005.","찻 These children dey entitled (to get right to something / e gats reach your hand) to benefits (better-better tins wey person gain) wey their undocumented parents no dey, such as welfare (people well-being / how body dey) benefits."
Di respondent and six oda montgomery residents (person wey dey stay for place) testify say dem read some or all of di statement as dem to talk about him for hin capacity (di highest wey somtin fit contain or do) as commissioner.,찻 Di respondent and six oda montgomery residents (person wey dey stay for place) testified (bin talk wetin person see for kote) say dem read some or all of di statements as referring to him for hin capacity (di highest wey somtin fit contain or do) as commissioner.
E just follow dia order,찻 Yeah i just follow dia order
Di oda party go seek legal remedy (way to settle de damage / solution).,"찻 Di oda party no perform under di lease (na agreement wey allow persin use anoda persin property for regular payment) as required, di oda party go seek legal remedy (way to settle de damage / solution)."
"For describing (di description wey dey give a description wey dey give) dia process of carry out di writing tasks, which kind linguistic (dem dey dey related to language) resources, rhetorical (talk for talk sake / grammar) knowledge, and writing experience dem focus group participants dey discuss?","찻 For describing (di description wey dey give a description wey dey give) dia process of carry out writing tasks, what kinds (different types / varieties) of linguistic (dem dey dey dey related to language) resources, rhetorical (talk for talk sake / grammar) knowledge, and writing experience do focus group participants discuss?"
Di record includes (E carry am follow / join body) no excerpt (exceprt mean say dem commot short part for text wey long) from newscasts on radio and television but since space dey reserved for courtroom for dis media we assume say dia coverage (how far insurance or news cover de mata) dey equally large.,찻 Di record includes (E carry am follow / join body) no excerpts from newscasts on radio and television (di broadcasting visual images of stationary or moving objects) but since space dey reserved for di courtroom (room for kote) for dis media wey dey assume say dia coverage (how far insurance or news cover de mata) dey equally large.
"For last, last, directory[last, first]) dis loop travers di keys for directory, wey dey tuples","찻 Di loop travers di keys for directory, wey dey tuples."
Di independent (di neutral or uncommitted person (especially for politics)) advocacy wey dey viewed (bin see / bin check am out) as promoting di group legitimacy no dey covered (something wey security or insurance don take care of).,찻 Di group's legitimacy no dey covered (something wey security or insurance don take care of).
"We go think about awa afl winning margin data, and one more time we go start by pretend say na only 5 games for total, wit winning margin of 56, 31, 56, 8 and 32.","찻 We go start by pretend say na only 5 games for total, wit winning margin of 56, 31, 56, 8 and 32."
"Di bladder dey retroperit oneal organ wey dey"" dome"" dis tend (E usually be like say / e get style to) superiorl y wen di bladder dey filling wit urine.",찻 Di bladder dey retroperit oneal organ wey dey superiorl y wen di bladder dey filling wit urine.
Di federal department and agencies (offices wey dey run business for people) wey implement immigration law and policy don change significantly since di terrorist attack of 2001.,찻 Di federal department and agencies (offices wey dey run business for people) wey implement immigration laws and policy don change significantly since di terrorist attack of2001.
"To give example of dis, consider di following example(see gelman and stern,2006).","찻 Dem consider di following example(see gelman &stern, 2006)."
"Na problem for sole (only one / him alone) proprietors (di law) someone wey own (is legal possessor of) business), especially those early for dia business ventures.","찻 E dey problem for sole (only one / him alone) proprietors (di law) someone wey own (is legal possessor of) business), especially those early for dia business venture."
"Some days she tell me i'm bit thin (lean / something wey no thick), and oda days she tell me i'm complete moron.","찻 Some days she tell me i dey bit thick, and oda days she tell me i dey complete moron"
"for example, when we apply dis function to our normal. data, we get:> shapiro. test(x = normal. data) Shapiro-Wilk normality test data: normal. data w= 0.9903, p-value= 0.6862. So, no surprise, we no get evidence sey dis data no be normal.","찻 We get di following:> shapiro. test(x= normal. data)shapiro-wilk normality test data: normal. data w= 0. 9903, p-value= 0. 6862 so, no surprise, we get evidence say dis data depart from normality."
"Di byzantine art include works wey dey create from di fourth (number four) century to di fifteenth century and from such diverse (different-different / many kinds) regions as greece, di italian peninsula, di eastern edge of di slavic world, di middle east, and north Africa","찻 as result, byzantine art includes (E carry am follow / join body) works created (something wey dem build or make) from di fourth (number four) century to di fifteenth century plus from such diverse (different-different / many kinds) regions as greece, di Italian peninsula, di eastern edge of di slavic world, di middle east, plus north Africa."
"Di interviewees tell us say dia reading and writing assignments for college dey more demanding than those dem face for highschool, whether for dia native kontri or for di us.","찻 Di interviewees tell us say dia reading and writing assignments for college dey more demanding than those wey dem face for highschool, whether for dia native kontri or for di us."
State judges maybe either appointed (picked / dem don choose person) by di governor or elected (bin choose through voting) by di public.,찻 Di state judges go either appoint (to officially put person for job or place) di governor or elected (bin choose through voting) by di public.
Pipo task forces (pawa / soldiers) and prison visitation committees (special groups for work) continue to play an important role for keeping di everybody informed on deficiencies of prison systems and need for reforms (to change for beta).,찻 Citizen task forces (pawa / soldiers) plus prison visitation committees (special groups for work) continue to play an important role inside keeping di public informed (person wey sabi wetin dey sup / dem don tell am) on deficiencies of prison systems plus need for reforms (to change for beta).
"Di visitor ask whether or no visitor dey human, dem ask whether di visitor prefer puppies, owers or large, properly formatted data les.","찻 Dem ask whether di visitor prefer puppies, owers or large, properly formatted data les."
Di problem two of hin teachers wey dey note for dia final (de very last / conclusion) paper comments (talk-talk / wetin people talk).,찻 Di problem two of hin teachers note for dia final (de very last / conclusion) paper comments (talk-talk / wetin people talk).
Di several students discuss how helpful e go be if instructors (teachers / lecturers / those wey dey give direction) go provide context for di reading beforehand (before).,찻 Di several students discuss how helpful e go be if instructors (teachers / lecturers / those wey dey give direction) go provide context for di readings beforehand (before).
"Di monumental depictions of christ and di virgin, biblical events, and an array of various (many different-different types) saints wey dey adorned church interiors for both mosaic and frescoes.","찻 Di monumental depictions of christ and di virgin, biblical events, and array of different saints adorned church interiors for both mosaics and frescoes."
"Families dey seek physical safety (safe condition / no wahala) for themselves and their children by fleeing to new country. U. S, wey don be di final (de very last / conclusion) destination for many of these families wey dey forced (by force-by-force / dem use pawa do am) to flee, fit offer dem refugee or asylee status as protection.","찻 Diunited state, wey don be di final (de very last / conclusion) destination for many of dis families wey don force to flee, fit offer di refugee orylee status asaprotection."
Di important aspect na say for each artist go fit be many tracks.,"찻 Di important aspect na say for each artist na many track, but di important aspect na say for each artist na many track"
"Di case dey submit (give / hand over) to di jury, e dey sequestered for its deliberations, wey take five days and four nights.","찻 Di case dey submit (give / hand over) to di jury, e dey sequestered for dia deliberations (we dey think about carefully), wey dey take five days and four nights."
"If you to start di set of possible values to include all verbal response, how fit you interpret dia answer?","찻 If you to start di set of possible values to include all verbal response, how go you interpret dia answer?"
"We only goal nato nd way of describing (di description wey dey give a description wey dey give), summarising and graphing dat sample.","찻 Di only goal nato nd way of describing (di description wey dey give a description wey dey give), summarising and graphing dat sample."
We go build functions wey take arguments as dia input,찻 We go build functions wey take arguments as dia inputs
One way to do dis go be to find those numbers using di way to find di parts and den to give those numbers to di function to di way to break into groups.,찻 Di one way to do dis go be to calculate those values using di quantiles() function and then use those quantiles as input to di cut()function.
Di going to do?,찻 We dey you go do?
"Di goals (targets / wetin person want reach) of imposing (to force tin on person / looking big) penalties for breaking criminal laws include protecting (to cover / guide / prevent wahala) society, punishing di offender, rehabilitating di offender, plus deterrence from future acts of crime.","찻 Di goal of imposing (to force law or fine for person head) penalties (fines / punishments for offense) for violating (to break law / mess up rule) criminal laws include protect society, punishing di offender, rehabilitating di offender, and deterrence from future acts (deeds / many laws wey don pass) of crime."
"Di word, pineapple, kom before banana","찻 Di word, pineapple, kom before banana"
"Di best way to think about it, for my experience, na to imagine say a hypothesis test dey criminal trial4","찻 Di best way to think about am, for my experience, nato imagine say a hypothesis test dey criminal trial4. di trial of di null idea."
"Di simple example, na easy to remember wich one argument kom rst and wich one kom second, but for more complicated functions dis no easy.","찻 Di simple example, e dey easy to remember which one argument kom rst and which one kom second, but for more complicated functions dis no easy."
Di rules)for awa database operations (dem do wit di execution of trades and keeping customer record).,찻 Di database operations (dem do wit di execution of trades and keeping customer record).
Di litigation move into di discovery phase.,찻 Di litigation move into di discovery phase.
Dem aid for eleasing hormones from endocrine glands.,찻 Still others aid for releasing hormones from endocrine glands.
"Di capacity (di highest wey somtin fit contain or do) of di tubular glucose s ympor ters, resulting (wetin come out for de end / outcome) for glucose for di urine.","찻 Di cases of poorly controlled (something wey under control / rules) diabetes mel litus, glucose levels exceed di capacity (di highest wey somtin fit contain or do) of di tubular glucose s ympor ters, resulting (wetin come out for de end / outcome) for glucose for di urine."
"Di affidavit refers (point to / talk about) to""funds (money for ground / capital),"" ""financing (to find money for business / provide funds),""and ""goods""--none of which encompasses di plaintiffs' activities.","찻 Di affidavit to talk about""funds (money for ground / capital),""financing (to de manage plenty moni and investments)""and ""goods""--none (nothing / nobody / zero) of which dey encompass di plaintiffs' activities."
"I don draw dis plot for similar, minimalist style to di one for figure 6. 12b, but i use di horizontal (di something wey dey oriented horizontally) argument to draw am sideways for order to save space","찻 I don draw dis plot for similar, minimalist style to di one for figure 6. 12b, but i use di horizontal (di something wey dey oriented horizontally) argument to draw am sideways for order to save space"
"Di law help websites (a page wey dey on internet) by stat say if a website user uploads infringing material and di website complies wit a copyright holder (person wey carry or get something for hand) request (to ask for help or info / application) to remove di material, di website no dey liable for infringement.","찻 Di portion of di law help websites (a page wey dey on internet) by state say if website user upload infringing material and di website (a page wey dey on internet) complies (E follow rule / e follow de same pattern) wit copyright holder's request to remove di material, di website no dey liable for infringement."
I dey lying to you a little bit so far,찻 I dey lying to you a little bit so far
"Di cyt oplasm, citrate dey converted back for oxaloac etat e and ac etyl coa.","찻 Di cyt oplasm, citr ate dey converted back into oxaloac etat e and ac etyl coa."
"Di war power, wey dey indeed (true-true / na so / for real) aspect of di power of self-preservation, e dey subject to constitutional limitations.","찻 Di war power, wey dey indeed (true-true / na so / for real) aspect of di power of self-preservation, e dey subject to applicable (dem dey capable of being applied) constitutional limitations."
But I wan make exception for logarithms (numbers wey show power) and exponentials (numbers wey dey grow fast).,찻 I go wan make exception for logarithm and exponentials.
Di cross bars for di end of di whiskers,찻 Di cross bars for di end of di whiskers
Di lot of situations (kinds of mata wey fit happen for one place or time) wey dey infeasible or unethical do dat,찻 Di lot of situation wey dey infeasible or unathical do dat.
"E dey only partial membrane, as menstrual fluid and oda secr etions wey dey able to exit (where person go pass take comot somwhere) di bodi, regardless (di usually follow by `of') without due thought or consideration or consideration) of penile vaginal intercourse.","찻 Di menstrual fluid and oda secretions must be able to exit (where person go pass take comot somwhere) di bodi, regardless (di usually follow by `of') without due thought or consideration or consideration) of penile vaginal intercourse."
"Di calls dey place by di jurors themselves; no record dey kept (bin keep) of di jurors wey make call, di phone number or di parties wey call.","찻 Nano record dey kept (bin keep) of di jurors wey make call, di telephone numbers or di parties call."
Di california supreme court decline review by a divide vote (to choose leader / drop thumbprint).,찻 Di california supreme court declined (dem no gree / dem no gree) review by a divide vote (to choose leader / drop thumbprint).
"If you wished to grant ownership rights inside real property to your mother for di length (how e long reach) of im life, but then expected (wetin person tink say go happen) di property to be returned to you upon im death, you might grant a life estate (all de property wey person leave when e die / big land) to im.","찻 If you wish to grant ownership rights inside real property to your mother for di length (how e long reach) of im life, but then expected di property to be returned to you upon im death, you might grant a life estate (all de property wey person leave when e die / big land) to im."
Soho w dey water intake regulated (something wey under control / rules) by di bodi?,찻 Soho w dey water intake regulated (something wey under control / rules) by di bodi?
"Di kidneys dey well vasculariz ed, r eceiving about 25 percent of di cardiac output for r","찻 Di kidneys dey well vasculariz ed, r eceiving about 25 percent of di cardiac output for rest."
Make we note those p-values and those F statistics.,찻 Make note of dip-values and those f statistics.
"Di basic unit (one single piece / section) of data, like number or string, wey a program manipulate.","찻 Di basic unit (one single piece / section) of data, like number or string, wey a program manipulate."
"Nano obvious way wey dey undertaking advocacy for political change through peaceful means or teaching di pkk and ltte, say how to petition di united nations (obodo / different-different countries) for political change through peaceful means or teaching di pkk and ltte, say how to petition di united nations for political change through peaceful means or teaching di pkk and ltte, say how to petition di united nations for political change dey fungible wit oda resources wey dey put to more sinister ends (where e finish / targets)","찻 Di no obvious way wey dey undertaking advocacy for political change through peaceful means or teaching di pkk and ltte, say, how to petition di united nations (obodo / different-different countries) for political change dey fungible wit oda resources wey dey put to more sinister ends (where e finish / targets) for di way say donations of money, food, or computer training dey fungible."
"Di 'o'rourke' error: unexpected (we no expected or anticipated or anticipated) symbol for ""'o'rourke"" to some extent (how far de tin reach / level), roers us cheap (small price or small quality) x to di problem because of di fact say e dey allow us use either""or 'as di delimiter character","찻 Na unexpected (we no expected or anticipated or anticipated) symbol for ""o'rourke"" to some extent (how far de tin reach / level), roers us cheap (small price or small price) x to di problem bikos of di fact say e allow us use either""or 'as di delimiter character"
"Di beings dey constantly force to choose di persona wey we present to di world, and awa choices (different-different options) (E remain small / almost) involve intentional omissions and misrepresentations, if no outright deception","찻 Di human beings dey constantly forced (by force-by-force / dem use pawa do am) to choose di person wey we present to di world, and awa choice (kpam-kpam / true-true / without doubt) always involve intentional omissions and misrepresentations, if no outright deception"
"Di glossary (list of words with their explanations) 53 also, don forget to save your program before you run am","찻 Di glossary (list of words with their explanations) 53 also, don forget to save your program before you run am"
"Di task dey very common to record di amount of time somebody take solve a problem or answer a question, bikos e dey indicator of how di task dey.","찻 Di very common to record di amount of time somebody take to solve problem or answer a question, bikos e dey indicator of how dicult di task dey."
"Di problem say dis cause dey more serious than single sad nerd, because rha no way know say di1s for di group variable dey very animal kind of thing to di 1s for di gender variable",찻 Di problem wey dis cause dey much more serious than single sad nerd. because rhas no way of know say di1s for di group variable dey very dierent kind of thing to di 1s for di gender variable.
"Di length (how e long reach) of time wey between seeing di\criminal"" and being asked (bin ask / seek for answer) to identify di suspect for di\line up""dey shorter.","찻 Di length (how e long reach) of time wey dey between seeing di\criminal"" and being asked (bin ask / seek for answer) to identify di suspect for di\line up"" dey shorter."
Learn about di consequences (wetin follow de action / outcome of wahala) of committing (do bad tin / promise) a crime.,찻 Di consequences (wetin follow de action / outcome of wahala) of committing (do bad tin / promise) crime
"Di petitions (formal begs / applications) deyfiled chronologically, andeach prospective (di future of or concerned wit or related to di future) immigrant dey give Di date wey determine when your turn go reach to get visa or immigration benefit","찻 Di petitions (formal begs / applications) dey filed chronologically, and every prospective (di future of or concerned wit or related to di future) immigrant dey give""di date wey determine when your turn go reach to get visa or immigration benefit"""
We discover say my. anova no get twoclasses,찻 We discover say my. anova actually get twoclasses
"Di study by ives, leahy, leming, pierce,& schwartz, and zawacki and habib for dis volume discuss dis faculty ambivalence, finding say faculty""want to be fair and ethical for work wit linguistically diverse (different-different / many kinds) students, but no know how to do so while still to hold onto (on top of) di commonly (normal-normal / wetin people dey do always) hold standards for writing for dia disciplines and institutions""(ives and al.)","찻 Di studies by ives, leahy, leming, pierce,& schwartz, and zawacki and habib for dis volume discuss dis faculty ambivalence, finding say faculty""want to be fair and ethical for work wit linguistically diverse (different-different / many kinds) students, but no know how to do so while still sticking to di commonly (normal-normal / wetin people dey do always) held (wetin judge or court bin decide) standards for writing for dia disciplines and institutions""(ives and al.)"
Di statistical information for di bottom (down-down / base) about di test result dey ofcourse di same as before.,찻 Di statistical information for di bottom (down-down / base) about di test result dey ofcourse di same as before
Di update track set plays =16where title= quotesingle. ts1 diupdate statement describe a table and then a list of fields and value wey dey change after di setkeyword and optional where claus wey dey change for di setkeyword,찻 Di update statement dey possible to update column or columns within one or more rows for table using di sql update statement as follow: update track set play =16where title = quotesingle. ts1my way quotesingle. ts1 diupdate statement dey possible to update column or columns within one or more rows for table using di sql update statement as follow: update track set play =16where title = quotesingle
"Di facts wey dey explain for di court's plurality opinion, authored by justice powell, and joined by justices (big-big judges for higher court) rehnquist and o'connor dey these: petitioner dun& bradstreet, a credit reporting (to tell about) agency, provide subscribers (di someone wey express strong approval wey dem express strong approval) wit financial and related information about business","찻 Di facts, as explain for di court's plurality opinion, wey justice powell, and joined by justices (big-big judges for higher court) rehnquist and o'connor dey these: petitioner dun& bradstreet, credit reporting (to tell about) agency, provide subscribers (di someone wey express strong approval wey dem express strong approval) wit financial and related information about business."
"Di loop go repeat (di third cycle word) forever, resultin for infinite (numbers wey no get end) loop.","찻 Di loop go repeat (di third cycle word) forever, resulting (wetin come out for de end / outcome) for infinite (numbers wey no get end) loop."
Di sole (only one / him alone) proprietor (di law) someone wey own (is legal possessor of) business) dey challenge for di sole proprietor.,찻 Di sole (only one / him alone) proprietor (di law) someone wey own (is legal possessor of) business) go also challenge for di sole proprietor.
"Dem draw both points and line, but no dey overplot.","찻 Di points and lines, but don dey overplot"
We go start out wit one of di rules of di study of chance.,찻 Make we to start with one of di rules of chance study.
"Di water dey r edis tribut ed by di same gradient, but for di opposite direction (which way e dey go), r eplenishing water for al l of di tissues.","찻 Di water dey r edis tribut ed by di same gradient, but for di opposite direction (which way e dey go), r eplenishing water for al l of di tissues."
"Di research and di adaptive transfer framework, dem suggest, go help wac professionals (sabi people / experts) and wid teachers complicate (E make more complicated) dia expectations for di writing knowledge students go transfer from prior course.","찻 Di research and di adaptive transfer framework, dem suggest, go help wac professionals (sabi people / experts) and wid teachers complicate (E make more complicated) dia expectations for di writing knowledge students go transfer from prior course."
"A judge may decide, for example, to fine a party for bad or unethical behavior.","찻 A judge may decide, for example, to fine a party for bad or unethical behavior."
"Dem argu say we dey bound (something wey must happen / person wey law tie down) by di witconsin supreme court's conclusion say di statute punish (to discipline / give wahala) bigoted thought, and no conduct.","찻 Dem tok say we dey bound (something wey must happen / person wey law tie down) by di wisconsin supreme court's conclusion say di statute punishes (to discipline / give wahala) bigoted thought, and no conduct."
"Na. acetyl coa; f ad, nad b. acetyl coa; f adh 2; nadh c. pyruv ate; oxygen; o xaloac etat e 7.","찻 A. acetyl coa; f ad, nad b. acetyl coa; fadh c. pyruv ate; nad; fadh 2 d. pyruv ate; oxygen; o xaloac etat e 7. which pathway produce di most atp molecules (the smallest unit of a substance, wey get atoms joined together)?"
"Di presidential (di president or presidency dey relating to a president or presidency) veto dey executive (de branch of gofment wey dey run de land)""check"" on di legislative (concern people wey dey make law) bodi.","찻 Di presidential (di president or presidency dey relating to a president or presidency) veto dey executive""check"" on di legislative (concern people wey dey make law) body."
Di trademark owner only need show say im mark go dey diluted or tarnished for some way.,찻 Di trademark owner only need to show say im mark go dey diluted or tarnished for some way.
Di truth for lending act (tila) require lenders (person wey borrow anoda person money) to provide information concerning (na relevant to dey relevant to dey relevant) di cost wey dey involved for offers of credit.,찻 Di truth for lending act (tila) require lenders (person wey borrow anoda person money) to accurately (for few mistakes wit few mistakes wit few mistakes wit few mistake) provide information concerning (na relevant to dey relevant to dey relevant) di costs wey dey involved for offers of credit.
"Di idea dey illustrated (dey draw) for figure 10. 11, wey show 50 con dence intervals wey dey construct for a\measure 10 iq scores""experiment (top panel)and another 50 con dence intervals for a\measure 25 iq scores""experiment (top panel)and another 50 con dence intervals for a\measure 25 iq scores""experiment (bottom panel).","찻 Di idea dey illustrated (dey draw) for figure 10. 11, wey show 50 con dence intervals wey dey construct for a\measure 10 iq scores""experiment (top panel)and another 50 con dence intervals for a\measure 25 iq scores""experiment (bottom panel)."
District liability wey dey strict (no-nonsense / follow de rule exactly) liability and how dey affect engage for make and selling (to trade market / business) products (all de things wey dem produce to sell)?,찻 Di strict (no-nonsense / follow de rule exactly) liability and how dey affect business engage for make and selling (to trade market / business) products (all de things wey dem produce to sell)?
Di rseek website (a page wey dey on internet) dey great: e dey rspeci c search engine,찻 Di rseek website (a page wey dey on internet) dey great: na rspeci c search engine
"Di general key for dis case nano say di press or media dey subject to tax, but say dis tax dey somehow discriminatory (to partial / treat person bad because of who dem be) or aimed (targetted / point at) at dia speech.","찻 Di general key for dis case no be say di press or media dey subject to tax, but say dis tax dey discriminatory (to partial / treat person bad because of who dem be) or aimed (targetted / point at) at dia speech."
"Dem tok say you dey do social computing research on facebook post (to send message / position for work) and you dey interested for di most frequently (for short intervals, many times for short intervals) used word for series of post.","찻 Dem tok say you dey do social computing research on facebook posts (to send message / position for work) and you dey interest for di most frequently (for short intervals, many times for short intervals) use word for series of posts."
She lawsuit claim say her 1987 honda accord no defective (na wen something no meet required standard or no work proper) because e no get any airbags,찻 Di lawsuit claim say her 1987 honda accord dey defective (na wen something no meet required standard or no work proper) because e no get any airbags.
E no be part of anybody day-to-day work.,찻 E no dey part of anyone's day today work
"as normal, na more than one way.","찻 Di normal way, na more than one way"
"Now, for any given day, I to take only one trouser to wear.","찻 For any given day, i pick out exactly one of pair of pants to wear"
"For obviously, trademarks (company brand marks / signs) no go grant if dem dey similar or identical to a trademark wey dem grant.","찻 Obviously, trademarks (company brand marks / signs) no go grant if dem be similar or identical to a trademark already granted (dem don gree / dem don give permission)."
Di form of causation dey fairly easy to prove,찻 Di form of causation dey easy to prove.
Scatterplot (one picture wey show dots) wey show di individual grades (results for school / level) for test 1 and test 2(panel b).,찻 Di scatterplot (one picture wey show dots) show di individual grades (results for school / level) for test 1 and test 2(panel b).
Di combination of symbolic (something wey concern math symbols) speech and hate speech conduct as for virginia v. black occur for some First amendment (wey go bring freedom to pipo) challenge to di antimasking statutes (laws wey dem write put for book) justice thomas mention for hin dissent (to no gree / judge wey get different mind).,찻 Di combination of symbolic (something wey concern math symbols) speech and hate speech conduct as for virginia v. black occur for some First amendment (wey go bring freedom to pipo) challenges (di demanding or stimulating situation a demanding or stimulating situation) to di antimasking statutes justice thomas mention (to talk about am small) for hin dissent (to no gree / judge wey get different mind).
"Di feature dey lend amself to pattern wey dey called dsu for decorate sequence by building list of tuples wit one or more sort keys preceding di elements from di sequence, sort di list of tuples wey dey using di python built-in sort, and undecorate by extract di sorted elements of di sequence.","찻 Di feature lend imself to pattern wey dey call dsu for decorate a sequence by building list of tuples wit one or more sort keys wey dey preceding (as e dey follow) di elements from di sequence, sort di list of tuples using di python built-in sort, and undecorate by extract di sorted elements of di sequence."
Di independence assumption dey little trickier,찻 Di independence assumption dey little trickier
Di cybercrime dey wide term wey dey include many white collar (shirt neck / to catch person) crimes (bad deeds / things wey break law).,찻 Di cybercrime dey wide term wey include many white collar (shirt neck / to catch person) crime
We wan to remember say we dey dealing (business move / to follow person do trade) wit actual data,찻 We wan to remember say we dey dealing (business move / to follow person do trade) wit actual data
"Lily cannot (no fit / power no reach) bring inside im college roommate to work on website (a page wey dey on internet) design as a partner (business paddy / colleague) inside di business, for example.","찻 Di lily no bring in her college roommate to work on website (a page wey dey on internet) design as partner (business paddy / colleague) for di business, for example."
Di legal commentators believe say defamation (na false statement wey dey harm persin reputation or character) go also protect di dead,찻 Di legal commentators believe say defamation (na false statement wey dey harm persin reputation or character) go protect di dead
"We no, however, address di resolution of more difficult case wey dey arise (to show face / start to happen) under di statute for di future.","찻 We no, however, address di resolution of more difficult cases wey dey arise (to show face / start to happen) under di statute for di future."
"As steve jobs (work / hustle / different employments) points out for dis video (film / record wey person fit see), great things for business no dey accomplished (di effect wey dey put in effect) wit just one person; dem dey accomplished wit team of pipo.","찻 As steve jobs (work / hustle / different employments) points out for dis video (film / record wey person fit see), great things for business no dey accomplished (di effect wey dey put in effect) wit just one person; dem dey accomplished wit team of pipo."
Di relationship wey dey between two table a line dey draw connect di table wit notation wey dey add to di end of each line indicating (di signal wey be signal for or symptom of symptom of) di nature of di relationship.,찻 Di relationship wey dey between two table a line dey draw connect di table wit notation add to di end of each line indicating (di signal wey be signal for or symptom of symptom of) di nature of di relationship.
"We know say rt no. drug to talk about dirt"" variable wey dey measure for di o drug condition.","찻 Di drug to talk about di\rt"" variable wey dey measure for di o drug""condition."
one last talk about di pairedSamplesTTest() function.,찻 One nal comment (remark / talk) about di pairedsamplesttest() function.
"Di fatty acyl carnitine molecule dey converted back inside di mitochondrial matrix, di fatty acyl carnitine molecule dey converted back into fatty acyl coa and then into ac etyl coa(figure 24. 13).",찻 Di fatty acyl carnitine molecule dey converted back into fatty acyl coa and then into ac etyl coa(figure 24. 13).
Di many of constantinople's artistic treasures dey destroy or carried (bin carry / bin move load) back to western Europe as booty.,찻 Di many of constantinople's artistic treasures (money wey get money) dey destroy or carried (bin carry / bin move load) back to western Europe as booty.
"For di interest of Di way wey dem take dey protect di kontri, di pipo wey dey di kontri, and di tins wey important for di kontri from bad tins wey fit happen from outside or inside, including make sure say terrorist no go cause trouble (wahala), or say anoder kontri no go spy on dem or public safety (safe condition / no wahala), public order (ordre public), di protection of Di science and practice of keeping whole communities (neighborhood / groups of people) and populations healthy or morals or di protection of di rights and freedom of odas.","찻 Di restrictions (boundaries / things wey person no fit do) dey place on di exercise of dis right oda than those wey dey imposed (bin force am for ground / bin set de fine) for conformity wit di law and wey dey necessary for democratic society for di interest of national security or public safety, public order (ordre public), di protection of public health or morals or di protection of di rights and freedom of odas."
"Di judges no get power to""invent"" new right wey no exist for di constitution","찻 Di judges no get power to""invent"" new right wey no exist for di constitution."
"Di erroneous (wey no correct, wey get mistake) statement dey inevitable (di unavoidable event don dey unavoidable event) for free debate (fomal talk where two pipu dey talk against each oda)",찻 Di[e] erroneous statement dey inevitable (di unavoidable event don dey unavoidable event) for free debate (fomal talk where two pipu dey talk against each oda)
"No be so for variance, or howe dey spread, or for plenty other measures (to measure).","찻 Di variance, or di howe dey spread, or for many oda measures (to measure) besides."
"Di citizen (person wey get right for de land / indigene) advocacy groups wit antilitigation public policy agenda often complain about kase wey no get basis or wey dem dey take harass or intimidate person, wey no dey based on truth or fact, na im dem dey call frivolous lawsuits (court cases / dragging for kote), but for pidgin, we fit call am'yarn wey no dey make sense' or 'kase wey no get head' wey dey filed for court.",찻 Di citizen (person wey get right for de land / indigene) advocacy groups wit antilitigation public policy agenda often complain about frivolous lawsuits (court cases / dragging for kote) wey dem filed for court.
Di president george w. bush sign di protection of lawful (something wey follow law / e legal) commerce (big-time buying and selling) for arms (guns / weapons) act.,"찻 for example, inside 2005 president george w. bush signed di protection of lawful (something wey follow law / e legal) commerce inside arms (guns / weapons) act."
President roosevelt vowed to alter (to change somtin small) di how two things dey related di pipo plus dia government to prevent di sort of destruction plus despair wreaked by di depression.,찻 Di president roosevelt don change di how two things dey related di pipo and dia goment to prevent di sort of destruction and despair wey dey wreaked by di depression.
"Di stolen (wetin thief carry / things wey loss by force) valor act na narrow (small space / not wide) law enacted (dem don sign am into law) to address important problem, and e present no threat to freedom of expression.","찻 Di stolen (wetin thief carry / things wey loss by force) valor act na narrow (small space / not wide) law wey dey enacted (dem don sign am into law) to address important problem, and e present no threat to freedom of expression."
E dey often di case say even wit di best of experimental (for experiment wey dey relating to or based on experiment) designs you go get only small eect,찻 Di case wey even wit di best of experimental (for experiment wey dey relating to or based on experiment) designs you go get only small eect.
Di ademarks no be merely (just / only dat one) descriptive (di serving to describe or inform or characterized by description),찻 Trademarks (company brand marks / signs) no be merely (just / only dat one) descriptive.
"Imagine wey you entered enter an employment contract with a company to work for$55, 000 per year, plus benefits (better-better tins wey person gain), plus for a term of two years.","찻 Imagine wey you entered enter an employment contract with a company to work for$55, 000 per year, plus benefits (better-better tins wey person gain), plus for a term of two years."
"I. e, i always wear dia pants",찻 I always wear dia pants).
Di supreme court tok wit di goment.,찻 Di supreme court sided wit di government.
Di c unansporter moves glucose into di cell against its c oncentr ation gradient as na+ k+atpases.,찻 Di c otranspor ter moves glucose into di cell against its concentration (di strength of solution) gradient as na+moves down di electr ochemical gradient created (something wey dem build or make) by di basal membranes na+ k+atpases.
"Di one article wey rhinehart's conviction, la dey vacated, for sodomy","찻 One article referred (bin talk about / bin point to) to rhinehart's conviction, la ter vacated, for sodomy."
"Dem no be able to run anovas properly, odawise r go run anovas properly","찻 Di suppose be, odawise r go fit run anovas properly"
Di best data analyst (person wey de always look data to find tins) for di world make mistakes (error / skip / something wey person no do well).,찻 Di best data analyst (person wey de always look data to find tins) for di world make alot of mistakes (error / skip / something wey person no do well).
We emphasize say di constitution no erect per se barrier to di admission (entrance / to gree say person enter) of evidence concerning (na relevant to dey relevant to dey relevant) one's beliefs and associations (groups / unions) for sentencing simply because dem dey protected by First amendment (wey go bring freedom to pipo),찻 We emphasize say di constitution no erect per se barrier (something wey dey prevent you from reaching a place or thing) to di admission (entrance / to gree say person enter) of evidence concerning (na relevant to dey relevant to dey relevant) one's beliefs and associations for sentencing simply because those beliefs and associations dey protected by First amendment (wey go bring freedom to pipo).
I know say di deck (flat floor) dey shued properly,찻 I know say di deck (flat floor) dey shued properly
Di family: family,찻 Di font family: family
E go easy to repeat (di third cycle word) awa traditional faculty development workshops to teach wella wit writing for di discipline without exploring ways wey one fit reach di students gan with both dem emerging technology and new adaptations (di written work (as a novel) wey dey recast for new form) of di traditional resources like dem writing centers (middle / main point / where tin dey happen).,"찻 E go easy to repeat (di third cycle word) awa traditional faculty development workshops on teaching effectively (sharp sharp) wit writing for di discipline without adapt dem for awa new student populations, and without exploring way of reach dis students directly using both emerging technology and new adaptations (di written work (as a novel) wey dey recast for new form) of traditional resources such as writing centers (middle / main point / where tin dey happen)."
Di python interpreter b)di keyboard c)python source filed) word processing (di prescribed procedure dey preparing or putting through a prescribed procedure) document exercise 5: wetin dey wrong wit d following code:1. 14,찻 Di python interpreter b)di keyboard c)python source filed) word processing (di prescribed procedure dey preparing or putting through a prescribed procedure) document exercise 5: what dey wrong wit di following code:1. 14.
E no dey good idea if you go get large data sets (to arrange / put things for order) or if you dey work wit multiple data sets for once,찻 E no dey good idea if you go get large data sets (to arrange / put things for order) or if you dey work wit multiple data sets for once.
"Di employment-at-will doctrine, workers for di united state dey free to work for whomever dem want to(or no work for all), and employers (ogas wey dey give work) dey free to hire (to borrow person pawa for work / employment) whomever dem want to(or no work for all), and employers dey free to hire whomever dem want to, and fire (di tin wey de show when somtin de burn) dem at will.","찻 Di employment-at-will doctrine, workers for di united state dey free to work for whomever dem wan to(or no work for all), and employers (ogas wey dey give work) dey free to hire (to borrow person pawa for work / employment) whomever dem wan to, and fire dem for will."
We go find di position of di at-sign for di string,찻 We go find di position of di at-sign for di string
Na popular file format (how you arrange your words) to store and share collection of emails (electronic message wey person de send or collect on top internet).,찻 Di popular file format (how you arrange your words) to store and share collection of emails (electronic message wey person de send or collect on top internet)
Di net r esul t dey ar elativ ely steady flow (to move steady / water waka) of blood into di glomerulus and ar elativ ely steady filtration (di process wey fluid pass through filter or filtering medium) rate for spite of significant systemic blood pressure chang,찻 Di net r esul t dey r elativ ely steady flow (to move steady / water waka) of blood into di glomerulus and ar elativ ely steady filtration (di process wey fluid pass through filter or filtering medium) rate for spite of significant systemic blood pressure change.
Di error or something wey dem don tell me about am.,"찻 Di additional 25 books wey dey sold (bin sell am / market wey don go) for May, but na error or something so dem no tell me about am"
Di tort law dey reflection of american societal values.,찻 Di tort law dey reflect (to show) American societal values.
"I agree wit you say wellesley's run of 9 wins for row dey remarkable (di unusual or striking or striking), i no think of good reason to think hin win di 10th hill (ground wey go up but e no reach mountain).","찻 I agree wit you say wellesley run of 9 wins for row dey remarkable (di unusual or striking or striking), i no think of good reason to think hin win di 10th hill (ground wey go up but e no reach mountain)."
"Or, I fit intend (plan to / mind set) to put all together into one long word(""hello nasty world government"").","찻 I go intend (plan to / mind set) to collapse all into one big string( ""hello nasty world government"")."
"And unfortunately, here's wetin di base (foundation / where tin start from)‐2 way of 0.1 look like: 0.1(decimal) = 0.00011001100110011. (binary)and di pattern continue forever.",찻 Di binary expansion of 0. 1 look like: 0001100110011001111
"Di development of cult of martyrs wit di early church led to di development of commemorative monuments (statue / remembrance-thing / memorial), usually call martyria, but also referred (bin talk about / bin point to) to in text as tropaia and heroa.","찻 Di development of cult of martyrs wit di early church led to di development of commemorative monuments (statue / memorial), usually called martyria, but also dem dey call tropaia and heroa."
Di condition include appr opriat e exercises wey fit r educ e di effects of di condition include appr opriat e exercises to keep di blood and lymph flowing through di affected am,찻 Di activities wey fit r educ e di effects of di condition include appr opriat e exercises to keep di blood and lymph flow (to move steady / water waka) through di affected areas (different sides / locations).
We no dey done dey talk about how to describe di how two things dey related variables for di data.,찻 We don talk about how to describe di how two things dey related variables for di data.
"Dem ring di alabama state college campus (all di compound and building of a skul or university)"" afta di demonstration (di act of present something to sight or view) on di state capitol step, and say dr. king don arrest dr. king","찻 Di alabama state college campus (all di compound and building of a skul or university)""after di demonstration (di act of present something to sight or view) on di state capitol step, and say dr. king don arrest."
Di adverse (bad / against progress) possession na wen someone wey no dey di owner of real property don claim di real property for hin own,찻 Di adverse (bad / against progress) possession dey wen someone wey no dey owner of real property don claim di real property for hin own
"Na only those wey view First amendment (wey go bring freedom to pipo) as absolute (everitin de complete, no comma) for all circumstances-a view i respect, but reject- fit find such cases as dis to be simple or easy.","찻 Di only those wey view First amendment (wey go bring freedom to pipo) as absolute (everitin de complete, no comma) for all circumstances-a view i respect, but reject- fit find such case as dis to be simple or easy."
"Di volume, students work toward master's degree for engineering (di practical application of science to commerce or industry or industry) for mit for di program wey include 1)one semester residency for di us campus (all di compound and building of a skul or university),2) continued (bin move forward / e no stop) coursework over synchronous video connecting mit faculty wit students residin for singapore,3) research internship for singapore, and 4)academic hall8support provided online by staff for di us for di thesis-proses of puttin down tori for paper, from wen you dey plan am, draft am, edit am, till you finish am well.","찻 Di particular globally networked learning environment (gnle) wey dey described by jennifer craig for dis volume, students work toward master's degree for engineering (di practical application of science to commerce or industry or industry) for mit for program wey include 1) one semester residency for di us campus (all di compound and building of a skul or university),2) continue coursework over synchronous video connect mit faculty wit students residing for singapore, and 4)academic hall8support wey dey provided (as far as / if to say / supply) online by staff for di us during di thesis-writing process."
Dem also suppose say i no dey bother to tell rhow to handle dismissing value,찻 I don suppose say i don bother to tell rhow to handle those missing value
"For oregon, mcdonald's dey found to be liable for injuries (wounds / damages to body or mind) resulting wen a off duty, off -premises (compound / house and surroundings) worker fall asleep while driving (to drive motor / push something go front).","찻 for example, for oregon, mcdonald's dey found to dey liable for injuries resulting (wetin come out for de end / outcome) wen off-duty, off-premises worker fall asleep while driving (to drive motor / push something go front)."
Di judiciary (di part of government wey de interpret and use law) na di only unelected branch of government plus na therefore di most mysterious (E dey obscure nature of an obscure nature of an obscure nature).,찻 Di judiciary (di part of government wey de interpret and use law) dey di only unelected branch of government and dey therefore di most mysterious
"Di stevens, j, filed opinion concurring for di judgment, for part i of which white and blackmun, jj, filed opinion concurring for di judgment, for part i of which white and blackmun, jj, filed opinion concurring for di judgment, for part i of which white and blackmun, jj, filed opinion concurring for di judgment, for part i of which white and black","찻 Di stevens, j, filed opinion concurring for di judgment, for part i of which white and blackmun, jj, filed opinion concurring for di judgment, for part i of which white and blackmun, jj."
E no good idea to go out of your way to try interpret or explain di dierence between p-value of.049 and p-value of.051.,"찻 Di general rule, na good idea to go out of your way to try to interpret or explain di dierence between p-value of. 049 and p-value of. 051."
"Di means na say any random numbers wey dey generate on a computer dey pseudorandom, and di quality (how de tin fine or strong reach) of those numbers depend on di speci c method use.","찻 Di means na say any random numbers wey dey generate on computer dey pseudorandom, and di quality (how de tin fine or strong reach) of those numbers depend on di speci c method wey dey use."
"Di value 116, e be one number wey dey strange or not?",찻 Di value of 116 constitute (to be) funny observation no?
"Di statement say di speaker (person wey dey talk / megaphone) hold di medal na intended (wetin person get for mind to do), undoubted lie.","찻 Di statement say di speaker (person wey dey talk / megaphone) hold di medal na intended (wetin person get for mind to do), undoubted lie."
"Di business dey tricky business, and nano \one, true way to do am","찻 Di operationalisation dey tricky business, and nano\one, true way""to do am"
Di variation wey states pursue (to follow / chase / target something) integration.,찻 There dey wide variation for how states dey pursue (to follow / chase / target something) integration
Di posters wey dey advertising (publicizing market / make people sabi wetin you dey sell) upcoming klan rally often featured a klan member (one person inside join-body) wey dey holding (to keep for hand / possession of property) cross.,찻 Posters advertising (publicizing market / make people sabi wetin you dey sell) an upcoming klan rally often featured a klan member holding (to keep for hand / possession of property) across.
"Di reason wey dey compelling (something wey strong well-well / e force you to pay attention) editors or publishers make dem publish say dem no be published (na wen somtin dey make known or distribute through media)""na what dey issue for dis case.","찻 Di compelling (something wey strong well-well / e force you to pay attention) editor or publishers to publish say which""reason' tell dem no be published (na wen somtin dey make known or distribute through media)""na what dey issue for dis case."
"Di ability to formulate problem, think creatively about solutions, and express solution clearly and accurately (for few mistakes wit few mistakes wit few mistakes wit few mistake).","찻 Di ability to formulate problems, think creatively about solutions, and express solution clearly and accurately (for few mistakes wit few mistakes wit few mistake)."
Di different types of tenancies dey create.,찻 Different types of tenancies go create.
"Di peck (1810) (marshall, c.","찻 fletcher v. peck (1810) (marshall, c."
Dem dey good say dis misunderstanding go resolve for win-win outcome and say you go continue your work relationship wit your supplier (person wey dey supply market).,찻 Di misunderstanding go resolve for win-win outcome and say you go continue your work relationship wit your supplier (person wey dey supply market).
"E dey imperative say researchers and instructors (teachers / lecturers / those wey dey give direction) dey broaden and deepen dia understanding of dia students'131 supporting generation 1. 5 writersacademic realities (roberge, 2009).","찻 E dey imperative say researchers and instructors (teachers / lecturers / those wey dey give direction) broaden and deepen dia understanding of dia students'131 supporting generation 1. 5 writersacademic realities (roberge, 2009)."
"Di loop dey executin, if largest nanone then we take di first value wey we see as di largest so far.","찻 Di loop dey executin, if largest isnone then we take di first value wey we see as di largest so far."
"Di first program traditionally (di tradition wey dey according to tradition), di first program wey you write for new language dey call""hello (how dem de greet person), world!""","찻 Di first program traditionally (di tradition wey dey according to tradition), di first program you write for new language dey call""hello (how dem de greet person), world!"""
We need make connection between row for di track table to row for di artist table.,찻 We need make connection between row for track table to row for di artist table.
Dem examine whistleblower protections.,찻 Dem examine whistleblower protections.
"di normal way na lot of optional argument wey you fit specify if you wan, but for di most part you fit just let rchoose di default for you.","찻 Di lot of optional argument wey you fit specify if you wan, but for di most part you fit just let rchoose di defaults (di normal settings) for you."
"Di plaintiff for error dey charge, for five counts, wit violations of di criminal syndicalism act of dat state.","찻 Di plaintiff for error dey charge, for five counts, wit violations of di criminal syndicalism act of dat state."
Di alameda and oakland branch of di national association for di advancement (di encouragement of di progress or growth or acceptance of something) of colored pipo (naacp)filed suit (na wen one persin carry anoda persin go court to seek justice) under 42 u. s. c.,"찻 After permission (di approval to do something) bin dey refused (bin no gree / reject), kqed plus di alameda plus oakland branches of di national association for di advancement of colored pipo(naacp) filed suit (na wen one persin carry anoda persin go court to seek justice) under 42 u. s. c."
"E no make much dierence, but wen dealing (business move / to follow person do trade) wit newborns, e no make much dierence, but wen dealing wit newborns, e no make much dierence, but wen dealing wit newborns e fit make much dierence, but wen dealing wit newborns dey might.","찻 Di dealing (business move / to follow person do trade) wit adults (big people / matured), e no make much dierence, but wen dealing wit newborns e might."
Di means.,찻 E no dey wetin p: 05 means
"But dis no be clinical psychology text, so sorry for me for few simplifications (di explanation say omits superfluous details and reduce complexity) for different places (locations / different sides).","찻 Dem no dey clinical psychology text, so please forgive me few simpli cations here and there"
"Di convicts dey depart, appellee (na persin wey formally ask court or official body for something) stressed say di convicts don treated di family courteously, don no dey molest dem, and no dey for all violent (vawulence / rough play).","찻 Di convicts don treat di family courteously, no dey molest dem, and no dey violent (vawulence / rough play)."
Di null idea na say all of di group means dey identical to one another,찻 Di null idea na say all of di group means dey identical to one another.
"Di number of shareholder dey small, while for publicly (open-open / for everyone eye) traded corporation, di bodi of shareholder dey small, while for publicly traded corporation, di bodi of shareholder dey small, while for publicly traded corporation, di bodi of shareholder dey large.","찻 Di number of shareholders (people wey get part for company business) dey small, while for publicly (open-open / for everyone eye) trade corporation, di bodi of shareholders dey large."
Di rawmad value no dey do dis,찻 Di rawmad value no dey do dis
"We don hold, for example, say nonverbal expressive (di expression wey dey characterized by expression) activity no dey banned (dem ban am / no entry) because of di action wey dey entails, but no because of di ideas wey dey express- so say burning flag for violation of an ordinance (local government law / official order) against dishonoring di flag no dey.","찻 We don hold, for example, say nonverbal expressive (di expression wey dey characterized by expression) activity go dey banned (dem ban am / no entry) because of di action wey dey entails, but no because of di ideas wey dey express- so say burn flag for violation of an ordinance against outdoor fires go dey punishable, whereas burn flag for violation of an ordinance against dishonoring di flag no dey."
Na different case but dis dey different case but dis dey different case but dis dey different case,찻 Di case dey different but dis dey different case
Nano one dey compelle to testify against hinself or herself make self-incriminating statements.,찻 Nano one dey compelle to testify against himself or herself to make self-incriminating statements.
"Di appellant's defense na say di article dey subject of legitimate news interest,""a subject of general interest and of value and concern to di public""for di time of publication, and say e dey publish for good faith (di strong belief wey person get in somtin or person) without any malice wey dey neva.","찻 Di appellant's defense na say di article dey subject of legitimate news interest,""a subject of general interest and of value and concern to di public""for di time of publication, and say e dey publish for good faith (di strong belief wey person get in somtin or person) without any malice wey dey."
"Di most dramatic loss of muscle mass (plenti / crowd), and consequential (wetin follow / result of action) decline in di metabolic rate, dey occur between 50 and 70 years of age.","찻 Di most dramatic loss of muscle mass (plenti / crowd), and consequential (wetin follow / result of action) decline for metabolic rate, occur between 50 and 70 years of age."
"Di formula dey of di simple linear regression model wey we talk about so far, for which you go get single predictor (di thing wey dey predict) variable aswell as intercept term, dis formula dey of di form outcome~ predictor.",찻 Di formula dey of di form outcome~ predictor (di thing wey dey predict).
"Di denial (to say ""No"" / rejection / say you no sabi) of liberty (freedom / right to do wetin person like) wey dey involved na say dey engage for particular business.","찻 Di denial (to say ""No"" / rejection / say you no sabi) of liberty (freedom / right to do wetin person like) involved na say of engaging (to enter inside mata / join work) for particular business."
"Di tanning salon no refuse (to no gree / to reject) to hire very light-skinned person of irish descent, for example, if im refusal (to say no / rejection) dey based on color appearance (di person or thing or thing or thing) of di job candidate.","찻 Di tanning salon no refuse (to no gree / to reject) to hire (to borrow person pawa for work / employment) very light-skinned person of irish descent, for example, if im refusal (to say no / rejection) dey based on color appearance (di person or thing or thing or thing) of di job candidate."
"E dey easier (no hard / simple) standard to win, because e no require party to prove say im side dey likely than no tell di truth","찻 E dey much easier (no hard / simple) standard to win, bikos e only require a party to prove say im side dey more likely than no telling di truth"
"Dis crime dey globally categorized as either Forcing pipo, especially women and children, into prostitution (for pay sexual intercourse for pay pay pay) against their will or labor trafficking.",찻 Di crime dey globally categorized as either sex trafficking or labor trafficking.
A battery must result inside some form of physical touching of di person wey carry case go kot.,찻 A battery must result inside some form of physical touching of di person wey carry case go kot.
"Finally, llcs be no di right form for taking (to carry / to collect) a company public plus selling (to trade market / business) stock (market wey dey ground / shares in company).",찻 Dem no dey di right form for taking (to carry / to collect) company public and selling (to trade market / business) stock (market wey dey ground / shares in company).
Di opposite dey true,찻 Di opposite dey true
For issuing (giving out / releasing) such order a court must determine say no alternatives wey dey intrude less directly on expression,찻 Di court must determine say no alternatives wey dey intrude less directly on expression
"E-mail account provider[7] go prohibite dis act, but no hacking into home computer[8] or business computer","찻 So hacking enter an e-mail account provider[7] go prohibited (law say make person no do am) by this act, but no hacking enter a home computer[8] or a business computer."
"as long as we tell R to remember to treat dis as fixed (something wey dem don tie down / e don set) separator character, den we get di right answer:> strsplit(x =monkey, split= ""."", fixed =TRUE)","찻 as long as we dey tell R to remember to treat dis as xed separator character, den we get di right answer:> strsplit(x=monkey, split= """
"Di three more logical operations (dem do wit di execution of trades and keeping customer record) wey dey worth know about, listed for table 3.3.","찻 Di three more logical operations (dem do wit di execution of trades and keeping customer record) wey dey worth know about, wey dey list for table 3.3."
Di basis f or your need to breathe for oxygen,찻 Di basis f or your need to breathe for oxygen
"as result, you go wonder whether e fit use di signs (marks / signals / signatures) wey look like box to subset one kind of table.","찻 As result, you go wonder whether e dey possible to use di signs (marks / signals / signatures) wey look like box to subset one kind of table."
Di fstatistic dey calculated (di mathematical calculation or computation or computation) by dividing di mean square value wey dey associated wit di factor by di mean square value wey dey associated wit di residuals.,찻 Di fstatistic dey calculated (di mathematical calculation or computation or computation) by dividing di mean square value wey dey associated wit di factor by di mean square value associated wit di residuals.
"Di statute go state say di punishment (di act of punishing di act of punishing di act of punishing) go be""up to$5, 000""or ""upto one year for jail (prison / kashot / cell)","찻 Di statute go state say di punishment (di act of punishing di act of punishing di act of punishing) go be""up to$5, 000""or ""upto one year for jail (prison / kashot / cell)"
Di last few years i dey surprise at just how little diculty wey i get forgetting (di mind stop remembering from di mind) undergraduate psych students to learn r.,"찻 I find i need to be a little charitable (di charity wey dey relate to or characterized by charity) for setting (where de mata happen / environment) marking standards, but dem no get there."
"Di model don get kpredictors and an intercept, then you dey speci ed kpredictors and an intercept, then you dey speci ed kpredictors and an intercept, then you dey speci ed k","찻 Di model don get kpredictors and intercept, then you dey speci ed k"
"We fully performed (bin do de work / finish de task) awa obligation under am(known as complete performance), and we dey subsequently (afta dat one / de one wey follow) discharge (na wen court release defendant from charge, or cancel debt or obligation) from further duties wey dey arising under dat contract.","찻 We form contract, we fully (well) perform awa obligations (all de things wey people gats do) under am(known as complete performance), and we dey subsequently (afta dat one / de one wey follow) discharge (na wen court release defendant from charge, or cancel debt or obligation) from further duties arising (wetin follow / as e dey start to happen) under dat contract."
"These stations (stop / office area) generally hear complaints from stakeholders (people wey get interest or share for de mata), such as employees or customers.","찻 These stations (stop / office area) generally hear complaints from stakeholders (people wey get interest or share for de mata), such as employees or customers."
Become familiar (something wey person sabi well-well) with di benefits (better-better tins wey person gain) plus drawbacks of to settle matter with person wey go help both sides (different faces / parts) talk as a form of adr.,찻 Dem dey familiar (something wey person sabi well-well) wit di benefits (better-better tins wey person gain) and drawbacks of mediation (follow-dem-talk-make-dem-settle) as form of adr
"For our case, we go write one. sided =""Anastasia"".","찻 We write one. sided= ""anastasia"""
Di collecting ducts go ecover none (nothing / nobody / zero) or almost all of di water reach dem.,"찻 Di collecting ducts don recover (na obtain money, property, or relief from court judgment) none (nothing / nobody / zero) or almost all of di water reach dem"
Di period dey always a period(i. e.,찻 Dis dey almost always period(i. e.
"These different strategies lead to different SS values, to be sure, but dis difference for standard deviations fit(and suppose)make you wonder if we get violation of homogeneity of variance assumption.","찻 Di dierent strategies lead to dierent ss values, to be sure, but na 16this discrepancy for howe dey spread might(and should) make you wonder if we get violation of di homogeneity of variance assumption."
Di managing editor of american opinion commission article on di murder trial of officer nuccio.,"찻 As part of di continuing (for certain state, condition, or activity, or activity) effort to alert di public to dis assumed (as dem tink say e be / to take up responsibility) danger, di managing editor of american wetin dem talk commissioned an article on di murder trial of officer nuccio."
Di wac specialists (di expert wey dey devoted to one occupation or branch of learning) go encourage (to ginger / support) faculty teaching wit wid to consider di kind of intuitive reshaping wey dey occur as students shift between writing contexts (how de levels be / situation).,찻 Di wac specialists (di expert wey dey devoted to one occupation or branch of learning) go encourage faculty teaching wit wid to consider di kind of intuitive reshaping wey dey occur as students shift between writing contexts (how de levels be / situation).
"Locate two""ethics hotline""programs from an online search.","찻 Locate two""ethics hotline""programs from online search."
"Well, you fit go spend several years teaching yourself di theory of model selection (choosing / pick-pick), learning all di details; so dat you go finally decide on wetin you personally (in my own thinking) think na di right thing to do.","찻 We go spend several years teaching yourself di theory of model selection (choosing / pick-pick), learning all di ins and outs of am; so say you go decide on what you personally (in my own thinking) think di right thing to do na."
"Di court correctly tok say mere (just / ordinary) proof of failure (when tin no work out / disappointment) to investigate, without more, no establish reckless disregard for di truth.","찻 Di court correctly tok say mere (just / ordinary) proof of failure (when tin no work out / disappointment) to investigate, without more, no establish reckless disregard for di truth."
Di important intentional tort to remember dey tortious interference (na wrongful disruption or obstruction of anoda persin legal right or business).,찻 Di important intentional tort to remember na tortious interference (na wrongful disruption or obstruction of anoda persin legal right or business).
"Dis recast di formerly joint tenants into adjacent landowners, and e allow dem to dispose (throw away / handle) of or use dia property as each sees fit, wit no rights to di oda property.","찻 Di recast di formerly joint tenants into adjacent landowners, and e allow dem to dispose (throw away / handle) of or use dia property as each sees fit, wit no rights to di oda property."
"Di quotin David cooke(1988), e dey a language of""cultural intrusion. [i]n very real way, english dey di property of elites, express di interest of di dominant class""(as quote for peirce, 1989, p. 402).","찻 Di very real way, english dey di property of elites, express di interest of di dominant class""(as quote for peirce, 1989, p. 402)."
What be di consequences (wetin follow de action / outcome of wahala) of committing (do bad tin / promise) a crime?,찻 Di consequences (wetin follow de action / outcome of wahala) of committing (do bad tin / promise) crime?
Di important difference na say tuples dey immutable.,찻 Di important difference na say tuples dey immutable
Di residuals dey assumed (as dem tink say e be / to take up responsibility) to be normally distributed (how dem put themselves),찻 Di residuals dey assum to be normally distributed (how dem put themselves).
"Listening, documenting, and witnessing individual and community stories of exposure (showing body / making known) to human rights violations dey credited as essential component of restoring Di special worth and value wey every human being get just by being human.'","찻 Listening, documenting, plus witnessing individual plus community stories of exposur (showing body / making known) and human rights violations na credited as essential component of restoring human dignity."""
"E dey clear say maria, according to herself-report, dey spend more time to dey study than most u. s. college students do, as she don report to dey spend five hours a night, seven days a week while di national survey of student engagement find di majority of college students spend fewer (small pass) than sixteen hours per seven day week (jolliffe & harl, 2008, p. 601).","찻 E dey clear say maria, according to herself-report, spend more time studying than most u. s. college students do, as she report spending five hours a night, seven days a week while di national survey of student engagement find di majority of college students spend fewer (small pass) than sixteen hours per seven-day week (jolliffe & harl, 2008, p. 601)."
"We use di fonksiyon wey dey show yi magnitude, no matta yi sign, e mean say if yi get 5 or-5, e go still show 5 here because we no care whether di value dey higher than di mean or lower than di mean, we dey just interest for how close it dey to di mean.","찻 We use di normal number function here because we no care whether di value dey higher than di mean or lower than di mean, we dey just interest for how close di mean."
Di important to recognise (to know) say some choice of contrasts go produce di same answer.,찻 E important to recognise (to know) say some choice of contrasts go produce di same answer.
Di low-level conceptual (di concept or dia formation dey characterized by concept or dia formation) pattern wey we use to construct programs.,찻 Na some low level conceptual (di concept or dia formation dey characterized by concept or dia formation) patterns wey we use to construct programs.
She give us diories,찻 She give us diories (ideas / school of thought / how dem tink say tin be).
"As result, you currently (for now / as we dey so) get three variables: seeker, lover, and keeper.","찻 as result, you currently (for now / as we dey so) get three variables: seeker, lover, and keeper."
"We dey discuss plenti how numbers dey spread(range, iqr, mad, variance and howe dey spread), and hint at dia strength and weaknesses (di flaw or weak point or weak point).","찻 We dey discuss quite few measures (to measure) of spread(range, iqr, mad, variance and hint for dia strength and weaknesses (di flaw or weak point or weak point)."
"Di syntax f or javascript list constants (somtin wey no de change) dey similar to python, so di syntax go familiar (something wey person sabi well-well) to you.","찻 Di syntax f or javascript list constants (somtin wey no de change) dey similar to python, so di syntax go familiar (something wey person sabi well-well) to you."
"For order to provide immigrants wit effective healthcare services, great consideration and support must dey made to ensure di diversification of di healthcare workforce.","찻 For order to provide immigrants wit effective healthcare services, great consideration and support must be set to ensure di diversification of di healthcare workforce."
"Di reason for dis na say my experience wit di graphical device (ting wey dey help us do somethin, like machine or equipment) wey dey rstudio don led me to suspect say e still get bunch on non-standard(or possibly just undocumented)feature, and so i no trust (to believe person / keep secret or money with person) say e no fit suppose do what i expect.","찻 Di reason for dis na say my experience wit di graphical device (ting wey dey help us do somethin, like machine or equipment) wey rstudio don led me to suspect say e still get bunch on non-standard(or possibly (maybe / fit be) just undocumented)features (karakata wey dey make am sweet or wey dey help), and so i no dey trust (to believe person / keep secret or money with person) say e always do what i expect."
"I go pull out di number of pipo wey dey selected (picked / de one wey dem choose) diamonds, i go do am by name by typing observed (bin see / follow rule)[""diamonds""]but, since""diamonds"" dey di second one of di observed vector, e dey equally (same-same / level ground) ective to talk about am as observed[2].","찻 Di""diamonds"" dey second one of di observed (bin see / follow rule) vector, e dey equally (same-same / level ground) ective to talk about am as observed"
"Di information do faculty, even those wey dey versed for wac practice, need to help dem understand dia l2 writers and work wit dia writing more effectively (sharp sharp)?","찻 Di information wey dey do faculty, even those wey dey versed for wac practices, need to help dem understand dia l2 writers and work wit dia writing more effectively (sharp sharp)?"
Di government dey public property.,찻 Di goment dey public property.
Di psychology students for dr Zeppo class dey (to make am / reach target / blow) grades(mean =72. 3%) wey dey about.5 standard deviations wey dem expect(67. 5%)if dem perform at di same level as oda students.,찻 Di psychology students for dr Zeppo class dey (to make am / reach target / blow) grades(mean = 72. 3%) wey dey about.5 howe dey spread higher than di level wey you expect(67. 5%)if dem dey perform for di same level as oda students.
Di visa available forfiances toimmigrate to diunited state.,"찻 Under current U. S. policy, there dey visas available for fiances to immigrate to U. S."
"Importantly, specific performance nano an appropriate remedy (way to settle de damage / solution) for service contracts, given di prohibition against involuntary servitude inside di thirteenth amendment to di u. s. constitution.","찻 Di importantly, specific performance no dey appropriate remedy (way to settle de damage / solution) for service contracts, given di prohibition against involuntary servitude for di thirteenth (number two) amendment to di u. s. constitution."
"Di officers dey employees of di company and work full time for di company, but dey remove di board, typically without cause.","찻 Di officers dey employees of di company and work full-time for di company, but go remove di board, typically without cause."
"Di court of appeal, wit di findings for judge bell's opinion for di ohio supreme court: robson First amendment (wey go bring freedom to pipo) 128""murder and mystery, society, sex and suspense dey combined for dis case for such manner (way / style / how person take do am) as to intrigue and captivate di public fancy to degree unparalleled for recent annals.","찻 We agree, as di court of appeal, wit di findings for judge bell's opinion for di ohio supreme court: robson First amendment (wey go bring freedom to pipo) 128""murder and mystery, society, sex and suspense dey combined for dis case for such manner (way / style / how person take do am) as to intrigue and captivate di public fancy to degree unparalleled for recent annals."
"Di trial court go be responsible (di worthy of or requiring responsibility or trust) for one of di editorials, di company and hotchkiss dey each fine$100.","찻 Di trial court go responsible (di worthy of or requiring responsibility or trust) for one of di editorials, di company and hotchkiss dey each fine$100"
E dey safer to avoid aliasing wen you dey work wit mutable objects (things / items).,찻 E dey safer to avoid aliasing wen you dey work wit mutable objects (things / items).
"I dey left my name as\dan"" throughout (di first to last to last) di book, and for ant case\dan"" na perfectly good nickname for\danielle"", don dey think?","찻 I dey left my name as\dan"" throughout (di first to last to last) di book, and for ant case\dan"" dey good nickname for\danielle"", don think?"
"Di worth quickly (fast-fast / sharp-sharp) check to see if di median dey close to zero, and to see if di rst quartile dey about di same size as di third quartile","찻 Di median dey close to zero, and to see if di rst quartile dey about di same size as di third quartile."
"E no big deal, and for real life i do di same thing evri oda does.","찻 I do di same thing wey dey no big deal, and for real life i do di same thing wey dey do"
for 2003 i stat to dey teach (to show person de way / lecture) for olin college andi dey teach dem python ford first time.,찻 I start teaching for olin college andi go teach (to show person de way / lecture) python for di first time
"Di output dey more short: one-sample t-test data: grades (results for school / level) t= 2.2547, df =19, p-value= 0.03615. di other idea: true mean no equal to 67.5. 95%di place where di true number fit dey: 67.84422 to 76.75578. Sample estimates: mean of x= 72.3. As you dey see, e still get all di info wey you need.","찻 As you see, true mean no dey equal to 67. 595 percent confidence (di freedom from doubt) interval:67. 84422 76. 75578 sample estimates: mean of x 72. 3 as you see, e still get all di information you need."
Disputes over both get been at di root (di main place wey everything start) of conflicts (wahala / fight / misunderstanding) plus wars since time immemorial.,찻 Di root (di main place wey everything start) of conflicts (wahala / fight / misunderstanding) and wars since time immemorial.
Di adh na also called v asopr essin,찻 Di adh dey also call v asopr essin
Di function dey exist so much so say both of dis functions exist,찻 So much so wey both of dis functions exist.
But someone else do di statistics?,찻 Nano someone else do di statistics?
"Dire (na urgent or serious situation wey court suppose act fast on am) dey over 100 related viruses for di hpv family, and di characteristics (di things wey make am) of each strain dem ermine di out kom of di infection.",찻 Di characteristics (di things wey make am) of each strain determine di outcome of di infection.
Di equation no dey correctly describe di aic values wey you see for di output here,찻 Di equation no correctly describe di aic value wey you see for di output here.
Di group of pipo dey subject to discriminatory (to partial / treat person bad because of who dem be) practices both legal and illegal regarding property ownership.,"찻 Historically, different groups of pipo don dey subject to discriminatory (to partial / treat person bad because of who dem be) practices both legal and illegal regarding property ownership."
"Northern securities co. v. united states, 193 u. s. 197, 400 -401(1904).","찻 Northern Securities Co. V. U. S. 197, 400-401(1904)."
"for example, negotiation go be quick meeting for di hallway be two disputants, or e go involve formal round of negotiations (to drag price / settle mata through talk) wey all parties represent Getting (to get / collect) help and advice from a qualified (person wey get certificate / e sabi de work) lawyer on legal matters.","찻 for example, negotiation go be quick meeting (gathering / discussion group) for di hallway between disputants, or e go involve formal (official way / follow-follow rule) round of negotiations wey all parties dey represent legal counsel (advice / lawyer wey dey stand for person)."
"for example, suppose say one of my students(without question under di in uence of psychotropic drugs)love di book so much say hin or she donat am extra (jara / more)$550.","찻 for example, suppose say one of my students(no doubt (shaking mind / when person no sure) under di in uence of psychotropic drugs)love di book so much say hin or she donate mean extra (jara / more)$550."
Di indictment dey for two counts,찻 Di indictment dey for two counts
Dem no too bad.,찻 E no dey bad.
"Di defendant go punished by di goment, no be by di victim.","찻 Di defendant go dey punished by di government, no be by di victim."
"Diversion wey we do, rwill to show di results of di t-test, though i don include dat output here","찻 Di version wey we do, rwill to show di results of di t-test, though i don include dat output here."
"Di all you go get to do dey specify value for di collapse argument, and rwill chuck all into one dirty big string.","찻 Di all you go do dey specify value for di collapse argument, and rwill chuck all into one dirty big string."
Na many white collar (shirt neck / to catch person) crimes (bad deeds / things wey break law) dey version of fraud.,찻 Di white collar (shirt neck / to catch person) crimes (bad deeds / things wey break law) dey version of fraud
"E dey argued (bin drag mata / talk with proof) for dis essay sayin order to create and maintain inclusive classrooms, instructors must take into consid - eration attitudes wey dey pertaining to di socioeconomic, racial (mata about tribe or de color of person skin), and linguistic (dem dey dey related to language) climate of dia institution.","찻 Di essay wey dey argued (bin drag mata / talk with proof) for dis essay say for order to create and maintain inclusive classrooms (school room / where dem dey learn), instructors must take into consid - eration attitudes wey dey relate to di socioeconomic, racial (mata about tribe or de color of person skin), and linguistic (dem dey dey dey dey related to language) climate of dia institution."
"Di first applicant to file for patent on a particular invention (new machine or idea wey person build) dey eligible (qualified / e follow) for di patent, regardless (di usually follow by `of') without due thought or consideration or consideration) of who first invent am.","찻 Di first applicant (pipo wey apply) to file for ap atent on particular invention (new machine or idea wey person build) dey eligible (qualified / e follow) for di patent, regardless (di usually follow by `of') without due thought or consideration or consideration) of who first invent am."
Immigration and immigrants: setting (where de mata happen / environment) di record straight.,찻 Immigration and immigrants: environment and recordstraight.
"Di offer contains th e price (how much dem dey sell am), di person wey dey offer make, and di object of di offer(i. e, di scooter).","찻 Di price (how much dem dey sell am), di person to whom di offer dey make, and di object of di offer(i. e, di scooter)."
"For di level of individual department, di decisions (final conclusions / choices) dey more or less unbiased(the weak bias for favour of females for dat level dey small, and no dey consistent across departments).","찻 Di weak bias for favour of females for dat level dey small, and no consistent across departments)."
"Lesser (smaller pass) used methods of adr include minitrials, hybrid (mixture of two different styles) forms of to settle matter with person wey go help both sides talk-to settle matter outside kot with judge(with elements of both), plus collaborative goal-oriented processes (procedures / styles to do work).","찻 Lesser (smaller pass) used methods of adr include minitrials, hybrid (mixture of two different styles) forms (different styles / papers to fill) of to settle matter with person wey go help both sides (different faces / parts) talk-arbitration (with elements of both), plus collaborative goal-oriented processes."
"I interview and e dey talk alot, alot, and e dey talk much, and e dey talk much, dia lot of information.","찻 I interview and hin dey talk alot, alot, and talking much, and lot of information"
"E dey possible for cameron's how fast (fast-fast / sharp-sharp) person answer to lie for between, by taking (to carry / to collect) 3. 0 seconds.","찻 E dey possible for cameron's how fast (fast-fast / sharp-sharp) person answer to lie for between, by taking (to carry / to collect) 3. 0 seconds"
Di participants and di newsmen wey make di film (movie / cinema).,찻 Di participants and di newsmen wey make di film (movie / cinema)
Di following research questions dey guide di data collection and analysis.,찻 Di following research questions guided data collection and analysis.
Dire (na urgent or serious situation wey court suppose act fast on am) dey decreased renal function or for cases of acute lymphocytic leukemia.,"찻 Di hyperphospha temia, or abnormally increased (E don big pass before / e climb) levels of phosphate for di blood, oc curs if di renal function dey decreased renal function or for case of acute (fast-fast / sharp-sharp) lymphocytic leukemia."
I tell di reader something about how di data look like before going onto (on top of) do di test,찻 I tell di reader something about what di data look like before goon to do di test
"E dey try using x <-""hello (how dem de greet person) world""and print(x)as awa command.","찻 We go try using x <-""hello (how dem de greet person) world""and print(x)as awa commands"
Di symbol wey dey use to draw di points wey dey plot,찻 E dey tell rwhat symbol to use to draw di points wey dey plot
Di first method dey specially-named method wey dey call init (),찻 Di first method dey specially-named method wey dey call init()
Di posterior probability of rainpph|dqgiven say i am carry umbrella na 51.4% how i calculate dis numbers?,찻 Di posterior probability of rainpphahuldqgiven say i dey carry umbrella na 51. 4%how i calculate dis numbers?
"For law, things no dey simple.","찻 For law, things no dey simple."
E dey good sample output wit few lines removed (bin comot / dem don move am): python fromcount. py enter file name: mbox-short,"찻 Di program wey prompt di user for list of numbers and to write for screen t he maximum (de highest level / e no fit pass dere) and minimum (de smallest / e no fit go down pass dat level) of di numbers for di end wen di user enter""done""."
How do you think society fit ensure di police no violate (to break law / go against rule) citizen's constitutional rights?,찻 How do you think society go ensure di police no violate (to break law / go against rule) citizen's constitutional rights?
Di frontpage newspaper headlines announce on di same day say doctor balk for lie test; retells story,"찻 Di frontpage newspaper headlines don announce on di same day say""doctor balks for lie test; retells story"
"Di bailee dey di only party wey benefit from di bailment, then di bailee must take extraordinary care wit di personal property.",찻 Di bailee must take extraordinary care wit di personal property.
Di turnout say chozin don play very minimal role for writing group paper wey dey compris large portion of di grade for hin geography class.,찻 Dem turnout say chozin don involuntarily (by choice / no be by force) play very minimal role for writing group paper wey dey comprise large portion of di grade for hin geography class.
"Di works of shakespeare, bach, and beethoven, for example, dey for public domain (area / website address).","찻 Di works of shakespeare, bach, and beethoven, for example, dey for public domain (area / website address)."
"I go mention (to talk about am small) di fact say if you dey a matlab user and looking for equivalent (di same thing) of matlab repmat() function, i go suggest to look at di matlab package wey contains rversions of alot of handy matlab functions.","찻 Di fact say if you dey matlab user and looking for equivalent (di same thing) of matlab's repmat() function, i suggest to check di matlab package wey dey contains rversions of alot of handy matlab functions."
"Anxifree: 0.106481093, etc.",찻 Anxifree 0.106481093 0.
"to see a sample, you go run this loop: import random for iinrange( 10): x=random. random()print(x) this program produces (to make) the following list of 10 random numbers between 0. 0 and upto but not including 1.0.","찻 To see sample, run dis loop: import random for iinrange(10): x=random. random()print(x) dis program produce dis list of 10 random numbers between 0. 0 and upto but no include 1.0."
d first parameter go give us access to d object instance (one example of somtin) so we fit set attributes (di construct wey objects or individuals dey distinguished) and call methods using dot notation.,찻 Di first parameter give us access to di object instance (one example of somtin) so we fit set attributes (di construct wey objects or individuals dey distinguished) and call methods using dot notation.
"I go no consider releasing book for di days wen publishing (di business of issuing printed matter for sale or distribution or distribution) dey expensive (E cost / de price high / heavy money) and di internet dey around, i go no consider releasing book for dis form.",찻 I go never consider releasing book for dis form.
I mean say i mean,찻 Na wetin I mean.
We no fit spit out error message if we no fit spit out error message,찻 We don spit out error message.
"As ip law evolved, law wey govern trade secrets (under-carpet mata / hidden tins), patents (law pawa to own idea), trademarks (company brand marks / signs), and copyright don emerge to protect different form of ip.","찻 As ip law evolved, laws wey govern (dey control) trade secrets (under-carpet mata / hidden tins), patents (law pawa to own idea), trademarks (company brand marks / signs), plus copyright don emerge to protect different forms (different styles / papers to fill) of ip."
"We go see shortly (just now / soon-soon), dis hypothesis dey start to sound more like statistical hypothesis than research hypothesis",찻 Di hypothesis dey start to sound more like statistical hypothesis than research hypothesis.
"Di simple way to do dis for ris to use di combine function, c().","찻 Di simple way to do dis for ris to use di combine function, c()."
"Di simple enough, so far na simple enough.","찻 E dey simple enough, so far dat simple enough"
"for example, for your trial against di vehicle (motor / machine to carry load) manufacturer (na persin or company wey dey make goods for sell), you go ask di manufacturer to admit say your specific vehicle dey manufacture (di organized action of making goods and services for sale for sale) on specific date for specific factory.","찻 for example, for your trial against di vehicle (motor / machine to carry load) manufacturer (na persin or company wey dey make goods for sell), you go ask di manufacturer to admit say your specific vehicle dey manufacture (di organized action of making goods and services for sale for sale) on specific date for specific factory."
Di function random return random float between 0. 0 and 1. 0(including 0. 0 but no 1.0).,찻 Di function random return random float between 0. 0 and 1. 0(including 0. 0 but no 1.0).
"Di first chief justice, travel to Europe while hin dey chief justice to negotiate (to drag price / reason am) di jay treaty (official agreement between two or more countries — dem usually sign am) with great britain.","찻 Di first chief justice, travel to Europe while hin dey chief justice to negotiate (to drag price / reason am) di jay treaty wit great britain."
"Di residuals dey residual as: iyi^yi wey for turn means say we fit write down di complete linear regression model as: yib1xi wey dey residual, and we goto talk about di dierence between di model prediction (di act of predicting (as by reasoning about di future)) and dat actual data point as residual, and we goto talk about am as i.","찻 Di statisticians (pipo wey sabi statistics) love to attach letters, names and numbers to all, let to talk about di dierence between di model prediction (di act of predicting (as by reasoning about di future)) and say actual data point as residual, and we go to talk about am as i."
"Di sockets dey use to communicate (di transmit information wey dem transmit information) wit a kompia wey dey host and serve wesait, wey dey store and manage file and data make dem dey accessible through intanet or wit mail (letter / message wey pass post or email) server or many oda kind of servers.",찻 Sockets fit be used to communicate (di transmit information wey dem transmit information) with a web server or with a mail (letter / message wey pass post or email) server or many other kinds (different types / varieties) of servers.
Wesley and croker don play di game for di rest of dia lives (different people life)?,찻 Dem play di game for di rest of dia lives (different people life)?
E dey clear say dis effort and di loss wey she dey feel for her son na serious.,찻 E dey clear say dis challenge and di loss wey dem feel forersonisserious.
python jump out of di tryblock and execute (to do wetin you tell am) di sequence of statements for di except block.,"찻 Di try block, python jump out of di tryblock and execute (to do wetin you tell am) di sequence of statements for di except block."
I believe say di concept of equal access must accord more flexibility (di property of being flexible) for order to accommodate di practical (something wey person fit do / no be just talk) distinctions (di difference) between di press and di general public.,찻 I believe say di concept of equal access must be accord more flexibility (di property of being flexible) for order to accommodate di practical (something wey person fit do / no be just talk) distinctions (di difference) between di press and di general public.
"Di mychromosomal gender dey almost (kpam-kpam / true-true / without doubt) go be male (xy) orfemale (xx), but there dey few oda possibilities (A future prospect or potential).","찻 Di mychromosomal gender dey almost (kpam-kpam / true-true / without doubt) go be male (xy) orfemale (xx), but na few oda possibilities (A future prospect or potential)."
"For di iconoclastic period of di eighth to ninth (number nine) centuries, di byzantine empire, and di capital (moni wey person use take start business) city of constantinople(modern istanbul), dey convuls wit di question of whether religious (matter of church or mosque / person wey follow God) images wit human figures(called ""icons"") dey appropriate, or whether such images dey in effect idols, akin to di statues of gods for ancient greece and rome.","찻 Di iconoclasm during di iconoclastic period of di eighth to ninth (number nine) centuries, di byzantine empire, and its capital (moni wey person use take start business) city of constantinople(modern istanbul), dey convulsed wit di question of whether religious (matter of church or mosque / person wey follow God) images wit human figures(called ""icons"") dey appropriate, or whether such images dey in effect idols, akin to di statues of gods for ancient greece and rome."
Di c. l. p.,"찻 Di c. l. p. sign di following resolution for reference (citation / to point to where info dey) to political action, among odas proposed (to suggest / plan wey dem bring out for discussion) by di committee (group wey dem set up to do special work): di c. l. p."
Di researchers start to openly discuss di politics wey dey behind di scholarly (something wey concern serious school or research work) and institutional (wey dey relating to or constituting or involving institution) silence (quiet / no talk) on race and diversity wey affect multilingual and multicultural writers.,"찻 As diversification trends continue to evolve across campuses (all di compound and building of a skul or university) nationwide, researchers dey begin to openly discuss di politics behind di scholarly and institutional silence (quiet / no talk) on race and diversity wey affect multilingual and multicultural writers."
Di interpretation of 95%con dence interval must get something to do wit replication (di act of make copies).,찻 Di interpretation of 95%con dence interval must get something to do wit replication (di act of make copies).
"Every common to see pipo present""aggregated (put together)"" data of some kind; and sometimes, when you to check well and find di first numbers yourself, you go see say di wey dem put together tell different story from di disaggregated (break down) data.","찻 E dey common to see pipo present ggregated data of some kind; and sometimes, wen you dig deeper and nd di first numbers yourself, you nd say di aggregated (put together) data tell a dierent story to di disaggregated data."
"Di provision, apparently (di appearance wey dey alone from appearances alone) so unnecessary (we no need necessary) to legitimate prosecution of intimidation, na so sake of dat quite enough to raise di question whether virginia's contentbased statute seeks (person wey dey find / look for) more than mere protection against a virulent form of intimidation.","찻 Di provision, apparently (di appearance wey dey alone from appearances alone) so unnecessary to legitimate prosecution of intimidation, dey therefore quite enough to raise di question whether virginia contentbased statute seeks (person wey dey find / look for) more than mere (just / ordinary) protection against virulent form of intimidation."
"Furthermore (join join / more-so), those wey dey unbanked (when person no get any bank account or access to banking services) dey experience more structural barriers such as understanding di banking system, documents (files / papers wey get important info) and process.","찻 Furthermore (join join / more-so), those wey dey unbanked (when person no get any bank account or access to banking services) dey experience more structural barriers such as understanding di banking system, documents (files / papers wey get important info) and process."
Dem talk about fisher's approach,찻 Dem talk about fisher's approach
Di portability property of a program wey dey run on more than one kind of computer.,찻 Di property of a program wey fit run on more than one kind of computer
"Na okay, let's start","찻 E dey okay, let get start"
"Through dis program, Mexican immigrants begin to establish homes (where person dey stay) and netwok of pipo wey dey connect through tori, especially dem wey dey use intanet, like facebook, wey pipo dey share tori, foto, and vidio for U. S, and in turn, help friends and family to come to U. S. both legally (inside law / wetin law gree make person do) and illegally.","찻 Through dis program, Mexican immigrants began (bin start / how e take take off) to establish homes (where person dey stay) and social networks for U. S, and in turn, help friends and family to come to U. S. both legally (inside law / wetin law gree make person do) and illegally."
I go read di statute as criminalizing firstamendment -protected pure speech and association only wen di defendant know or intend (plan to / mind set) say those activities go assist (to help) di organization's unlawful (something wey law no gree / illegal) terrorist actions.,찻 I go read di statute as criminalizing First amendment (wey go bring freedom to pipo) -protected pure speech and association only wen di defendant know or intend (plan to / mind set) say those activities go assist di organization's unlawful (something wey law no gree / illegal) terrorist actions.
"For di most part, di dierent devices (machines wey dey save) all behave di same way, so you no need to know much about di dierences wey dem dey between dem wen learn how to draw pictures","찻 Di dierent devices (machines wey dey save) all dey behave di same way, so you no need to know much about di dierences wey dey between dem wen learning how to draw pictures"
"Di court state for ne w york times co. v. sullivan:""allowance (money or somtin wey dem give for somtin wey de wan do) of di defense of truth, wit di burden of proving (to show prove / confirm) am on di defendant, no mean say only false speech go deterred","찻 Di court tok say for ne w york times co. v. sullivan:""allowance of di defense of truth, wit di burden of proving (to show prove / confirm) am on di defendant, no mean say only false speech go deterred"
Di rst row actually contains di column name and no data.,찻 Di rst row actually contains di column name and no data.
"My default position dey say e dey worth includin di eect size, but no dey worry about di con dence interval unless di assignment ask you to or implies (meaning say / suggest) say you need.","찻 Di default position na say e dey worth includng di eect size, but don worry about di con dence interval unless di assignment ask you to or implies (meaning say / suggest) say you go."
"Na many times for di business world, im pay to be exceptional (di usual for magnitude or degree or degree) and different","찻 Di business world, e pay to be exceptional (di usual for magnitude or degree or degree) and different."
Di kidney dey important for determining (to finalize / find de real answer) di c oncentr ation of red blood cells?,찻 Di kidney dey important for determining (to finalize / find de real answer) di concentration (di strength of solution) of red blood cells?
"For order to understand dis, you need a slightly deeper understanding of what anova dey and what di mean square value dey actually dey.",찻 E need a slightly deeper understanding of what anova dey and what di mean square values actually dey.
Di judgment accordingly dey affirmed,찻 Di judgment accordingly dey affirmed
Di landlord (person wey get house or land and e use am rent) go be very happy (make person like wetin de happen) about dat,찻 Di landlord (person wey get house or land and e use am rent) go dey happy (make person like wetin de happen) about dat
Di main arguments to di function dey x,찻 Di main argument to di function dey x
E tell you what type of test wey dey ran and di data wey dey test am on.,찻 Di type of test wey dey ran and di data wey dey test am on.
"Di answer:> sort(fac) [1]zebra swing aardvark levels: zebra swing aardvark dey sort di data into di numerical order wey di factor levels, no di alphabetical order wey di factor levels.","찻 Zebra swing aardvark e sort di data into di numerical order implied (no dey state clear but persin sabi by action or situation) by di factor level, no di alphabetical order implied by di label attached (join body / connected) to those level."
Di instance (one example of somtin) wey di falsity of speech bear (to carry load / endure wahala / get fruit) upon whether e dey protected,"찻 Di law and tradition show, then, na instance (one example of somtin) wey di falsity of speech bear (to carry load / endure wahala / get fruit) upon whether e dey protected"
"Dem tok say since di fda approve di label, lawsuits (court cases / dragging for kote) arguin say di label dey inadequate (di requisite qualities or resources to meet task) dey pree mpted.","찻 Na since di fda approve di label, lawsuits (court cases / dragging for kote) arguing (to drag mata / talk back and forth) say di label dey inadequate (di requisite qualities or resources to meet task) dey pree mpted."
"We get di simple equationiyi^yi dis dey ofcourse wey we saw earlier, and unless i speci cally to talk about some oda kind of residual, dis na di one wey we dey tok about.","찻 Di very simple equation wey dey ofcourse wey we saw earlier, and unless i speci cally to talk about some oda kind of residual, dis na di one wey dey talking about."
"Di family social science department head, tok say 'yes' wen we ask herifwe go develop and teach (to show person de way / lecture) graduate course onimmigrant andrefugee families, dicourse wey dem born.","찻 Celia jaes falicov, ph. d. clinical professor, department of family medicine and public health university of california, san diego acknowledgements dr. janmcculloch, former (de one before / ex-oga) family social science department head, tok say 'yes' wen weask her rif we go develop andteach agraduate course onimmigrant andrefugee families, dicourse wey diideas for dis textbook dey born."
"DOI: 10.1080 01634372.2014.923085 Newburger, E,& Gryn, T.(2009).","찻 DOI: 10.1080 16034372.2014.93085 Newbur Ger, E,& Gryn, T.(2009)."
"For awa example, we go mean we dey calculate x67","찻 Di example, we go mean we dey calculate x67"
Di colour wey we use toll di box?,찻 Di colour wey we use toll di box?
"Di nurses shift from academic to workplace (office / site / work area) setting, dem start to see di significance (di quality of being significant) of di genre to dia professional work and""began to perceive differences between di way dem don done care plans (arrangements / formats / goals) while for university and those wey dem go do on di unit""(p. 415).","찻 Di nurses shift from academic to workplace (office / site / work area) setting (where de mata happen / environment), however, dem start to see di significance (di quality of being significant) of di genre to dia professional work and""began to perceive differences between di way dem dey do care plans (arrangements / formats / goals) while for university and those wey dem dey do on di units""(p. 415)."
Na women and children wey dey present for di corridor,찻 Di corridor dey present for di corridor
"I write script, wey i keep tweaking until e produce di gure wey i waned.","찻 I write script, wey i keep tweaking until e produce di gc wey i waned."
"Di roughly 28-day cycle wey dey correlated (di reciprocal or mutual relation to bear reciprocal or mutual relation) wit, but no be di same as, di menstrual cycle (discussed shortly).","찻 Di roughly 28-day cycle wey dey correlated (di reciprocal or mutual relation to bear reciprocal or mutual relation) wit, but no dey di same as, di menstrual cycle (discuss shortly)."
"For di prevailing (for number, quantity, power, status or importance or importance) diories and methods of measuring transfer work well for studying full blown expertise, but dem represent too blunt instrument for smaller change for learning wey lead to di development of expertise.","찻 Di prevailing theories (ideas / school of thought / how dem tink say tin be) and methods of measuring transfer work well for study full blown expertise, but dem represent too blunt instrument for smaller change for learning wey lead to di development of expertise."
Di justices (big-big judges for higher court) dey interest no for di attorneys wey dey repeat di facts for di brief but rather for probe di weaknesses (di flaw or weak point or weak point) of dia argument and di implications (wetin something fit cause or mean) should dia side win.,찻 Di justices (big-big judges for higher court) dey interest no for di attorneys repeat (di third cycle word) di facts for di briefs (small talk / summary wey lawyer write) but rather for probing di weaknesses (di flaw or weak point or weak point) of dia arguments and di implications (wetin something fit cause or mean) go dia side win.
gluconeogenesis go also begin for di liver to replace di glucose wey dey used by di peripheral tissues,찻 Di gluc oneog enesis go begin for di liver to replace di glucose wey dey use by di peripheral tissues.
Di powertransform() function for di car package wey fit estimate di best value of.,찻 Di powertransform() function for di car package wey fit estimate di best value of.
"Di wise man, therefore, proportion hin belief (wetin person believe / faith) to di evidence.","찻 Di wise man, therefore, proportion hin belief (wetin person believe / faith) to di evidence."
E dey another environment.,찻 Di package wey you don load na one environment.
Na actually wey dey happen wit awa example above.,찻 E dey actually wey dey happen wit awa example above.
She dey arrest and convicted (na wen court or jury find persin guilty of criminal charge) of conspiracy and provid material support to terrorists (di radical wey employ terror as political weapon).,찻 She dey convicted (na wen court or jury find persin guilty of criminal charge) of conspiracy and providing (to dey give / as far as) material support to terrorists (di radical wey employ terror as political weapon).
"Many healthcare providers find am difficult to provide adequate language services, as dem fit be understaffed, underfunded, and often no fit provide service due to other demands (requests / wetin person say ""must"" happen) of di job.","찻 Many healthcare providers dey find am difficult to provide adequate language services, as dem fit be understaf fed, underfunded and often unable to provide service due to other demands (requests / wetin person say ""must"" happen) of di job."
"Di endometrium contain c onnectiv e tissue lining, di lamina pr opria, wey dey covered (something wey security or insurance don take care of) by epithelial tin sue wey dey line di lumen.","찻 Di endometrium contains con onnectiv e tissue lining, di lamina pr opria, wey dey covered (something wey security or insurance don take care of) by epithelial tissue wey dey line di lumen."
"Grand literary works, such as shakespeare's hamlet or beethoven's fifth symphony, fit be performed (bin do de work / finish de task) plus by anyone at anytime without seeking permission or paying (to drop money / settle bill) any fees (money for service / payment for work done) or royalties.","찻 Di grand literary works, such as shakespeare hamlet or beethoven's fifth symphony, go perform and (bin talk wetin happen / record) by anyone for anytime without seeking (to look for / desire) permission (di approval to do something) or pay any fees (money for service / payment for work done) or royalties."
One possible solution to di problem go be to take all dis calculations and turn dem into some rfunctions (one R function) yourself.,찻 Di problem go be to take all dis calculations and turn dem into some rfunction (one R function) yourself.
"if we continue for dis sample program, we go seed first line of code wey we go fit execute (to do wetin you tell am): an=partyanimal() na where we go instruct python make e construct(i. e, create) an object or instance (one example of somtin) of d class party animal.","찻 Di first executable line of code: an=partyanimal() dis na where we instruct python to construct(i. e, create) object or instance (one example of somtin) of di class partyanimal"
Di valid reasons dey known as defenses (all de yans wey lawyers talk to protect person for kote) to contract,찻 Di valid reasons dey known as excuse (to give reason for mistake / pardon) for kots to contract
Di death of millions dey statistic,찻 Di death of millions dey statistic.
"Di decision make as to limitations on di size and content of di paper, and treatment of public issues and public officials- whether fair or unfair- constitute (to be) di exercise of editorial control and judgment.","찻 Di choice of material to go into newspaper, an d di decision wey dey make as to limitations on di size and content of di paper, and treatment of public issues and public officials- whether fair or unfair- constitute (to be) di exercise of editorial control and judgment."
"Di convention dey report di test statistic, then di sampling distribution, and then dip-value.","찻 Di convention dey report di test statistic, then di sampling distribution, and then dip-value."
"Di number of incoming links, di old page rank (to put for order), di new page rank, di id of di page, and di url of di page.","찻 Di show di number of incoming links, di old page rank (to put for order), di new page rank, di id of di page, and di url of di page."
Di family don release unharmed.,찻 Di family dey release unharmed
"Di plaintiff's contributory or comparative negligence (na wen persin no dey give proper care, and dis cause harm) no dey defense.","찻 Di plaintiff's contributory or comparative negligence (na wen persin no dey give proper care, and dis cause harm) no dey defense."
Di congress don approve cost-of-living increase for judges.,찻 Dem don approve cost-of-living increase for judges.
"For di study of chance, di model dey known, but di data no dey.","찻 For di study of chance, di model dey known, but di data no dey."
Di question dey no di question,찻 Di question no dey di question
"Di power to establish post (to send message / position for work) office and post road and to protect Ideas, books, music, inventions (di Creation of something for di mind) and creative works wey law dey protect as belonging to someone for copyright and patents (law pawa to own idea).","찻 Congress h as di power to establish post (to send message / position for work) offices plus post roads plus to protect Ideas, books, music, inventions (di Creation of something for di mind) and creative works wey law dey protect as belonging to someone inside copyrights plus patents (law pawa to own idea)."
"Di buyer (pesin wey buy market / customer) and seller go negotiate contract, wey go contain all essential terms of di sale, such as location of di real property, price, fixtures (fix-property / things-wey-dey-ground / attachment) wey dey excluded (comot / no follow join) from sale, and di type of ownership interest wey dey transferred.","찻 Di buyer (pesin wey buy market / customer) and seller go negotiate (to drag price / reason am) contract, wey go contain all essential terms of di sale, such as location of di real property, price (how much dem dey sell am), fixtures wey go exclude (to remove) from sale, and di type of ownership interest wey dey transferred (dem transfer somebody to different position or location of work)."
"As di stipulation note, di demonstrators no respond to verbal directions (di line wey dey leading to place or point or point) from di sheriff to clear di street (road / where houses dey).","찻 As di stipulation also notes (small-small write-up / observations), di demonstrators no respond to verbal direction (which way e dey go)""from di sheriff to clear di street (road / where houses dey)."
"acetyl coa go enter di krebs cycle by combining with four-carbon molecule, oxaloacetate, to form di sx-carbon molecule citrate, or citric acid, at di same time e go release di coenxyme a molecule","찻 Di ac etyl coa enters di k rebs cycle by combining wit af our-carbon molecule, oxaloac etat e, to form di six-carbon molecule citr ate, or citric acid, for di same timer eleasing di c oenzyme molecule."
"Di statutory statement and di house report use broad (E wide well-well / e cover many things) terms like""contributions (support / money wey people join together)"" and""services"" wey dey construct as encompassing (for scope) di plaintiffs activities.","찻 Di statutory statement and di house report use broad (E wide well-well / e cover many things) terms like""contributions (support / money wey people join together)"" and""services"" wey dey construct as encompassing di plaintiffs' activities."
"Di world dey messy, dis no dey possible.","찻 Di world dey messy, dis no possible"
"If di factfinder dey to know di prima facie evidence provision, as di jury dey in respondent black case, di provision go get di practical (something wey person fit do / no be just talk) effect of tilting di jury's thinking (to reason / deep thought) for favor (to help person / partial follow-up) of di prosecution.","찻 If di factfinder dey to know di prima facie evidence provision, as di jury dey for respondent black case, di provision go get di practical (something wey person fit do / no be just talk) effect of tilting di jury's thinking for favor (to help person / partial follow-up) of di prosecution."
"E no be scienti c research hypothesis, na pop song.","찻 Di scientific research hypothesis no dey true, then dis no dey scienti c research hypothesis, na pop song"
Di example of exculpatory clause wey you don sign.,찻 Di example of exculpatory clause wey you don sign.
"For 2012 di highest (de oga kpatakpata / top level) number of refugees wey one country set as limit to accept per year dey set at 76,000 and total 58,179 refugees come to U. S.","찻 For 2012, di refugee ceiling wey dey state get 76,000 and total 58, 179 refugees come to U. S."
"Di trivial burden on free expression wey dey employed (person wey get work / oga don hire) by requiring (dem need am / e gats dey dere) say a available, alternative mode (di one wey show most) of expression- including uttering words critical of di flag, be employed.","찻 Di trivial burden on free expression wey dey require say available, alternative mode (di one wey show most) of expression- including uttering words critical of di flag, be employed (person wey get work / oga don hire)."
"E dey e good to talk about""twice di how fast (fast-fast / sharp-sharp) person answer""(2 ×RT), or""di how fast person answer plus 1 second""(RT +1).","찻 E dey perfectly sensible to talk about wice di how fast (fast-fast / sharp-sharp) person answer"",2 rt, or di time wey e talk plus 1 second"", rt"
"Di joint probability of di hypothesis and di data dey written ppd; hq, and you fit calculate am by multiply di prior pphqby di likelihood ppd","찻 Di joint probability of di hypothesis and di data dey written ppd; hq, and you fit calculate am by multiplying (di combine combine combine combine combine combine combine combine combine combine combine) di prior pphqby di likelihood ppd garnhq."
Di classic (old-school / standard) dictum of justice holmes for di schenck case wey speech per se receive say emphasis for majority opinion.,찻 Di classic (old-school / standard) dictum of justice holmes for di schenck case wey speech per se receive say emphasis for majority opinion.
We go ask for di idvalue for awa code and store am for a variable for later use.,찻 We go ask for di idvalue for awa code and store am for a variable for later use.
"Dem charge wit gross neglect of duty, illicit relations (na legal connections between parties wey define dem rights and duties) wit gangsters, and wit participation for graft.","찻 Di charges (accusations / prices for work) dey direct against di chief of police; hin charge wit gross neglect of duty, illicit relations (na legal connections between parties wey define dem rights and duties) wit gangsters, and wit participation for graft."
"for example, if you rent an apartment (rooms for building wey pipu de live for), house, or dormitory room from campus (all di compound and building of a skul or university), you be a tenant with a leasehold interest.","찻 for example, if you rent apartment (rooms for building wey pipu de live for), house, or dormitory room from campus (all di compound and building of a skul or university), you dey tenant wit a leasehold interest."
"Your computer or personal digital (computer style / something wey concern internet) assistant (pda) dey usually contain many programs from different programmers, each go dey compete for your attention.","찻 Di computer or personal digital (computer style / something wey concern internet) assistant (pda) usually contain many different programs from many different groups of programmers, each competing (dragging / to contest with oda people) fo r your attention and interest."
I focus exclusively on di logic underpinning bayesian (one kind of statistical method) statistics.,찻 I dey focus exclusively on di logic underpinning bayesian (one kind of statistical method) statistics.
She wander into one resident (person wey dey stay for place) room and pickup antique vase from di oda resident's bureau.,찻 She wanders into another resident (person wey dey stay for place) room and pick up antique vase from di oda resident bureau.
"Di progesterone fit bind (tie / hold together) to receptors f or which hormone wey, wen released, active (person or tin wey dey move / e dey function) ates water retention?","찻 Di a. tea b. coffee c. alcohol d. milk 26. progesterone fit bind (tie / hold together) to receptors f or which hormone wey, when release, active (person or tin wey dey move / e dey function) water retention?"
"Di bodies dey create from fats and serve as di preferential (di partiality dey manifest partiality) fuel source for di heart (di tin wey de make blood move for bodi) and oda orGans, so say di brain fit use glucose.","찻 Di ketone bodies dey created (something wey dem build or make) from fats and serve as di preferential fuel source for di heart (di tin wey de make blood move for bodi) and oda organs, so say di brain fit use glucose."
"Di central (main side / middle / very important) role reading play for most of di disciplinary course, summarization (di act of preparing summary (or an instance thereof)), wey dey entails adequate reading comprehension, don become tacit need for source-based assignments, although few instructors (teachers / lecturers / those wey dey give direction) directly explain dis to di participants of di study.","찻 Di central (main side / middle / very important) role reading play for most of di disciplinary course, summarization (di act of preparing summary (or an instance thereof)) wey dey entails adequate reading comprehension, don become tacit need for source-based assignments, although very few instructors (teachers / lecturers / those wey dey give direction) directly explain dis to di participants of di study."
He don offer example of successful (dem dey having succeeded or being marked by favorable outcome) multilingual student wey dey develop as both professional and as writer.,찻 Di example of successful (dem dey having succeeded or being marked by favorable outcome) multilingual student wey develop as both professional and as writer.
so now d output go finally look like wetin we want for our word frequency (how many times something dey happen) analysis.,찻 Di output finally look like what we wan for awa word frequency (how many times something dey happen) analysis
Why go you go get to pay damages to di bank but no to your former (de one before / ex-oga) best friend?,찻 Di why go pay damages to di bank but no to your former (de one before / ex-oga) best friend?
"Di work wit graduate students as a writing tutor (private teacher / coach) dey one of my motiva - tions for di project, but i no dey tutor for di study.","찻 I no dey tutor (private teacher / coach) for di project, but i no dey tutor for di study."
"However, some losses and di accompanying grief dey disenfranchised, meaning say grief dey occur wen loss dey experienced (sabi person / person wey don see things) but e no dey recognized by others as loss.","찻 However, some losses and di accompanying grief dey disenfranchised, meaning say grief dey occur wen aloss dey experience but no dey recognized by oda as loss."
Explore di concept of misappropriation plus di legal consequences (wetin follow de action / outcome of wahala).,찻 Di concept of misappropriation and di legal consequences (wetin follow de action / outcome of wahala).
"We go allow state to""prescribe what shall be orthodox (di normal way)""by say one go burn di flag to convey (to pass message / move something from A to B) one attitude toward di flag and its referents only if one no endanger di flag's representation of nationhood and national unity.","찻 We go allow state to""prescribe what shall be orthodox (di normal way)""by say one go burn di flag to convey (to pass message / move something from A to B) one's attitude toward am and its referents only if one no endanger di flag representation of nationhood and national unity."
For alternative dispute resolution (adr) dey term wey dey compass many different methods of dispute resolution oda than litigation.,찻 Alternative dispute resolution (adr) na a term wey encompasses boku different methods of dispute resolution other than to drag matter for kot.
"Di extensible markup language(xml) don dey use for longtime and dey best suited for exchanging (one another give to, and receive from, one another) document-style data.",찻 Di extensible markup language(xml) don dey use for very longtime and dey best suite for exchanging document-style data.
"Studying di how law things be of business helps us understand how to reduce wahala of wey go pay for damage, identify legal problems wey require an help from lawyer, plus identify di links between business plus di law.","찻 Di legal environment of business help us understand how to reduce liability risk, identify legal problems wey require attorney's assistance, and identify di link between business and di law."
Di example of secondary (level wey follow / not as important as de main one) memory include disk drives and flash memory for usb stick.,찻 Di example of secondary (level wey follow / not as important as de main one) memory include disk drives and flash memory for usb sticks.
"pipo wey good for making (to dey build or produce something) tests go actually to try to provide""test norms"" wey fit apply to plenty different populations(e. g, different age groups, nationalities, etc.).","찻 Di good test designers go actually goto some lengths (how e long reach) to provide est norms"" wey fit apply to lots of dierent populations(e. g, dierent age groups, nationalities etc)."
Di part of government wey dey carry out and enforce (to force people make dem follow law) laws— led by President or Prime Minister seem to get forgotten di essential purpose and history of First amendment (wey go bring freedom to pipo).,찻 Di part of government wey dey carry out and enforce (to force people make dem follow law) laws— led by President or Prime Minister don forgotten di essential purpose and history of First amendment (wey go bring freedom to pipo).
"Di judgment, most situations wey di state don get justifiable interest for regulating (di act of controlling or directing according to rule) speech go fall within one or more of di various established (dem set up or find dem) exceptions (di deliberate act of omission wey dey deliberate act of omission) wey dey discuss above but no dey applicable here, to di usual rule say gomental bodies no prescribe di form or content of individual expression.","찻 We no overemphasize say, for awa judgment, most situation wey di state don get justifiable interest for regulating (di act of controlling or directing according to rule) speech go fall within one or more of di various (many different-different types) established (dem set up or find dem) exceptions (di deliberate act of omission wey dey deliberate act of omission), discuss above but no applicable here, to di usual (normal-normal / as e dey always be) rule say governmental bodies no prescribe di form or content of individual expression."
"Di data from both groups(male and female)dey pretty borderline: by pure chance, one of dem don end upon di magic side of dip: 05 line, and di oda one no dey borderline","찻 For pure chance, one of dem don end upon di magic side of di p:05 line, and di oda one no dey."
Di part of your job dey take these statistics and turn dem into a description (di statement wey represent something for words wey represent something for words),찻 Di part of your job dey take these statistics and turn dem into description (di statement wey represent something for words wey represent something for words).
Di topic wey we go discuss later.,찻 Di topic wey dey discuss later
"Immigrants dey face significant stressors as dem dey seek employment and new life for U. S, wen dem dey face discrimination along di way.","찻 Immigrants dey face significant stressors as dem dey seek employment and new life for U. S, wen dem dey face discrimination along di way."
We don show no evidence say substantial numbers of citizens dey standing (level / position / right to carry mata go kote) ready to strike (drop-tool / work-stop) out physically for whoever dey assault dia sensibilities wit execrations like say cohen.,찻 We don show no evidence say substantial number of citizens dey standing (level / position / right to carry mata go kote) ready to strike (drop-tool / work-stop) out physically for whoever dey assault dia sensibilities wit execrations like dat uttered by cohen.
Na powerfully and directly influence by di hormone adh.,찻 Di water recovery dey also powerfully and directly influence by di hormone adh.
Di each of dis dey sensible,찻 E dey sensible.
Di question whether di same standard go be applicable (dem dey capable of being applied) both to persons voluntarily (by choice / no be by force) and involuntarily (di will dey against your will) thrust into di public limelight no dey here before us.,찻 Di question wey di same standard go dey applicable (dem dey capable of being applied) both to persons voluntarily (by choice / no be by force) and involuntarily (by choice / no be by force) thrust into di public limelight no dey before us.
"when you wan do one or very few operations (dem do wit di execution of trades and keeping customer record) for text file, you fit just open am for di editor for words and make d changes (adjustments / turns) wey you want.","찻 For when you wan to do one or very few operations (dem do wit di execution of trades and keeping customer record) on text file, you fit just open am for di editor for words and make di change wey you wan."
"For one side of di wall dey separated area wit two rows of seats (chair / position), wia di jury sit.","찻 Di wallis a separated area wit two rows of seats (chair / position), wey di jury sit."
E dey absolutely (as intensifiers dey use informally as intensifiers) and completely right,찻 E dey absolutely (as intensifiers dey use informally as intensifiers) and completely right
"As you deyfeelguilty, you feel say you dey epunishing someone wey no deypunished","찻 E dey shard because you dey feel guilty (to get hand for bad tin / kote don find am bad), you feel say you dey punishing someone wey no fit dey punished.'"
"Di null idea na say di population mean equal to some speci ed value 0, and di other idea na say nano.","찻 Di null idea na say di population meanis equal to some speci ed value 0, and di other idea na say e no dey."
Di point of reporting (to tell about) your results nato communicate (di transmit information wey dem transmit information) to another human being.,찻 Di point of reporting (to tell about) your results dey to communicate (di transmit information wey dem transmit information) to another human being
"Cox, bobrowski, and maher(2003) support di explicit instruction (di message wey dey describing how something dey done) on summary writing by sharing (to share) dia experience about how one fit teach di business majors to evaluate (to check if something dey correct) source text well and identify di key claim and ideas.","찻 Di cox, bobrowski, and maher(2003) also support explicit instruction (di message wey dey describing how something dey done) on summary writing by sharing dia experience about how to teach (to show person de way / lecture) business majors to critically evaluate (to check if something dey correct) source text and identify key claims and ideas."
"Survivors of all backgrounds dey face substantial barriers (something wey dey prevent you from reaching a place or thing) to seeking (to look for / desire) assistance, such as fear of di abuser (person wey dey mistreat or hurt another person, especially in a relationship) and retaliation.","찻 Survivors of all backgrounds dey face substantial barriers (something wey dey prevent you from reaching a place or thing) to seeking (to look for / desire) assistance, such as fear of di person wey dey use violence, cruelty or control against eachother and retaliation."
Di speaker (person wey dey talk / megaphone) no dey.,찻 Di speaker (person wey dey talk / megaphone) no dey.
"Dire (na urgent or serious situation wey court suppose act fast on am) dey nonr enal mechanism (system wey dey produce one particular result) wey dey involved for dia pr Eser vation, including v asoc onstriction, wey go act within seconds ofa drop for prEssure.","찻 Di blood volume dey important forining sufficient (di quantity wey fit fulfill need or requirement but without being abundant) blood pressure, and nonr enal mechanisms (system wey dey produce one particular result) wey dey involved for its pr eser vation, including v asoc onstriction, wey fit act within seconds ofa drop for pressure."
"As di name of a function, and you go avoid having a variable and a function wit di same name.","찻 Di keyword as di name of a function, and you go avoid having a variable and a function wit di same name."
Di criminal law differ from civil law for several important way.,찻 Di criminal law differ from civil law for several important way.
"If someone no read or speak (to yan / talk / express mind) di language wey di contract dey written, e fit also indicate lack of capacity (di highest wey somtin fit contain or do).","찻 If someone no read or speak (to yan / talk / express mind) di language wey di contract dey write, dat fit also indicate lack of capacity (di highest wey somtin fit contain or do)."
Di most important reason na say psychology dey statistical science,찻 Di most important reason na say psychology dey statistical science
"Remember, too, wey di statute of frauds (different-different wayo moves) requires (E gats happen / e need am) certain contracts to be inside writing plus signed by di person wey dem carry go kot to be enforceable (na wen court fit force persin follow agreement or ruling) against di person wey dem carry go kot.","찻 Remember, too, wey di statute of fraud requires (E gats happen / e need am) certain contracts to be inside writing plus signed by di person wey dem carry go kot to be enforceable (na wen court fit force persin follow agreement or ruling) against di person wey dem carry go kot."
"E dey also some key dierences, so e important to talk about matrices for little detail",찻 E dey important to talk about matrices for little detail.
"Di real world scenario, you go get di actual numbers store for a variable of some kind, just like we get wit di afl. margin variable.","찻 For almost every real world scenario, you don get di actual numbers wey dey store for a variable of some kind, just like we get wit afl. margin variable."
Di sense wey student wey turn upto class(i. e.,찻 Di sense wey a student wey turn upto class(i. e.
Dis one na main effect of sugar?,찻 Di main eect of sugar?
"If I just create plain (normal-normal / e clear / e no get decoration) vector, I goto remember to know which element correspond to which event.",찻 I don rely on memory to know which element correspond to which event.
"For justinian' s rebuilding of di church of di holy apostles for constantinople, wey five domes covered (something wey security or insurance don take care of) di cruciform (crossshaped) building.","찻 Di spatial unit (one single piece / section) wey dey form by di dome on pendentives go also use as design module, as at justinian's rebuilding of di church of di holy apostles for constantinople, wey five domes cover di cruciform (crossshaped) building."
These visas dey give survivors of IPV temporary (for now-now / e no go last) legal status and di ability to work.,찻 These visas give survivors of IPV temporary (for now-now / e no go last) legal status plus di ability to work.
How true na dat?,찻 How true dey dat?
"Dem prohibit acts (deeds / many laws wey don pass) of retaliation against anyone wey complain about, or participate for, any employment discrimination complaint.","찻 Dem prohibit acts (deeds / many laws wey don pass) of retaliation against anyone wey complain about, or participate for, any employment discrimination complaint."
Healthcare providers fit require more training (to learn work / practice to sabi something well) about how to work collaboratively wit new populations of refugees to assess di mental health effects of war.',찻 Healthcare providers fit require more training (to learn work / practice to sabi something well) about how work collaboratively wit new populations of refugees to assess di mental health effects of war'.
"Di duty of di marshal of di district wey any alien enemy shall be, wey by di president of di united states, or by order of any court, judge or justice, as aforesaid, go dey require to depart, and to execute (to do wetin you tell am) such order, by himself or hin deputy, or oda discreet person or persons wey dem dey employed (person wey get work / oga don hire) by him, as aforesaid, go execute such order, by himself or hin deputy, or oda discreet person or person wey dey employed by him,","찻 Di duty of di marshal of di district wey any alien enemy go dey apprehended, wey by di president of di united state, or by order of any court, judge or justice, as aforesaid, go need to depart, and to be removed (bin comot / dem don move am), as aforesaid, to provide therefor, and to execute such order, by himself or hin deputy, or oda discreet person or persons wey dem employ, by causing (wetin make tin happen) removal of such alien out of di territory (na land area or region wey government or persin dey control) of di united state; and for such removal di marshal go get di warrant (official paper to arrest person or search house) of di president of di united state, and for such removal di marshal go get"
"If you go get suggestion (di idea wey dey suggest for di idea wey dey suggest) or correction (di act of offering improvement to replace mistake), please send email (electronic message wey person de send or collect on top internet) to.","찻 If you go get suggestion (di idea wey dey suggest for di idea wey dey suggest) or correction, please send email (electronic message wey person de send or collect on top internet) to."
"for example, pipo fit experience sense of helplessness, damaged (spoil / wound) trust, shame and or humiliation associated wit traumatic experiences such as rape, physical violence, witnessing death, being forced (by force-by-force / dem use pawa do am) to violently turn on one another, and having to flee homes (where person dey stay).","찻 for example, pipo fit experience sense of helplessness, damaged trust (to believe person / keep secret or money with person), shame and or humiliation associated wit traumatic experiences (things person don see) such as rape, physical violence, witnessing death, being forced (by force-by-force / dem use pawa do am) to violently turn on oneanother, and having to flee homes (where person dey stay)."
Dis govern (dey control) di colour of di lines wey dey draw di things wey dey matter.,찻 Di govern (dey control) di colour of di line wey dey use to draw di relevant elements.
"Di diseases wey dey f di liver or obs tructions of bile dr ainag e from di liver pipo dey a dark"" tea""or ""cola""hue to di urine.","찻 Di liver or obs tructions of bile dr ainag e from di liver impar ta dark"" tea""or ""cola""hue to di urine."
Di dissenters doubted only di probable (likely / fit happen) effectiveness (di quality of being able to bring about effect) of di puny efforts toward subversion.,찻 Di dissenters doubt (shaking mind / when person no sure) only di probable (likely / fit happen) effectiveness (di quality of being able to bring about effect) of di puny efforts toward subversion.
"Dat nato say, we go start by playing with variances, and e go turnout sey dis one give us useful tool (tinwey or ogbe wey dem dey use do sometin or wok) to investigate means.","찻 We go start out by playing around wit variances, and e go turnout say dis give us useful tool (tinwey or ogbe wey dem dey use do sometin or wok) for investigating means."
"Di example, let go through an example",찻 Dem go through example.
Di glucose dey eleased into di bloodstream to serve as fuel source for cells throughout (di first to last to last) di bodi.,찻 Di glucose dey released into di blood tream to serve as fuel source for cells throughout (di first to last to last) di bodi
"p. 913. Lack of language appropriate and culturally competent services— wetin dey stop pipo to tok wella becuz dem no sabi same language, na him dey cause problem for communication dey pose (show / bring problem) critical problem for community-based organizations and for systems like di police, to communicate (di transmit information wey dem transmit information) wit di survivors and their families and to help dem effectively (sharp sharp).","찻 P.913128 immigrant and refugee families lack of language appropriate and culturally competent services language barriers (something wey dey prevent you from reaching a place or thing) dey pose (show / bring problem) critical problem for community-based organizations and for systems like di police, to communicate (di transmit information wey dem transmit information) wit dis survivors and their families and to help dem effectively (sharp sharp)."
"Di monastery's isolated location, fortifications, continuous occupation by monks, as100 smarthistory guide tobyzantine art well as di dry climate of di region, all likely contribute (di quality wey dey bestow a quality on top quality on top) to di preservation of icons for sinai.","찻 Di monastery's isolated location, fortifications, continuous occupation by monks, as100 smarthistory guide tobyzantine art well as di dry climate of di region, all likely contribute (di quality wey dey bestow a quality on top quality on top) to di preservation of icons for sinai."
Di clause incorporate constitutional protections against di state for addition to di federal goment.,찻 Di clause dey incorporate constitutional protection against di state for addition to di federal goment.
"Di sechrist test say dis language make her""very","찻 Di language make her""very."
"Di significant remains (E still dey / e never comot) for rome, wey dey known as tituli, most early sites (building ground / location) of christian worship (to serve God / praise) dey rebuilt and enlarged to give dem suitably public character, thus destroy much of di physical evidence.","찻 Di early sites (building ground / location) of christian worship (to serve God / praise) dey subsequently (afta dat one / de one wey follow) rebuilt and enlarged to give dem suitably public character, thus destroy much of di physical evidence."
Di means say all of di variables( x)and methods( party) from di partyanimal class dey inherited by di cricketfan class.,찻 Di means say all of di variables( x)and methods( party) from di partyanimal class dey inherited by di cricketfan class.
I nd myself really lik di help les(most of dem anyway).,"찻 Di days, i nd myself really like di help les(most of dem anyway)."
"E candidly (bin talk wetin happen / record), hin instructor don require students to read four novels (na someting wey new, nobody never see am before for law case) and write three analytic paper, a requirement wey hin find say he no fit meet partly because, as hin instructor dey require students to read four novels and write three analytic paper, a requirement wey hin find say he no fit meet partly because, as hin suppose fit meet partly because, as hin instructor don require students to read four novels and write three analytic paper, a requirement wey hin find he no fit meet partly because","찻 Di instructor require students to read four novels and write three analytic paper, requirement say hin find hin no meet partly because, as hin candidly report, hin go spend about forty-five minutes (meeting-report / wetin-dem-talk-for-meeting / record) a day reading one of di assigned (dem don give am de work / hand over task) novels before hin become too bored to continue."
"for this reason, some scholars (deep students / book people) dey to talk about byzantium as d""medieval roman""or ""eastern roman""empire.","찻 For dis reason, some scholars (deep students / book people) to talk about byzantium as di""medieval Roman""or ""eastern Roman""empire."
"Di court historian prokopios criticize young men of di capital (moni wey person use take start business) for dressing and arranging dia hair for""persian"" (i. e. Sasanian) and hinnic fashion (style of cloth wey de popular for one time).","찻 Di court historian prokopios criticize young men of di capital (moni wey person use take start business) for dressing and arranging dia hair for""persian"" (i. e. sasanian) and""hunnic fashion (style of cloth wey de popular for one time)""["
Di first klan no dey exist.,찻 Di first klan no exist.
"You cannot (no fit / power no reach) ""get comot"" of di promise without suffering legal detriment.",찻 Di promise without suffering legal detriment.
Di line wey we dey drawing dey call aregression line,찻 Di line wey we dey draw dey call gression line.
Di judiciary (di part of government wey de interpret and use law) need no dey postpone indefinitely (for an indefinite extent) without dey damaging im fabric,찻 Di judiciary (di part of government wey de interpret and use law) needs no dey postpone indefinitely without damaging dia fabric.
"Di imagination don failed (E no work / person wey fall hand) me completely, let's pretend am aest of awesomeness"", and na two groups of pipo, \a""and \b"".","찻 Di imagination don fail me completely, let pretend say na est of awesomeness"", and na two groups of pipo,\a"" and\b""."
"At broader (more wide / general pass) level, host of legal, human rights and policy level changes (adjustments / turns) go need to be achieved nationally and globally to reduce di punitive stressors associated wit undocumented immigrant status, which dey impact di daily (make somtin de sup every day) lives of millions for dis country.","찻 At broader (more wide / general pass) level, cost of legal, human rights and policy level changes (adjustments / turns) go need to be achieved nationally and globally toreduce di punitive stressors associated wit undocumented immigrant status, wey impact di daily (make somtin de sup every day) lives (different people life) of millions for dis kontri."
"Di supreme court don turn di verdict on appeal on grounds (main reasons why dem carry mata go court) of First amendment (wey go bring freedom to pipo), holding (to keep for hand / possession of property) say as public figure, falwell don endure di advertisement.","찻 Di supreme court don overturn di verdict on appeal on grounds (main reasons why dem carry mata go court) of First amendment (wey go bring freedom to pipo), holding (to keep for hand / possession of property) say as public figure, falwell don endure di advertisement."
What be di primary differences between trial plus appellate courts?,찻 What be di primary differences between trial plus appellate courts?
"Di civil rights advocate goto show say regardless (di usually follow by `of') without due thought or consideration or consideration) of what di law tok say, discrimination based on race dey wrong.","찻 Di civil rights advocate go show say regardless (di usually follow by `of') without due thought or consideration or consideration) of what di law"" tok say,""discrimination based on race dey wrong."
We don hold say liability for di defamation (na false statement wey dey harm persin reputation or character) of public official or figure dey require proof say defamatory statements were make wit knowledge or reckless disregard of dia falsity.,찻 We don hold say liability for di defamation (na false statement wey dey harm persin reputation or character) of public official or figure require proof say defamatory statements dey make wit knowledge or reckless disregard of dia falsity.
"for example, if i dey analyse (to look somtin wella to sabi am) data wey dey associated wit football (di kind play wey pipu de use leg knack ball to score) games, i go get factor wey dey call home. team, and another factor wey dey call winning. team","찻 If i dey analyse (to look somtin wella to sabi am) data wey dey associated wit football (di kind play wey pipu de use leg knack ball to score) games, i go get factor wey dey call home. team, and one factor wey dey call winning team."
"He dey quite willing to share hin own struggles and as hin language proficiency grew, so make hin willingness to talk.","찻 E dey quite willing to share hin own struggles and as hin language proficiency grew, so do hin willingness to talk"
"Di internal (for inside) and external constraints (rules wey dey prevent you from going too far) dey all interactive"" (kirkland& saunders,1991, p.114), wey further complicate (E make more complicated) summary proses of puttin down tori for paper, from wen you dey plan am, draft am, edit am, till you finish am well.","찻 Di internal (for inside) and external constraints (rules wey dey prevent you from going too far)""dey all interactive"" (kirkland& saunders,1991, p.114), wey dey complicate (E make more complicated) summary writing process."
"Di perpetrators (dem wey do bad tin, like people wey throw bomb) dey often trust (to believe person / keep secret or money with person) colleagues wey no fit fall under di suspicion of odas.","찻 Di perpetrators (dem wey do bad tin, like people wey throw bomb) dey trust (to believe person / keep secret or money with person) colleagues wey no fall under di suspicion of odas."
"Di idea behind punitive (na damages wey pass compensation to punish wrongdoer and stop future harm) damages na say compensatory damages dey inadequate (di requisite qualities or resources to meet task) to deter future bad conduct, so additional damages dey necessary to ensure di defendant correct dia way to prevent future injuries (wounds / damages to body or mind).","찻 Di idea wey dey behind punitive (na damages wey pass compensation to punish wrongdoer and stop future harm) damages dey say compensatory damages dey inadequate (di requisite qualities or resources to meet task) to deter future bad conduct, so additional damages dey necessary to ensure di defendant correct dia way to prevent future injuries (wounds / damages to body or mind)."
"While you might enjoy apple products (all de things wey dem produce to sell) as a consumer (person wey buy and use market), get you ever (anytime / since world start) thought about apple as a corporation?","찻 While you fit enjoy apple products (all de things wey dem produce to sell) as a consumer (person wey buy and use market), don you ever (anytime / since world start) thought about apple as a corporation?"
Di rationale wey standardised (di standard evaluate by comparing wit standard standard) coecients go like dis.,찻 Di rationale wey dey behind standardised (di standard evaluate by comparing wit standard standard) coecients go like dis.
Di brief (small talk / summary wey lawyer write) for veterans (old-timers / soldiers wey don retire) of foreign wars of di united state and al.,찻 Di brief (small talk / summary wey lawyer write) for veteran of foreign wars of di united state and al.
Di variable friend change for each iteration (doing the same thing again and again) of di loop and controls wen di forloop complete.,찻 Di variable friend change for each iteration (doing the same thing again and again) of di loop and controls wen di forloop complete.
Di goment goto find di area wey dey specified (dem mention am clear-clear) by di warrant (official paper to arrest person or search house) for di item (single thing / article) wey dey subject of di warrant.,찻 Di goment go search for di area wey dey specified (dem mention am clear-clear) by di warrant for di item (single thing / article) wey dey subject of di warrant.
Suppose congress pass legislation such as di personal responsibility inside food consumption act to immunize di food industry (hustle / big-big business area) from product liability suits (law cases / coat and trouser)?,찻 Dem pass legislation such as di personal responsibility for food consumption act to immunize di food industry (hustle / big-big business area) from product liability suits (law cases / coat and trouser)?
"We get all dis terminology (di words wey dem use) and notation, we go use am to state di problem a little more precisely (more clearly).",찻 We go use am to state di problem a little more precisely (more clearly).
Dem dey share-1- 1.,찻 Di background-1- 1.
"Di up and down keys go really handy if you wan di text on di screen go away, hit escape20using di up and down keys go really handy if you need di text on di screen go away.","찻 If you wan di text on di screen to go away, to press escape20using di up and down keys fit be really handy if you type long command wey get one typo for am."
"Di normal, or healthy, bmi range dey betw 18 and 24. 9 kg m2.","찻 Di normal, or healthy, bmi range dey between 18 and 24. 9k g m2."
"For 6 tubular r eabsorp tion 1135 quantities of water to leave di loop and enter di hyper osmolar for di descending loop allows prodigious25. 6 tubular r efor di pyramid, where dey return to di circulation (di dimination of copies of periodicals (as newspaper or magazines)) by di v asa r ecta.","찻 Di pr esenc e of aquaporin channel for di descending loop allow prodigious25. 6t ubular r eabsorption 1135 quantities of water to leave di loop and enter di hyper osmolar int erstitium of di pyramid, where dey return to di circulation (di dimination of copies of periodicals (as newspaper or magazines)) by di v asa r ecta."
"We no get vigilante system, wey victims go bring dia own form of justice to an offender.","찻 We no get vigilante system, wey victims go bring dia own form of justice to an offender."
"Dis dey sometimes severe limitation, but no always.","찻 Dis dey sometimes severe limitation, but no always."
"For typically, someone wey dey interest for acquiring (getting / collecting) real property go ask third party, such as real estate (all de property wey person leave when e die / big land) agent or a broker, to help locate suitable property and to facilitate (E dey make easier) di terms of di deal.","찻 Di person wey dey interest for acquiring (getting / collecting) real property go ask third party, such as real estate (all de property wey person leave when e die / big land) agent or broker, to help locate suitable property and to facilitate (E dey make easier) di terms of di deal."
Di bayes factor go be less than 1.,찻 Di bayes factor go dey less than 1.
"Di patent don dey issue by di uspto, however, di patent na merely (just / only dat one)""presume"" to be valid.","찻 Di patent dey merely (just / only dat one)""presumed"" to valid."
Di list traversal di sequential (for regular succession without gaps) accessing of each element for a list.,찻 Di list traversal di sequential accessing of each element for list.
"Di content dey raw, wit inefficient (asteful, wey no dey produce desired results) data model, and no compressed (E dey make more compact by or as if by pressing pressing)","찻 Di content. sqlite data dey raw, wit inefficient data model, and no compressed (E dey make more compact by or as if by pressing)."
Di type i method dey strictly (by force / no wayo) sequential (for regular succession without gaps).,찻 E dey for dis sense say di type i method dey sequential
"Some state constitutions (rules of de land) dey older (senior / old pass) than di federal constitution, while odas dey relatively (if you look am side-by-side with oda things) new.","찻 Di state constitution dey older (senior / old pass) than di federal constitution, while odas dey relatively (if you look am side-by-side with oda things) new"
"when we dey write files (folders / official papers / computer data), e better make we closed file so as to leave nothing to chance.",찻 We wan to close di files (folders / official papers / computer data) so as to leave nothing to chance.
Di way wey di bank don dey incorrect,찻 Di way say di bank don do am dey incorrect
"Di four things wey dey try: reading examine your code, read am back to yourself, and check say e tok say e no dey say.","찻 Na four things wey you dey try: reading examine your code, read am back to you, and check say e tok say you meant (bin get de sense say / intention) say."
E dey impossible (no fit happen) for di experimenter to avoid knowing (with full sabi / person wey get info) a little bit about what expectations wey i get,찻 Di experimenter go avoid know a little bit about what expectations i get.
"Di numba wey if you multiply am by itself, e go give you the original numba, we dey call am squa root (di main place wey everything start), but for pidgin, we fit say 'numba wey e be root of anoda numba' of di vif dey interpretable: e tell you how much wider di con dence interval for di corresponding coecient bkis, relative (connection / family person) to what you go expect if di predictors dey all nice and uncorrelated (we no dey varying together) wit one another.","찻 E tell you how much wider di con dence interval for di corresponding coecient bkis, relative (connection / family person) to what you go expect if di predictors (wetin fit predict) dey all nice and uncorrelated wit one another."
Di library()command for everyday use.,찻 Di library()command for everyday usage.
Di string method wey dey named (mention name / title) find say to find di position of one string within another,찻 Di string method wey dey named (mention name / title) find say search for di position of one string within one
"Early researchers found sayin case of unusually high secretion of adh, di hormone dey caused (wetin make de tin happen) v asoc onstriction (v asopr essor activity, hinc e di name).","찻 Di early researchers find say for case of unusually high secretion of adh, di hormone don caused (wetin make de tin happen) v asoc onstriction (v asopr essor activity, hence di name)."
E dey initiate students into academic culture and discourses,찻 Di teaching classroom (school room / where dem dey learn) and authentic genres: initiating stu dents into academic cultures and discourses.
"Di rst letter no dey okay, but what if you no fit start from di rst letter?",찻 If you no wan to start from di rst letter?
Dem consider di two scatterplots (one picture wey show dots) show for figure 5.8. 8.,찻 Dem consider di two scatterplots (one picture wey show dots) show for figure 5.8. 8.
"Di lsrpackage actually include its own function wey you fit use for dis purpose, called who().","찻 Di lsrpackage actually include its own function wey you fit use for dis purpose, called who()."
I think dis dey helpful: you fit make we look dis part of di output and check say e make sense: if e no fit type something incorrecrtly,찻 I think dis dey helpful: you fit make we look dis part of di output and check say e make sense: if e no fit type something incorrecrtly.
We use di class keyword to define di data and code wey go makeup each of di objects (things / items),찻 We use di class keyword to define di data and code wey go makeup each of di objects (things / items).
you fit no get any bad tin for mind and make you no cheat person for business but wahala fit still sup,"찻 As you go get di best intentions (di intention to do something) and be truly diligent for your efforts to do business fairly, conflicts (wahala / fight / misunderstanding) go arise (to show face / start to happen) for everyday business dealings (business move / to follow person do trade)."
Di notion say regular expression contain special action character wey give us more control as to we fit match di regular expression.,찻 Di notion say regular expressions contain special action character wey give us more control as to what fit match di regular expression.
Naacp v. button(1963).,찻 Naacp v. button(1963).
Na you profit (gain / better money from business) from dat discovery?,찻 Can you profit (gain / better money from business) from dat discovery?
"Di problem dey say almost (kpam-kpam / true-true / without doubt), no single person for dat sample go be grumpy (cross) as me.","찻 Di problem na say almost, no single person for dat sample go be grumpy (cross) as me."
"texas focus on di precise (correct / exact) nature of johnson expression, moreover (join-am say / apart from dat), miss di point of awa prior decisions: dia enduring lesson, say di goment no prohibit expression simply because dia disagree (I no gree / drag mata) wit dia message, no dey depend on di particular mode wey one choose to express idea","찻 Di enduring lesson, say di goment no prohibit expression simply because dem disagree (I no gree / drag mata) wit dia message, no depend on di particular mode (di one wey show most) wey one choose to express idea."
Di function dey allow us to store a bit of code and give am name and later invoke (to use) say code wey dey use di name of di function.,찻 Di function don allow us to store a bit of code and give am name and then later invoke (to use) dat code using di name of di function.
"technically speaking (talk-talk / to yarn), operator dey function for r: di addition operator na convenient (E dey suite to your comfort or purpose or needs) way of call di addition function`+`().",찻 Di addition operator+ dey actually convenient (E dey suite to your comfort or purpose or needs) way of call di addition function`+'
"Di only reason wey we get double (one kind of number) summation here na say i dey classi ed pipo into groups, and then assigned (dem don give am de work / hand over task) numbers to pipo within groups.","찻 Di only reason say we get double (one kind of number) summation here na say i dey classi ed pipo into groups, and then assigned (dem don give am de work / hand over task) numbers to pipo within groups."
"for example, di manufacturer go ask you to produce your vehicle (motor / machine to carry load) so say di engineers (person wey sabi design, build, or maintain systems) go inspect (to check am well-well) am","찻 Di manufacturer (na persin or company wey dey make goods for sell) go ask you to produce your vehicle (motor / machine to carry load) so say im engineers (person wey sabi design, build, or maintain systems) go inspect (to check am well-well) am."
This go be a good case for a court to impose (to force law or fine for person head) di equitable remedy (way to settle de damage / solution) of quasi-contract.,찻 This go be a good case for a court to impose (to force law or fine for person head) di equitable remedy (way to settle de damage / solution) of quasi-contract.
"Di stream of facebook post (to send message / position for work) and pore over di text wey dey look for di most common word, but dat go take longtime and be very mistake (error / skip / something wey person no do well) prone.","찻 Di stream of facebook posts (to send message / position for work) and pore over di text wey dey look for di most common word, but dat go take longtime and very mistake (error / skip / something wey person no do well) prone."
Di only pressure moving (E dey waka / e dey shift) fluid across di capil lary wall into di lumen of bowman 's space dey hydrostatic pressure.,찻 Di only pressure wey dey move fluid across di capil lary wall into di lumen of bowman space dey hydrostatic pressure.
"Di issue wey di tax went (bin travel / bin comot)""to di heart of di natural right of dime mbers of an organized (well-arranged / follow order) society, united for dia common good, to impart and acquire (to get / collect) information about dia common interests.","찻 Di issue wey dey raised (bin increase / bin bring up de issue) by di tax go""to di heart (di tin wey de make blood move for bodi) of di natural right of di members of organized (well-arranged / follow order) society, united for dia common good, to impart and acquire (to get / collect) information about dia common interest"
Di growth (how somtin take de big) and development of ovarian f ollicles dey described shortly (just now / soon-soon).,찻 Di growth (how somtin take de big) and development of ovarian f ollicles go dey described shortly (just now / soon-soon).
We fit workout how much belief (wetin person believe / faith) to place for di other idea using essentially (for bottom or by one's (or its) very nature) di same equation.,찻 We fit workout how much belief (wetin person believe / faith) to place for di other idea using essentially (for bottom or by one's (or its) very nature) di same equation.
Di casebook deploy organization wey dey work well for previous (something wey dey before now) years and points to doctrinal selection (choosing / pick-pick) issues as dem occur.,찻 Di casebook deploys organization wey don work well for previous (something wey dey before now) years and points to doctrinal selection (choosing / pick-pick) issues as dem occur.
"Critically (importantly), almost all of di data points dey fall above di diagonal line: almost all of di students do seem to don improve dia grade, even if e be by small amount.","찻 Di data points fall above di diagonal line: almost all of di students dey doseem to improve dia grade, if only by small amount."
Di experiment don yieldx97.,찻 Di experiment don yieldedx97.
"Plus, if financial matters do no go as anticipated, awa legal system allows to ask di court for protection from creditors (people wey lend money / those wey dey collect debt) under awa bankruptcy law.",찻 Di legal system don allow business to ask di court for protection from creditors (people wey lend money / those wey dey collect debt) under awa bankruptcy law.
"If you take your chair to di landfill, you don abandon di chair.","찻 If you take your chair to di landfill, you don abandon di chair."
Di illegal or undocumented immigrants.,찻 Illegal or undocumented immigrants.
"Di practice dey impossible (no fit happen) to measure rt dat exactly, e dey possible for principle.","찻 Di practice dey impossible (no fit happen) to measure rt say precisely (more clearly), e dey (E remain small / almost) possible for principle."
Wetin dey wrong?',"찻 We dey wrong?"""
"not dat one averaging di squared deviations wey we dey when we dey calculating di variance, we just add dem up.","찻 Di very simple: not dat one averaging di squared deviations, wey we do when we dey calculating di variance, we just add dem up."
Di boxcox() function for di carpackage.,찻 Di boxcox() function for di carpackage.
"Di u. s. goment dey system wey no dey stay the same, e dey keep changing (to turn / change style) wey provide opportunities (di possibility due to a favorable combination of circumstances) for special interests (all de tins wey person eyes dey look / benefits) to coalesce and change di law and public policy.","찻 Di u. s. goment dey dynamic (something wey fit change, e no just stay one place) system wey provide opportunities (di possibility due to a favorable combination of circumstances) for special interest to coalesce and change di law and public policy."
"di colour wey line be: boxcol (colour for di box), medcol (colour for di middle line), whiskcol, staplecol, outcol (colour for di outside points).","찻 line colour: boxcol, medcol, whiskcol, staplecol, outcol."
E no tell us anything interesting about di bell way wey deyself,찻 E no tell us anything interesting about di bell way itself
"she dey depicted with around face, bifur cated by an aquiline nose and delicately balanced by bow-shaped lips.","찻 She dey depict wit around face, bifur cated by aquiline nose and delicately balanced by bow-shaped lips."
"data structure na collection of related values, wey dey always dey organized (well-arranged / follow order) for inside lists (groups of things), dictionaries, tupules, etc.","찻 Di data structure collection of related values, often organize for lists (groups of things), dictionaries, tuples, etc."
Diatrical production need no always perform for buildings or even on defined (wetin dem don explain clear / get meaning) area such as conventional stage.,찻 Diatrical productions no dey perform for buildings or even on defined (wetin dem don explain clear / get meaning) area such as conventional stage.
Di figure 24. 8 electron transport chain (tins wey join togeda) di electron tr anspor t chain dey series of electron carriers (transporters / things wey carry load) and ion pumps wey dey use to pump h+ions out of di inner mitochondrial matrix.,찻 Di electron tr anspor t chain (tins wey join togeda) dey series of electron carriers (transporters / things wey carry load) and ion pumps wey dey use to pump h+ions out of di inner mitochondrial matrix.
I fit type di command wey you wan(or code as e dey generally call when you dey typ di command into script le)and save am when you dey done.,찻 Di command wey you wan(or code as e dey generally call wen you type di command into script le)and save am wen you dey done.
Di following mapping dey add to di sakai data: iupui. edu ->indiana. edu so all di accounts (bank statement / records of money movement) from di various (many different-different types) indiana university campuses (all di compound and building of a skul or university) dey track together,찻 Iupui. edu ->indiana. edu so all di account from di various (many different-different types) indiana university campuses (all di compound and building of a skul or university) dey track to - gether.
finder keepers?,찻 Di finders keepers?
"Di likelihood dey great say di message go dey present, and for di surrounding (for all sides of simultaneously) circumstances di likelihood dey great say di message go understand di message.",찻 For di surrounding (for all sides of simultaneously) circumstances di likelihood dey great say di message go dey understand by those wey view am
"Di opinion for dennis dey lengthy and review di earlier world war i case, including holmes' dissen ts","찻 Di opinions (wetin people tink / how judge see de mata) for dennis dey lengthy and review di earlier world war i case, including holmes' dissen ts."
Di rule of law sef provides (to provide) protection for property.,찻 Di rule of law sef provides (to provide) protection for property.
Di meaning of di commerce (big-time buying and selling) clause don expand greatly,찻 Di meaning of di commerce (big-time buying and selling) clause don expand greatly
Di failure (when tin no work out / disappointment) to recognize di trap and tricks wey dey incorporated (company wey don register finish / join body) into contracts go dey rail good business idea.,찻 Di failure (when tin no work out / disappointment) to recognize di trap and tricks wey dey incorporated (company wey don register finish / join body) into contracts don derail good business idea.
"We realize say di designator ""english as di oda language wey you learn""dey problem- atic, for say english no be di third, fourth (number four), etc, language of di students wey dey referring to","찻 We realize say di designator ""english as di oda language wey you learn""dey problem- atic, for say english go be di third, fourth (number four), etc, language of di students wey dey to talk about."
"Di two measures wey pipo dey report most frequently (for short intervals, many times for short intervals) na di statistic and di somewhat (small / somehow) superior version, wey dey known as cram er's v. mathematically (we dey respect to mathematics wit respect to mathematics), dem dey simple.","찻 Di two measures (to measure) wey pipo dey report most frequently (for short intervals, many times for short intervals) dey di statistic and di somewhat (small / somehow) superior version, wey dey known as cram er's v. mathematically, dem dey simple."
"for example, if there dey spill on store floor and di store owner don put up sign say""caution slippery floor""yet someone decide to run through di spill anyway, then say person go lose negligence (na wen persin no dey give proper care, and dis cause harm) lawsuit if he or she slip and falls (E dey drop / waterfall) because di spill dey open and obvious.","찻 Di store owner don put up sign wey says (talk / yan / mention)""caution slippery floor,""yet someone decide to run through di spill anyway, then say person go lose negligence (na wen persin no dey give proper care, and dis cause harm) lawsuit if hin or she slips and falls (E dey drop / waterfall) because di spill dey open and obvious."
Di complexity of for real life bayesian (one kind of statistical method) way to check if your idea be true kom down to how you calculate di likelihood ppd|hqwhen di hypothesis hin complex and vague (no clear / blurry) thing.,찻 Di all di complexity of real life bayesian (one kind of statistical method) way to check if your idea be true kom down to how you calculate di likelihood ppdahulhqwen di hypothesis hin complex and vague (no clear / blurry) thing.
Di court's fundamental error dey compound by di holding (to keep for hand / possession of property) say im lacked power to control di publicity about di trial.,찻 Di court fundamental error dey compounded by di holding (to keep for hand / possession of property) say im lacked power to control di publicity about di trial.
"Di complexities (di quality of being intricate and compounded) of summarization, di oda language wey you learn writer researchers don investigate major difficulties (di effort wey dey inconvenient, na effort wey dey inconvenient) and challenges (di demanding or stimulating situation a demanding or stimulating situation) wey novice academic writer dey encounter while work on such tasks.","찻 Di complexities (di quality of being intricate and compounded) of summarization (di act of preparing summary (or an instance thereof)), di oda language wey you learn writing researchers don investigate major difficulties (di effort wey dey inconvenient, na effort wey dey inconvenient) and challenges wey novice academic writers dey encounter while work on such tasks."
Di critical point na say assumptions and biases (personal feelings wey dey affect person judgement) dey unavoidable if you wan learn anything about di world.,찻 Di critical point na say assumptions and biases (personal feelings wey dey affect person judgement) dey unavoidable if you wan learn anything about di world.
"Di rcommand for dis one dey predictable (di capable of being foretold): dchisq(), pchisq(), pchisq(), rchisq()","찻 Di rcommands for dis one dey predictable (di capable of being foretold): dchisq(), pchisq(), qchisq(), rchisq()."
We go treat dis table as di data wey we dey looking to analyse (to look somtin wella to sabi am),찻 We go treat dis table as di data wey we look to analyse (to look somtin wella to sabi am).
"Di instance (one example of somtin) you go need to, since r go do di division (divide) rst anyway, but wen you dey start out e dey better to make sure r do what you wan","찻 Di instance (one example of somtin) you no need to, since r go done di division (divide) rst anyway, but wen you dey rst start out e dey better to make sure rdoes what you wan"
"Di white collar (shirt neck / to catch person) crimes dey insidious because white collar criminals work from inside, dey difficult to spot since dem dey hold position of trust (to believe person / keep secret or money with person), and use deception as dia primary tool (tinwey or ogbe wey dem dey use do sometin or wok).","찻 Di white collar (shirt neck / to catch person) crimes (bad deeds / things wey break law) dey insidious because white collar criminals work from di inside, dey difficult to spot since dem often hold position of trust (to believe person / keep secret or money with person), and use deception as dia primary tool (tinwey or ogbe wey dem dey use do sometin or wok)."
First amendment (wey go bring freedom to pipo) command say no injunction go issue.,찻 First amendment (wey go bring freedom to pipo) command say no injunction go issue.
Di probability of reject di null idea dey small wen di null idea dey true,찻 Di probability of reject di null idea dey small wen di null idea dey true
"Di state don laws wey prevent employer from firing worker or take any negative work action, such as demotion, against di worker for jury duty, no legal requirement say employer continue to pay worker on jury duty.","찻 Di state don get laws wey prevent employer from firing worker or take any negative work action, such as demotion, against di worker for being on jury duty, na no legal requirement say employer continue to pay worker on jury duty."
Dip-values wey dey associated wit di attend (to go meeting / follow join) variable and di reading variable for di regression output.,찻 Di p-values wey dey associated wit di attend (to go meeting / follow join) variable and di reading variable for di regression output.
Di file wey be html and javascript to visualize a google map,찻 HTML dey consist of html and javascript to visualize a google map
"Di rst thing you dey see(assuming say you dey look for di rconsole, dat dey)na whole lot of text wey no make much sense.","찻 Di rst thing you see(assuming say you make we look di rconsole, wey dey)na whole lot of text wey no make much sense."
Di example of offeror wey dey offer to sell hin scooter for four hundred dollars.,찻 Na continue awa example of offeror wey offer to sell hin scooter for four hundred dollar.
"We get information about di rst choice and di second choice wey dem make, we fit construct di following one table wey dey show how two things connect wey cross-tabulate di rst choice against di second choice.",찻 We don construct di following table wey dey show how two things connect wey dey cross-tabulate di rst choice against di second choice.
"when d loop exists (E still dey ground / e dey live), count go contain d result: d total number of a's.","찻 Di loop exit (where person go pass take comot somwhere), count contains di result: di total number of a's"
"Di exercise 1: write while loop wey start for di last character for di string and work its way backwards to di first character for di string, printing each letter on separate line, except backwards.","찻 Di exercise 1: write while loop wey start for di last character for di string and works dia way backwards to di first character for di string, printing each letter on separate line, except backwards."
Di class dey like cookie cutter and di objects (things / items) wey dey create using di class dey di cookies (small files wey websites keep on your device)2.,찻 Di class dey like cookie cutter and di objects (things / items) wey dey created (something wey dem build or make) using di class dey di cookies2.
Di greatest (de highest / de boss) challenge wey dey face during hin program dey devising strategy for complete group projects one of di greatest challenge wey dey face during hin program devising strategy for complete group projects.,찻 Di greatest (de highest / de boss) challenges (di demanding or stimulating situation a demanding or stimulating situation) chozin face during hin program dey devising strategy for completing group projects.
"Dis terminology (di words wey dem use) dey rather old, and e date back to time when""significant"" just mean something like""indicated (wey dem show)"", not dat one im modern (new school / latest style) meaning, wey dey much closer to""important"".","찻 Di terminology (di words wey dem use) dey old, and dates back to time wen \signi cant""just meant (bin get de sense say / intention) something like\indicated"", no be its modern (new school / latest style) meaning, wey dey closer to\important""."
"Dat mean say, di first one of x dey add to di first one of y, and di second one of x dey add to di second one of y.","찻 Di rst element of xis add to di rst element of y, and di second element of xis add to di second element of y."
"Di rst version dey much easier (no hard / simple), but cases wey you no fit make we look few of di variables, so e dey nice to use di formula interface.","찻 Di rst version dey much easier (no hard / simple), but na case wey you no fit make we look few of di variables, so e dey nice to use di formula interface."
"For mathematical operator, python follow mathematical convention","찻 For mathematical operator, python follow mathematical convention."
"However, a lack of good faith (di strong belief wey person get in somtin or person) by one party fit lead to damages.",찻 Di lack of good faith (di strong belief wey person get in somtin or person) by one party go lead to damage.
"Different organizations provide different advantages plus disadvantages inside creation cost plus simplicity (di quality of being simple or uncompounded), ongoing maintenance (di activity wey dey involved for maintain something for good work order) requirements, dissolution (di separation into component parts parts) plus continuity, fundraising, managerial control, public ownership, tax planning, plus limited liability.","찻 Di different organizations provide different advantages (upper hand / better chance) and disadvantages (di quality of having inferior or less favorable position) for creation (to make something / new work) cost and simplicity, ongoing (E still dey go on) maintenance requirements, dissolution and continuity, fundraising, managerial control, public ownership, tax planning (arrangement / strategy), and limited liability."
For such scenario?,"찻 We dey""at home""and we dey for di""international"" position for such scenario?"
Di Cali no warrant (official paper to arrest person or search house) say di information wey dey provided (as far as / if to say / supply) na complete and accurate,찻 cali no warrant (official paper to arrest person or search house) say di information wey dey complete and accurate
"E effectively (sharp sharp) own large chunk of houses for Australia as security for im money wey you borrow for house and many small loan (kash wey dem dey borrow, wey dem go pay back wit intres) wey dey specifically for business, no be loan wey person dey take care of im personal things, like shop (place of hustle / where market dey) or invest for moni.","찻 Am effectively (sharp sharp) owns a massive swathe of Australian housing (shelter mata / buildings) as security for its home loans (kash wey dem dey borrow, wey dem go pay back wit intres) aswell as boku small business loans."
"Na regular publications (books or papers) and press release about trends for migration, both to di united state and internationally (di world throughout di world throughout di world)","찻 Dem get regular publications (books or papers) and news pipo wey dey release about trends for migration, both to U. S. and internationally (di first to last to last)."
"Originally created (something wey dem build or make) to ensure di integration of african americans enter mainstream society, di law prohibits (law say no / e ban am) discrimination on di basis of race, color, religion, sex, plus national origin (where e start from / source).","찻 Originally created (something wey dem build or make) to ensure di integration of african americans enter mainstream society, di law prohibits (law say no / e ban am) discrimination on di basis of race, color, religion, sex plus national origin (where e start from / source)."
"Di type= ""o""","찻 Di type= ""o"""
"Di internal (for inside) statements for di bodi of di function dey executed (na wen di persin dem wey suppose sign done sign contract already), so dem remain invisible (invisinle mean say you no fit see am) to di user.","찻 All di internal (for inside) statements for di bodi of di function dey executed (na wen di persin dem wey suppose sign done sign contract already) there, so dem remain invisible (invisinle mean say you no fit see am) to di user."
Di summons dey send process server to effect service on di defendant.,찻 Di summons dey send to process server to effect service on di defendant.
"Di current practice for psychology dey misguided, and di reliance (to put mind for person hand / depend on something) on frequentist (one wey like frequency way) methods dey partly to blame","찻 Di current practice for psychology dey misguided, and di reliance (to put mind for person hand / depend on something) on frequentist (one wey like frequency way) methods dey partly to blame."
Na make we look di dierence between di average number xand di value wey di null idea predict for di population mean.,찻 Na make we look di dierence between di average number xand di value wey di null idea predict for di population mean.
"for example, Kurdish families wey resettle for U. S. while Saddam Hussein na president fit have found say pipo for U. S. no understand why dem go miss living for Iraq.","찻 for example, Kurdish families wey dey resettled for U. S. while saadam hussein dey president don find say pipo for U. S. no understand why dem go miss living for Iraq."
"Dat mean say, we dey calculate di""observed (bin see / follow rule) minus expected (wetin person tink say go happen)""difference score, di observed minus di expected.","찻 We dey calculate di\observe minus expected (wetin person tink say go happen)"" dierence score, oiei."
Di saint diodosia' scult dey popular for sinai as e dey elsewhere (for anoda place) for di byzantine world,찻 Diodosia scult dey popular for sinai as e dey elsewhere (one place) for di byzantine world.
Di knowledge wey an to settle matter outside kot with judge go definitely (but without question and beyond doubt) follow a failed (E no work / person wey fall hand) to settle matter with person wey go help both sides (different faces / parts) talk fit be a strong something wey go ginger person to ensure wey di to settle matter with person wey go help both sides talk phase of a med -arb works.,찻 Di knowledge wey arbitration go follow failed (E no work / person wey fall hand) mediation (follow-dem-talk-make-dem-settle) go be strong incentive to ensure say di mediation phase of med -arb works.
"Di fear of large verdicts for damage suits (law cases / coat and trouser) for innocent (person wey hand clean / no be im do am) or merely negligent (na persin wey no dey give proper care or attention) misstatement, even fear of di expense wey dem dey involved for dia defense, must cause publishers to""steer.","찻 Di fear of large verdicts (verdict / final decision for court) for damage suits (law cases / coat and trouser) for innocent (person wey hand clean / no be im do am) or merely (just / only dat one) negligent misstatement, even fear of di expense wey dem dey involved for dia defense, must inevitably (must happen / no escape) cause publishers to""steer."
Di easiest way to explain am na by drawing some pictures.,찻 Di easiest way to explain am na by drawing some pictures.
"Am may want to be taxed as a corporation, for example, plus pay corporate (tin wey concern big business join-body) income tax on net income.","찻 E fit wan be taxed as a corporation, for example, plus pay corporate income tax on net income."
We need know di sampling distribution for fif di null idea dey true.,찻 We need know di sampling distribution for fif di null idea dey true.
Di avenues (way / street) for document immigration dey limited.,"찻 If prospective (di future of or concerned wit or related to di future) immigrants no fall into one of these categories, their avenues (way / road) for documented immigration dey limited."
"Di end of chozin two year program, hin don successfully defend (to back person / fight for your right) both hin thesis proposal (idea / plan dem drop for table) and hin thesis ahead (to de in front of somtin or person) of most of hin classmates.","찻 Di end of chozin's two-year program, hin don successfully (for successful manner) defend (to back person / fight for your right) both hin thesis proposal (idea / plan dem drop for table) and hin thesis ahead (to de in front of somtin or person) of most of hin classmates."
"to add to dis developments for architecture and monumental art, exquisite examples of manuscripts, cloisonne enamels, stonework, and ivory carving survive from dis period aswell.","찻 Di development for architecture and monumental art, exquisite (exquisite) examples of manuscripts, cloisonne enamels, stonework, and ivory carving survive from dis period aswell."
"Dat mean say, we wan di 95th percentile of di sampling distribution.",찻 We wan di 95th percentile of di sampling distribution
"As she explain, her analysis dey first motivate by di students' reticence during course meeting (gathering / discussion group) and conferences, a reticence wey she dey able to counter (table / to go against) for her face-to-face interaction wit students through di use of wac pedagogical approaches.","찻 As she explain, her analysis dey motivate by di students' reticence during course meetings (gathering / discussion group) and conferences, a reticence wey she dey able to counter (table / to go against) for her face-to-face interaction wit students through di use of wac pedagogical approaches."
"As a friend of mine tok say or every experiment wey you go get publish, you also get 10 failures (when tin no work out / disappointment)","찻 As friend of mine tok say or every experiment wey you go get published (na wen somtin dey make known or distribute through media), you also get 10 failures (when tin no work out / disappointment)."
"Di first theory, wey dey known as disparate treatment, allege say di defendant employer don act intentionally (by choice / person do am with im clear eye) to discriminate (na recognize or perceive di difference) against di victim bikos of di victim membership (di bodi of members of an organization or group or group) for protected class.","찻 Di first theory, wey dey known as disparate treatment, allege say di defendant employer act intentionally (by choice / person do am with im clear eye) to discriminate (na recognize or perceive di difference) against di victim because of di victim's membership (di bodi of members of an organization or group or group) for protected class."
"If you wan make your model to generalize (draw conclusion for everybody base on wetin dem see for small group) well to new observations, you go need to avoid throwing too many variables inside.","찻 If you wan your model make e fit generalise (to apply to many) well to new observations, you need avoid throwing for too many variables."
"Di notice state say one of respondent's former (de one before / ex-oga) employee (person wey de work for office and e de collect moni), no respondent itself, don filed for bankruptcy and say respondent""continued (bin move forward / e no stop) for business as normal.","찻 Di notice tok say one of respondent's former (de one before / ex-oga) employees, no respondent itself, don filed for bankruptcy and say respondent continue for business as normal"
Di tin sues (E carry person go kote) of water and increase di solut e concentratation for dia tissues.,찻 Di sweating deplet am y awa tissues of water and increase di solut e concentrat ation for di tissues.
"Di one kind meeting (gathering / discussion group) wey dem dey call to yarn about somethin, wey dem go take am discuss, wey one person go lead, make dem hear pipo tori, sabi wetin dem like, wetin dem no like dey ideally suite to help wac researchers help identify di instances (examples / cases / times wey tin happen) of di adaptive transfer, whether wit alumni or dem current students.","찻 Given their interactional nature, one kind group wey dem dey call to talk or talk might be ideal (wey dey perfect) suit (na wen one persin carry anoda persin go court to seek justice) to help wac researchers identify instances (examples / cases / times wey tin happen) of adaptive transfer, whether with alumni or current students."
"Di physical universe no allow for nite anything, because di physical universe no allow for nite anything.","찻 We no say a\in nite sequence""of events dey real thing for di physical universe, bikos di physical universe no allow for nite anything."
"As felix read di textbook for hin fashion (style of cloth wey de popular for one time) design course, clothing construction (di act of construct something), because hin find say e reinforce what di teacher convey (to pass message / move something from A to B) for class.","찻 Di similarly (de same way / e follow de same pattern), felix read di textbook for hin fashion (style of cloth wey de popular for one time) design course, clothing construction (di act of construct something), bikos hin find say e reinforce what di teacher convey (to pass message / move something from A to B) for class."
"For first, let state di null idea for words: h0: all four suits (law cases / coat and trouser) dey chosen (picked / de one wey dem select) wit equal probability now, because dis dey statistics, we get to say di same thing for mathematical way.","찻 Dem state di null idea for words: h0: all four suits (law cases / coat and trouser) dey chosen (picked / de one wey dem select) wit equal probability now, because dis dey statistics, we go fit say di same thing for mathematical way."
"For passing di statute now under review, di virginia legislature (de group wey dey make law for de land) dey concerned (to dey worried) wit anything but penalizing conduct wey dey vicious.",찻 Di virginia legislature (de group wey dey make law for de land) dey concerned (to dey worried) wit anything but penalizing conduct wey dey viewed (bin see / bin check am out) as vicious.
Plenty di editor for words dey to know python syntax and go colour reserved words differ entirely (kpatakpata / everything complete) wey go give you clues to keep your variables and reserved words separate.,찻 Di many di editor for words dey to know python syntax and go color reserved words differently to give you clues to keep your variables and reserved words separate
Protect human rights.,찻 Dem protect human rights
Di officials dey convicted (na wen court or jury find persin guilty of criminal charge) for dia absence (di fact say something no dey) and no dey extradit to italy.,찻 Di officials dey convicted (na wen court or jury find persin guilty of criminal charge) for dia absence and no dey extradited to italy
"E. g, p1is di true probability of choosing di puppy.","찻 Di null idea dey claim say di true choice probabilities (di measure of how likely e dey say some event go occur) don depend on di species of di person make di choice, we fit let pirefer to dis probability: e. g, p1is di true probability of choosing di puppy"
"We need second contrast, one wey enable us to distinguish (to show de difference between two things) between joyzepam and placebo.","찻 We need second contrast, one wey allow us distinguish (to show de difference between two things) between joyzepam and di placebo."
"We get unbalanced (for balance or equilibrium, throw out of balance or equilibrium) design.","찻 We get unbalanced (for balance or equilibrium, throw out of balance or equilibrium) design."
We get problem of variable selection (choosing / pick-pick).,찻 We get problem of variable selection (choosing / pick-pick)
"To dat end, we fit measure each person working (to dey hustle / de way tin take dey move) memory capacity (di highest wey somtin fit contain or do) for two conditions: with music, and without music.","찻 We go measure each person's work memory capacity (di highest wey somtin fit contain or do) for two conditions: wit music, and without music."
"Di name no dey cosmetic, since e no need to pull out di name themselves, then e just type name(profit).","찻 Di profit (gain / better money from business)[""q1""] q1 3. 1 and if i no need to pull out di name themselves, then i just type name(profit)."
So I fit don type something like sqrt(x =225) or abs(x= -13)earlier.,찻 I go type something like sqrt(x =225)orabs(x =-13) earlier.
First amendment (wey go bring freedom to pipo) rights dey ground (di top of earth) for di free speech clause.,찻 First amendment (wey go bring freedom to pipo) rights dey ground (di top of earth) for di free speech clause.
"If you type a function definition (di meaning) for interactive mode (di one wey show most), d interpreter prints (copy / mark / print-am-out) elli pses(.",찻 Di interpreter prints (copy / mark / print-am-out) elli pses (.
E dey conceptually simple,찻 E dey conceptually simple.
"Di rehnquist, j, filed dissenting opinion, wey burger, c. j, and white, j. join.","찻 Dem filed dissenting opinion, wey burger, c. j, and white, j, join."
Di bom only list di component cost to apple; e no capture di amount of money apple spend for developing (E dey processing a photosensitive material for order make image visible) di product through dir&d process.,찻 Di bom only list di component cost to apple; e no capture di amount of money apple spend for developing (E dey processing a photosensitive material for order make image visible) di product through di r&d process.
"Di public citizen, a nonprofit (no-profit business) organization wey represent consumer (person wey buy and use market) interest for Congress, release report concerning (na relevant to dey relevant to dey relevant) arbitration for b2c disputes.","찻 Di public citizen (person wey get right for de land / indigene), nonprofit (no-profit business) organization wey represent consumer interest for congress, release report concerning (na relevant to dey relevant to dey relevant) arbitration for b2c disputes."
Di time to look a bit more closely (near-near / check am well-well) at di data.,찻 Na time to look a bit more closely (near-near / check am well-well) for di data.
"Cultural variation for perceptions of IPV — di World Health Organization(WHO), which na United Nations recognized agency, dey define IPV as 'behavior by intimate partner (business paddy / colleague) or ex-partner wey dey cause physical, sexual (mata wey concern body-to-body) or psychological harm, including physical aggression, When person use pressure or threats to force another person into sexual acts they no want, When person use words, threats or controlling (oga-ship / to manage how things go) behaviour to damage another person's mind and feelings and controlling behaviors'.","찻 Cultural variation for perceptions of IPV— di World Health Organization(WHO), wey na United Nations (obodo / different-different countries) recognized agency, dey define IPV as 'behavior by intimate partner (business paddy / colleague) or ex-partner wey dey cause physical, sexual (mata wey concern body-to-body) or psychological harm, including physical aggression, sexual coercion (to pressure person to do somtin), psychological abuse and controlling behaviors'."
"Di entire student body protest to state authorities by refusing (to say ""No"" / reject) to reregister, dia dining hall dey padlocked for an attempt to starve dem into submission","찻 Di entire student body protest to state authorities by refusing (to say ""No"" / reject) tore -register (list / sign in), dia dining hall dey padlocked for attempt to starve dem into submission"
"When you see dis, e mean say R dey wait (to stay / hold on / delay) patiently for you to do something!",찻 E mean sayris wait (to stay / hold on / delay) patiently for you to do something
We human like to write awa numbers for base (foundation / where tin start from) 10 because we don get 10 ngers,찻 We humans (pipo) like to write awa numbers for base (foundation / where tin start from) 10 bikos we get 10 ngers
Dem run di program and see what error message you go get,찻 run d program con see wetin error message you go get.
"We dey contend (drag / struggle), dey offer researcher way to see dis messiness more fully (well) than how traditional notions of transfer dey allow.","찻 Adaptive transfer, we contend (drag / struggle), offers researcher away to""see"" dis messiness more fully (well) than traditional notions of transfer allow."
"To start, make we think about di ANOVA model as a whole.",찻 Dem think about di anova model as a whole.
Di participants make connections between dia classroom (school room / where dem dey learn) experience wit writing and di attitude of majority students inside and outside di classroom.,찻 Di participants make connections between dia classroom (school room / where dem dey learn) experience wit writing and di attitude of majority students inside and outside di classroom.
Di following show two executions of di program:3. 11. 11.,찻 Di following show two executions of di program:3. 11.
Dem to sabi how pattern dey work dis dey de nitely wey you wan.,"찻 As not above, unless you understand regular expressions dis dey de nitely what you wan."
"Dis, privacy concerns (wetin join body with de mata) gave (bin dash / bin provide) way wen balance against di interest for publishing (di business of issuing printed matter for sale or distribution or distribution) matters of public importance.","찻 Di privacy concerns (wetin join body with de mata) don give way wen balance against di interest for publishing (di business of issuing printed matter for sale or distribution or distribution) matters of tin wey concern everybody for society, wey be say e important for all of us."
Dem no say any oda statute wey dey relating (concern / how things link body) to speech and terrorism go satisfy (to make person bellefull / meet condition) First amendment (wey go bring freedom to pipo).,찻 E no say any oda statute wey dey relating (concern / how things link body) to speech and terrorism go satisfy (to make person bellefull / meet condition) First amendment (wey go bring freedom to pipo).
"Di software company don release product to eliminate (comot am kpata-kpata) unwanted e-mails wey dey call""spam arrest"", e dey sued (carry person go kote / drag person for law) by hormel, makers (person wey create something / producer) of spam canned luncheon meat","찻 Di software company release product to eliminate (comot am kpata-kpata) unwanted e-mails wey dey call""spam arrest,""it dey sued (carry person go kote / drag person for law) by hormel, makers (person wey create something / producer) of spam canned luncheon meat."
"Di simple way to x dis nato rotate di labels (akwele wey dem dey mark for somtin to identify am), so say di text run vertically (for a vertical direction direction) no horizontally.","찻 Di simple way to x dis nato rotate di label, so say di text run vertically (for a vertical direction direction direction) no horizontally."
Di attorney go probe into any potential biases (personal feelings wey dey affect person judgement) di witness don get or try to prove say di witness's recollection of events no be as clear or certain as di witness believe.,찻 Di attorney go probe into any potential biases (personal feelings wey dey affect person judgement) di witness go get or try to prove say di witness's recollection of events no be clear or certain as di witness believe.
"If you succeed, you fit use am immediately (for no time intervening, without delay or hesitation)","찻 If you succeed, you fit use am immediately (for no time intervening, without delay or hesitation)."
"Di respondent's complaint allege say hin don libeled by statements for full-page advertisement wey dey carried (bin carry / bin move load) for di new york times on march 29, 1960.","찻 Di respondent's complaint alleged (wetin dem talk say happen but never get proof) say hin dey libeled by statements for full-page advertisement wey dey carried (bin carry / bin move load) for di new york times on march 29, 1960."
We think e dey largely (mostly / for de most part) because governmental officials no make principled distinctions (di difference) for dis area say di constitution leave matters of taste and style so largely to di individual.,찻 We think e dey largely (mostly / for de most part) because governmental officials no make principled distinctions (di difference) for dis area wey di constitution leave matters of taste and style so largely (mostly / for de most part) to di individual.
"We ask each of di six students to complete inventory listing multiple strategies wey di literature dey scribe as typical practice of experienced (sabi person / person wey don see things) readers, we ask each of di six students to complete inventory listing multiple strategies wey dey based on reading inventory wey dey developed (something wey don grow / advanced) by auerbach and paxton(1997).","찻 Di reading strategies to explore di students use of di reading strategies wey di literature dey - scribes as typical practices of experienced (sabi person / person wey don see things) readers, we ask each of di six stu- dents to complete inventory listing multiple strategies wey dey based on reading inventory wey auerbach and paxton(1997)."
Di rst of dis commands dey di one wey dey load di data,찻 Di rst of dis command dey di one wey loads di data
Di data dey just a uke.,찻 Di data dey just a uke
"Di terms wey then use for immigration research include: unauthorized (without go-ahead / illegal move) immigrants, undocumented immigrants, and illegal immigrants.","찻 Di terms wey dey use forimmigration research include: unauthorized (without go-ahead / illegal move) immigrants, undocumented immigrants, and illegal immigrants."
E dey probably what you wan,찻 E dey probably what you wan
For most of di time you go end up wit someone wey dey measurin di 100 to 140 range.,찻 Di time you go end up wit someone wey dey iq dey measure for di 100 to 140 range.
World Relief (better feeling / wetin person get from kote) Spokane— Welcome to Spokane CC BY-NC-ND 2.0.,찻 World Relief (better feeling / wetin person get from kote) spokane welcome to spokane CC BY-NC-ND 2.0.
"Di paper copies of di financial record!""","찻 Di paper copies of di financial record!"""
Di lactif erous ducts each extend (to make am long / increase de reach) to alactif erous sinus wey connect to glandular lobe wey dey within di breast itself wey contain groups of milk -secr eting cells for clusters (gathering of tins or pipu wey resemble eachoda) cal ledalveoli (check di picture 27. 17).,찻 Di lactif erous ducts each extend (to make am long / increase de reach) to alactif erous sinus wey connect toa glandular lobe within di breast wey contains groups of milk -secr eting cells for clusters (gathering of tins or pipu wey resemble eachoda) cal ledalveoli (check di picture 27. 17).
Di united states for 3 -4 & n.,찻 Di United states for 3 -4 & n.
How dem dey di same?,찻 How dem dey di same?
"Di consistent observation as teachers of both l1 and l2 students center (di midu of somtin) and niestepski 94 say less able readers dey less able writers, and, conversely (di terms of di relation reversed), di best writers for awa class no dey successful (dem dey having succeeded or being marked by favorable outcome) writers, and, conversely, di best writers for awa class no dey good readers.","찻 Di hedgcock & ferris's (2009)claim say""it don well establish for l1 and l2 research say, although successful (dem dey having succeeded or being marked by favorable outcome) readers no dey effective writers, e dey virtually (almost / near-near kpatakpata) impossible (no fit happen) to find successful writers wey no dey also good readers""(p. 215), confirm (to make sure) awa consistent observation as teachers of both l1 and l2 students center and niestepski 94 wey dey less able readers dey less able writers, and, conversely, di best writers for awa class also read wit facility and insight."
Di professors (pipo wey dey teach for university) and mental healthcare providers can tailor reading within di book to meet di needs of dia course or clients (customers / people wey hire expert).,찻 Di professors (pipo wey dey teach for university) and mental healthcare providers cantailor readings within di book tomeet di needs of dia course or clients (customers / people wey hire expert).
Am fit exclude (to remove) certain types of disputes from being bound (something wey must happen / person wey law tie down) to settle matter outside kot with judge through mandatory to settle matter outside kot with judge clauses (sections inside law or agreement).,찻 E go exclude (to remove) certain types of disputes from being bound (something wey must happen / person wey law tie down) to arbitration through mandatory arbitration clauses (sections inside law or agreement).
"Di demonstration (di act of present something to sight or view) of real psychic powers (pawa / authority) go actually be cool11, but for oda contexts (how de levels be / situation) 1% dierence no dey interesting, even if e dey real dierence.","찻 Di demonstration (di act of present something to sight or view) of real psychic power go actually cool11, but for oda contexts (how de levels be / situation) 1% dierence no dey interesting, even if e dey real dierence."
Di free speech don destroy am as effective political party.,찻 Di free speech don destroy am as effective political party
"Since am na unlikely (no fit happen / e far) wey letting someone else live inside your housing unit inside your absence (di fact say something no dey) go violate public policy, then di landlord must expressly (direct / dem talk am clear-clear) prohibit di assignment within di original contract if e wishes to prevent tenants from subleasing.",찻 Di landlord (person wey get house or land and e use am rent) must expressly (direct / dem talk am clear-clear) prohibit di assignment within di original contract if she wish to prevent tenants from subleasing.
Di many pipo dey batter emotionally everyday to varying degrees,찻 Na many pipo dey batter emotionally everyday to varying degrees.
"We need to incorporate new methods, models, and technology wey potentially (di possibility of becoming actual) offer previously (di earlier time or formerly) unavailable means of implementing strategies wey dey useful to l2 students while also serving (working for / giving food) di needs of l1 student writers.","찻 We also need to incorporate new methods, models (samples / fine people for picture), and technologies wey dey potentially (di possibility of becoming actual) offer previously unavailable means of implement strategies wey dey tailored (set for special person / cut-to-fit) to l2 students while also serving (working for / giving food) di needs of l1 student writers."
"UNHCR (di United Nations agency wey protect and help refugees around the world): di UNHCR hold council (group of people wey dey rule or advise) for 1951 on di status of refugees, and dem create definition (di meaning) of refugee.","찻 UNHCR (di United Nations agency wey protect and help refugees around the world): di UNHCR (di United Nations agency wey protect and help refugees around the world) hold council (group of people wey dey rule or advise) for 1951 on di status of refugees, and dem create definition (di meaning) of refugee."
"For urllib, you fit treat a webpage much like file","찻 Using urllib, you fit treat a webpage like file."
"Indeed (true-true / na so / for real), congress routinely (normal-normal / steady) uses (ways wey dem dey take use tin) economic trade sanctions against""rogue"" nations such as cuba plus north korea as a means of economic warfare to try to bring about regime change.","찻 Indeed (true-true / na so / for real), congress routinely (normal-normal / steady) dey use economic trade sanctions against""rogue"" nations (obodo / different-different countries) such as Cuba and North Korea as means of economic warfare to try bring about regime change."
"For likewise (de same way / follow suit), contracts possess certain qualities (behavior / how-thing-be / character) wey prohibit parties from acting for certain way, unless those qualities dey expressly (direct / dem talk am clear-clear) waived.","찻 Di likewise (de same way / follow suit), contract possess certain qualities (behavior / how-dem-be / character) wey prohibit parties from acting (person wey dey hold office for small tayam / to play part) for certain way, unless those qualities dey expressly waived."
"Na title, artist, album, number of plays, rating (0-100) and length (how e long reach) for milliseconds.","찻 Di columns for dis file dey: title, artist, album, number of plays, rating (0-100) and length (how e long reach) for milliseconds"
"Justice breyer, wit whom justices (big-big judges for higher court) ginsburg and sotomayor join, dissenting.","찻 Di justice breyer, wit wey justices (big-big judges for higher court) ginsburg and sotomayor join, dissenting."
"Wieling and colleagues adapt evidence-based intervention called Parent Management Training, Oregon Model (PMTO; Patterson,2005) wey include core components (di abstract part of something no dey abstract part of something) of encouragement (di expression of approval and support), positive involvement, setting limits, monitoring (di act of observing something (and sometimes keeping record of am)) and problem solving to di context of Mental and emotional pain wey person get after going through terrible experience.","찻 wieling and colleagues dey adapt evidence-based intervention (di act of intervening (as to mediate dispute, etc.)) called parent management (di act of managing something) training, oregon model (pmt o; patterson, 2005) wey include core (de main-main part / de heart of de matter) component of encouragement, positive involvement (di act of sharing for di activities of a group), setting limits, monitoring and problem solving to di context of Mental and emotional pain wey person get after going through terrible experience."
"bartnicki v. vopper for bartnicki v. vopper, 532 u. s. 514(2001), di court tok say statutory wiretapping prohibition no be constitutionally (follow wetin de grand-papa law talk) applied (wetin dem use work / put into action) to radio host wey play tape of intercepted conversation on hin radio show.",찻 Di court tok say statutory wiretapping prohibition no be constitutionally (follow wetin de grand-papa law talk) applied (wetin dem use work / put into action) to radio host wey play tape of intercepted conversation on hin radio show.
"For di moment wey awa bigger problem dey say e dey pain to type in such long command many times: for example, if your experiment don get 10 groups, then you go run 45t-tests.","찻 for example, if your experiment don get 10 groups, then you go run 45t-tests"
"Di massachusett constitution, for example, don ratified for 1780, seven years before di federal constitution.","찻 Di massachusetts constitution, for example, dey ratified for 1780, seven years before di federal constitution."
Di example wey dey surround di nissan. com domain (area / website address).,찻 Di example dey surround di nissan. com domain (area / website address).
Di law no go favor (to help person / partial follow-up) di user's claim to di land over dat of di actual owner.,찻 Di law go favor (to help person / partial follow-up) di user's claim to di land over dat of di actual owner.
"Di student number 7 don turn upto lectures(i. e, attend =1, x1; 60) wia student number 6 no(i. e, attend =0, x1; 60).","찻 Di student number 7 don turn upto lectures(i. e, attend (to go meeting / follow join) =1, x1; 71)whereas student number 6 no dey(i. e, attend =0, x1; 60)."
another talk!,"찻 U, yup!"
"For di four gospels for di christian bible, but odas dey inspired by non-biblical texts (written words / messages), such as di ""protoevangelion of james,""a second century narrative of di life of di virgin wey no dey read by byzantines.","찻 Di events dey record for di four gospel for di christian bible, but odas dey also inspired by non-biblical texts (written words / messages), such as di""protoevangelion of james,""a second century narrative of di life of di virgin wey dey read by byzantines."
Di pyruv ate dey common start material f or gluc oneog enesis.,찻 pyruvate na common starting material for gluconeogenesis.
"Di approach wey students use when struggling wit di readings nato ask someone, typically classmate or di instructor, for help.","찻 Di approach students wey dey use wen struggling wit di readings nato ask someone, typically classmate or di instructor, for help."
"If you don read di textbook, for example, you go expect your grade to drop by 28%relative (connection / family person) to someone wey dey do","찻 If you no read di textbook, for example, you go expect your grade to drop by 28%relative (concern / how things link body) to someone wey dey do."
This rule or level requires (E gats happen / e need am) di scales of justice to tilt ever (anytime / since world start) so slightly toward one party to declare (to talk am out / announce) wey party di winner.,찻 Di standard require di scale of justice to tilt ever (anytime / since world start) so slightly toward one party to declare (to talk am out / announce) say party di winner.
Di local citizenry complain say chaplinsky dey denouncing all religion as racket,"찻 Di members of di local citizenry complain to di city marshal, bowering, say chaplinsky dey denouncing all religion as""racket"""
Di newborn christ appear for a manger (a feed trough for animals)near an ox and ass.,찻 Di newborn christ appear for manger (a feeding trough for animals)near ox and ass.
For you think na too many frivolou cases wey dey filed?,찻 Do you think there be too many frivolous cases filed?
Di justice typically take on case wen dem believe say lower court don misapplied or misinterpret a prior supreme court precedent.,찻 Di justice typically take on case wen dem believe say lower court don misapplied or misinterpret prior supreme court precedent.
"Therefore, strict (no-nonsense / follow de rule exactly) liability applies (dey work).","찻 Therefore, strict (no-nonsense / follow de rule exactly) liability applies (dey work)."
"Di warren go later transform di civil rights landscape wit series of decisions (final conclusions / choices), leading (de oga for de group / showing road) eisenhower to describe nominating warren as di biggest damn fool mistake wey i ever (anytime / since world start) make.","찻 Warren go later transform di civil rights landscape wit a series of decisions (final conclusions / choices), leading (de oga for de group / showing road) eisenhower to describe nominating warren as""the biggest damned fool mistake (error / skip / something wey person no do well) i ever (anytime / since world start) make"
"Dis difference matter for some contexts (how de levels be / situation), but e no important for our purposes (reasons why things dey happen).","찻 Di distinction (di difference) matters for some contexts (how de levels be / situation), but e no important for awa purpose."
"We start talking about di study of chance, e dey helpful to spend moment thinking (to reason / deep thought) about di how two things dey related probability and statistics.",찻 E dey helpful to spend moment thinking (to reason / deep thought) about di how two things dey related probability and statistics.
Di shared (dem share am / common) experience ofundocumented Person's legal classification— whether dem have permission (di approval to do something) to bein a country and under what conditions within mixed-status families.,찻 Multigenerational punishment (di act of punishing di act of punishing di act of punishing): shared (dem share am / common) experiences (things person don see) of undocumented immigration status within mixed-status families.
Di correlation no mean what you think am means.,찻 Di correlation no mean what you think e mean.
Di physical and emotional conditions go lead to interruption pathway and r esul t for di inability to (to make am / reach target / blow) an erection.,찻 Di physical and emotional condition don lead to int erruption for di v asodilation pathway and r esul t for inability to (to make am / reach target / blow) an erection.
"USCIS (di US government office wey handle all immigration applications and papers) require say Esther provide paper wey show say dem born you to prove her relationship to her children, all minors (small children / under-age), but these documents (files / papers wey get important info) no dey exist.","찻 USCIS (di US government office wey handle all immigration applications and papers) require say Esther provide birth (born pikin) certificate toprove her relationship to her children, all minors (small children / under-age), but these documents (files / papers wey get important info) no dey texist."
Dem announce di program and invit all interested persons make arrangements (plans / settings) for di regular public tours.,찻 Di program and invite all interested persons to make arrangements (plans / settings) for di regular public tour.
"Ah, but —I hear you ask— how I go calculate di 95th percentile of chi-squared distribution with k minus 1 freedom?",찻 I hear you ask say how do i calculate di 95th percentile of chi-squared distribution wit k1 degree of freedom?
Di riparian owners (people wey get de property / landlords) go very well get actionable claim.,찻 Di riparian owners (people wey get de property / landlords) go very well get actionable claim.
Di dierence go be about exactly how close to zero dis dierence should be,찻 Di dierence go be.
Di part of di value of di contract for locke na di opportunity (chance / open door) to work on projects wey go earn additional money and promote (to push something go front / ginger) and enhance locke career.,찻 Di part of di value of di contract for locke na di opportunity (chance / open door) to work on projects wey go earn additional money and promote (to push something go front / ginger) and enhance locke's career
"While human rights dey based on moral values, e important to recognize say values dey fundamentally (di main thing be say) different from rights.","찻 While human rights dey based on moral values, e important to recognize say values dey fundamentally (di main thing be say) different from rights."
"E dey far from obvious say dis advocacy activities go redirect, or go free oda resources wey dey direct, towards terrorist ends (where e finish / targets).","찻 Di advocacy activities go dey redirected, or go free oda resources wey dey direct, towards terrorist ends (where e finish / targets)."
Retrieved from who. int hac techguidance health of migrants en World Health Organization.,찻 Retrieved from who. int hac techguidance health of migrants en world health organization.
Di study don express conflicted feelings wey dey based on where you dey l2 writing.,찻 Di study express conflicted feelings for relation to l2 writing
Di congressional (concern de law-makers / National Assembly mata) intent no to abridge First amendment (wey go bring freedom to pipo) rights be understand?,찻 How should di congressional (concern de law-makers / National Assembly mata) intent no to abridge First amendment (wey go bring freedom to pipo) rights be understand?
"First amendment (wey go bring freedom to pipo) principles wey dey pronounced (E dey speak, pronounce, or utter for certain way) for new york times guide awa conclusion, we reach say conclusion only by apply dis principles for dis discrete (wey dey separate) context.","찻 First amendment (wey go bring freedom to pipo) principles wey dey pronounced for new york times guide awa conclusion, we reach say conclusion only by apply dis principles for dis discrete (wey dey separate) context."
Di values di operator dey apply to dey call operands,찻 Di value wey operator dey apply to dey call operand
Na you ever (anytime / since world start) try to speak (to yan / talk / express mind) a language wey you no dey fluent?,찻 Di ever (anytime / since world start) tried (bin try / test) to speak (to yan / talk / express mind) language wey you dey fluent?
We dey do?,찻 Wetin you suppose do?
"Di stage dey worth taking (to carry / to collect) di time to teach (to show person de way / lecture) you, bikos e dey much cleaner system.","찻 E dey worth take di time to teach (to show person de way / lecture) yourself, bikos e dey much cleaner system."
"for example, Vietnamese generally no dey recognize di concept of preventative medicine, and go not seek treatment unless symptoms dey present and go sometimes discontinue medication wen symptoms dey abate.","찻 for example, v ietnamese generally no recognize di concept of preventive medicine, and no seek treatment unless symptoms dey present and go sometimes discontinue medication wen symptoms abate (cdc, 2008a)."
We dey convinced say congress dey justified for reject say view,찻 We dey convinced say congress dey justified for reject say view
"Di concept of a mean dey something wey dey already (E don happen / since / before-before) understand, i go use to introduce some of di way wey math dey write wey statisticians (pipo wey sabi statistics) use to describe dis calculation, and talk about how di calculation dey done for r.","찻 Di concept of mean na something wey all already (E don happen / since / before-before) understand, i go use dis as excuse (to give reason for mistake / pardon) to start introducin some of di mathematical notation wey statisticians (pipo wey sabi statistics) use to describe dis calculation, and talk about how di calculations go dey done for r. di rst piece of notation to introduce na, wey we go use to talk about di number of observation wey we dey averaging(in dis case n5)."
Di law also affect those for management (di act of managing something).,찻 Di law also affect those for management (di act of managing something).
"Di very simple measure for principle, wit quite few wrinkles wey you start di details.","찻 E dey simple measure for principle, wit quite few wrinkles wen you start digging into di details."
"Di quotations (exact words wey somebody write or talk) all derive from case wey defamation, fraud, or some oda legally (inside law / wetin law gree make person do) cognizable harm wey dey associated wit false statement, such as invasion (force entry / enter person space) of privacy or di cost of vexatious litigation.","찻 Di quotations (exact words wey somebody write or talk) all derive from case discuss defamation (na false statement wey dey harm persin reputation or character), fraud, or some oda legally cognizable harm wey dey associated wit false statement, such as an invasion (force entry / enter person space) of privacy or di cost of vexatious litigation."
"For di brain, go suppose use ketone bodi oxidation organs wey dey dependent (wetin dey depend) solely (him alone / only dat one) on glucose, such as di brain, go suppose use ketone as al ternativ e energy source.","찻 Di ketone bodi oxidation organs wey dey classical ly dey thought to depend solely (him alone / only dat one) on glucose, such as di brain, fit actually use ketones as anal ternativ e energy source."
Di scholars (deep students / book people) posit different explanations for holmes change over di summer.,찻 Di scholars (deep students / book people) posit different explanations for holmes' change over di summer.
"Di interesting thing wey dey note here na say increase di hours work always increase di grade receive, as di one line wey no cut.","찻 Di interesting thing to note here na say e dey perfect (E set / e correct well-well) monotonic relationship between di two variables: for dis toy example atleast, increasing di hours work always increase di grade receive, as di solid line illustrate (to show how e be)."
"Di problem for your first few years wey you dey learn to speak (to yan / talk / express mind), na problem for your first few years wey you just make cute gurgling noises (unwanted random changes in a signal).","찻 Di first few years wey you dey learn to speak (to yan / talk / express mind), no dey problem for your first few years wey you make cute gurgling noises."
"Di function dey pretty exible, and allow you to input your data for few dierent ways.","찻 Di function dey exible, and allow you to input your data for few dierent way."
"So let start wit di\what"".",찻 We go start wit di\what
Di loop continue until no character dey left,찻 Di loop continue until no character dey left
"For most cases you dey interest for pairwise group dierences, so tukey hsd dey useful thing to know about.","찻 Di case you dey interest for pairwise group dierences, so tukey's hsd dey useful thing to know about."
Di court review dey limited to legal errors (mistakes / faults).,찻 Di appellate court review dey limited to legal errors (mistakes / faults).
Di tension wey dey between trademark protection and free speech.,찻 Explore di tension between trademark protection plus free speech.
"Di technique wey dey especially useful wen sampling from a hidden or hard to access population, and dey especially common for social sciences.","찻 Di technique wey dey especially useful wen sampling from a\hidden"" or hard to access population, and dey especially common for social sciences."
"Robson First amendment (wey go bring freedom to pipo) 181 for farah v. esquire magazine, 736 f.3d 528(d. c. cir.","찻 First amendment (wey go bring freedom to pipo) 181 for farah v. esquire magazine, 736 f.3d 528(d. c. cir."
"Di hyperkalemia, an Elevated potassium blood level, also don impair di function of skeletal muscles, di nervous system, and di heart (di tin wey de make blood move for bodi).","찻 Di hyperkalemia, an Elevated potassium blood level, also fit impair di function of skeletal muscles, di nervous system, and di heart (di tin wey de make blood move for bodi)."
"Hinvela (2004)discuss three writing-toread strategies wey help students understand di material wey dem read: summary, synthesis, and response paper.","찻 Di hirvela (2004)discuss three writing-toread strategies wey help students to understand di material wey dem dey read: summary, synthesis, and response paper."
Di fourteenth amendment don render (to give / provide / perform service) di legislatures (law-makers house / people wey dey make rule) of di state as incompetent (dem no competent to take effective action) as congress to enact such laws.,찻 Di fourteenthamendment don render (to give / provide / perform service) di legislatures (law-makers house / people wey dey make rule) of di state as incompetent as congress to enact such laws.
Di bill don pass afta dia statements without any further debate (fomal talk where two pipu dey talk against each oda) by vote (to choose leader / drop thumbprint) of 393 to 1.,찻 Di bill dey pass after dia statement without any further debate (fomal talk where two pipu dey talk against each oda) by vote (to choose leader / drop thumbprint) of 393 to 1.
Di federal sentencing guidelines wey federal judges dey expect to use when sentencing offenders.,"찻 Di federal sentencing commission establish di federal sentencing guidelines, wey dey understand to be mandatory guidelines wey federal judges dey expected (wetin person tink say go happen) to use when sentencing offenders."
"Dis vitamins dey move easily (soft work / e no hard at all) through bodily fluids, wey be water based, so dem no dey store am for bodi","찻 Di vitamins move easily (soft work / e no hard at all) through bodily fluids, wey dey water based, so dem no dey store for di bodi."
Dem start to make sense if you understand say di bayesian (one kind of statistical method) frequentist (one wey like frequency way) distinction (di difference).,찻 Dem start to make sense if you understand say di bayesian (one kind of statistical method) frequentist (one wey like frequency way) distinction (di difference) dey.
"Di judge no repeat hin ""suggestions (di idea wey dey suggest for di idea wey dey suggest)""and ""requests (ask-for / demand / beg-for-something)""say di jurors no expose themselves to comment (remark / talk) upon di case.","찻 Di judge simply repeat (di third cycle word) hin""suggestions (di idea wey dey suggest for di idea wey dey suggest)"" and""requests"" say di jurors no expose themselves to comment (remark / talk) upon di case."
"One of di proudest images of our flag, di one wey dey immortalized for our own national anthem, na of di bombardment wey dey survive for fort mchenry.","찻 One of di proudest images of awa flag, di one immortalized for awa own national anthem, na of di bombardment wey dey survive for fort mchenry."
"Later, your friend wants (wetin person heart dey find / desires) to move to conventional farming practices.",찻 Di friend want move to conventional farming practices.
We dey teach (to show person de way / lecture) you stats (statistics) because you really-really need am.,찻 We dey teach (to show person de way / lecture) you stats (statistics) because you really need am
"As you need consider no only di(probably unlikely)possibility (something wey fit happen / chance dey) of outright fraud, but also di(probably quite common)possibility say di research dey unintentionally \slanted","찻 Di (probably unlikely)possibility of outright fraud, but also di(probably quite common)possibility say di research dey unintentionally (by choice / person do am with im clear eye) \slanted""."
"Na even a certain""look"" go trademark if consumer (person wey buy and use market) identify am wit certain origin (where e start from / source).","찻 Di certain""look"" go dey trademark if ac onsumer identify am wit certain origin (where e start from / source)."
But I think e important to understand dese things before we goto di applications (different programs).,찻 I think e important to understand dis things before we move onto (on top of) di applications (different programs).
Di impression dey wrong.,찻 Di impression dey wrong.
"Society evolves with progress (movement / improvement) plus challenges, plus with wey evolution, different needs arise (to show face / start to happen) inside di realm of Di basic freedoms and rights wey law protect every person from government interference (na wrongful disruption or obstruction of anoda persin legal right or business).","찻 Di society evolve wit progress (movement / improvement) and challenge, and wit dat evolution, different needs arise (to show face / start to happen) for di realm of Di basic freedoms and rights wey law protect every person from government interference (na wrongful disruption or obstruction of anoda persin legal right or business)."
"I don do research about immigration because say na what i know di most about from my personal experience and from my research on di topic, often times i go offer add insightful idea about di subject.","찻 I don do research about immigration because dat na what i know di most about from my personal experience and from my research on di topic, often times i fit offer add insightful idea about di subject."
"If you fit see big departure from linearity here, then e strongly (with pawa / well-well) suggest say you need make some change.","찻 If you fit see big departures from linearity here, then e strongly (with pawa / well-well) suggest say you need make some change."
"Di approach, to show say reliance (to put mind for person hand / depend on something) on promises dey important part of business wey provide necessary stability (how well a system fit maintain balance), regardless (di usually follow by `of') without due thought or consideration or consideration) of whether keeping di promise make economic sense or no.","찻 Dem disagree (I no gree / drag mata) wit dis approach, pointing out say reliance (to put mind for person hand / depend on something) on promises dey important part of business wey provide necessary stability (how well a system fit maintain balance), regardless (di usually follow by `of') without due thought or consideration or consideration) of whether keeping di promise make economic sense or no."
But sometimes you really need know di real day.,"찻 For however, sometimes you go need know di actual date"
Di bribery occur wen someone pay government official to influence di official decision or actions for hin or her official capacity (di highest wey somtin fit contain or do) for di benefit of di person pay di bribe (money or gift to make person no do di correct tin).,찻 Di bribery occur wen someone pay goment official to influence di official decision or actions for hin or her official capacity (di highest wey somtin fit contain or do) for di benefit of di person pay di bribe.
"Di bookkeeper realize say di physicians (doctor) themselves dey very busy, and dem seem to trust (to believe person / keep secret or money with person) di bookkeeper wit di task of figuring out what needs to pay","찻 Di bookkeeper realize say di physicians (doctor) themselves dey busy, and dem seem to trust (to believe person / keep secret or money with person) di bookkeeper wit di task of figuring out what needs to pay."
"For spite of dis, judicial pay dey low compare to pay for private sector and dey source of tension between di judiciary (di part of government wey de interpret and use law) and di oda branch of government.",찻 Di judicial pay dey very low compared (bin compare) to pay for di private sector and na source of tension between di judiciary (di part of government wey de interpret and use law) and di oda branch of government.
glycogen and triglyceride storage (na keeping of goods or documents for safekeeping or later use) dey slow,찻 glycogen and triglyceride storage (na keeping of goods or documents for safekeeping or later use) slows.
Di details don matter for awa purpose,찻 Di details don matter for awa purpose
Di answer to say question no depend upon di degree of public disclosure (to open de secret / tell de whole truth) wey go attend (to go meeting / follow join) di operation (one calculation) of most governmental activity.,찻 Di answer to dat question no depend upon di degree of public disclosure (to open de secret / tell de whole truth) wey go attend (to go meeting / follow join) di operation (one calculation) of most governmental activity.
"Di paragraph (section of writing) wey dey purport to illustrate di""wave of terror""by describing (di description wey dey give a description wey dey give) certain alleged (wetin dem talk say happen but never get proof) events.","찻 Succeeding paragraphs (di begin dey marked by new indented line) purported to illustrate (to show how e be) di""wave of terror""by describing certain alleged (wetin dem talk say happen but never get proof) events."
"Di rules wey apply to trademarks (company brand marks / signs) apply equally (same-same / level ground) to service marks, collective (di cooperative enterprise wey dey cooperative enterprise) marks, plus certification marks.","찻 Di rules wey apply to trademarks (company brand marks / signs) apply equally (same-same / level ground) to service marks, collective marks, plus certification marks."
We dey wonder say we dey discuss economics,찻 We go wonder why we dey discuss economics
"Di district court tok say di respondents don demonstrated irreparable injury, absence of adequate remedy for law, probability of success on di merits (wetin make am good), a favorable (beta / good side) tin wey concern everybody for society, wey be say e important for all of us, an d balance of hardships (suffer-suffer / hard life) for dia favor.","찻 Di district court conclude (make somtin end) say di respondents (people wey dey answer case for kote) don""demonstrat irreparable injury, absence of adequate remedy (way to settle de damage / solution) for law, probability of success (victory / when plan work well) on di merits (wetin make am good), a favorable tin wey concern everybody for society, wey be say e important for all of us, an da balance of hardships""for dia favor."
"Di context of to study numbers pipo go use di term \kata data wey dey group tinz into difren group, like color, sex, or brand, wey each group no dey mix wit anoda, no be say one group pass anoda"" no be ominal scale data"".","찻 Di context of to study numbers pipo go use di term \categorical data""no be ominal scale data""."
"Di national restaurant (di building wey dem go eat pipo go eat) chain cracker barrel, for example, for many years maintain open policy of no hiring (giving work / rent) homosexuals (person wey like pipu wey get hin sex) and dismissing any person wey kom out for work.","찻 Di national restaurant chain (tins wey join togeda) cracker barrel, for example, for many years maintain open policy of no hiring (giving work / rent) homosexuals and dismissing any person wey kom out for work."
E turnout say di afl winning margin data dey fairly skewed.,찻 E turnout say di afl winning margin data dey fairly skewed
"Dip-value dey. 192, so we no reject di null idea.","찻 Dip-value dey.192, so we no reject di null idea."
"Di technical distinction wey dey take between disloyal and abusive (to de use bad word or do somtin bad to person) language wey dey applied to di form of our goment into contempt and disrepute, and language wey dey like character and intended to produce like results directed (something wey dem guide or control / aimed at) against di president and congress, di agencies (offices wey dey run business for people) wey dey through awa goment into contempt and disrepute, and language wey dey like character and intended to produce like results wey dey against di president and congress, di agencies wey dem dey","찻 Di technical distinction (di difference) go take between disloyal and abusive (to de use bad word or do somtin bad to person) language wey dey applied (wetin dem use work / put into action) to di form of awa goment into contempt and disrepute, and language of like character and intended (wetin person get for mind to do) to produce like results wey dey direct against di president and congress, di agencies (offices wey dey run business for people) through which dat form of goment must function for time of war."
"for example, i try unload di lattice package while di matrix package dey still loaded (wey don start)","찻 for example, i try to unload di lattice package while di matrix package dey still loaded (wey don start)."
We dey consider say xshould be big or small for order to reject di null idea.,찻 Dem consider what we know: xshould be very big or very small for order to reject di null idea.
"I think e dey especially useful to comment (remark / talk) thoroughly (di exhaustive manner wey dey exhaustive manner for di exhaustive manner), partly because di simple action of typing in explanation of what di code go help you keep am clear for your own mind wey you dey try to (to make am / reach target / blow).","찻 I think e dey especially useful to comment (remark / talk) thoroughly (di exhaustive manner wey dey exhaustive manner for di exhaustive manner), partly because di simple act of typing for explanation of what di code go help you keep am clear for your own mind what you dey try to (to make am / reach target / blow)."
We dey see di opportunities (di possibility due to a favorable combination of circumstances) wey new technology get for further democratizing knowledge.,찻 We see di opportunities (di possibility due to a favorable combination of circumstances) wey new technologies don get for further democratizing knowl -edge.
We need now na statistical test of di null idea wey all group means dey identical,찻 Di statistical test of di null idea say all group means dey identical.
Di help document for those functions dey just as dense(if no more dense)than di help le wey you dey reading.,"찻 Di papers wey dey help for di parent (papa or mama). frame()function (and sometimes dat's actually good idea), but often you go find say di papers wey dey help for di parent. frame()function (and sometimes dat's actually good idea), but often you go find say di papers wey dey help for di parent. frame()function (and sometimes dat's actually good idea), but often you go find say di papers wey dey help for di parent"
"For fruitful function a function wey dey di tin wey dey come out from function, dem dey call am return value, but make we tok am well, na di result wey function dey bring out after e don finish im work",찻 Di fruitful function a function wey return value
"Di last five years, four new justices (big-big judges for higher court) don join di court.","찻 Di last five years, however, four new justices (big-big judges for higher court) don join di court"
Di laws dey cold comfort (make person no get wetin de pain am) for di realities wey face dem afta whistle dey blow,찻 Di laws dey cold comfort (make person no get wetin de pain am) for di realities wey face dem afta whistle dey blown.
For some cases cultural and religious (matter of church or mosque / person wey follow God) values dey impose (to force law or fine for person head) strict regulations (rules of de land) on gender roles and expectations wey dey affect wit whom immigrant fit interact and under wetin circumstances.,찻 For some cases cultural and religious (matter of church or mosque / person wey follow God) values impose (to force law or fine for person head) strict regulations (rules of de land) on gender roles and expectations wey affect wit whom an immigrant fit interact and under what circumstances.
"Di prototype no dey release yet, but there you dey wit actual prototype for your hands","찻 Di prototype no dey release yet, but na wit actual prototype for your hands"
"Di appropriate way to consider di statute's prima facie evidence term, for my view, no be as if e dey overbroad statutory definition (di meaning) amenable to severance or narrowing construction (di act of construct something).","찻 Di appropriate way to consider di statute's prima facie evidence term, for my view, no be as if e dey overbroad statutory definition (di meaning) wey dey amenable to severance or narrowing construction (di act of construct something)."
"Wen refugees dey able to remain wit close family members, e fit ease (somtin wey no hard) di strains of relocation and coping wit di traumas dem experience for di home country. For study of refugees for Norway, Lie, Lavik and Laake (2001)find say di presence of close family for Norway get positive (good / sure / something wey dey certain) impact on mental health symptoms, especially for those wit higher exposure (showing body / making known) to traumatic events.","찻 For study of refugees for Norway, Lie, Lavik and Laake (2001)find say di presence of close family for Norway get positive impact on mental health symptoms, especially for those wit higher exposure (showing body / making known) to traumatic events."
"Di right to associate (link / padi) nor di right to participate for political activities na absolute (everitin de complete, no comma) for any event.","찻 First amendment (wey go bring freedom to pipo) 185 neither (no be one or di other) di right to associate nor di right to participate for political activities dey absolute (everitin de complete, no comma) for any event."
"Dire (na urgent or serious situation wey court suppose act fast on am) dey additional trace miner wey dey additional trace miner wey dey additional trace miner wey dey say dey still import tant to di bodi 's functions, but dia r equir ed quantities dey much lower.","찻 Di additional trace miner wey dey important to di bodi functions, but dia r equir ed quantities (how plenty tin be / amount) dey much lower."
"I dey to talk about di fact say often, di data don actually say what di researchers think dem say.","찻 I dey to talk about di fact say often, di data don say what di researchers think dem say."
"Additionally (join am follow / plus), all common-law contracts must contain valid consideration.","찻 Additionally (join join / plus), all common-law contracts must contain valid consideration."
Di mathematicians (pipo wey sabi math) go tok say 0 {0 no get proper answer,찻 Di mathematicians (pipo wey sabi math) go say 0 {0 no get proper answer
"Di final (de very last / conclusion) clause of 772(f), wey dey leave americans free to praise di war for vietnam but dem send person like schacht to prison for opposing am, no survive for a kontri wey don get First amendment (wey go bring freedom to pipo).","찻 Di final (de very last / conclusion) clause of 772(f), wey leave americans free to praise di war for vietnam but fit send persons like schacht to prison for oppose am, no survive for kontri wey don get First amendment (wey go bring freedom to pipo)."
Di order no apply to information gained by means oda than di discovery process.,찻 Di order no apply to information gain by means oda than di discovery process.
"Di two wey we care most about for practice dey""complete. obs"" and.","찻 Di two wey we care most about for practice tend (E usually be like say / e get style to) to be complete. obs"" and."
"We fit write down di model like dis: ppheadsq0: 5 wey you go read ashe probability of heads dey 0. 5"".","찻 We go write down di model like dis: ppheadsq0: 5 wey you fit read as hin probability of heads dey 0. 5""."
"for inside square bracket, d period na period.",찻 Di period dey period.
"Di best test of truth dey di power of di thought to get imself accepted (bin gree collect / welcome idea) for di competition of di market, and say truth dey di only ground (di top of earth) wey dem dey reach for di competition of di market, and say truth dey di only ground wey dem dey reach for di competition of di market, and say truth dey di only ground wey dem dey reach for di competition of di market, and say truth dey di only ground wey dem dey reach di ultimate (last-last / final) good desired dey reach di ultimate good desired","찻 Di best test of truth dey di power of di thought to get imself accept for di competition of di market (place wey dem dey buy and sell), and say truth dey di only ground (di top of earth) wey dia wishes safely (safe-safe / no wayo) dey carried (bin carry / bin move load) out."
"One of dem go yell,`be able american,'and then dem go shoot di viet cong wit dia pistols.","찻 One of dem go yell,'be able american,'and then dem go shoot di viet cong wit dia pistols."
Di result tells (E dey yarn / inform) say di evidence for favour of di alternative dey 0. 5 to 1,찻 Di result tell say di evidence for favour of di alternative dey 0. 5 to 1.
E go dey valuable for evaluating julie's written work because e go highlight her rhetorical (talk for talk sake / grammar) process of adaptive transfer.,찻 Na valuable for evaluating julie's written work bikos e go highlight her rhetorical (talk for talk sake / grammar) process of adaptive transfer.
We dey switch from+to* to indicate zero or more non-blank character since [a-za-z0-9] dey already (E don happen / since / before-before) one non-blank character,찻 We switch from+to* to indicate zero or more non-blank character since [a-za-z0-9] dey already (E don happen / since / before-before) one non-blank character
"If employees wait (to stay / hold on / delay) beyond 180 or 300 days, dia claim go dey dismiss (to sack / throwey case / tell person make e go).","찻 If employees wait (to stay / hold on / delay) beyond 180 or 300 days, dia claim go dismiss (to sack / throwey case / tell person make e go)."
We only 6i go note say i dey hid something here,찻 We only 6i go note say i dey hide something here
Excess (extra / surplus) acetyl coa dey converted int ohydroxymeth ylglutar yl coa (hmg coa),"찻 Di k etone synthesis reaction, excess (extra / surplus) acetyl coa dey converted to ohydroxymeth ylglutar yl coa (hmg coa)."
Di plaintiff no use related cause of action to avoid di constitutional requisites (wetin must dey) of di defamation (na false statement wey dey harm persin reputation or character) claim,찻 Di plaintiff no use related cause of action to avoid di constitutional requisite (wetin must dey) of defamation (na false statement wey dey harm persin reputation or character) claim
"Di A theory describing (di description wey dey give a description wey dey give) the different stages a family go through from when dem start to when they old dey describe di normative stages wey family dey go through(i. e, initial coupling, marriage commitment, transitioning to parenthood, etc.).","찻 Di family lifecycle model describe di normative stages wey family go through(i. e, initial coupling, marriage commitment, transitioning to parenthood, etc.)."
Dilution dey allow trademark owner to stop usage of similar word or phrase even if consumers (people wey buy and use market) no dey confused,찻 Di trademark owner don stop usage of similar word or phrase even if consumers (people wey buy and use market) no dey confused.
"Di consumer (person wey buy and use market) misuse di product for way wey dey unforeseeable by di manufacturer (na persin or company wey dey make goods for sell), then strict (no-nonsense / follow de rule exactly) liability no apply.","찻 Di manufacturer (na persin or company wey dey make goods for sell), then strict (no-nonsense / follow de rule exactly) liability no apply."
I no dey prepared (something wey don ready / well-arranged) you to do di writing wey dey do for your profession (di bodi of pipo wey dey learned occupation)?,찻 Di writing wey dey do for your profession (di bodi of pipo wey dey learned occupation)?
"E no dey pretty, e no dey",찻 E no dey e?
"As di x2versusgexample illustrate (to show how e be), two dierent things wit di same sampling distribution dey still, well, dierent","찻 As di x2versusgexample illustrate (to show how e be), two dierent things wit di same sampling distribution dey still, well, dierent."
"Di several evangelical christian groups don campaign (to find support / struggle for votes) hard to dey emphasize teaching evolution for public high schools (places where dem dey learn book), replacin am wit alternative theory wey dey call intelligent (di capacity for thought and reason especially to high degree) design, wey states say di universe dey so complex wey dey impossible to dey explain by random nature and, therefore, intelligent entity designed am.","찻 Di several evangelical christian groups don campaign hard to de-emphasize teaching evolution for public high schools (places where dem dey learn book), replacing am wit alternative theory wey dey call intelligent (di capacity for thought and reason especially to high degree) design, wey states say di universe dey so complex say e dey impossible (no fit happen) to explain by random nature and, therefore, intelligent entity design am"
"If odas discover di secret of di invention(not difficult task since patent applications dey public record), dem dey prohibited (law say make person no do am) from making (to dey build or produce something), using, or selling (to trade market / business) am without di patentee permission.","찻 Di secret of di invention(not difficult task since patent applications (different programs) dey public record), dem dey prohibited (law say make person no do am) from make, using, or selling am without di patentee's permission (di approval to do something)."
"Di dynamic (something wey fit change, e no just stay one place) theory of writing along wit informing how faculty teach wit wid interact wit students text, adaptive transfer might also encourage faculty to embrace dynamic theory of writing, wey dey implications (wetin something fit cause or mean) for both native English speakers (talkers / sound boxes) depalma and ringer60and multilingual writers.","찻 Di context of writing along wit informing (to tell / give info) how faculty teaching wit wid interact wit students texts (written words / messages), adaptive transfer go also encourage faculty to embrace dynamic (something wey fit change, e no just stay one place) theory of writing, wey dey implicate for both native English speakers (talkers / sound boxes) depalma and ringer60and multilingual writers."
Di length(x= sales. by month),"찻 Di length(x= sales. by month) [1]12 secondly (second), you go change all of di elements of a vector for once."
"Di image dey use di data from di histdata package(friendly, 2011), and dey draw minor alterations to di command wey dey provided (as far as / if to say / supply) for di help les.","찻 Di image use di data from di histdata package(friendly, 2011), and dey draw using minor alterations to di commands wey dey provided (as far as / if to say / supply) for di help les."
Dem see examples for more small tins,찻 Dem see examples for details
Di danger wey dey here,찻 Di danger here
"Di domed church of st. hripsime for v agarshapat don rising above eight supports (e get), set inside rectangular (di right angles dey having four right angles) building.",찻 Di domed church of st. hripsime for v agarshapat don get dome rising above eight supports (e get) wey dey set within rectangular building.
E member (one person inside join-body) of di grand jury dey state say to bein sympathy wit di gangsters.,찻 Di grand jury dey state to be for sympathy wit di gangsters.
"Di\logical analysis""reject say assumption entirely (kpatakpata / everything complete).","찻 My""logical analysis""reject say assumption entirely (kpatakpata / everything complete)."
Di goment make two effort to answer dis question,찻 Di goment make two efforts to answer dis question
"Di secondly (second), i care about pipo speed, measured by di mean how fast (fast-fast / sharp-sharp) person answer wey dem take make those decisions (final conclusions / choices), denot mrt.","찻 I care about pipo's speed, measure by di mean how fast (fast-fast / sharp-sharp) person answer take to make those decisions (final conclusions / choices), denoted mrt."
I use when introducing di idea of correlation,찻 I use when introducin di idea of correlations
"E. g, wages (salary / pay for work done), salary (pay / monthly money)) h. a fictional story wey you create f. a condominium on di thirty-second floor of a building for lower manhattan g. di right to eceive payment (na wen persin transfer money fulfill obligation or settle debt) for your work(e. g, wages, salary)h. a wig wey someone wear i.","찻 Di fictional story wey you create f. a condominium on di thirty second floor of building for lower manhattan g. di right to receive payment (na wen persin transfer money fulfill obligation or settle debt) for your work(e. g, wages, salary)h. a wig wey someone dey wear i."
"As we saw wit di previous (something wey dey before now) colour-related parameters, di simplest way to specify dis parameter dey use character string: e. g, col= ""blue""","찻 Di simple way to specify dis parameter dey using character string: e. g, col= ""blue"""
Di implication wey petitioner get criminal record na false.,찻 Di implication say petitioner don get criminal record na true.
Di impact dia daily (make somtin de sup every day) life activities.,찻 Di impact dia daily (make somtin de sup every day) life activities.
Di good samaritan statutes (laws wey dem write put for book) dey designed (bin arrange / build follow plan) to remove any hesitation a bystander for accident (somtin wey person no plan wey cause gbege) go need provide first aid or o dir assistance.,찻 Di good samaritan statutes (laws wey dem write put for book) dey design to remove any hesitation a bystander for accident (somtin wey person no plan wey cause gbege) go provide first aid or oda assistance.
"Di way wey we get rewritten di data, e mean say we don test di hypothesis say di total for one line and column totals kom from di same distribution.","찻 Di way we dey rewritten di data, e mean say we dey test di hypothesis say di row totals and column totals kom from di same distribution."
"E dey true say cross burning, even for political rally, arouses sense of anger or hatred among di most part of citizens wey see a burning cross.","찻 Di true say cross burning, even for political rally, arouses sense of anger or hatred among di most part of citizens wey see burning cross."
"Di reshape() function, as well as di stack()and unstack() functions, all of which dey useful under certain circumstances.","찻 Di reshape() function, as well as di stack()and unstack() functions, all of which dey useful under certain circumstances."
One fit tell di intimidating instance (one example of somtin) from di wholly ideological one only by reference (citation / to point to where info dey) to some further circumstance.,찻 One fit tell di intimidating instance (one example of somtin) from di wholly ideological one only by reference (citation / to point to where info dey) to some further circumstance.
Di mediator typically explain di process wey di mediation (follow-dem-talk-make-dem-settle) go observe.,찻 Di mediator typically explain di process wey di mediation (follow-dem-talk-make-dem-settle) go observe.
Di plurality recommend law wey go apply only to lies wey dey intended (wetin person get for mind to do) to secure (to make sure e safe / tie down) money or oda valuable considerations (factors to reason / payment for contract),"찻 Di plurality recommend law wey go apply only to lies wey dey suppose to""secure money or oda valuable considerations (factors to reason / payment for contract)"
"Ea nice white lab coat (jacket / covering), or e don get something to do wit researcher control over variables?","찻 Na e nice white lab coat (jacket / covering), or e get something to do wit researcher control over variables?"
Di exception don allow di majority rule.,찻 Di exception swallow di majority's rule.
Do modern (new school / latest style) politicians (di leader wey dey engage for civil administration) make di same accusation?,찻 Di modern (new school / latest style) politicians (di leader wey dey engage for civil administration) make di same accusation?
"E dey also several different functions wey you fit use, including ls() wey dey identical to objects(), and ls. str() wey dey identical to objects(), and ls. str","찻 E dey also several oda function wey you fit use, including ls() wey dey identical to objects(), and ls. str() wey you fit use to get fairly detailed description (di statement wey represent something for words wey represent something for words) of all di variables for di workspace (di place wey you dey work for R)."
"Di pipo wey dey carry di questionnaire for di treatment group but no di control group, we dey introduced (di cause to kom know personally) confound: di pipo wey dey carry di questionnaire for di treatment group but no di control group.",찻 Di pipo wey dey take di questionnaire for di treatment group dey already (E don happen / since / before-before) more likely to be dutiful and obedient (to obey) than di pipo for di control group.
Di most exercises include link to my solution,찻 Di exercise dey include link to my solution
Di rdata contains single variable wey contains di raw likert-scale responses:,찻 Di rdata contains single variable wey dey contains di raw one kind of scale response:
"Di distinction (di difference) wey we show, na of no moment wey di nonverbal conduct dey expressive (di expression wey dey characterized by expression), as e dey here, and where di regulation of dat conduct dey related to expression, as e dey here.","찻 We don show, na of no moment wey di nonverbal conduct dey expressive (di expression wey dey characterized by expression), as e dey here, and where di regulation of dat conduct dey related to expression, as e dey here."
Di defendant wey dey prosecut for speech or expressive (di expression wey dey characterized by expression) conduct dey challenge di law on its face if dia activities no dey protected by First amendment (wey go bring freedom to pipo).,"찻 Di defendant wey dey prosecut for speech or expressive (di expression wey dey characterized by expression) conduct go challenge di law on its face if dem reach protected expression, even if dat person's activities no dey protected by First amendment (wey go bring freedom to pipo)."
"Di adaptive transfer offers lens, for oda words, wey fit help wac researchers acknowledge di complexity wey dey associated wit multilingual writers writing across di curriculum.","찻 Di adaptive transfer offer lens, for oda words, wey fit help wac researchers acknowledge di complexity wey dey associated wit multilingual writers writing across di curriculum."
I no alone (only one / by imself) for doing dis,찻 I no dey alone (only one / by imself) for do dis
"Dem dey consider mitchell argument say di wisconsin statute dey unconstitutionally (against de law of de land) overbroad because of its""one kind situation wey dey make journalists (person wey dey write or talk news for akwukwo, magazi, or telivishon) fear to yarn wetin dem wan yarn, because dem dey fear say dem go suffer consequence (as e turn out), like say dem go censor dem, punish dem, or pipo go backlash dem""for free speech.","찻 Dem dey consider mitchell argument say di wisconsin statute dey unconstitutionally (against de law of de land) overbroad because of its""chilling effect""on free speech."
"Di generic (somtin wey fit be anytin) function pass o di hard work to a default""method, wey dey print. default()","찻 Di generic (somtin wey fit be anytin) function pass o di hard work to a\default"" method, wey dey name for dis case go print. default()"
"Di intercept term dey 43. 5, wey dey close to di\group"" mean of 42. 5 observe for di two students wey no read di text or attend (to go meeting / follow join) class.","찻 Di intercept term dey 43. 5, wey dey close to di\group"" mean of 42. 5 observe for those two students wey no read di text or attend (to go meeting / follow join) class."
E dey useful to rescale di plots,찻 E dey useful to rescale di plots
"I no believe say all contentbased regulations (rules of de land) dey equally infirm and presumptively invalid (something wey no get pawa / e no legal); unlike (no be like) justice white, i no believe say all contentbased regulations dey equally infirm and presumptively invalid; unlike justice white, i no believe say all contentbased regulations dey equally infirm and presumptively invalid; unlike justice white, i no believe say all contentbased regulations dey equally infirm and presumptively invalid; unlike justice white, i no","찻 I no believe say all contentbased regulations (rules of de land) dey equally (same-same / level ground) infirm and presumptively invalid (something wey no get pawa / e no legal); unlike justice white, i no believe say fighting words dey unprotected by First amendment (wey go bring freedom to pipo)."
"Di""shed"" be comfortable garage-like room wit cooler and fan and say coach leach dey simply having di player stand inside, out of di sun, in accordance (di concurrence of opinion of opinion) wit medical orders (commands / how gofment or oga say make e be).","찻 Di""shed"" dey comfortable garage-like room wit cooler and fan and say coach leach dey simply having di player stand inside, out of di sun, for accordance (di concurrence of opinion of opinion) wit medical orders (commands / how gofment or oga say make e be)."
"Private enterprise plus di profit motive allow innovation (di creation (a new device or process) result from study and experimentation) plus entrepreneurship to flourish, leading (de oga for de group / showing road) to prosperity (di economic state of growth wit rising profits and full employment) plus peace.","찻 Private enterprise plus di profit (gain / better money from business) motive allow innovation (di creation (a new device or process) result from study and experimentation) plus entrepreneurship to flourish, leading (de oga for de group / showing road) to prosperity plus peace."
"Di video (film / record wey person fit see) clip: al franken"" to hear di details of senator franken work on dis matter","찻 Di video (film / record wey person fit see) clip: al franken"" to hear di details of senator franken work on dis matter."
President eisenhower reluctantly ordered di 101st airborne division (divide) of di u. s. army to little rock to ensure di students fit enroll plus attend (to go meeting / follow join) class.,찻 President eisenhower reluctantly order di 101st airborne division (divide) of di u. s. army to little rock to ensure di students go enroll and attend (to go meeting / follow join) class.
We dey goon.,찻 Na here's wey dey goon
Dem go wait (to stay / hold on / delay) until for next one of dis book.,"찻 Di topic wey dey deserve fairly detailed treatment, but (again)due to deadline constraints (rules wey dey prevent you from going too far), e go wait (to stay / hold on / delay) until future version of dis book."
"Di pvalue don directly measure di probability of di data(or data more extreme)under di null, and which\possible tests""dey tell you to accept di alternative.","찻 Di pvalue no directly measure di probability of di data(or data more extreme)under di null, na more of abstract description (di statement wey represent something for words wey represent something for words) about which\possible tests"" dey tell you to accept di null, and which\possible tests"" dey tell you to accept di alternative."
"Di gain variable wey most pipo don show a mood gain(mean:88), though without knowing (with full sabi / person wey get info) what di scale dey here e hard to say much more than dat","찻 We fit see from looking at di summary of di mood. gain variable wey most pipo don show mood gain(mean:88), though without know what di scale dey here dey hard to say much more than dat."
Di respiratory (di respiration wey dey pertaining to respiration) contribution (di part played by a person for bring about a result) to acid-base balance dey usually discussed (bin talk about de mata / deliberation) fort erms of co2(no be of carbonic acid).,찻 Di r espir atory contribution (di part played by a person for bring about a result) to acid-base balance dey discuss for terms of co2(no be of carbonic acid).
We go use di etasquared() function from di lsrpackage.,찻 We go use di etasquared() function from di lsrpackage.
"as result, you expect di value of ss wto be smaller than di total adding all the squared gaps to measure total error, because di fact say di drugs(if dem work)go get animalt eect on pipo's moods.",찻 Di fact say di drugs(if dem work)go get dierent eects on pipo moods.
As you write programs you go makeup your own words wey get meaning to you con call am variables.,"찻 As you dey write programs, makeup your own words wey dey meaning to you call variables."
Di employees pay attention to di employees?,찻 Di employees pay attention to am?
Dem dey also immutable,찻 Dem also dey immutable
Di second priority na di c onser vation of amino acids f or proteins.,찻 Di second priority na di c onser vation of amino acids f or proteins.
"Di regulation of drugs dey by glomerular filtration (di process wey fluid pass through filter or filtering medium), tubular secretion, and tubular r eabsorption.","찻 Di regulation of drugs dey by glomerular filtration (di process wey fluid pass through filter or filtering medium), tubular secretion, and tubular r eabsorption."
"Trademark infringement occurs (E dey happen / e dey show face) when someone uses (ways wey dem dey take use tin) someone else's mark, either completely or to a substantial degree, when marketing goods or services, without di permission (di approval to do something) of di mark's owner.","찻 Di trademark infringement occur wen someone use someone else mark, either completely or to substantial degree, wen marketing goods or services, without di permission (di approval to do something) of di mark owner."
Research dey show say family violence na even stronger predictor (di thing wey dey predict) of PTSD for children than war exposure (showing body / making known).,찻 Research dey show say family violence na even stronger predictor (di thing wey dey predict) of PTSD for children than warexposure.
"Di right includes (E carry am follow / join body) freedom to change hin religion or belief, and freedom, either alone or for community wit odas and for public or private, to manifest (show clear / list of load) hin religion or belief for teaching, practice, worship (to serve God / praise) and observance.","찻 Di right include freedom to change hin religion or belief (wetin person believe / faith), and freedom, either alone (only one / by imself) or for community wit odas and for public or private, to manifest (show clear / list of load) hin religion or belief for teaching, practice, worship (to serve God / praise) and observance."
"Di grief response wey dey come wit loss fit manifest (show clear / list of load) as physical, emotional and psychological responses including crying, anger, numbness, confusion, anxiety (worry), agitation, fatigue and guilt.","찻 Di grief response wey kom wit loss fit manifest (show clear / list of load) as physical, emotional, and psychological responses including crying, anger, numbness, confusion, anxiety (worry), agitation, fatigue and guilt."
You may spend your entire life without ever (anytime / since world start) meeting (gathering / discussion group) a single judge.,찻 I go spend your entire life without ever (anytime / since world start) meeting (gathering / discussion group) single judge.
Di several considerations (factors to reason / payment for contract) persuade me say di st. paul ordinance (local government law / official order) no dey unconstitutional (E against de grand-papa law of de land) contentbased regulation of speech.,찻 Di several considerations (factors to reason / payment for contract) persuade me say di st. Paul ordinance (local government law / official order) no dey unconstitutional (E against de grand-papa law of de land) contentbased regulation of speech.
"Na such requirements aim to reduce incentives (di positive motivational influence influence a positive motivational influence influence) for undocumented immigration, but also pose (show / bring problem) burdens (heavy loads / serious responsibilities) of liability and reduce labor availability for employers.","찻 Such requirements aim toreduce incentives (di positive motivational influence influence a positive motivational influence influence influence) for undocumented immigration, but sef pose (show / bring problem) burdens (heavy loads / heavy responsibilities) of liability andduced labor availability for employers (ogas wey dey give work)."
E dey because you don place condition on di consideration.,찻 Dis dey because you don place condition on di consideration.
E dey good idea to read dis book for front of a computer so you go try out di examples as you go,찻 E dey good idea to read dis book for front of a computer so you fit try out di examples as you go
E no make us perfect (E set / e correct well-well) though,찻 E no make us perfect (E set / e correct well-well) though
Wey immigrant small business help local economies grow,찻 How immigrant small dey help local economies grow. Retrieved from fiscalpolicy. org.
"She dey assume say di harasser dey drunk and misses, but for return you take swing and hit him, knock him to di ground (di top of earth).","찻 Di harasser dey drunk and misses, but for return you take swing and hit am, knocking am to di ground (di top of earth)."
Examine excuse (to give reason for mistake / pardon) for kots available to strict (no-nonsense / follow de rule exactly) product liability.,찻 Examine excuse (to give reason for mistake / pardon) for kots available to strict (no-nonsense / follow de rule exactly) product liability.
"Na some attempts (to try / struggle to do something) to workout di how two things dey related di two, and na somewhat (small / somehow) surprising.","찻 Di attempt to workout di how two things dey related di two, and e dey somewhat (small / somehow) surprising."
Di deluge (very big or overwhelming amount of something) of publicity reach atleast some of di jury.,찻 Di deluge of publicity reach atleast some of di jury.
Di probability dey add to di probability.,찻 Expression of approval (go-ahead / when oga gree) add to di probability.
"If we import awa data from csv le, rwill store am as one kind of table.","찻 If we import awa data from csv le, rwill store am as one kind of table"
"Di evidentiary rules dey(in theory, at least)designed (bin arrange / build follow plan) to ensure say there no chance of wrongfully convictin an innocent (person wey hand clean / no be im do am) defendant.","찻 Di evidentiary rules dey(in theory, at least)design to ensure say no chance of wrongfully convicting (na wen court or jury find persin guilty of criminal charge) innocent (person wey hand clean / no be im do am) defendant."
"Di goment don dey interest for encouraging proper treatment of di flag, however, dey no say di goment don encourage (to ginger / support) proper treatment of di flag as means of political protest.","찻 Di goment no dey interest for encouraging proper treatment of di flag, however, no dey say e go criminally punish (to discipline / give wahala) a person for burning flag as means of political protest."
"Di record now before us no clear say further publicity, unchecked, go so distort (to change or twist something comot from its true form) di views of potential Jurors wey 12 no fit find wey go, under proper instructions (directions / orders from oga), fulfill dia sworn duty to render (to give / provide / perform service) just verdict exclusively on di evidence wey dey present for open court.","찻 Di record now before us no clear say further publicity, unchecked, go so distort (to change or twist something comot from its true form) di views (how people take see de mata) of potential jurors say 12 no be found who go, under proper instructions (directions / orders from oga), fulfill dia sworn duty to render (to give / provide / perform service) a just verdict exclusively on di evidence wey dey present for open court."
"Di next step for di process dey convert dis deviation to absolute (everitin de complete, no comma) deviations.","찻 Di next step for di process dey convert dis deviations to absolute (everitin de complete, no comma) deviations."
Di statement wey call a method.,찻 Di statement wey call a method.
Di statement must know or reckless falsehood.,찻 Di statement must be knowing (with full sabi / person wey get info) or reckless falsehood
Di landowners don higher duty of care to such person.,찻 Di landowners don get higher duty of care to such a person
"We don use di json library to dig through di parsed json, since di return data dey simply native python structure.","찻 We no need use di json library to dig through di parsed json, since di return data dey simply native python structure."
"Di link for disassignment, write down your perceptions of federal prison camp","찻 Di assignment, write down your perceptions of""federal prison camp"""
"Di last point dey see as drawback or benefit, based on di circumstances of di negotiation","찻 Di last point dey seen (bin see am / dem don notice) as drawback or benefit, based on di circumstances of di negotiation."
You go need learn how to talk fast (fast-fast / sharp-sharp) to keep up with the cpu.,찻 We go learn how to talk fast (fast-fast / sharp-sharp) to keep up wit di cpu
"Di important to note, however, say no all law dey public law","찻 E important to note, however, say no all law dey public law."
"because say sort dey return none (nothing / nobody / zero), d next operation (one calculation) wey you go perform dey likely to fail.",찻 Di next operation (one calculation) you perform wit tis likely to fail.
"Di command wey dey use to do dis, save() and save. image()","찻 Di two commands wey dey use to do dis, save() and save. image()"
"Di faa's broad (E wide well-well / e cover many things) interpretation, no all binding arbitration clauses (sections inside law or agreement) dey upheld (dem support de first decision / law stand) by courts for b2c case.","찻 Di faa's wide interpretation, no all binding arbitration clauses (sections inside law or agreement) don dey upheld (dem support de first decision / law stand) by courts for b2c case."
"Di formal (official way / follow-follow rule) methods of adr include mediation-arbitration (med-arb), wey dey essentially (for bottom or by one's (or its) very nature) a mediation (follow-dem-talk-make-dem-settle) followed by arbitration (med-arb), wey dey essentially a mediation followed by arbitration.","찻 Di more formal (official way / follow-follow rule) methods of adr include mediation-arbitration (med-arb), wey dey essentially (for bottom or by one's (or its) very nature) mediation follow arbitration."
"Inside wey case, a married (don marry) couple, composed of a judge plus an attorney, met di requirements for adverse (bad / against progress) possession plus successfully brought (bin carry come / fetch) an action for quiet title.","찻 Di case, married (don marry) couple (two / husband and wife), composed of judge and attorney, meet di requirements for adverse (bad / against progress) possession and successfully (for successful manner) bring action for quiet title."
One seriously (no be play-play / with full seriousness) believe say di media- properly free and untrammeled for di fullest sense of dis terms- no fit protect themselves.,"찻 Di solicitude repeatedly (every time / again and again) show by dis court for First amendment (wey go bring freedom to pipo) freedoms go be sufficient assurance against any such effort, even if one seriously (no be play-play / with full seriousness) believe say di media- properly free and untrammeled for di fullest sense of dis terms- no dey able to protect themselves."
I fit understand di academic article more clearly if i use my own words to express di information,찻 I fit understand di academic articles (items / sections for law book) more clearly if i use my own words to express di information
Di legend no dey quite properly.,찻 Di legend no dey quite t properly.
Diunited state must complete interview for diunited state.,찻 Dem must then complete interview for U. S.
"Di ordinance (local government law / official order) only proscribed class of""fighting words"" wey dey offensive (something wey dey disrespect or abuse person) by di city- i. e, those wey dey contain.","찻 Di ordinance (local government law / official order) only proscribed class of""fighting words""dey offensive (something wey dey disrespect or abuse person) by di city- i. e, those"" wey contain."
Di framers no assess di relative (connection / family person) value of di first and sixth(or fifth)amendments (adjustments to change law or agreement)?,찻 Di framers no assess di relative (connection / family person) values of di first and sixth(or fifth)amendments?
Di why dey biased?,찻 Na why dey ^biased?
We fit use dis distribution as tool (tinwey or ogbe wey dem dey use do sometin or wok) for assess how closely (near-near / check am well-well) di null idea agree wit awa data.,찻 We fit use dis distribution as tool (tinwey or ogbe wey dem dey use do sometin or wok) for assessing (checking levels) how closely (near-near / check am well-well) di null idea agree wit awa data
Di suppose i interest for proportion of babies born for particular hospital wey dey boys,찻 I dey interest for proportion of babies wey dey born for particular hospital wey dey boys
"Di 1960's don narrow (small space / not wide) di scope of di traditional categorical exceptions (di deliberate act of omission wey dey deliberate act of omission) for defamation, see new york times co. v. sullivan(1964) and for obscenity (dirty behavior or talk wey go against morals), see miller v. california(1973) and for obscenity, see miller v. california(1973) and for obscenity, see miller v. california(1973) and for obscenity, see miller v. california(1973) and for obscenity, see miller v. california(1973) and for obscenity, see miller v. california(197","찻 Di 1960'shave narrow di scope of di traditional categorical exception for defamation (na false statement wey dey harm persin reputation or character), see new york times co. v. sullivan(1964); gertz v. robert wench, inc. (1974)and for obscenity (dirty behavior or talk wey go against morals), see miller v. california(1973), but limited categorical approach don remain important part of awa First amendment (wey go bring freedom to pipo) jurisprudence (way to reason law)."
Dis don happen sometimes.,찻 Dis happen sometimes.
Di most databases dey organize like dictionary (book or app wey dey explain word meanings) for di sense say dem map from keys to value,찻 Di most database dey organize like dictionary (book or app wey dey explain word meanings) for di sense say dem map from keys to value.
"Di revetment covers much of di wooden surface wit swirling filigree pattern, and smaller icons of various (many different-different types) saints populate di icon frame.","찻 Di revetment cover much of di wooden surface wit swirling filigree pattern, and smaller icons of different saints populate di icon frame."
"Unless person quick think of something, the pipo wey dey d planet fit stab person wit their spears, put you for spit, still roast person over fire (di tin wey de show when somtin de burn), con chop you as night food.","찻 Di inhabitants (person wey dey stay for place) of di planet dey likely to stab you wit dia spears, put you on spit, roast you over fire (di tin wey de show when somtin de burn), and eat you for dinner."
Using mental health indicators to identify post-disaster gender-based violence among women displaced by Hurricane Katrina.,찻 Using mental health indicators to identify post-disaster gender-based violence among women displaced by hurricane katrina.
Dem dey reserve words and wey dey just dem name wey dey represent figure wey fit change for kompyuta program?,찻 Na reserved words and wey dey just name of variable?
"Di answer, show for figure 11. 5, na say almost di entirety of di sampling distribution don move into di critical region","찻 Di answer, show for figure 11. 5, na say almost di entirety of di sampling distribution don move into di critical region."
Di petitioners (people wey start case or request for court) go declare (to talk am out / announce) di right of accused (person wey dem talk say e do bad) subordinate to dia right to publish for all circumstances.,찻 Di petitioners (people wey start case or request for court) go get us declare (to talk am out / announce) di right of an accused (person wey dem talk say e do bad) subordinate to dia right to publish for all circumstances.
"Di fact say many of di prejudicial news items (different things / materials) dey traced to di prosecution, as well as di defense, aggravate di judge's failure (when tin no work out / disappointment) to take any action.","찻 Di fact say many of di prejudicial news items (different things / materials) go dey traced to di prosecution, as well as di defense, aggravate di judge's failure (when tin no work out / disappointment) to take any action."
"If you sign such agreement wit a party wey hold inherently great power than you, such as your employer, then you go find you at extreme (too much / over) disadvantage (di quality of having inferior or less favorable position) for arbitration proceeding.","찻 If you sign such agreement wit a party wey hold inherently greater (E big pass / more-more) power than you, such as your employer, then you go find yourself at extreme (too much / over) disadvantage (di quality of having inferior or less favorable position) for arbitration proceeding."
Dem influence byzantine art and architecture widely influenced by dis many connections wit lands and pipo far and near.,찻 Byzantine art and architecture widely influence and dey influence by these many connections wit lands and pipo far and near.
Di geocoding api go call di geocoding api to retrieve di data and store am for di database.,"찻 Di openstreetmap data for di location, e go call di geocoding api to retrieve di data and store am for di database."
Di steps (actions / how to waka reach target) fore xchang e for h+by antipor t mechanism (system wey dey produce one particular result) for di apical membranes of cells wey dey lining di renal tubule.,찻 Di steps (actions / how to waka reach target) wey dey involved for supplying bicarbonat e ions to di system ar e seen (bin see am / dem don notice) for figure 26. 17 and ar e summarized below: step 1: sodium ions ar e reabsorbed from di fil trate for e xchang e for h+by an antipor t mechanism (system wey dey produce one particular result) for di apical membranes of cells lining di renal tubule.
Di owner don think about timbering di forest f or some extra (jara / more) money.,찻 Di owner don think about timbering di forest f or some extra (jara / more) money
Di application a sample code to help get you start for solving real-world problem.,찻 Di applications (different programs) as sample code to help get you start for solving real-world problem.
Set dis to TRUE to display di plot horizontally not dat one vertically (for a vertical direction direction).,찻 Di set to true to display di plot horizontally no be vertically (for a vertical direction direction direction).
"Di axis scales on both di horizontal (di something wey dey oriented horizontally) and vertical dimensions don expand, di axes (di lines for side) don dey suppress (press am down / hide) as dem dey suppress, but di axes don dey suppress as dem dey suppress, but di axes don dey suppress as dey annotations, but i've keep box around di plot.","찻 Di axis scale on both di horizontal (di something wey dey oriented horizontally) and vertical dimensions don expand, di axes don suppress (press am down / hide) as di annotations, but i keep box around di plot."
We goto talk about dis as rcfactorial anova.,찻 We go to talk about dis as rcfactorial anova.
For many years di joint judgment of di executive and congress don be say to protect di rights of federal employees wit respect to dia jobs (work / hustle / different employments) and dia political acts and beliefs nano enough merely (just / only dat one) to forbid one employee to influence or coerce (to change by force) another.,찻 Di joint judgment of di executive (de branch of gofment wey dey run de land) and congress don be say to protect di rights of federal employees wit respect to dia jobs (work / hustle / different employments) and dia political act and beliefs (wetin you believe) no enough merely (just / only dat one) to forbid one employee to attempt to influence or coerce another.
"Dat one na one thing wey dey help for real numbers work, but e no be something we need right now.","찻 Di useful skill for real numbers work, but e no dey something we need right now."
Di means say any contract wit a minor dey voidable by di minor under di infancy doctrine,찻 Di means say any contract wit minor dey voidable by di minor under di infancy doctrine.
"Di really plausible to think say dis\common sense""approach dey trustworthy?","찻 Di common sense""approach dey very trustworthy?"
"Di odds na you gured na typo, since andxlook pretty similar","찻 Di odds dey you gured na typo, since andxlook pretty similar."
"Compare plus contrast how awa criminal justice system go differ if di goal of punishment bin dey each of di following: retribution (di justly deserved penalty a justly deserved penalty), rehabilitation (di restoration of someone to useful place for society), protection of society, or deterrence from future acts (deeds / many laws wey don pass) of crime.","찻 Compare plus contrast how awa criminal justice system go differ if di goal of punishment (di act of punishing di act of punishing di act of punishing) bin dey each of di following: retribution, rehabilitation (di restoration of someone to good place for society), protection of society, or deterrence from future acts (deeds / many laws wey don pass) of crime."
"Di manufacturers (na persin or company wey dey make goods for sell) must warn say misuse dey foreseeable (something wey person fit sabi say e go happen), manufacturers must warn say misuse aswell.","찻 If consumer (person wey buy and use market) misuse dey foreseeable (something wey person fit sabi say e go happen), manufacturers (na persin or company wey dey make goods for sell) must warn against say misuse aswell."
"Operation (one calculation): addition(+), one example wey you give 10+2, output 12; subtraction (-),9-3, 6; multiplication (),55, 25; division ( ),10 3, 3.333; power(^), 5^2, 25.",찻 Operation (one calculation) operator: input example: output addition+10+2 12. subtraction (minus) = 9-36 multiplication (times)*5*5 25. division = 1033 power = 5^2 25.
"Di plurality analysis, di determination of whether interest dey sufficiently compelling (something wey strong well-well / e force you to pay attention) depend not on di harm wey dey regulation for question seeks (person wey dey find / look for) to prevent, but on di area of society wey dey suppose prevent, but on di area of society wey dey which dey aims.","찻 Di plurality analysis, di determination of whether interest dey sufficiently compelling (something wey strong well-well / e force you to pay attention) depend no on di harm regulation for question seeks (person wey dey find / look for) to prevent, but on di area of society wey dem aims."
"Di additional difficulties (di effort wey dey inconvenient, na effort wey dey inconvenient) include limitations on students' time for reading and writing posed by di requirements of oda kinds of assigned work, student activities, and team sports; di difficulty of performing (to do de work / show-working) kritikal tinin be say make we dey examine tori and ideas well, sabi wetin dey happen, and use am take make sense decision tasks; and di challenge of sustaining (di lengthen or extend for duration or space) di concentration wey di subject no dey among one interest.","찻 Di additional difficulties (di effort wey dey inconvenient, na effort wey dey inconvenient) include limitations on students time for reading and writing posed by di requirements of oda kind of assigned work, student activities, and team sports; di difficulty of perform critical thinking tasks; and di challenge of sustaining di concentration (di strength of solution) wey dey required for reading wen di subject no dey among one interest."
Di majority somehow conclude (make somtin end) say di advocacy no direct towards inciting imminent action.,찻 Di majority somehow concludes (make somtin end) say di advocacy no direct towards inciting imminent action.
"Di provision as so interpreted (bin give meaning to law or talk)"" ' go create unacceptable (we no dey adequate to give satisfaction) risk of di suppression of ideas.","찻 E dey apparent say th e provision as so interpreted (bin give meaning to law or talk)"" go create unacceptable (we no acceptable) risk of di suppression of ideas"
Di form of invasion (force entry / enter person space) of privacy go take di form of invasion of physical solitude.,찻 Di form of an invasion (force entry / enter person space) of privacy don take di form of an invasion of physical solitude.
Di young white boy approach di group on di opposite side of di street (road / where houses dey) wey dem dey standing (level / position / right to carry mata go kote).,찻 Di young white boy approach di group on di opposite side of di street (road / where houses dey) wey dem stand.
We see say di 95. 4%chance wey dey fall within two standard deviations of di mean.,찻 We see say 95. 4%chance say an observation go fall within two howe dey spread of di mean.
E no surprise given say di good line dey di one wey go right through di middle of di data.,찻 Di good line dey di one wey go right through di middle of di data.
"As a physical threat, dey no concern to di plurality.","찻 Di cross burning subjects (topics / people under authority) dia targets (targets / wetin person want reach), and, sometimes, unintended audience to extreme (too much / over) emotional distress, and dey virtually (almost / near-near kpatakpata) never viewed merely as""unwanted communication (di activity of communicating), but rather, as physical threat, dey of no concern to di plurality."
E no even protect a man from injunction against uttering words wey dey suppose get all di effect of force.,찻 E no even protect a man from injunction against uttering words wey no get all di effect of force.
Di contract contains markedly unfair (wayo / no be so e suppose be / injustice) terms against di party wit less bargaining power or sophistication (E dey uplifting enlightenment) than di party wey create di terms and induce di oda party to sign am.,찻 Di contract contains markedly unfair (wayo / no be so e suppose be / injustice) terms against di party wit less bargain (to price market / agreement price) power or sophistication than di party wey create di terms and induce di oda party to sign am.
"Di however, sometimes, especially wen you start out, e fit convenient (E dey suite to your comfort or purpose or needs) to pull dis variables out of di list, and into di workspace (di place wey you dey work for R).","찻 E dey convenient (E dey suite to your comfort or purpose or needs) to pull dis variables out of di list, and into di workspace (di place wey you dey work for R)."
Di truth dey complete defense to defamation (na false statement wey dey harm persin reputation or character),찻 Di truth dey complete defense to defamation (na false statement wey dey harm persin reputation or character).
"Di mathematically (we dey respect to mathematics wit respect to mathematics) elegant way to describe variation around di mean, but e dey completely uninterpretable because e no use di same unit (one single piece / section) as di data.","찻 Di ight"" way to describe variation around di mean, but e dey completely uninterpretable because e no use di same unit (one single piece / section) as di data."
Di faster way wey dey use di split()function,찻 Di faster way do am nato use di split()function
Di fact say First amendment (wey go bring freedom to pipo) no be self-defining and self-enforcing no dey impairs its usefulness (di quality of being of practical use) nor compels (force person) dia paralysis as a living instrument.,찻 Di fact say First amendment (wey go bring freedom to pipo) no dey self-defining and self-enforcing (by force to follow law) neither (no be one or di other) impairs im usefulness nor compels (force person) im paralysis as a living instrument.
"Di new vocabulary, discipline-specific terminologies, and cultural jokes (somtin wey dem talk or do to make pipu laugh) wey dey frequently (for short intervals, many times for short intervals) appear for di guest lectures dey cause her additional difficulties (di effort wey dey inconvenient, na effort wey dey inconvenient) to understand di information.","찻 Di oftentimes, new vocabulary, discipline-specific terminologies (di words wey dem use), and cultural jokes (somtin wey dem talk or do to make pipu laugh) wey frequently (for short intervals, many times for short intervals) appear for di guest lectures don caus her additional difficulties (di effort wey dey inconvenient, na effort wey dey inconvenient) to understand di information."
"Di klan victims include blacks, s outhern whites wey disagree (I no gree / drag mata) wit di klan, and ""carpetbagger"" northern whites.","찻 Di klan's victims include blacks, s outhern whites wey disagree (I no gree / drag mata) wit di klan, and ""carpetbagger"" northern whites."
E no matter how careful (to look well / watch out) or reasonable di company or individual dey liable for any injury resulting (wetin come out for de end / outcome) from dia actions.,찻 Di case no matter how careful (to look well / watch out) or reasonable di company or individual dey dem dey liable for any injury result from dia actions.
For di parents.,"찻 For di parents, then to di parents."
Allowing (to give chance / gree) di media to avoid liability only by proving (to show prove / confirm) di truth of all injurious statements does no accord adequate protection to First amendment (wey go bring freedom to pipo) liberties (freedom / rights).,찻 Di media go avoid liability only by proving (to show prove / confirm) di truth of all injurious statements no accord adequate protection to First amendment (wey go bring freedom to pipo) liberties (freedom / rights).
We go create dictionary (book or app wey dey explain word meanings) wit character as keys and counters (table / to go against) as di corresponding value.,찻 Di dictionary (book or app wey dey explain word meanings) wit character as keys and counters as di corresponding value.
"Na suppose i wan name a variable wey stores (shops / supermarkets)\my new salary (pay / monthly money)"".","찻 Di suppose name a variable wey dey store\my new salary (pay / monthly money)""."
"Di same input wey dey deterministic (di inevitable consequence of antecedent sufficient causes) pertaining to a program wey dey do di same thing each time wey dey run, give di same inputs.","찻 Di program wey dey do di same thing each time wey dey run, given di same input."
Foreign-born workers labor force characteristics (di things wey make am).,찻 Foreign-born workers labor force characteristics (di things wey make am).
trypsin go den bind (tie / hold together) to chymotrypsinog en to convert am to di active (person or tin wey dey move / e dey function) chymotrypsin,찻 Di active (person or tin wey dey move / e dey function) ch ymotr ypsinog en to convert am into di active ch ymotr ypsin
"Di time around awa reasoning go be slightly dierent, but go still lead nato di same answer.","찻 Di time around awa reasoning go dey slightly dierent, but go still lead na to di same answer."
"Dem pay acoyote (person wey dey smuggles pipo across borders)$10, 000, wey cover attempts (to try / struggle to do something) to bring dia sons to di united states.","찻 Dem pay acoyote (someone wey smuggle pipo across borders)$10, 000, wey cover ed3 attempts (to try / struggle to do something) to bring dia sons to diunited state."
"E recognize say writers shape and dey shape by rhetorical (talk for talk sake / grammar) practice, and, because of dat, e allow for di possibility (something wey fit happen / chance dey) say newcomers work wit a genre go act as a broker wey dey introduce new way of seeing, doing, doing, or knowing (with full sabi / person wey get info) into writing practice(beech, 1999; wenger, 1998).","찻 E recognize say writers shape and dey shaped by rhetorical (talk for talk sake / grammar) practice, and, because of dat, e allow for di possibility (something wey fit happen / chance dey) say newcomers wey dey work wit genre go act as brokers wey introduce new ways of seeing, do, or know into writing practice(beech, 1999; wenger, 1998)."
E to write for screen matrix wey dey indicating (di signal wey be signal for or symptom of symptom of) di sample size(number of pairwise complete case) wey contribute (di quality wey dey bestow a quality on top quality on top) to each correlation.,찻 E to write for screen matrix wey dey indicate di sample size(number of pairwise complete case) wey dey contribute (di quality wey dey bestow a quality on top quality on top) to each correlation.
"Di state law wey discriminate (na recognize or perceive di difference) against out-of-state commerce (big-time buying and selling), or place undue burden on interstate (between two or more states / travels) commerce, go violate di dormant commerce clause.","찻 Di state law wey discriminate (na recognize or perceive di difference) against out-of-state commerce (big-time buying and selling), or place undue burden on interstate (between two or more states / travels) commerce, go violate di dormant commerce clause."
"Di second thing to note na say, although di t-statistic and degree of freedom no change, di p-value don.","찻 Di second thing to note na say, although di t-statistic and degree of freedom no change, dip-value don get."
I dey try pretty hard to clear on which thing r dey to talk about for each case.,찻 I dey try hard to clear on which thing r dey to talk about for each case.
"as starvation dey continue, and more glcose dey needed (wetin dem want / something wey must dey ground), glycerol from fatty acids fit dey libertaed and used as as source for gluconeogenesis","찻 as starvation continue, and more glucose dey needed (wetin dem want / something wey must dey ground), gl ycerol from fatty acids go dey liberated and use as source for gluc oneog enesis."
How we take capture dis distinction (di difference) for R?,찻 How we capture dis distinction (di difference) for r?
"Essentially (for bottom or by one's (or its) very nature), di ucc contains two sets (to arrange / put things for order) of rules for contracts.",찻 Di ucc contains two sets (to arrange / put things for order) of rules for contracts.
"for example, if you talk say""i wish say plenty pipo go work to make their health better"", wetin d dog go hear na""and soon"".","찻 If you say,""i wish more pipo go walk to improve dia overall (everything join together / de whole tin) health"", wey most dogs likely hear na,""blah blah walk blah"
"If di dierence between di two numbers dey below certain threshold value, we dey equal for all practical (something wey person fit do / no be just talk) purposes (reasons why things dey happen).","찻 If di dierence between di two numbers dey below certain threshold value, we dey suppose dey equal for all practical (something wey person fit do / no be just talk) purposes (reasons why things dey happen)."
"So dat na wetin ""installed (wey dey present)""mean: e mean say""e dey for your computer somewhere (one place)"".",찻 E mean\it's on your computer somewhere (one place)
"when you run a""xerox"" photocopy, na di xerox photocopier or some oda machine?","찻 When you run""xerox"" photocopy (photocopy / duplicate), na am on xerox photocopier or some other machine?"
"Na one impressive table for di opposite side, di defense.","찻 Di impressionive table for di opposite side, di defense."
Di iqr dey di range covered (something wey security or insurance don take care of) by dat middle half (one of two tins wey de equal from anoda tin).,찻 Di iqr dey di range covered (something wey security or insurance don take care of) by dat middle half (one of two tins wey de equal from anoda tin)
"Di first, simplest to study numbers dey to determine""who send di most mail (letter / message wey pass post or email)?""","찻 Di first, simplest to study numbers nato determine""who send di most mail (letter / message wey pass post or email)?"
"Di null idea dey wrong, but e no dey clear say we dey care, because di eect size dey so small.","찻 Di null idea dey wrong, but e no dey clear say we actually care, because di eect size dey small"
Di petitioners' motion for judgment notwithstanding (even with all dat / despite say) di verdict dey denied (bin reject / talk say no be so).,찻 Di verdict dey denied (bin reject / talk say no be so).
"Di harlan, j, filed opinion concurring for part and dissenting for part","찻 Di harlan, j, filed opinion con curring for part and dissenting for part."
"Di ductus def erens dey thin (lean / something wey no thick), muscular tube wey dey bundle together inside di scr otum wit c onnectiv e tissue, blood vessels (container wey dem design to hold chemicals or reactions), and nerves int oas tructur e called di sperma tic cord(check di picture 27. 2 and figure 27. 3).","찻 Di ductus def erens dey thick, muscular tube wey dey bundled together inside di scr otum wit c onnectiv e tissue, blood vessels (container wey dem design to hold chemicals or reactions), and nerves int oas tructur e called di sperma tic cord(check di picture 27. 2 and figure 27. 3 )."
"for example, another way to describe where di lsr. pdf file dey for my Mac be ~ rbook lsr. pdf. Dat about all you really need know about file paths.",찻 Di alternative way to describe di location of di lsr. pdf leon my mac go be ~rbook\lsr. pdf wey dey about all you need know about le paths
"Di blood of co2and reduces di level of carbonic acid, make di blood t oo alkaline.","찻 Di blood of co2and r educes di level of carbonic acid, make di blood t oo alkaline."
"Di statute prohibiting (law wey say ""no do am"" / ban) cross burning wit intent to intimidate sweeps beyond a prohibition once rtain conduct into di zone of expression na only di words of di statute but also reality.","찻 Di statute prohibiting (law wey say ""no do am"" / ban) cross burning wit intent to intimidate sweep beyond prohibition once rtain conduct into di zone of expression overlooks no only di words of di statute but also reality."
"Di conclusion feel true conclusion feel true argument dey valid 92%say alid"" 46%say alid"" argument dey valid 92%say alid"" argument dey valid 92%say alid"" 8%say alid""","찻 Di conclusion feel true conclusion feel false argument dey valid 92%say alid"" 46%say alid"" argument dey valid 92%say alid"" 8%say alid"" oh dear, na no good."
"I dey to talk about di f-test as way of testing (check-am / confirm-am) whether a particular term for di model(e. g, main eect of factor a)dey signi cant.","찻 I dey to talk about di f-test as way of testing (check-am / confirm-am) whether a particular term for di model(e. g, main eect of factor a)dey signi cant."
Di holmes dey dissenting for closely (near-near / check am well-well) divided (shared / e no dey as one) case wey no involve First amendment (wey go bring freedom to pipo) but monopoly.,찻 Di holmes dey dissenting for closely (near-near / check am well-well) divide case wey no involve First amendment (wey go bring freedom to pipo) but a monopoly.
"E dey difficult to assess di goment's claim, especially wen one database of congressional (concern de law-makers / National Assembly mata) medal of honor winners exist, e dey difficult to assess di government's claim, especially wen one database of congressional medal of honor winners exist","찻 E dey difficult to assess di goment's claim, especially wen atleast one database of congressional (concern de law-makers / National Assembly mata) medal of honor winners already exist."
Di usually possible to treat dem as if dem dey arguments of di plotting function,찻 E dey usually possible to treat dem as if dem dey argument of di plotting function.
"Di nonhuman legal person, such as corporation, go own property","찻 Di indeed (true-true / na so / for real), even nonhuman legal person, such as corporation, fit own property"
"Di core (de main-main part / de heart of de matter) political speech occupy di highest (de oga kpatakpata / top level), most protected position; commercial speech and nonobscene, sexually explicit speech dey regar as a sort of secondclass expression; obscenity (dirty behavior or talk wey go against morals) and fighting words receive di least protection of all.","찻 Di core (de main-main part / de heart of de matter) political speech occupi di highest (de oga kpatakpata / top level), most protected position; commercial speech and nonobscene, sexually explicit speech dey regard (to look / respect / concern) as sort of secondclass expression; obscenity (dirty behavior or talk wey go against morals) and fighting words receive di least protection of all."
Di recent debates (fomal talk where two pipu dey talk against each oda) don sought (bin find / bin look for) to recast di viability of tort law for political terms.,찻 Di recent debates (fomal talk where two pipu dey talk against each oda) don sought (bin find / bin look for) to recast di viability of tort law for political terms.
"Di book close wit di foreword by jonathan hall, di book close wit afterword by christopher (di Christian martyr and patron saint of travellers (3rd century)) thaiss.",찻 Di book close wit afterword by christopher thaiss.
"Statistics and indicators on forced (by force-by-force / dem use pawa do am) labor and Forcing pipo, especially women and children, into prostitution (for pay sexual intercourse for pay pay pay) against their will.",찻 Statistics and indicators dey forced (by force-by-force / dem use pawa do am) labor and Sex Trafficking.
Di meaning of branzburg dey hotly debated,찻 Di meaning of branzburg dey hotly debated
Di question for every case dey whether di words wey dey use for such circumstances and dey of such a nature as to create clear and present danger wey dem go bring about di substantive (mata wey get weight / real issue for law) evils (bad tin / wicked) wey congress get right to prevent.,"찻 Di""question for every case dey whether di words wey dey use for such circumstances and dey of such nature as to create clear and present danger wey dem go bring about di substantive (mata wey get weight / real issue for law) evils (bad tin / wicked) wey congress get right to prevent."
But no completely.,"찻 E no dey completely, but no completely."
We dey gather go di interview,찻 We dey always go together to interview
"Di character wey dey printed whenever you hit di eturn"" key on your keyboard.","찻 Di character wey dey printed wen you press di eturn"" key on your keyboard."
"how we gotake define""open?""","찻 How we define""open?"""
"E go dey well, and all go dey well","찻 E dey kom back, and all go well"
Di osmor eceptors ar e sensory receptors for di thirst center (di midu of somtin) for di h ypothalamus wey monitor di concentrat ation of solut Es (osmolality) of di blood.,찻 Di osmor eceptors ar e sensory receptors for di thirst center (di midu of somtin) for di h ypothalamus wey monitor di concentrat ation of solut es (osmolality) of di blood.
"If i dey measure how fast (fast-fast / sharp-sharp) person answer(rt) for ve dierent events, i go store di data for milliseconds, as dey conventional for di psychological literature.","찻 Di rt<- c(342, 401, 590, 391, 554) wey di data wey dey measure for milliseconds, as dey conventional for di psychological literature."
"Di trial courts dey di triers of fact, and dia judgment no question by appellate courts.","찻 Di trial court dey di triers of fact, and dia judgment no question di appellate courts."
Di condition wey a person get difficulty either initiating or maintain an erection,찻 Di male r eproductiv e system erectile dysfunction (ed)dey ac ondition wey a person get difficulty either initiating or maintain an erection.
"Journal of General Internal (for inside) Medicine,22(2), 283-288.","찻 Journal of General Internal (for inside) Medicine,22(2), 283-288."
"if di kidneys fail, ds functions dey comprised or lost (something wey miss / person wey no find im way) altogether (di formal terms wey dey informal for nakedness), with devastating effects on homeostasis (when a system maintain a state of balance and stability).","찻 Di function dey compromise or lost (something wey miss / person wey no find im way) altogether (di formal terms wey dey informal for nakedness), wit devastating effects on homeos tasis."
Di balance of power lie between congress and di president for prosecuting di war on terror?,찻 Where should di balance of power lie between congress plus di president inside prosecuting di war on terror?
"E seem like you go save single le wey dey use(in conjunction wit your di first numbers les)and reproduce everything(or atleast, everything interesting) wey you do during your to study numbers.","찻 E seem like you go save single le wey dey use(in conjunction wit your di first numbers les)and reproduce all(or atleast, all interesting) wey you dey during your to study numbers."
"for example, muscles go switch to dey use glucose to fatty acids as fuel.","찻 for example, muscles go switch from using glucose to fatty acids as fuel."
Di idea dey simple,찻 Di idea dey simple
Am applies (dey work) to employers (ogas wey dey give work) with more than fifteen employees.,찻 E dey appli to employers (ogas wey dey give work) wit more than fifteen employees.
Di probability of say event ppxqis a number wey dey between 0 and 1,찻 Di probability of say event ppxqis number wey dey between 0 and 1.
"Di channels (ways to pass info / media stations) of communication (di activity of communicating) no be sufficient, therefore, say di channels of communication be free of governmental restraints (things wey dey hold person back)","찻 E no dey sufficient (di quantity wey fit fulfill need or requirement but without being abundant), so sake of dat, say di channel of communication (di activity of communicating) be free of governmental restraints (things wey dey hold person back)."
E make sure you remember what dem dey,찻 Make sure you remember what dem dey.
"Di defendant go make motion for directed (something wey dem guide or control / aimed at) verdict, arguing (to drag mata / talk back and forth) say no reasonable juror go find for favor (to help person / partial follow-up) of di prosecution or plaintiff before hear di evidence wey dey present so far.","찻 Di defendant go make motion for direct verdict, arguing (to drag mata / talk back and forth) say no reasonable juror go find for favor (to help person / partial follow-up) of di prosecution or plaintiff afta hearing (session for kote where people dey talk deir side) di evidence wey dey present so far."
"Di cells no dey active (person or tin wey dey move / e dey function) as those for di pct; thus, dire (na urgent or serious situation wey court suppose act fast on am) no dey active as those for di pct; thus, dir e no dey active as those for di pct; thus, dire no dey active as those for di pct; thus, dire no dey fewer (small pass) micr ovilli on di apical surface","찻 Di cells no dey active (person or tin wey dey move / e dey function) as those for di pct; thus, e dey fewer (small pass) micr ovilli on di pical surface."
Di two terms dey related to both di predictors (wetin fit predict) and di outcomes (di results wey e give).,"찻 Di two terms dey confound: confound dey additional, often unmeasured variable5 wey dey related to both di predictors (wetin fit predict) and di outcomes (di results wey e give)."
"For time, consumers began (bin start / how e take take off) to identify""sam smith""as your business, then your name don acquired (bin get / collect / buy) secondary (level wey follow / not as important as de main one) meaning and trademarked.","찻 If, however, you call your business Sam Smith anyway, and start growing your business so say eventually, over time, consumers (people wey buy and use market) began (bin start / how e take take off) to identify""Sam Smith""as your business, then your name don acquired (bin get / collect / buy) secondary (level wey follow / not as important as de main one) meaning plus fit be trademarked."
"As your choices (different-different options) dey depend on statistical inference, trade-off dey between simplicity (di quality of being simple or uncompounded) and goodness of fit. As you add more predictors to di model, e dey become more complex; each predictor add new free parameter(new regression coefficient), and each new parameter increase di model ability to""absorb"" random variations (di rate or magnitude of change).","찻 As you add more predictors (wetin fit predict) to di model, you make am more complex; each predictor add new free parameter(i. e, new regression coecient), and each new parameter increase di model's capacity (di highest wey somtin fit contain or do) to bsorb"" random variations."
Very short: notice sey di nested model M0 dey correspond to di full model M1 when we constrain some of di regression coefficients (numbers wey you use multiply variables in a formula) to zero.,찻 Di nested model m0 correspond to di full model m1 wen we constrain some of di regression coecients to zero
First amendment (wey go bring freedom to pipo) dey guarantee against infringement by di government no be private actors (person wey de act feem).,찻 First amendment (wey go bring freedom to pipo) dey guarantee against infringement by di goment no be private actors (person wey de act feem).
"Di values wey dey store for tuple fit be any type, and dem dey indexed by integers.","찻 Di values wey dey store for tuple fit be any type, and dem dey indexed by integers."
"Di second nominee, president george w. bush selected (picked / de one wey dem choose) samuel alito, safe (no wahala / secure / place to keep money) decision wey dem give alito's prior judicial record","찻 Di second nominee, president george w. bush selected (picked / de one wey dem choose) samuel alito, safe (no wahala / secure / place to keep money) decision wey dem give alito prior judicial record."
Di argument dey value or variable wey we dey pass into di function as input to di function,찻 Di argument dey value or variable wey we dey pass into di function as input to di function.
"Di activist shareholders (people wey get part for company business) for Wal-mart under most state laws, including delaware's business laws, shareholders don give unique right to sue third party on behalf (to stand for anoda person) of di corporation.","찻 Video (film / record wey person fit see) clip: activist shareholders (people wey get part for company business) at wal-mart under most state laws, including delaware's business laws, shareholders also get unique right to sue a third party on behalf (to stand for anoda person) of di corporation."
"I dey ready to assume say im go be to di greater (E big pass / more-more) public good, at least over di long run.","찻 I dey ready to assume say e go be to di greater (E big pass / more-more) tin wey concern everybody for society, at least over di long run."
El students' use of academic skills for content course.,찻 Esl students dey use academic skills for content courses (subjects wey student dey learn for school).
One thing to remember wen thinking (to reason / deep thought) about sampling distributions dey say anysample statistic you go care to calculate a sampling distribution.,찻 One thing to remember wen thinking (to reason / deep thought) about sampling distributions na say anysample statistic wey dey care to calculate na sampling distribution.
"Di final (de very last / conclusion) addition to semen dey made by tw obulbour ethr al glands(or co wper 's glands) wey release a thick, sal ty fluid wey lubricat am di end of di ur ethr a and di vagina, and help to clean (neat / no stain) urine residues from di penile ur ethr a.","찻 Di final (de very last / conclusion) addition to semen dey made by twahulbour ethr al glands(or co wper 's glands) wey release thick, sal ty fluid wey lubricat as di end of di ur ethr a and di vagina, and help to clean (neat / no stain) urine residues from di penile ur ethr a."
"Di computer storeowner, don owned (wetin person get for hand / property) di domain (area / website address) for years before nissan motors don tempt to gain ownership of di domain.","찻 Uzi nissan, a computer storeowner, don owned (wetin person get for hand / property) di domain (area / website address) for years before nissan motors dey try gain ownership of di domain."
We get some beliefs (wetin you believe) pphqabout which hypotheses (di proposal wey dey suppose explain certain facts or observations) dey true,찻 We get some beliefs (wetin you believe) pphqabout which hypotheses (di proposal wey dey suppose explain certain facts or observations) dey true.
"Now open your favorite di editor for words or software for writing papers, and paste am.","찻 Now open your favorite editor for words or word processing (di prescribed procedure dey preparing or putting through a prescribed procedure) software, and paste am."
Di heck dey di population wey dey referred (bin talk about / bin point to) to for dis case?,찻 Di heck dey di population wey dey referred (bin talk about / bin point to) to for dis case?
"White, j, concurring [omitted (bin forget or comot am / e no dey inside)].","찻 Di white, j, concurring [omitted (bin forget or comot am / e no dey inside)]."
"Di complication (di act or process of complicating di act or process of complicating): you need tell step()what di largest possible model wey dey willing to entertain na, using di scope argument.","찻 Di one complication (di act or process of complicating di act or process of complicating): you need tell step()what di largest possible model wey dey willing to entertain dey, using di scope argument."
Dem go through di output,찻 Na now let go through di output
Di immediate (now-now / sharp-sharp) danger dey none (nothing / nobody / zero) di less real and substantial because di effect of a given utterance no be accurately (for few mistakes wit few mistakes wit few mistakes wit few mistake) foreseen.,찻 Di immediate (now-now / sharp-sharp) danger dey none (nothing / nobody / zero) di less real and substantial because di effect of a given utterance (wetin person talk) no be accurately (for few mistakes wit few mistakes wit few mistakes wit few mistake) foreseen.
"Di aw""mad value wey i described above dey completely interpretable on its own terms, although di aw""mad value wey i described above dey completely interpretable on its own terms, na no actually howe dey use for real world contexts (how de levels be / situation).","찻 Di aw""mad value wey i described above dey completely interpretable on its own terms, na no actually how dey use for alot of real world contexts (how de levels be / situation)."
"Di scope of interests (all de tins wey person eyes dey look / benefits) for real property scope of ownership matters, bikos e dey determinative of what fit(or no)be done wit di land.","찻 Di scope of interest for real property scope of ownership matters, bikos e dey determinative of what fit(or no)be done wit di land."
Di package wey i dey to talk about alot for dis book dey call carand psych,찻 Di package wey i to talk about alot for dis book dey call carand psych
We specify di value as question marks(?),찻 We specify di values as question marks(?)
"For simple example, let start wit simple example","찻 E no make much sense yet, so let start wit simple example"
Available treatments fit also be limited for their abilities to treat immigrants and refugees.,찻 Available treatments fit also dey limited for their abilities to treat immigrants and refugees.
"Di Center (di midu of somtin) for Victims of Torture (CVT): cvt. org — CVT dey believe for di exchange of knowledge, ideas and creative strategies to heal torture (di way dem dey hurt person) survivors and inspire effective action to end torture worldwide.","찻 Myqihj8t. dpuf cvt believe for di exchange of knowledge, ideas and creative strategies to heal torture (di way dem dey hurt person) survivors and inspire effective action to end torture worldwide."
Di virginia cross -burning statute pass constitutional muster because e proscribe only conduct wey constitute (to be) true threat.,"찻 Di three justices (big-big judges for higher court) dissent (to no gree / judge wey get different mind), concluding say di virginia cross burning statute pass constitutional muster bikos e proscribe only conduct wey constitute (to be) true threat."
Di vector of character strings wey dey containing (wey get) di data wey you wan split (divide / tear),찻 Di vector of character string wey dey containing (wey get) di data wey you wan split (divide / tear).
"Input and output devices (machines wey dey save) software main memory central processing (di prescribed procedure dey preparing or putting through a prescribed procedure) unit (one single piece / section), wetin be next?",찻 Input and output devices (machines wey dey save) software main memory central (main side / middle / very important) processing (di prescribed procedure dey preparing or putting through a prescribed procedure) unit (one single piece / section)?
E dey straightforward (di ambiguity dey free from ambiguity) enough.,찻 E dey clear enough.
E dey active (person or tin wey dey move / e dey function) transport process r equir e atp to move some solut e ag ains t dia c oncentr ation gr adients betw e compartments (di space wey dey subdivide a space into which area dey subdivide).,찻 Di active (person or tin wey dey move / e dey function) transport processes (procedures / styles to do work) r equir e atp to move some solut e ag ains t dia concentration (di strength of solution) gr adients betw e compartments (di place wey something dey for inside).
Di case wey di united states dey a party dey subject to federal court jurisdiction.,찻 Di case wey dey involvin di interpretation of treaties (agreement / peace-talk) wey di united state dey party dey subject to federal court jurisdiction.
"Di time around, my experiment involves (E carry am follow / e concern) ipping fair coin repeatedly (every time / again and again), and di outcome wey i dey interest for dey di number of heads wey i observe.","찻 Di experiment involves (E carry am follow / e concern) ipping fair coin repeatedly (every time / again and again), and di outcome wey i dey interest for na di number of heads wey i observe."
"I must renew di judiciary's small cost, and its critical role for protect di constitution and rights wey we enjoy, i must renew di judiciary's modest petition: simply provide cost-of-living increases wey dey unfairly denied (bin reject / talk say no be so)!",찻 I must renew di judiciary's modest petition: simply provide cost-of-living increases wey dey unfairly denied (bin reject / talk say no be so).
"Justice douglas, dissenting.","찻 Justice douglas, dissenting."
"Di right of free speech no absolute (everitin de complete, no comma) for since forever and under all circumstances","찻 Di right of free speech no dey absolute (everitin de complete, no comma) for all times and under all circumstances"
"By di end of dis chemical-priming or energy-consuming phase, one glucose go breakdown to two glyceraldehyde-3-phosphate molecules (the smallest unit of a substance, wey get atoms joined together).","찻 Di end of dis chemical -priming or energy-consuming phase, one glucose molecule dey broken down into tw o glyceraldehyde-3-phosphate molecules (the smallest unit of a substance, wey get atoms joined together)."
Di two jurors dey admitted (bin gree / bin enter (like school)) for open court say dem hear am,찻 Di two jurors admit for open court say dem don hear am
"E dey wrong to say 20istwice as hot as 10, just as e dey weird (strange) and meaningless (na no meaning or direction or purpose or purpose or purpose) to try to claim say 20is negative two times as hot as 10. just as e dey weird and meaningless to try to claim say 20is negative two times as hot as 10.","찻 E dey wrong to say 20istwice as hot as 10, just as e dey weird (strange) and meaningless (na no meaning or direction or purpose or purpose or purpose) to try to claim say 20is negative two times as hot as 10."
"Di le for version 3. 0. 2 dey about 54mb for size, so e go take sometime based on how fast (fast-fast / sharp-sharp) your how your internet be dey.","찻 Di le for version 3. 0. 2 dey about 54mb for size, so e fit take sometime based on how fast (fast-fast / sharp-sharp) your how your internet be."
Civil rights activists often rely on natural law arguments to advance (to go front for somtin) dia platforms.,찻 Di civil rights activists often rely on natural law arguments to advance (to go front for somtin) dia platforms.
"Likewise (de same way / follow suit), someone wey suffers from a temporary or permanent cognitive defect (fault / damage) lacks capacity to be bound (something wey must happen / person wey law tie down) to a contract.","찻 Likewise (de same way / follow suit), someone wey suffers from a temporary (for now-now / e no go last) or permanent (something wey no go change / follow-come) cognitive defect (fault / damage) lack capacity (di highest wey somtin fit contain or do) to be bound (something wey must happen / person wey law tie down) to a contract."
Her apparent crime na say some months before she don lead march for women's rights at di college she attend (to go meeting / follow join).,찻 Her apparent crime na dat same months before she don lead marks for women's rights for di college she attend (to go meeting / follow join).
"Di policy determine whether immigrants get access to employment, to health or educational (di process of education dey relating to di process of education) resources, and to family reunification (when family members wey been separated finally come back together)","찻 Policy dey determine whether immigrants get access to employment, to health or educational (di process of education dey relating to di process of education) resources and to family reunification (when family members wey been separated finally come back together)."
E don get two argument: x,찻 E get two tins: x.
Di python interpreter go display value on di screen.,찻 Di python interpreter dey cause di python interpreter to display value on di screen
"for example, we fit group di data into three big groups: young(0-20), adult(21-40), and older(41-60).","찻 We go group di data into three broad (E wide well-well / e cover many things) categories: young(0-20), adult(21-40) and older(41-60)."
Na now take make we look di output above,찻 Na now take make we look di output above
"Di brand dey essential to carry out dis objective (to stand for truth / no be because of person face), and e fit lead to startling profits (gain / extra money wey comot from business)","찻 Di brand dey essential to carry out dis objective (to stand for truth / no be because of person face), and e fit lead to startling profit (gain / better money from business)"
Di mode (di one wey show most) of a variable to talk about di format (how you arrange your words) of di information wey di variable stores (shops / supermarkets).,찻 Di mode (di one wey show most) of variable to talk about di format (how you arrange your words) of di information wey di variable store.
"I dey ranking (to arrange from best to worst) from smallest to largest, because dat's di default way wey dey rdo am.","찻 I dey ranking (to arrange from best to worst) from smallest to largest, bikos dat's di default way wey dey rdo am"
"Di big problem wey dey interpret di results of di tests, especially for main eect terms","찻 Di big problem wey dey interpret di results of di tests, especially for main eect terms."
Examine methods of acquisition of real property.,찻 Examine methods of acquisition of real property.
"If you dey schedule a vacation on royal caribbean cruise ship wey dey docked for private beach (di place wey get sand or small small stone beside oshimiri) during di week following di earthquake, go?","찻 If you dey schedule to begin vacation on royal caribbean cruise ship wey dey docked for its private beach (di place wey you dey beach) for di week following di earthquake, go?"
Di process dey call genericide,찻 Di process dey call genericide
"Di policy dey known as stare decisis, or""let di decision stand""","찻 Di policy dey known as stare decisis, or""let di decision stand"""
Di+and*characters for regular expression expand outward to match di largest possible string.,찻 Di greedy match di notion say di+and*character for regular expression expand outward to match di largest possible string.
E no make alot of sense simply to assume say di true population di average IQ dey 100.,"찻 Dem decide say you wan to compare iq scores among pipo for port pirie to comparable (di ability to be compare or worthy of comparison) sample for whyalla, south australian industrial (dem dey relating to or result from industry) town wit steel re nery."
Di next two systems na di exo-and macro-systems.,찻 Di next two systems dey di exoand macro-systems.
"Dem wan measure di eectiveness of visual illusion, and your participants dey all psychology students","찻 Di participants dey all psychology students, and your participants dey all psychology students."
"for example, for my esp study di data wey i obtained (bin collect / bin get de tin for hand) only just fall inside di critical region- so i go get signi cant eect, but na a pretty near thing.","찻 for example, for my esp study di data wey i get only just fall inside di critical region- so i don get signi cant eect, but na pretty near thing."
E dey simply an invitation to bargain (to price market / agreement price),찻 E dey simply invitation to bargain (to price market / agreement price)
"Di reflective assignment wey dem suggest(e. g, literacy narratives, journals, blogs, or eportfolio) go help faculty and wac researchers understand how students go draw on dia""history as writers""and on dia multilingual background to navigate (find your way through something or control am) novel (na someting wey new, nobody never see am before for law case) rhetorical (talk for talk sake / grammar) tasks.","찻 E. g, literacy narratives, journals, blogs, or eportfolios) go help faculty and wac researchers understand how students go dey draw on dia""history as writers""and on dia multilingual backgroundsto navigate (find your way through something or control am) novel (na someting wey new, nobody never see am before for law case) rhetorical tasks."
Di residualplots() function for dicarpackage.,찻 Di residualplots() function for dicarpackage.
I go try make clear what type of input produce what kind of outputs.,찻 I go try make clear what type of input produce what kind of output.
Di contract dey internal (for inside) to di contract.,찻 Di contract dey internal (for inside) to di contract.
"Di certain welldefined and narrowly (small-small / by whiskers / e remain small) limited class of speech, di prevention (di act of preventing di act of preventing) and punishment (di act of punishing di act of punishing di act of punishing) of which no dey thought to raise any constitutional problem","찻 E. g, chaplinsky v. new hampshire(1942) (""there dey certain welldefined and narrowly (small-small / by whiskers / e remain small) limited class of speech, di prevention (di act of preventing di act of preventing) and punishment of which no dey thought to raise any constitutional problem"")."
"Di oda hand, sequential (for regular succession without gaps) page numbers or listings for phone directory show no creativity and no dey copyrightable.","찻 For di oda hand, sequential page numbers or listings for phone directory show no creativity and no dey copyrightable."
"Di researchers don find sayamong those without highschool diploma, wages (salary / pay for work done) decreased byapproximately 1%for di long run(shierholz, 2010; ottaviano & peri, 2012)but dey increased (E don big pass before / e climb) slightly for di long run (ottaviano & peri, 2012)","찻 Di researchers don find say many those without high school diploma, wages (salary / pay for work done) decrease (make somtin de turn to small) by approximately 1%for di short run(shierholz, 2010; ottaviano & peri, 2012)but dey increase slightly for di long run (ottaviano & peri, 2012)."
Di specialists (di expert wey dey devoted to one occupation or branch of learning) go use adaptive transfer to complicate (E make more complicated) faculty expectations regarding what students don learn prior to entering dia course and how dem go do wit dat knowledge wey dem follow di course.,찻 Di wac specialists (di expert wey dey devoted to one occupation or branch of learning) go use adaptive transfer to complicate (E make more complicated) faculty expectations regarding what students don learn prior to entering dia course and how dem go do wit dat knowledge following those course.
"We dey create disturbance (di activity wey dey malfunction, intrusion, or interruption).","찻 Dem create disturbance (di activity wey dey malfunction, intrusion, or interruption)"
Di interest wey dey protected here na your right to travel and move about freely (free-free / anyhow) without impediment,찻 Di interest wey dey protected here na your right to travel and move about freely (free-free / anyhow) without impediment.
Di wordplay na wordplay,찻 E dey wordplay
Di more granulosa and dica cells f ollicle don produce e for response to lh stimulation.,찻 Di more granulosa and dica cells af ollicle don produce for response to lh stimulation.
Di fatty acyl coa combines wit carnitine to create fatty acyl carnitine molecule wey help to transport di fatty acid across di mitochondrial membrane.,"찻 Di fatty acyl coa combines wit carnitine to create fatty acyl carnitine molecule, wey help to transport di fatty acid across di mitochondrial membrane."
"Di informant wey dey tok say,""just hate myself, i no fit get good english""(2001, p.57), chozin tok say,""i no care whether dem[my group members]understand my language or no; hin dey determined (di calculation, investigation, experiment, survey, or study, or study) to press ahead (to de in front of somtin or person) within learning","찻 For contrast to leki's informant yang, wey sadly report,""just hate myself, i no get good english""(2001, p.57), chozin tok say,""i no care whether dem dey understand my language or no""; hin dey determined (di calculation, investigation, experiment, survey, or study, or study) to press ahead (to de in front of somtin or person) within learning."
"I use try to explain am, but after awhile i give up, because e no really all dat important, and to be true i no remember myself.","찻 I use try to explain am, but after while i give up, bikos e no dey important, and to be true i no remember myself"
Di impossibility na defense wey dey use when performi di contract don become truly impossible (no fit happen).,찻 Di defense wey dey use wen perform di contract don become truly impossible (no fit happen).
"Di data dey fairly normally distributed (how dem put themselves), wit di mean grumpiness (crossness) score being 17 out of 50 questions wey dey answer for grumpy (cross) way, and di howe dey spread na 5.","찻 Di data dey fairly normally distributed (how dem put themselves), wit di mean grumpiness (crossness) score being 17 out of 50 questions wey dey answer for grumpy (cross) way, and di howe dey spread dey 5."
Di only dierence na say di speci c value wey di null idea predicts na 0.,찻 Di only dierence na say di speci c value wey di null idea predict na 0.
"Dem give us a\long run guarantee"".",찻 Di all wey dey give us na long run guarantee
Di difference wey dey between downloading a song on peer-to-peer network versus (against / vs) walking into store and putting cd into your jacket and walking out without pay for am?,찻 Do you think there na any difference between downloading a song on a peer-to-peer network versus (against / vs) walking enter a store plus putting acd inside your jacket plus walking comot without paying (to drop money / settle bill) for am?
Di lack of clarity associated wit A loss wey no be clear or final (de very last / conclusion)— like when person dey missing but you no know if dem dey alive fit lead to Confusion about who dey inside the family and who no dey— who count as family expressed (dem talk am out / dem clear de doubt) for conflict and ambivalence for di new roles family members dey take after resettlement.,찻 Di lack of clarity associated wit A loss wey no be clear or final (de very last / conclusion)— like when person dey missing but you no know if dem dey alive fit lead to boundary ambiguity expressed (dem talk am out / dem clear de doubt) for conflict and ambivalence for di new roles family members dey take after resettlement.
"Di xml""person"" tag dey gone (E don go / finish), replace di set of outer curly braces.","찻 Di xml""person"" tag dey gone (E don go / finish), replace by set of outer curly braces."
Di justice stevens no participate for di cert pool process,찻 Di justice stevens no participate for di cert pool process.
Di hyperlink: finder keepers?,찻 Di hyperlink: finders keepers?
"Dis dey di dicult situation wey dey interpret, and pipo often get a bit confused about dis.","찻 Di dicult situation wey dey interpret, and pipo often get bit confused about am"
"E tok say i wan to load di data 12notably wit. rda,",찻 I tok say i wan to load di data 12notably those wit. rda
"As entrepreneur (di someone wey organiz business venture and assum di risk for am) wey wish to form her own company but no want to take di thirty hours of classes (groups for school / different kinds) wey dey sues (E carry person go kote) di state for unconstitutional law, say lawsuit go dey pass yet.",찻 Di lawsuit go dey dismiss (to sack / throwey case / tell person make e go) for being bring too early e no ripe since di law don pass yet.
Di researcher get fairly vague (no clear / blurry) idea of what di population dey and design di study as best he she fit on dat basis.,찻 Di researcher don get fairly vague (no clear / blurry) idea of what di population dey and design di study as best hin canon dat basis.
E no dey leave notes (small-small write-up / observations) for yourself,찻 I no go leave notes (small-small write-up / observations) for you
Di suppose correct?,찻 Di seem correct?
"Dis go be number, specifying (di condition or requirement for contract or agreement) di con dence level","찻 Di suppose be number, specifying (di condition or requirement for contract or agreement) di con dence level"
Di third argument no dey so obvious,찻 Di second argument no dey so obvious
"Di bonferroni correction (di act of offering improvement to replace mistake) tell say: p1mp and therefore, if you use di bonferroni correction, you go reject di null idea if p1","찻 Di bonferroni correction (di act of offering improvement to replace mistake) tell say: p1mp and therefore, if you use di bonferroni correction, you go reject di null idea if p1."
"Di trademark no dey associated wit specific origin (where e start from / source), e become generic (somtin wey fit be anytin) and lose legal protection.","찻 Di trademark no dey associated wit specific origin (where e start from / source), e dey generic (somtin wey fit be anytin) and lose legal protection."
I get my hands on di testing (check-am / confirm-am) data wey di civil authorities ofchapek 9 use check dis.,찻 I get my hands on di testing (check-am / confirm-am) data wey di civil authorities ofchapek 9 use to check dis
"Sadly, di relationship deteriorated plus, allegedly, ended on unfriendly terms.","찻 Sadly, di relationship deteriorated plus, allegedly (talk say / dem talk say), ended on unfriendly terms."
Loss of connections na death: Family wey get members living indifferent (E dey marked by lack of interest) countries at the same time ties (relationship / things wey join people together) among Sudanese refugee families resettling for U. S.,찻 Loss of connections dey death: transnational family ties (relationship / things wey join people together) to Mong Sudanese refugee families resettling for U. S.
"Additionally (join am follow / plus), immigrants fit face language and cultural barriers (something wey dey prevent you from reaching a place or thing) for accessing financial products (all de things wey dem produce to sell).","찻 Additionally (join am follow / plus), immigrants fit face language and cultural barriers (something wey dey prevent you from reaching a place or thing) inaccessing financial products (all de things wey dem produce to sell)."
"for example, someone wey lose case for federal district court for pennsylvania (one of di original 13 colonies) go appeal hin or her case to di third circuit court of appeals (to carry mata go higher court because you no gree), while litigant (na persin wey involved for lawsuit as plaintiff or defendant) wey lose for florida go appeal hin or her case to di eleventh circuit court of appeals, while litigant wey lose for florida go appeal hin or her case to di eleventh circuit court of appeals, while litigant wey lose for florida go appeal hin or her case to di eleventh circuit court","찻 for example, someone wey lose case for federal district court for pennsylvania go appeal hin or her case to di third circuit court of appeal, while litigant (na persin wey involved for lawsuit as plaintiff or defendant) wey lose for florida go appeal hin or her case to di eleventh circuit court of appeal."
Immigrant and refugee families dey typically starting over economically; dem dey arrive wit few or no financial resources and dem no dey familiar (something wey person sabi well-well) wit di financial system for di host countries.,찻 Immigrant and refugee families dey typically starting over economically; dem dey arrive wit few financial resources go unfamiliar (we no dey known or well known or well known) wit di financial system for di host counties.
Di how two things dey related di two depend on di procedure wey di sample dey selected (picked / de one wey dem choose).,찻 Di how two things dey related di two depend on di procedure wey di sample dey selected (picked / de one wey dem choose).
Di item (single thing / article) one name for key-value pair,찻 Di name for key-value pair
"E no dey uncommon to base (foundation / where tin start from) such penalties (fines / punishments for offense) on some percentage of profits (gain / extra money wey comot from business), or all profits wey dey from di ill-gotten gains of criminal activity.","찻 E no dey uncommon to base (foundation / where tin start from) such penalties (fines / punishments for offense) on some percentage of profits (gain / extra money wey comot from business), or all profits derived from di ill-gotten gains of criminal activity."
Psychological trauma most often no dey limited to single traumatic event but dey include direct and indirect events over di course of person's life.,찻 Mental trauma dey often not limited toasingle traumatic event but include direct and indirect events over di course of person's slife.
"Di such proceedings (all de things wey dey happen for kote or meeting) no open to di public for common law and, for general, dem dey conduct for private as a matter of modern (new school / latest style) practice.","찻 Di proceedings (all de things wey dey happen for kote or meeting) no open to di public for common law and, for general, dem dey conduct for private as matter of modern (new school / latest style) practice."
"Di california supreme court tok say wen di radio station (stop / office area) start di contest (competition / drag), e dey foreseeable say young and inexperienced driver go drive negligently (na di way persin do someting wey no have proper care) to claim di prize and say therefore ad uty of care exist.","찻 Di california supreme court tok say wen di radio station (stop / office area) start di contest (competition / drag), e dey foreseeable (something wey person fit sabi say e go happen) say young and inexperienced driver go drive negligently to claim di prize and say therefore ad uty of care exist."
"San francisco arts& athletics, inc. v. united states olympic comm,","찻 San francisco arts& athletics, inc. v. united states Olympic comm."
Di major difference wey dey between general and limited partnerships (business join-body / two or more people wey dey work).,찻 Explore di major differences between general plus limited partnerships (business join-body / two or more people wey dey work).
"Di kidneys share ph regulation wit di lungs and plasma buffers, so say proteins fit preserve (keep am safe / maintain) dia three-dimensional c onformation and thus dia function.","찻 Di kidneys share ph regulation wit di lungs and plasma buffers, so say proteins fit preserve (keep am safe / maintain) dia three-dimensional c onformation and thus dia function."
"Di pastor, fred phelps, believe say american soldier deaths for iraq and afghanistan dey punishment (di act of punishing di act of punishing di act of punishing) from g od for di kontri tolerance of homosexuality.","찻 Di church, led by dia pastor, fred phelps, believe say american soldier death for iraq and afghanistan dey punishment (di act of punishing di act of punishing di act of punishing) from g od for di kontri's tolerance of homosexuality."
"Di book go include more detailed discussion of one way to see if test fit catch difference, but for now dis dey about as much as i dey comfortable say about di topic","찻 I go convince odawise for di future, and probably future version of dis book go include more detailed discussion of way to see numbers, but for now dis dey about as much as i dey comfortable say about di topic."
"Di undisputed facts dey say appellant (na court wey dey review decision wey lower court make) ""wanted (wetin person desire / person wey police dey find) pipo to know say i thought America stood (bin stand) for peace","찻 Di undisputed facts dey say appellant (na court wey dey review decision wey lower court make) ""want pipo to know say i thought America stood (bin stand) for peace"
Di cross burnings dey accompanied (dem present or associated wit event or entity or entity or entity) by shooting.,찻 Di cross burnings dey accompanied by shooting.
"Di only thing we need know how to do dey pull out di residuals (i. e, diikvalues) so we fit draw awa shapiro-wilk test.","찻 Di only thing we need know how to do dey pull out di residuals (i. e, diikvalues) so say we fit draw awa qq plot and run awa shapiro-wilk test."
Di parties enter mediation (follow-dem-talk-make-dem-settle) or negotiation to resolve dia dispute.,찻 Di parties enter into mediation (follow-dem-talk-make-dem-settle) or negotiation to resolve dia dispute.
"If my interest dey solely (him alone / only dat one) for di home and away season, i think e go be shame to throw away information pertaining to one of di most distinctive(if boring)games of di year.","찻 If my interest dey solely (him alone / only dat one) for di home and away season itself, i think e go be shame to throw away information wey dey relating (concern / how things link body) to one of di most distinctive(if boring)games of di year."
"If someone na di wrong race and dem dey for place where there dey terrorist attack, dem fit pick dem up, dem fit hold dem without charge or trial for month after month, year after year.'","찻 If someone dey of di wrong race and dem dey in place where there dey terrorist attack, dem fit bepick up, dem fit keep without charge or trial for month, year after year."
Wesley's win streak continue for di next three hills (ground wey go up but e no reach mountain).,찻 Di wellesley's winning streak continue for di next three hills (ground wey go up but e no reach mountain).
"suppose, but, say I wan know di chance to get 4 or less.",찻 Di probability of rolling 4 or fewer (small pass) skulls.
Di shareholders wey dey different class dey give preferential (di partiality dey manifest partiality) treatment wen dey kom to corporate actions such as pay dividends (gain for stockholders) or voting (thumbprint / choosing leader) at shareholder meetings.,찻 Shareholders (people wey get part for company business) for different classes (groups for school / different kinds) fit get preferential treatment wen dem come to corporate actions such as paying (to drop money / settle bill) dividends or voting (thumbprint / choosing leader) at shareholder meetings (gathering / discussion group).
"Di time, however, you no dey interest for di sample for and of itself.","찻 Di time, however, you no dey interest for di sample for and of itself"
Di nation well know say one of di cost of First amendment (wey go bring freedom to pipo) na say e protect di speech wey detest aswell as di speech we embrace.,찻 Di nation well know say one of di cost of First amendment (wey go bring freedom to pipo) na say e protect di speech we detest aswell as di speech we embrace.
"These experiences fit include witnessing and experiencing violence, fleeing from family home located (E dey for dat side / position) for city or village wey dey being destroyed (bin spoil kpatakpata / scatter), and walking to find refuge and safety (safe condition / no wahala) for days or weeks wit limited food, water and resources.","찻 These experiences (things person don see) fit include witnessing and experiencing violence, fleeing from family home located (E dey for dat side / position) for city or village wey dey destroyed, and walking to refugee and safety for days or weeks wit limited food, water and resources."
"Di court tok say""actual malice, di standard wey dey from new york times v. sullivan, no dey applicable (dem dey capable of being applied) and concluded (bin finish / end de matter) say damages- - -even presumed damages or punitive (na damages wey pass compensation to punish wrongdoer and stop future harm) damages- - -dey permissible.","찻 Di court tok say""actual malice,"" di standard derived from new york times v. sullivan, no dey applicable (dem dey capable of being applied) and concluded (bin finish / end de matter) say damages- -even presumed damages or punitive (na damages wey pass compensation to punish wrongdoer and stop future harm) damages- - dey permissible."
Di second one go display table show di data for rstudio.,찻 Di second one go display pretty table show di data for rstudio.
"to fit request (to ask for help or info / application) document from a kompia wey dey host and serve wesait, wey dey store and manage file and data make dem dey accessible through intanet, we go make connectio, e. g","찻 We make connection, e. g."
Di main point here na say whenever you go get signi cant interaction you go stop and think about what di main eect actually means for dis context.,찻 Di main point here dey say whenever you go get signi cant interaction you go stop and think about what di main eect actually means for dis context.
"Di court don tok say when""speech"" and ""nonspeech"" elements dey combined for di same course of conduct, sufficiently important goment interest for regulating (di act of controlling or directing according to rule) di nonspeech element fit justify (to give good reason why person do something) incidental limitations on First amendment (wey go bring freedom to pipo) freedoms.","찻 Di court don hold say wen""speech"" and ""nonspeech"" elements dey combined for di same course of conduct, sufficiently important governmental interest for regulating (di act of controlling or directing according to rule) di nonspeech element go justify (to give good reason why person do something) incidental limitations on First amendment (wey go bring freedom to pipo) freedoms."
"Di lanham act excludes (to remove) a few categories from trademark registration (to put name for list / official record), mainly for public policy purposes (reasons why things dey happen).","찻 Di Lanham act excludes (to remove) few categories from trademark registration (to put name for list / official record), mainly for everybody policy purposes (reasons why things dey happen)."
"If i set v <-m[2,] and then try to calculate m %%v, wey you think go fail, e actually works because rtreat di one dimensional array as if e dey column vector for di purpose of matrix multiplication (times).","찻 If i set v <-m[2,] and then try to calculate m%*% v, wey you think go fail, e actually work because rtreat di one dimensional array as if e dey column vector for di purpose of matrix multiplication (times)."
Di paper no dey bad,찻 Di paper no dey bad
"Furthermore (join join / more-so),'international human rights arguments often dey seen (bin see am / dem don notice) as di advocates' last refuge pulled out only wen there no dey other authority to cite.'","찻 Furthermore (join join / more-so), 'International human rights arguments often dey seen (bin see am / dem don notice) as di advocates' last refuge pull out only wen there nano oda authority to cite'."
Di truthful report of public judicial proceedings (all de things wey dey happen for kote or meeting) don afford special protection against subsequentpunishment.,찻 Di truthful report of public judicial proceedings don afford special protection against subsequent punishment (di act of punishing di act of punishing di act of punishing).
"Immigrants and refugees dey at high risk for clinical depression due to their extensive (wide / big / plenti) histories of loss, potential trauma and resettlement.","찻 Immigrants and refugees dey at high risk for clinical depression due to their extensive (wide / big / plenti) histories of loss, potential trauma and resettlement."
Di erection of press table for reporter inside di bar dey unprecedented.,찻 Di erection of press table for reporters inside di bar dey unprecedented.
Di next case consider press access to prison and imprisoned persons.,찻 Di next case consider press access to prisons plus imprisoned persons.
"Dem focus on source-based writing, wit summary writing constitute (to be) major component of di curricula, although for di most advanced (high-level / front) course, summarization dey often taught (bin teach) for relation to research paper writing.","찻 Di course focus on source-based writing, wit summary writing constitute (to be) major component of di curricula, although for di most advanced (high-level / front) course, summarization (di act of preparing summary (or an instance thereof)) dey often taught (bin teach) for relation to research paper writing."
"Di cause of metabolic acidosis ar e decrease (make somtin de turn to small) for di e xcretion of bicarbonat e ions, wey inhibit di c onser vation of bicarbonat e ions, and excessive (too much / over-load) loss of bicarbonat e ions for di gastrointestinal tract due to diarrhea.","찻 Di e xcretion of hydrogen ions, wey inhibit di c onser vation of bicarbonat e ions, and excessive (too much / over-load) loss of bicarbonat e ions through di gastrointestinal tract due to diarrhea."
"For likewise (de same way / follow suit), terms wey dey left open go be filled for.","찻 For likewise (de same way / follow suit), terms wey dey open go filled for."
"Di doctrine of judicial review, wey allow courts to determine di final (de very last / conclusion) validity (how true something be) of laws aswell as di meaning of di constitution.","찻 Di doctrine of judicial review, wey allow courts to determine di final (de very last / conclusion) validity (how true something be) of laws aswell as di meaning of di constitution."
Di entire community go suffer di consequences (wetin follow de action / outcome of wahala) of few bad actors (person wey de act feem),찻 Di community go suffer di consequences (wetin follow de action / outcome of wahala) of few bad actors (person wey de act feem).
Di teaching summarization (di act of preparing summary (or an instance thereof)) skills: di influence of student ability level and strategy difficulty,찻 Teaching (to show person de way / lecture) summarization (di act of preparing summary (or an instance thereof)) skills: influences of di student level of ability and strategy difficulty.
"If you don sabi one kod langwej wey dem dey use write instruksiyon wey komputa go fit undastand like python, you go find am easy to learn another kod langwej wey dem dey use write instruksiyon wey komputa go fit undastand like javascript orc++","찻 Di once you learn one kod langwej wey dem dey use write instruksiyon wey komputa go fit undastand such as python, you go find am much easier (no hard / simple) to learn second kod langwej wey dem dey use write instruksiyon wey komputa go fit undastand such as javascript orc++"
Di mood. gain) for every person,찻 Mood. gain)for each person.
"Some states don allow same-sex marriage, but most do no.","찻 Di state don allow same-sex marriage, but most do no."
"Di American college of obstetricians (doctor for pregnant women) and gynec ologis t recommend say pipo no douche, and say di y allow di vagina t maintain dia normal healthy population of protective microbial flora.","찻 Di american college of obstetricians and gynec ologis ts recommend say pipo no douche, and say dem allow di vagina to maintain dia normal healthy population of protective microbial flora."
"Di testimony, schenck tok say he dey general secretary (person wey dey help run office work) of di socialist parti, and dey charge of di socialist headquarters (di office wey dey serve as di administrative center of enterprise) from which di robson First amendment (wey go bring freedom to pipo) 13 document dey send.","찻 Di testimony, schenck tok say hin dey general secretary (person wey dey help run office work) of di socialist party, and get charge of di socialist headquarters (di office wey dey serve as di administrative center of enterprise) from which di robson First amendment (wey go bring freedom to pipo) 13 document dey send."
"Di corporations don also dey convicted (na wen court or jury find persin guilty of criminal charge) of crimes, though unique questions wey dey relating (concern / how things link body) to appropriate means of punishment arise (to show face / start to happen) for dat context.","찻 Di corporations dey convicted (na wen court or jury find persin guilty of criminal charge) of crimes (bad deeds / things wey break law), though unique question wey dey relating (concern / how things link body) to appropriate means of punishment arise (to show face / start to happen) for dat context."
Di reason say dis happens na say dis ow numbers dey actually row name,찻 Di reason say dis happen na say dis ow numbers' dey row name
"Di messed-up data caused (wetin make de tin happen) awa elegant, clever, and very pythonic program to fail?","찻 Di messed-up data don caus awa elegant, clever, and very pythonic program to fail?"
"Di unscrupulous (wey no get conscience, no dey fair, dey do wetin dem like) person entered say elderly person life and exerted influence over dat person so say di elderly person no fit exercise hin free go any longer.",찻 Di unscrupulous person enter say elderly person's life and exerted influence over dat person so say di elderly person no exercise hin free will any longer.
Di place wey you dey standing (level / position / right to carry mata go kote) dey holy ground (di top of earth),찻 Di place wey you dey standing (level / position / right to carry mata go kote) dey holy ground (di top of earth)
E dey generic (somtin wey fit be anytin) functions.,찻 Di generic (somtin wey fit be anytin) functions.
t. test() wey automatically run all of di t-tests for you.,찻 Di function wey dey pairwise. t. test() wey automatically run all of di t-tests for you.
Di usually happen na say you nd way of testing (check-am / confirm-am) relational (dem having relation or being related) claims wey dey follow from your ontological ones.,찻 Di usually happen na say you nd way of testing (check-am / confirm-am) relational (dem having relation or being related) claims wey follow from your ontological ones.
Di example of dis dey show for figure 15. 6.6.,찻 Di example of dis show for figure 15. 6.
Di united states dey better serve by strong or weak unitary executive (de branch of gofment wey dey run de land)?,찻 Di united state dey better serve by strong or weak unitary executive (de branch of gofment wey dey run de land)?
"Di next laziest, putting in only 6 hours of work for over di whole semester, so dem get di next lowest rank(rank = 2)","찻 Di student 4 na di next laziest, putting in only 6 hours of work for di whole semester, so dem get di next lowest rank(rank =2)."
"Di court don make di claim say cohen's distasteful mode (di one wey show most) of expression dey thrust upon unwilling or unsuspecting viewers, and say di state go legitimately act as e go protect di sensitive from odawise unavoidable exposure (showing body / making known) to appellant (na court wey dey review decision wey lower court make) crude form of protest.","찻 For argument before dis court much don make of di claim say cohen's distasteful mode (di one wey show most) of expression dey thrust upon unwilling or unsuspecting viewers, and say di state go therefore legitimately act as e go protect di sensitive from odawise unavoidable exposure (showing body / making known) to appellant (na court wey dey review decision wey lower court make) crude form of protest."
"E dey fairly straightforward (di ambiguity dey free from ambiguity), though there dey some subtleties wey i dey ignorin.","찻 Na some subtleties wey i dey ignorin, though na some subtleties wey i dey ignorin"
"Di textbooks often don say about assessing (checking levels) di validity (how true something be) of di study, i no fit help but notice say dem make di assumption say di researcher dey honest (to de always talk true and to no do wayo).","찻 I no help but notice say di textbooks don say about assess di validity (how true something be) of di study, i no help but notice say dem make di assumption say di researcher dey true."
"Di state supreme court tok say wen worker for burger king ignor a group of boisterous (na noisy and lacking for restraint or discipline or discipline) and loud teenagers, burger king dey liable wen dem dey attack oda customers.","찻 Di state supreme court tok say wen worker for burger king ignor group of boisterous and loud teenagers, burger king dey liable wen those teenagers then assault oda customers."
"Di neighbor dey hir painters to paint hin house, but di painters accidentally (for advance planning without advance planning) appear for your house to work.","찻 for example, imagine wey your neighbor hire (to borrow person pawa for work / employment) painters to paint hin house, but di painters accidentally (for advance planning without advance planning) appear for your house to work."
Di judge go get more closely (near-near / check am well-well) regulat di conduct of newsmen for di courtroom (room for kote).,찻 Di judge go get more closely (near-near / check am well-well) regulated (something wey under control / rules) di conduct of newsmen for di courtroom (room for kote).
"Di chief justice and justice blackmun filed dissenting opinion, wey di chief justice and justice blackmun joined.",찻 Di chief justice and justice blackmun join.
Di dissent (to no gree / judge wey get different mind) for hess suggest say di statement and act of hess dey less clear say di court describe dem,찻 Di dissent (to no gree / judge wey get different mind) for hess suggest say di statement and act of hess dey less clear say di court describe dem
D main memory dey almost fast (fast-fast / sharp-sharp) as the cpu.,찻 Di main memory dey fast (fast-fast / sharp-sharp) as di cpu
Di point some of you go wonder say i don dey careful (to look well / watch out) to choose my examples for such away as to ensure say di output always get plenty lines and plenty up-down sets (to arrange / put things for order).,찻 Di point some of you go wonder why i dey careful (to look well / watch out) to choose my examples for such way as to ensure say di output always get multiple rows and multiple columns.
Di coroner call inquest di same day and subpoena ed sheppard,찻 Di coroner call an inquest di same day plus subpoena ed sheppard.
Di hintogram wey dey show for figure 5. 1 wey dey generate using di hist() function.,찻 Di hintogram { wey dey show for figure 5.1{ dey generate using di hist() function.
We go nd you wan to change di contrast only for one speci c analysis,찻 I go nd you wan to change di contrast only for one speci c analysis.
"Di case, my research hypothesis relates (get connection / concern) to di population meanfor di psychology student grade, wey dey unknown.","찻 Di research hypothesis relates (get connection / concern) to di population meanfor di psychology student grade, wey dey unknown."
Di suicide (to kill self) of prisoner for di greystone portion of di santa rita jail (prison / kashot / cell).,찻 Di suicide (to kill self) of prisoner for di greystone portion of di santa rita jail (prison / kashot / cell).
"We go use di relevel() function for rto change which level of di reading variable dey set to """,찻 We go use di relevel() function for rto change which level of di reading variable dey set to
"Di meantime, royal caribbean operat a cruise line wey make regular stop for haiti, for private beach (di place wey get sand or small small stone beside oshimiri) wey dem don spend millions of dollars for improvement to ensure say di vacationer s on dia cruise ships go enjoy dia overnight stops.","찻 Di meantime, royal caribbean operate (to run de work / manage machine) cruise line wey make regular stop for haiti, for private beach wey dem don spend millions of dollars for improvements to ensure say di vacationer s on dia cruise ships go enjoy themselves during dia overnight stop."
Dem seek to limit one party's liability to another.,찻 Dem seek to limit one party's liability to another.
Na careful (to look well / watch out) wetin you wish for.,찻 We dey careful (to look well / watch out) what you wish for.
Nano warrant (official paper to arrest person or search house) dey required,찻 Nano warrant (official paper to arrest person or search house) dey required
"Di dierence for mood gain for pipo wey given anxifree and treated wit cbt, versus (against / vs) pipo wey give placebo and given no therapy, versus pipo wey give placebo and given no therapy.","찻 If we wan consider di possibility (something wey fit happen / chance dey) of signi cant interaction(and try to nd di group dierences wey underpin dat signi cant interaction), we need to include comparisons (di act of examining resemblances wey dey examinin resemblances) such as di following: di dierence for mood gain for pipo wey give anxifree and treated wit cbt and treated wit cbt di dierence for mood gain for pipo wey give anxifree and give no therapy, versus pipo wey give placebo and give no therapy."
"Di freedom of speech and freedom of di press, wey dey protected by First amendment (wey go bring freedom to pipo) from infringement by congress, dey among di fundamental personal rights and liberties (freedom / rights) wey dey protected by di fourteenth (number fourteen) amendment from invasion (force entry / enter person space) by state action.","찻 E dey clear say freedom of speech and freedom of di press, wey dey protected by First amendment (wey go bring freedom to pipo) from infringement by congress, dey among di fundamental personal rights and liberties (freedom / rights) wey dey protected by di fourteenth (number fourteen) amendment from invasion (force entry / enter person space) by state action."
Dem dey matters for di minnesota supreme court to address and resolve for di first instance (one example of somtin) on remand (na wen court send case back to lower court for more proceeding),찻 Dem dey matters for di minnesota supreme court to address and resolve for di first instance (one example of somtin) on remand (na wen court send case back to lower court for more proceeding).
"Di results dey somewhat (small / somehow) encouraging: di true population mean dey 100, and di average number of 98","찻 Di true population mean dey 100, and di average number of 98. 5 dey reasonable approximation to am"
